[devMouse] listening on /tmp/aoe-camp/m6h/fifo
[fMenu] ao=5 Z=0 aR=187 tmpl=1029
[fMenu] ao=5 Z=0 aR=187 tmpl=1029
[fMenu] ao=5 Z=0 aR=187 tmpl=1029
[fMenu] ao=5 Z=0 aR=187 tmpl=1029
[fMenu] ao=5 Z=0 aR=187 tmpl=1029
[fMenu] ao=5 Z=0 aR=187 tmpl=1029
[fMenu] ao=5 Z=0 aR=187 tmpl=1029
[fMenu] ao=5 Z=0 aR=187 tmpl=1029
[fMenu] ao=5 Z=0 aR=187 tmpl=1029
[fMenu] ao=5 Z=0 aR=187 tmpl=1029
[fMenu] ao=5 Z=0 aR=187 tmpl=1029
[fMenu] ao=5 Z=0 aR=187 tmpl=1029
[k] node=218 mode=0 type=4 op=5
[menuGate] ax=0 ab=0
[fMenu] ao=5 Z=0 aR=187 tmpl=1029
[k] node=218 mode=0 type=4 op=5
[menuGate] ax=0 ab=0
[fMenu] ao=5 Z=0 aR=187 tmpl=1029
[k] node=218 mode=0 type=4 op=5
[menuGate] ax=0 ab=0
[fMenu] ao=5 Z=0 aR=187 tmpl=1029
[k] node=218 mode=0 type=4 op=5
[menuGate] ax=0 ab=0
[fMenu] ao=5 Z=0 aR=187 tmpl=1029
[k] node=218 mode=0 type=4 op=5
[menuGate] ax=0 ab=0
[fMenu] ao=5 Z=0 aR=187 tmpl=1029
[k] node=218 mode=0 type=4 op=5
[menuGate] ax=0 ab=0
[fMenu] ao=5 Z=0 aR=187 tmpl=1029
[k] node=218 mode=0 type=4 op=5
[menuGate] ax=0 ab=0
[fMenu] ao=5 Z=0 aR=187 tmpl=1029
[k] node=218 mode=0 type=4 op=5
[menuGate] ax=0 ab=0
[fMenu] ao=5 Z=0 aR=187 tmpl=1029
[k] node=218 mode=0 type=4 op=5
[menuGate] ax=0 ab=0
[fMenu] ao=5 Z=0 aR=187 tmpl=1029
[k] node=218 mode=0 type=4 op=5
[menuGate] ax=0 ab=0
[fMenu] ao=5 Z=0 aR=187 tmpl=1029
[k] node=218 mode=0 type=4 op=5
[k] node=231 mode=0 type=4 op=2
[trace] g->9 (aA=4 am=4)
[menuGate] ax=0 ab=0
[dbg] ar=23 am=9 aA=4 aH=0 l=false j=false fullRedraw=false
[fMenu] ao=6 Z=0 aR=254 tmpl=1029
[fMenu] ao=6 Z=0 aR=254 tmpl=1029
[fMenu] ao=6 Z=0 aR=254 tmpl=1029
[fMenu] ao=6 Z=0 aR=254 tmpl=1029
[fMenu] ao=6 Z=0 aR=254 tmpl=1029
[fMenu] ao=6 Z=0 aR=254 tmpl=1029
[fMenu] ao=6 Z=0 aR=254 tmpl=1029
[fMenu] ao=6 Z=0 aR=254 tmpl=1029
[fMenu] ao=6 Z=0 aR=254 tmpl=1029
[fMenu] ao=6 Z=0 aR=254 tmpl=1029
[fMenu] ao=6 Z=0 aR=254 tmpl=1029
[fMenu] ao=6 Z=0 aR=254 tmpl=1029
[k] node=297 mode=0 type=4 op=5
[menuGate] ax=0 ab=0
[fMenu] ao=6 Z=0 aR=254 tmpl=1029
[k] node=297 mode=0 type=4 op=5
[menuGate] ax=0 ab=0
[fMenu] ao=6 Z=0 aR=254 tmpl=1029
[k] node=297 mode=0 type=4 op=5
[menuGate] ax=0 ab=0
[fMenu] ao=6 Z=0 aR=254 tmpl=1029
[k] node=297 mode=0 type=4 op=5
[menuGate] ax=0 ab=0
[fMenu] ao=6 Z=0 aR=254 tmpl=1029
[k] node=297 mode=0 type=4 op=5
[menuGate] ax=0 ab=0
[fMenu] ao=6 Z=0 aR=254 tmpl=1029
[k] node=297 mode=0 type=4 op=5
[menuGate] ax=0 ab=0
[fMenu] ao=6 Z=0 aR=254 tmpl=1029
[k] node=297 mode=0 type=4 op=5
[menuGate] ax=0 ab=0
[fMenu] ao=6 Z=0 aR=254 tmpl=1029
[k] node=297 mode=0 type=4 op=5
[menuGate] ax=0 ab=0
[fMenu] ao=6 Z=0 aR=254 tmpl=1029
[k] node=297 mode=0 type=4 op=5
[menuGate] ax=0 ab=0
[fMenu] ao=6 Z=0 aR=254 tmpl=1029
[k] node=297 mode=0 type=4 op=5
[menuGate] ax=0 ab=0
[fMenu] ao=6 Z=0 aR=254 tmpl=1029
[k] node=297 mode=0 type=4 op=5
[k] node=310 mode=0 type=4 op=2
[trace] g->9 (aA=4 am=4)
[menuGate] ax=0 ab=0
[dbg] ar=48 am=4 aA=9 aH=0 l=false j=false fullRedraw=false
[fMenu] ao=5 Z=0 aR=333 tmpl=1029
[fMenu] ao=5 Z=0 aR=333 tmpl=1029
[fMenu] ao=5 Z=0 aR=333 tmpl=1029
[fMenu] ao=5 Z=0 aR=333 tmpl=1029
[fMenu] ao=5 Z=0 aR=333 tmpl=1029
[fMenu] ao=5 Z=0 aR=333 tmpl=1029
[fMenu] ao=5 Z=0 aR=333 tmpl=1029
[fMenu] ao=5 Z=0 aR=333 tmpl=1029
[fMenu] ao=5 Z=0 aR=333 tmpl=1029
[fMenu] ao=5 Z=0 aR=333 tmpl=1029
[fMenu] ao=5 Z=0 aR=333 tmpl=1029
[fMenu] ao=5 Z=0 aR=333 tmpl=1029
[k] node=364 mode=0 type=4 op=5
[menuGate] ax=0 ab=0
[fMenu] ao=5 Z=0 aR=333 tmpl=1029
[k] node=364 mode=0 type=4 op=5
[menuGate] ax=0 ab=0
[fMenu] ao=5 Z=0 aR=333 tmpl=1029
[k] node=364 mode=0 type=4 op=5
[menuGate] ax=0 ab=0
[fMenu] ao=5 Z=0 aR=333 tmpl=1029
[k] node=364 mode=0 type=4 op=5
[menuGate] ax=0 ab=0
[fMenu] ao=5 Z=0 aR=333 tmpl=1029
[k] node=364 mode=0 type=4 op=5
[menuGate] ax=0 ab=0
[fMenu] ao=5 Z=0 aR=333 tmpl=1029
[k] node=364 mode=0 type=4 op=5
[menuGate] ax=0 ab=0
[fMenu] ao=5 Z=0 aR=333 tmpl=1029
[k] node=364 mode=0 type=4 op=5
[menuGate] ax=0 ab=0
[fMenu] ao=5 Z=0 aR=333 tmpl=1029
[k] node=364 mode=0 type=4 op=5
[menuGate] ax=0 ab=0
[fMenu] ao=5 Z=0 aR=333 tmpl=1029
[k] node=364 mode=0 type=4 op=5
[menuGate] ax=0 ab=0
[fMenu] ao=5 Z=0 aR=333 tmpl=1029
[k] node=364 mode=0 type=4 op=5
[menuGate] ax=0 ab=0
[fMenu] ao=5 Z=0 aR=333 tmpl=1029
[k] node=364 mode=0 type=4 op=5
[k] node=377 mode=0 type=4 op=2
[trace] g->9 (aA=4 am=4)
[menuGate] ax=0 ab=0
[dbg] ar=73 am=4 aA=0 aH=1 l=false j=false fullRedraw=false
[fMenu] ao=9 Z=4 aR=0 tmpl=1029
[fMenu] ao=9 Z=4 aR=0 tmpl=1029
[fMenu] ao=9 Z=4 aR=0 tmpl=1029
[fMenu] ao=9 Z=4 aR=0 tmpl=1029
[fMenu] ao=9 Z=4 aR=0 tmpl=1029
[fMenu] ao=9 Z=4 aR=0 tmpl=1029
[fMenu] ao=9 Z=4 aR=0 tmpl=1029
[fMenu] ao=9 Z=4 aR=0 tmpl=1029
[fMenu] ao=9 Z=4 aR=0 tmpl=1029
[fMenu] ao=9 Z=4 aR=0 tmpl=1029
[fMenu] ao=9 Z=4 aR=0 tmpl=1029
[fMenu] ao=9 Z=4 aR=0 tmpl=1029
[fMenu] ao=9 Z=4 aR=0 tmpl=1029
[fMenu] ao=9 Z=4 aR=0 tmpl=1029
[fMenu] ao=9 Z=4 aR=0 tmpl=1029
[fMenu] ao=9 Z=4 aR=0 tmpl=1029
[fMenu] ao=9 Z=4 aR=0 tmpl=1029
[fMenu] ao=9 Z=4 aR=0 tmpl=1029
[fMenu] ao=9 Z=4 aR=0 tmpl=1029
[fMenu] ao=9 Z=4 aR=0 tmpl=1029
[fMenu] ao=9 Z=4 aR=0 tmpl=1029
[fMenu] ao=9 Z=4 aR=0 tmpl=1029
[fMenu] ao=9 Z=4 aR=0 tmpl=1029
[fMenu] ao=9 Z=4 aR=0 tmpl=1029
[fMenu] ao=9 Z=4 aR=0 tmpl=1029
[dbg] ar=98 am=4 aA=4 aH=0 l=false j=false fullRedraw=false
[fMenu] ao=9 Z=4 aR=0 tmpl=1029
[fMenu] ao=9 Z=4 aR=0 tmpl=1029
[fMenu] ao=9 Z=4 aR=0 tmpl=1029
[fMenu] ao=9 Z=4 aR=0 tmpl=1029
[fMenu] ao=9 Z=4 aR=0 tmpl=1029
[fMenu] ao=9 Z=4 aR=0 tmpl=1029
[fMenu] ao=9 Z=4 aR=0 tmpl=1029
[fMenu] ao=9 Z=4 aR=0 tmpl=1029
[fMenu] ao=9 Z=4 aR=0 tmpl=1029
[fMenu] ao=9 Z=4 aR=0 tmpl=1029
[fMenu] ao=9 Z=4 aR=0 tmpl=1029
[fMenu] ao=9 Z=4 aR=0 tmpl=1029
[fMenu] ao=9 Z=4 aR=0 tmpl=1029
[fMenu] ao=9 Z=4 aR=0 tmpl=1029
[fMenu] ao=9 Z=4 aR=0 tmpl=1029
[void_a] key=-5 ae=22 ak=19 ar=113
[input] ar=113 key -5
[fHead] ax=22
[fMenu] ao=9 Z=4 aR=0 tmpl=1029
[k] node=57 mode=1 type=16 op=2
[trace] g->9 (aA=4 am=4)
[fMenu] ao=5 Z=4 aR=116 tmpl=1029
[fMenu] ao=5 Z=4 aR=116 tmpl=1029
[fMenu] ao=5 Z=4 aR=116 tmpl=1029
[fMenu] ao=5 Z=4 aR=116 tmpl=1029
[fMenu] ao=5 Z=4 aR=116 tmpl=1029
[fMenu] ao=5 Z=4 aR=116 tmpl=1029
[fMenu] ao=5 Z=4 aR=116 tmpl=1029
[void_a] key=-4 ae=23 ak=19 ar=123
[input] ar=123 key -4
[dbg] ar=123 am=4 aA=4 aH=0 l=false j=false fullRedraw=false
[fHead] ax=23
[fMenu] ao=5 Z=4 aR=116 tmpl=1029
[fMenu] ao=5 Z=4 aR=116 tmpl=1029
[fMenu] ao=5 Z=4 aR=116 tmpl=1029
[fMenu] ao=5 Z=4 aR=116 tmpl=1029
[fMenu] ao=5 Z=4 aR=116 tmpl=1029
[fMenu] ao=5 Z=4 aR=116 tmpl=1029
[fMenu] ao=5 Z=4 aR=116 tmpl=1029
[fMenu] ao=5 Z=4 aR=116 tmpl=1029
[fMenu] ao=5 Z=4 aR=116 tmpl=1029
[fMenu] ao=5 Z=4 aR=116 tmpl=1029
[void_a] key=-4 ae=23 ak=19 ar=133
[input] ar=133 key -4
[k] node=171 mode=0 type=2 op=3
[fMenu] ao=5 Z=4 aR=116 tmpl=1029
[fMenu] ao=5 Z=4 aR=116 tmpl=1029
[fMenu] ao=5 Z=4 aR=116 tmpl=1029
[fMenu] ao=5 Z=4 aR=116 tmpl=1029
[fMenu] ao=5 Z=4 aR=116 tmpl=1029
[fMenu] ao=5 Z=4 aR=116 tmpl=1029
[fMenu] ao=5 Z=4 aR=116 tmpl=1029
[fMenu] ao=5 Z=4 aR=116 tmpl=1029
[void_a] key=-5 ae=22 ak=19 ar=141
[input] ar=141 key -5
[k] node=171 mode=1 type=2 op=3
[trace] g->9 (aA=4 am=4)
[k] node=171 mode=0 type=2 op=3
[fMenu] ao=5 Z=4 aR=881 tmpl=1029
[fMenu] ao=5 Z=4 aR=881 tmpl=1029
[fMenu] ao=5 Z=4 aR=881 tmpl=1029
[fMenu] ao=5 Z=4 aR=881 tmpl=1029
[fMenu] ao=5 Z=4 aR=881 tmpl=1029
[dbg] ar=148 am=4 aA=4 aH=0 l=false j=false fullRedraw=false
[fMenu] ao=5 Z=4 aR=881 tmpl=1029
[void_a] key=-4 ae=23 ak=19 ar=149
[input] ar=149 key -4
[fMenu] ao=5 Z=4 aR=881 tmpl=1029
[fMenu] ao=5 Z=4 aR=881 tmpl=1029
[fMenu] ao=5 Z=4 aR=881 tmpl=1029
[fMenu] ao=5 Z=4 aR=881 tmpl=1029
[fMenu] ao=5 Z=4 aR=881 tmpl=1029
[fMenu] ao=5 Z=4 aR=881 tmpl=1029
[fMenu] ao=5 Z=4 aR=881 tmpl=1029
[fMenu] ao=5 Z=4 aR=881 tmpl=1029
[fMenu] ao=5 Z=4 aR=881 tmpl=1029
[fMenu] ao=5 Z=4 aR=881 tmpl=1029
[fMenu] ao=5 Z=4 aR=881 tmpl=1029
[void_a] key=-4 ae=23 ak=19 ar=160
[input] ar=160 key -4
[fHead] ax=23
[fMenu] ao=5 Z=4 aR=881 tmpl=1029
[k] node=936 mode=0 type=2 op=3
[fMenu] ao=5 Z=4 aR=881 tmpl=1029
[fMenu] ao=5 Z=4 aR=881 tmpl=1029
[fMenu] ao=5 Z=4 aR=881 tmpl=1029
[fMenu] ao=5 Z=4 aR=881 tmpl=1029
[fMenu] ao=5 Z=4 aR=881 tmpl=1029
[fMenu] ao=5 Z=4 aR=881 tmpl=1029
[void_a] key=-4 ae=23 ak=19 ar=167
[input] ar=167 key -4
[fHead] ax=23
[fMenu] ao=5 Z=4 aR=881 tmpl=1029
[k] node=936 mode=0 type=2 op=3
[fMenu] ao=5 Z=4 aR=881 tmpl=1029
[fMenu] ao=5 Z=4 aR=881 tmpl=1029
[fMenu] ao=5 Z=4 aR=881 tmpl=1029
[fMenu] ao=5 Z=4 aR=881 tmpl=1029
[fMenu] ao=5 Z=4 aR=881 tmpl=1029
[dbg] ar=173 am=4 aA=4 aH=0 l=false j=false fullRedraw=false
[fMenu] ao=5 Z=4 aR=881 tmpl=1029
[void_a] key=-4 ae=23 ak=19 ar=174
[input] ar=174 key -4
[fHead] ax=23
[fMenu] ao=5 Z=4 aR=881 tmpl=1029
[k] node=936 mode=0 type=2 op=3
[fMenu] ao=5 Z=4 aR=881 tmpl=1029
[fMenu] ao=5 Z=4 aR=881 tmpl=1029
[fMenu] ao=5 Z=4 aR=881 tmpl=1029
[fMenu] ao=5 Z=4 aR=881 tmpl=1029
[fMenu] ao=5 Z=4 aR=881 tmpl=1029
[fMenu] ao=5 Z=4 aR=881 tmpl=1029
[void_a] key=-4 ae=23 ak=19 ar=181
[input] ar=181 key -4
[fHead] ax=23
[fMenu] ao=5 Z=4 aR=881 tmpl=1029
[k] node=936 mode=0 type=2 op=3
[fMenu] ao=5 Z=4 aR=881 tmpl=1029
[fMenu] ao=5 Z=4 aR=881 tmpl=1029
[fMenu] ao=5 Z=4 aR=881 tmpl=1029
[fMenu] ao=5 Z=4 aR=881 tmpl=1029
[fMenu] ao=5 Z=4 aR=881 tmpl=1029
[fMenu] ao=5 Z=4 aR=881 tmpl=1029
[void_a] key=-4 ae=23 ak=19 ar=188
[input] ar=188 key -4
[k] node=936 mode=0 type=2 op=3
[fMenu] ao=5 Z=4 aR=881 tmpl=1029
[fMenu] ao=5 Z=4 aR=881 tmpl=1029
[fMenu] ao=5 Z=4 aR=881 tmpl=1029
[fMenu] ao=5 Z=4 aR=881 tmpl=1029
[fMenu] ao=5 Z=4 aR=881 tmpl=1029
[fMenu] ao=5 Z=4 aR=881 tmpl=1029
[fMenu] ao=5 Z=4 aR=881 tmpl=1029
[void_a] key=-4 ae=23 ak=19 ar=195
[input] ar=195 key -4
[k] node=936 mode=0 type=2 op=3
[fMenu] ao=5 Z=4 aR=881 tmpl=1029
[fMenu] ao=5 Z=4 aR=881 tmpl=1029
[fMenu] ao=5 Z=4 aR=881 tmpl=1029
[dbg] ar=198 am=4 aA=4 aH=0 l=false j=false fullRedraw=false
[fMenu] ao=5 Z=4 aR=881 tmpl=1029
[fMenu] ao=5 Z=4 aR=881 tmpl=1029
[fMenu] ao=5 Z=4 aR=881 tmpl=1029
[void_a] key=-5 ae=22 ak=19 ar=201
[fMenu] ao=5 Z=4 aR=881 tmpl=1029
[input] ar=202 key -5
[k] node=936 mode=1 type=2 op=3
[trace] g->5 (aA=4 am=4)
[k] node=936 mode=0 type=2 op=3
[trace] g->11 (aA=5 am=5)
[trace] boolean_c aH=0 ac=32 aC=6
[view] world rebuild with clipTop=0 -> var_boolean_l=true
[trace] g->8 (aA=6 am=6)
[dev] in mission, aA=6
[trace] g(1,77,0) ac=32
[trace] g->2 (aA=6 am=6)
[view] dialog open z=77 overlayPrevState=6
[dlg-parse] z=77 v=0 strLen=177 str=The enemy retreats to their castle, to heal their wounds. @ This is our best chance to free our land once and for all. @ Strike at the enemy's heart, leave no building standing.
[dbg] ar=223 am=2 aA=2 aH=0 l=false j=false fullRedraw=false
[fifo] ar=244 state
[devMouse] aA=2/2 cursor=(13,57) cam=(-795,476) Q=3661 aE=0 Y=0 sel=0
[devMouse] p0 unit 0 tile=(14,56) type=3 sel=false
[devMouse] p0 unit 1 tile=(14,57) type=3 sel=false
[devMouse] p0 unit 2 tile=(15,55) type=3 sel=false
[devMouse] p0 unit 3 tile=(15,56) type=3 sel=false
[devMouse] p0 unit 4 tile=(15,57) type=3 sel=false
[devMouse] p0 unit 5 tile=(9,58) type=8 sel=false
[devMouse] p0 unit 6 tile=(10,58) type=8 sel=false
[devMouse] p0 unit 7 tile=(11,58) type=8 sel=false
[devMouse] p0 unit 8 tile=(11,57) type=7 sel=false
[devMouse] p0 unit 9 tile=(10,57) type=7 sel=false
[devMouse] p0 unit 10 tile=(10,56) type=7 sel=false
[devMouse] p0 unit 11 tile=(14,58) type=4 sel=false
[devMouse] p0 unit 12 tile=(14,59) type=4 sel=false
[devMouse] p0 unit 13 tile=(15,59) type=4 sel=false
[devMouse] p0 unit 14 tile=(15,58) type=4 sel=false
[devMouse] p0 unit 15 tile=(16,59) type=4 sel=false
[devMouse] p0 unit 16 tile=(16,57) type=9 sel=false
[devMouse] p1 unit 0 tile=(33,43) type=4 sel=false
[devMouse] p1 unit 1 tile=(31,41) type=4 sel=false
[devMouse] p1 unit 2 tile=(33,41) type=4 sel=false
[devMouse] p1 unit 3 tile=(18,15) type=4 sel=false
[devMouse] p1 unit 4 tile=(19,14) type=4 sel=false
[devMouse] p1 unit 5 tile=(4,9) type=4 sel=false
[devMouse] p1 unit 6 tile=(6,7) type=4 sel=false
[devMouse] p1 unit 7 tile=(8,5) type=4 sel=false
[devMouse] p1 unit 8 tile=(18,14) type=4 sel=false
[devMouse] p1 unit 9 tile=(29,57) type=3 sel=false
[devMouse] p1 unit 10 tile=(26,30) type=3 sel=false
[devMouse] p1 unit 11 tile=(27,29) type=3 sel=false
[devMouse] p1 unit 12 tile=(28,28) type=3 sel=false
[devMouse] p1 unit 13 tile=(32,16) type=3 sel=false
[devMouse] p1 unit 14 tile=(13,23) type=8 sel=false
[devMouse] p1 unit 15 tile=(14,22) type=8 sel=false
[devMouse] p1 unit 16 tile=(12,24) type=8 sel=false
[devMouse] p1 unit 17 tile=(5,5) type=8 sel=false
[devMouse] p1 unit 18 tile=(3,7) type=8 sel=false
[dbg] ar=248 am=2 aA=2 aH=0 l=false j=false fullRedraw=false
[dbg] ar=273 am=2 aA=2 aH=0 l=false j=false fullRedraw=false
[fifo] ar=288 key -6
[void_a] key=-6 ae=38 ak=19 ar=288
[input] ar=288 key -6
[dbg] ar=298 am=6 aA=6 aH=0 l=false j=false fullRedraw=false
[save] wrote /tmp/aoe-camp/m6h/saves/auto.aoesave (12328B) ar=315
[fifo] ar=319 state
[devMouse] aA=6/6 cursor=(13,57) cam=(-795,476) Q=3661 aE=0 Y=0 sel=0
[devMouse] p0 unit 0 tile=(14,56) type=3 sel=false
[devMouse] p0 unit 1 tile=(14,57) type=3 sel=false
[devMouse] p0 unit 2 tile=(15,55) type=3 sel=false
[devMouse] p0 unit 3 tile=(15,56) type=3 sel=false
[devMouse] p0 unit 4 tile=(15,57) type=3 sel=false
[devMouse] p0 unit 5 tile=(9,58) type=8 sel=false
[devMouse] p0 unit 6 tile=(10,58) type=8 sel=false
[devMouse] p0 unit 7 tile=(11,58) type=8 sel=false
[devMouse] p0 unit 8 tile=(11,57) type=7 sel=false
[devMouse] p0 unit 9 tile=(10,57) type=7 sel=false
[devMouse] p0 unit 10 tile=(10,56) type=7 sel=false
[devMouse] p0 unit 11 tile=(14,58) type=4 sel=false
[devMouse] p0 unit 12 tile=(14,59) type=4 sel=false
[devMouse] p0 unit 13 tile=(15,59) type=4 sel=false
[devMouse] p0 unit 14 tile=(15,58) type=4 sel=false
[devMouse] p0 unit 15 tile=(16,59) type=4 sel=false
[devMouse] p0 unit 16 tile=(16,57) type=9 sel=false
[devMouse] p1 unit 0 tile=(33,43) type=4 sel=false
[devMouse] p1 unit 1 tile=(31,41) type=4 sel=false
[devMouse] p1 unit 2 tile=(33,41) type=4 sel=false
[devMouse] p1 unit 3 tile=(18,15) type=4 sel=false
[devMouse] p1 unit 4 tile=(19,14) type=4 sel=false
[devMouse] p1 unit 5 tile=(4,9) type=4 sel=false
[devMouse] p1 unit 6 tile=(6,7) type=4 sel=false
[devMouse] p1 unit 7 tile=(8,5) type=4 sel=false
[devMouse] p1 unit 8 tile=(18,14) type=4 sel=false
[devMouse] p1 unit 9 tile=(29,57) type=3 sel=false
[devMouse] p1 unit 10 tile=(26,30) type=3 sel=false
[devMouse] p1 unit 11 tile=(27,29) type=3 sel=false
[devMouse] p1 unit 12 tile=(28,28) type=3 sel=false
[devMouse] p1 unit 13 tile=(32,16) type=3 sel=false
[devMouse] p1 unit 14 tile=(13,23) type=8 sel=false
[devMouse] p1 unit 15 tile=(14,22) type=8 sel=false
[devMouse] p1 unit 16 tile=(12,24) type=8 sel=false
[devMouse] p1 unit 17 tile=(5,5) type=8 sel=false
[devMouse] p1 unit 18 tile=(3,7) type=8 sel=false
[dbg] ar=323 am=6 aA=6 aH=0 l=false j=false fullRedraw=false
[dbg] ar=348 am=6 aA=6 aH=0 l=false j=false fullRedraw=false
[fifo] ar=362 save /tmp/aoe-camp/m6h/base.aoesave
[save] wrote /tmp/aoe-camp/m6h/base.aoesave (12328B) ar=363
[dbg] ar=373 am=6 aA=6 aH=0 l=false j=false fullRedraw=false
[dbg] ar=398 am=6 aA=6 aH=0 l=false j=false fullRedraw=false
[dbg] ar=423 am=6 aA=6 aH=0 l=false j=false fullRedraw=false
[dbg] ar=448 am=6 aA=6 aH=0 l=false j=false fullRedraw=false
[fifo] ar=455 state
[devMouse] aA=6/6 cursor=(13,57) cam=(-795,476) Q=3661 aE=0 Y=0 sel=0
[devMouse] p0 unit 0 tile=(14,56) type=3 sel=false
[devMouse] p0 unit 1 tile=(14,57) type=3 sel=false
[devMouse] p0 unit 2 tile=(15,55) type=3 sel=false
[devMouse] p0 unit 3 tile=(15,56) type=3 sel=false
[devMouse] p0 unit 4 tile=(15,57) type=3 sel=false
[devMouse] p0 unit 5 tile=(9,58) type=8 sel=false
[devMouse] p0 unit 6 tile=(10,58) type=8 sel=false
[devMouse] p0 unit 7 tile=(11,58) type=8 sel=false
[devMouse] p0 unit 8 tile=(11,57) type=7 sel=false
[devMouse] p0 unit 9 tile=(10,57) type=7 sel=false
[devMouse] p0 unit 10 tile=(10,56) type=7 sel=false
[devMouse] p0 unit 11 tile=(14,58) type=4 sel=false
[devMouse] p0 unit 12 tile=(14,59) type=4 sel=false
[devMouse] p0 unit 13 tile=(15,59) type=4 sel=false
[devMouse] p0 unit 14 tile=(15,58) type=4 sel=false
[devMouse] p0 unit 15 tile=(16,59) type=4 sel=false
[devMouse] p0 unit 16 tile=(16,57) type=9 sel=false
[devMouse] p1 unit 0 tile=(33,43) type=4 sel=false
[devMouse] p1 unit 1 tile=(31,41) type=4 sel=false
[devMouse] p1 unit 2 tile=(33,41) type=4 sel=false
[devMouse] p1 unit 3 tile=(18,15) type=4 sel=false
[devMouse] p1 unit 4 tile=(19,14) type=4 sel=false
[devMouse] p1 unit 5 tile=(4,9) type=4 sel=false
[devMouse] p1 unit 6 tile=(6,7) type=4 sel=false
[devMouse] p1 unit 7 tile=(8,5) type=4 sel=false
[devMouse] p1 unit 8 tile=(18,14) type=4 sel=false
[devMouse] p1 unit 9 tile=(29,57) type=3 sel=false
[devMouse] p1 unit 10 tile=(26,30) type=3 sel=false
[devMouse] p1 unit 11 tile=(27,29) type=3 sel=false
[devMouse] p1 unit 12 tile=(28,28) type=3 sel=false
[devMouse] p1 unit 13 tile=(32,16) type=3 sel=false
[devMouse] p1 unit 14 tile=(13,23) type=8 sel=false
[devMouse] p1 unit 15 tile=(14,22) type=8 sel=false
[devMouse] p1 unit 16 tile=(12,24) type=8 sel=false
[devMouse] p1 unit 17 tile=(5,5) type=8 sel=false
[devMouse] p1 unit 18 tile=(3,7) type=8 sel=false
[dbg] ar=473 am=6 aA=6 aH=0 l=false j=false fullRedraw=false
[dbg] ar=498 am=6 aA=6 aH=0 l=false j=false fullRedraw=false
[fifo] ar=505 aistate
[devMouse] aistate written, ar=505
[fifoQ] ar=516 retask 11 25 50
[fifo] ar=517 retask 11 25 50
[devMouse] retask slot11 (14,58)w0 -> (25,50)
[fifoQ] ar=523 retask 12 19 50
[dbg] ar=523 am=6 aA=6 aH=0 l=false j=false fullRedraw=false
[fifo] ar=524 retask 12 19 50
[devMouse] retask slot12 (14,59)w0 -> (19,50)
[fifoQ] ar=532 retask 13 22 53
[fifo] ar=533 retask 13 22 53
[devMouse] retask slot13 (15,59)w0 -> (22,53)
[fifoQ] ar=540 retask 14 25 49
[fifo] ar=541 retask 14 25 49
[devMouse] retask slot14 (15,58)w0 -> (25,49)
[dbg] ar=548 am=6 aA=6 aH=0 l=false j=false fullRedraw=false
[fifoQ] ar=549 retask 15 19 51
[fifo] ar=549 retask 15 19 51
[devMouse] retask slot15 (16,59)w0 -> (19,51)
[fifoQ] ar=556 retask 5 25 51
[fifo] ar=557 retask 5 25 51
[devMouse] retask slot5 (9,58)w0 -> (25,51)
[fifoQ] ar=565 retask 6 23 53
[fifo] ar=565 retask 6 23 53
[devMouse] retask slot6 (10,58)w0 -> (23,53)
[fifoQ] ar=573 retask 7 21 53
[fifo] ar=573 retask 7 21 53
[devMouse] retask slot7 (11,58)w0 -> (21,53)
[dbg] ar=573 am=6 aA=6 aH=0 l=false j=false fullRedraw=false
[fifoQ] ar=580 retask 16 20 53
[fifo] ar=581 retask 16 20 53
[devMouse] retask slot16 (16,57)w0 -> (20,53)
[fifoQ] ar=589 retask 8 21 50
[fifo] ar=589 retask 8 21 50
[devMouse] retask slot8 (11,57)w0 -> (21,50)
[fifoQ] ar=597 retask 9 22 49
[fifo] ar=597 retask 9 22 49
[devMouse] retask slot9 (10,57)w0 -> (22,49)
[dbg] ar=598 am=6 aA=6 aH=0 l=false j=false fullRedraw=false
[fifoQ] ar=605 retask 10 23 51
[fifo] ar=606 retask 10 23 51
[devMouse] retask slot10 (10,56)w0 -> (23,51)
[fifoQ] ar=613 retask 0 19 54
[fifo] ar=614 retask 0 19 54
[devMouse] retask slot0 (14,56)w0 -> (19,54)
[fifoQ] ar=621 retask 1 20 55
[fifo] ar=622 retask 1 20 55
[devMouse] retask slot1 (14,57)w0 -> (20,55)
[dbg] ar=623 am=6 aA=6 aH=0 l=false j=false fullRedraw=false
[fifoQ] ar=630 retask 2 21 55
[fifo] ar=630 retask 2 21 55
[devMouse] retask slot2 (15,55)w0 -> (21,55)
[fifoQ] ar=638 retask 3 22 56
[fifo] ar=639 retask 3 22 56
[devMouse] retask slot3 (15,56)w0 -> (22,56)
[fifoQ] ar=646 retask 4 23 55
[fifo] ar=647 retask 4 23 55
[devMouse] retask slot4 (15,57)w0 -> (23,55)
[dbg] ar=648 am=6 aA=6 aH=0 l=false j=false fullRedraw=false
[dbg] ar=673 am=6 aA=6 aH=0 l=false j=false fullRedraw=false
[fifo] ar=678 aistate
[devMouse] aistate written, ar=678
[fifoQ] ar=691 retask 16 20 53
[fifo] ar=692 retask 16 20 53
[devMouse] retask slot16 (22,51)w201 -> (20,53)
[dbg] ar=698 am=6 aA=6 aH=0 l=false j=false fullRedraw=false
[fifo] ar=722 aistate
[devMouse] aistate written, ar=722
[dbg] ar=723 am=6 aA=6 aH=0 l=false j=false fullRedraw=false
[fifoQ] ar=734 retask 16 20 53
[fifo] ar=735 retask 16 20 53
[devMouse] retask slot16 (21,51)w301 -> (20,53)
[dbg] ar=748 am=6 aA=6 aH=0 l=false j=false fullRedraw=false
[fifo] ar=763 aistate
[devMouse] aistate written, ar=763
[dbg] ar=773 am=6 aA=6 aH=0 l=false j=false fullRedraw=false
[fifoQ] ar=775 retask 16 20 53
[fifo] ar=776 retask 16 20 53
[devMouse] retask slot16 (22,51)w1 -> (20,53)
[dbg] ar=798 am=6 aA=6 aH=0 l=false j=false fullRedraw=false
[fifo] ar=805 aistate
[devMouse] aistate written, ar=805
[fifo] ar=818 aistate
[devMouse] aistate written, ar=818
[dbg] ar=823 am=6 aA=6 aH=0 l=false j=false fullRedraw=false
[fifoQ] ar=830 retask 0 17 52
[fifo] ar=831 retask 0 17 52
[devMouse] retask slot0 (19,54)w0 -> (17,52)
[fifoQ] ar=838 retask 1 18 55
[fifo] ar=838 retask 1 18 55
[devMouse] retask slot1 (20,55)w0 -> (18,55)
[fifoQ] ar=846 retask 2 18 55
[fifo] ar=847 retask 2 18 55
[devMouse] retask slot2 (21,55)w0 -> (18,55)
[dbg] ar=848 am=6 aA=6 aH=0 l=false j=false fullRedraw=false
[fifoQ] ar=854 retask 3 18 55
[fifo] ar=855 retask 3 18 55
[devMouse] retask slot3 (22,56)w0 -> (18,55)
[fifoQ] ar=863 retask 4 18 55
[fifo] ar=863 retask 4 18 55
[devMouse] retask slot4 (23,55)w0 -> (18,55)
[fifoQ] ar=871 retask 5 18 55
[fifo] ar=872 retask 5 18 55
[devMouse] retask slot5 (18,56)w0 -> (18,55)
[dbg] ar=873 am=6 aA=6 aH=0 l=false j=false fullRedraw=false
[fifoQ] ar=879 retask 6 18 55
[fifo] ar=879 retask 6 18 55
[devMouse] retask slot6 (23,53)w0 -> (18,55)
[fifoQ] ar=887 retask 7 18 55
[fifo] ar=888 retask 7 18 55
[devMouse] retask slot7 (22,54)w0 -> (18,55)
[fifoQ] ar=895 retask 8 18 55
[fifo] ar=896 retask 8 18 55
[devMouse] retask slot8 (21,50)w0 -> (18,55)
[dbg] ar=898 am=6 aA=6 aH=0 l=false j=false fullRedraw=false
[fifoQ] ar=903 retask 9 18 55
[fifo] ar=904 retask 9 18 55
[devMouse] retask slot9 (22,49)w0 -> (18,55)
[fifoQ] ar=911 retask 10 18 55
[fifo] ar=912 retask 10 18 55
[devMouse] retask slot10 (23,51)w0 -> (18,55)
[fifoQ] ar=919 retask 11 18 55
[fifo] ar=919 retask 11 18 55
[devMouse] retask slot11 (25,50)w0 -> (18,55)
[dbg] ar=923 am=6 aA=6 aH=0 l=false j=false fullRedraw=false
[fifoQ] ar=927 retask 12 18 55
[fifo] ar=927 retask 12 18 55
[devMouse] retask slot12 (19,50)w0 -> (18,55)
[fifoQ] ar=935 retask 13 18 55
[fifo] ar=936 retask 13 18 55
[devMouse] retask slot13 (22,53)w0 -> (18,55)
[fifoQ] ar=943 retask 14 18 55
[fifo] ar=943 retask 14 18 55
[devMouse] retask slot14 (25,49)w0 -> (18,55)
[dbg] ar=948 am=6 aA=6 aH=0 l=false j=false fullRedraw=false
[fifoQ] ar=951 retask 15 18 55
[fifo] ar=952 retask 15 18 55
[devMouse] retask slot15 (19,51)w0 -> (18,55)
[fifoQ] ar=959 retask 16 18 55
[fifo] ar=960 retask 16 18 55
[devMouse] retask slot16 (20,53)w0 -> (18,55)
[dbg] ar=973 am=6 aA=6 aH=0 l=false j=false fullRedraw=false
[fifo] ar=991 aistate
[devMouse] aistate written, ar=991
[dbg] ar=998 am=6 aA=6 aH=0 l=false j=false fullRedraw=false
[fifoQ] ar=1003 retask 0 19 50
[fifo] ar=1004 retask 0 19 50
[devMouse] retask slot0 (17,52)w0 -> (19,50)
[fifoQ] ar=1011 retask 1 17 52
[fifo] ar=1012 retask 1 17 52
[devMouse] retask slot1 (18,55)w0 -> (17,52)
[fifoQ] ar=1019 retask 2 17 52
[fifo] ar=1020 retask 2 17 52
[devMouse] retask slot2 (19,54)w0 -> (17,52)
[dbg] ar=1023 am=6 aA=6 aH=0 l=false j=false fullRedraw=false
[fifoQ] ar=1027 retask 3 17 52
[fifo] ar=1027 retask 3 17 52
[devMouse] retask slot3 (18,54)w0 -> (17,52)
[fifoQ] ar=1035 retask 4 17 52
[fifo] ar=1036 retask 4 17 52
[devMouse] retask slot4 (17,54)w0 -> (17,52)
[fifoQ] ar=1043 retask 5 17 52
[fifo] ar=1044 retask 5 17 52
[devMouse] retask slot5 (18,56)w0 -> (17,52)
[dbg] ar=1048 am=6 aA=6 aH=0 l=false j=false fullRedraw=false
[fifoQ] ar=1052 retask 16 17 52
[fifo] ar=1052 retask 16 17 52
[devMouse] retask slot16 (19,55)w0 -> (17,52)
[dbg] ar=1073 am=6 aA=6 aH=0 l=false j=false fullRedraw=false
[fifo] ar=1084 aistate
[devMouse] aistate written, ar=1084
[fifoQ] ar=1096 retask 1 19 50
[fifo] ar=1097 retask 1 19 50
[devMouse] retask slot1 (18,53)w0 -> (19,50)
[dbg] ar=1098 am=6 aA=6 aH=0 l=false j=false fullRedraw=false
[fifoQ] ar=1104 retask 2 19 50
[fifo] ar=1105 retask 2 19 50
[devMouse] retask slot2 (17,52)w0 -> (19,50)
[fifoQ] ar=1112 retask 4 19 50
[fifo] ar=1113 retask 4 19 50
[devMouse] retask slot4 (16,52)w0 -> (19,50)
[fifoQ] ar=1121 retask 6 17 52
[fifo] ar=1122 retask 6 17 52
[devMouse] retask slot6 (19,54)w0 -> (17,52)
[dbg] ar=1123 am=6 aA=6 aH=0 l=false j=false fullRedraw=false
[fifoQ] ar=1129 retask 9 17 52
[fifo] ar=1129 retask 9 17 52
[devMouse] retask slot9 (18,54)w0 -> (17,52)
[fifoQ] ar=1137 retask 10 17 52
[fifo] ar=1138 retask 10 17 52
[devMouse] retask slot10 (19,56)w0 -> (17,52)
[fifoQ] ar=1145 retask 11 17 52
[fifo] ar=1146 retask 11 17 52
[devMouse] retask slot11 (18,55)w0 -> (17,52)
[dbg] ar=1148 am=6 aA=6 aH=0 l=false j=false fullRedraw=false
[fifoQ] ar=1153 retask 12 17 52
[fifo] ar=1154 retask 12 17 52
[devMouse] retask slot12 (17,55)w0 -> (17,52)
[fifoQ] ar=1162 retask 14 17 52
[fifo] ar=1162 retask 14 17 52
[devMouse] retask slot14 (17,56)w0 -> (17,52)
[fifoQ] ar=1169 retask 15 17 52
[fifo] ar=1170 retask 15 17 52
[devMouse] retask slot15 (17,54)w0 -> (17,52)
[dbg] ar=1173 am=6 aA=6 aH=0 l=false j=false fullRedraw=false
[fifo] ar=1197 aistate
[devMouse] aistate written, ar=1198
[dbg] ar=1198 am=6 aA=6 aH=0 l=false j=false fullRedraw=false
[fifoQ] ar=1210 retask 1 19 50
[fifo] ar=1211 retask 1 19 50
[devMouse] retask slot1 (19,51)w0 -> (19,50)
[fifoQ] ar=1218 retask 3 19 50
[fifo] ar=1219 retask 3 19 50
[devMouse] retask slot3 (18,52)w0 -> (19,50)
[dbg] ar=1223 am=6 aA=6 aH=0 l=false j=false fullRedraw=false
[fifoQ] ar=1227 retask 4 19 50
[fifo] ar=1227 retask 4 19 50
[devMouse] retask slot4 (20,51)w0 -> (19,50)
[fifoQ] ar=1234 retask 5 19 50
[fifo] ar=1235 retask 5 19 50
[devMouse] retask slot5 (17,52)w0 -> (19,50)
[fifoQ] ar=1242 retask 8 17 52
[fifo] ar=1243 retask 8 17 52
[devMouse] retask slot8 (18,55)w0 -> (17,52)
[dbg] ar=1248 am=6 aA=6 aH=0 l=false j=false fullRedraw=false
[fifoQ] ar=1250 retask 9 19 50
[fifo] ar=1251 retask 9 19 50
[devMouse] retask slot9 (18,53)w0 -> (19,50)
[fifoQ] ar=1258 retask 13 17 52
[fifo] ar=1259 retask 13 17 52
[devMouse] retask slot13 (19,54)w0 -> (17,52)
[fifoQ] ar=1266 retask 16 19 50
[fifo] ar=1267 retask 16 19 50
[devMouse] retask slot16 (18,51)w0 -> (19,50)
[dbg] ar=1273 am=6 aA=6 aH=0 l=false j=false fullRedraw=false
[dbg] ar=1298 am=6 aA=6 aH=0 l=false j=false fullRedraw=false
[fifo] ar=1301 aistate
[devMouse] aistate written, ar=1301
[fifoQ] ar=1312 retask 2 19 50
[fifo] ar=1312 retask 2 19 50
[devMouse] retask slot2 (20,50)w0 -> (19,50)
[fifoQ] ar=1319 retask 6 19 50
[fifo] ar=1320 retask 6 19 50
[devMouse] retask slot6 (18,53)w0 -> (19,50)
[dbg] ar=1323 am=6 aA=6 aH=0 l=false j=false fullRedraw=false
[fifoQ] ar=1327 retask 7 17 52
[fifo] ar=1328 retask 7 17 52
[devMouse] retask slot7 (18,55)w0 -> (17,52)
[fifoQ] ar=1336 retask 11 19 50
[fifo] ar=1337 retask 11 19 50
[devMouse] retask slot11 (17,53)w0 -> (19,50)
[fifoQ] ar=1344 retask 12 19 50
[fifo] ar=1345 retask 12 19 50
[devMouse] retask slot12 (17,52)w0 -> (19,50)
[dbg] ar=1348 am=6 aA=6 aH=0 l=false j=false fullRedraw=false
[fifoQ] ar=1351 retask 13 19 50
[fifo] ar=1352 retask 13 19 50
[devMouse] retask slot13 (16,52)w0 -> (19,50)
[fifoQ] ar=1359 retask 14 19 50
[fifo] ar=1360 retask 14 19 50
[devMouse] retask slot14 (16,53)w0 -> (19,50)
[fifoQ] ar=1367 retask 15 19 50
[fifo] ar=1368 retask 15 19 50
[devMouse] retask slot15 (18,52)w0 -> (19,50)
[dbg] ar=1373 am=6 aA=6 aH=0 l=false j=false fullRedraw=false
[fifo] ar=1398 aistate
[devMouse] aistate written, ar=1398
[dbg] ar=1398 am=6 aA=6 aH=0 l=false j=false fullRedraw=false
[fifoQ] ar=1411 retask 0 25 49
[fifo] ar=1412 retask 0 25 49
[devMouse] retask slot0 (19,50)w0 -> (25,49)
[fifoQ] ar=1418 retask 1 25 49
[fifo] ar=1419 retask 1 25 49
[devMouse] retask slot1 (19,51)w0 -> (25,49)
[dbg] ar=1423 am=6 aA=6 aH=0 l=false j=false fullRedraw=false
[fifoQ] ar=1426 retask 2 25 49
[fifo] ar=1427 retask 2 25 49
[devMouse] retask slot2 (20,50)w0 -> (25,49)
[fifoQ] ar=1433 retask 3 25 49
[fifo] ar=1434 retask 3 25 49
[devMouse] retask slot3 (20,49)w0 -> (25,49)
[fifoQ] ar=1442 retask 4 25 49
[fifo] ar=1443 retask 4 25 49
[devMouse] retask slot4 (20,51)w0 -> (25,49)
[dbg] ar=1448 am=6 aA=6 aH=0 l=false j=false fullRedraw=false
[fifoQ] ar=1450 retask 8 19 50
[fifo] ar=1451 retask 8 19 50
[devMouse] retask slot8 (18,53)w0 -> (19,50)
[fifoQ] ar=1457 retask 16 25 49
[fifo] ar=1458 retask 16 25 49
[devMouse] retask slot16 (18,51)w0 -> (25,49)
[dbg] ar=1473 am=6 aA=6 aH=0 l=false j=false fullRedraw=false
[fifo] ar=1489 aistate
[devMouse] aistate written, ar=1489
[dbg] ar=1498 am=6 aA=6 aH=0 l=false j=false fullRedraw=false
[fifoQ] ar=1500 retask 1 25 49
[fifo] ar=1501 retask 1 25 49
[devMouse] retask slot1 (24,50)w0 -> (25,49)
[fifoQ] ar=1508 retask 3 25 49
[fifo] ar=1509 retask 3 25 49
[devMouse] retask slot3 (25,50)w0 -> (25,49)
[fifoQ] ar=1517 retask 6 25 49
[fifo] ar=1518 retask 6 25 49
[devMouse] retask slot6 (20,50)w0 -> (25,49)
[dbg] ar=1523 am=6 aA=6 aH=0 l=false j=false fullRedraw=false
[fifoQ] ar=1525 retask 8 25 49
[fifo] ar=1526 retask 8 25 49
[devMouse] retask slot8 (19,51)w0 -> (25,49)
[fifoQ] ar=1534 retask 11 25 49
[fifo] ar=1534 retask 11 25 49
[devMouse] retask slot11 (19,50)w0 -> (25,49)
[fifoQ] ar=1542 retask 12 25 49
[fifo] ar=1542 retask 12 25 49
[devMouse] retask slot12 (20,51)w0 -> (25,49)
[dbg] ar=1548 am=6 aA=6 aH=0 l=false j=false fullRedraw=false
[fifoQ] ar=1550 retask 13 25 49
[fifo] ar=1550 retask 13 25 49
[devMouse] retask slot13 (20,49)w0 -> (25,49)
[fifoQ] ar=1558 retask 14 25 49
[fifo] ar=1558 retask 14 25 49
[devMouse] retask slot14 (18,51)w0 -> (25,49)
[dbg] ar=1573 am=6 aA=6 aH=0 l=false j=false fullRedraw=false
[fifo] ar=1588 aistate
[devMouse] aistate written, ar=1589
[dbg] ar=1598 am=6 aA=6 aH=0 l=false j=false fullRedraw=false
[fifoQ] ar=1600 retask 0 25 49
[fifo] ar=1601 retask 0 25 49
[devMouse] retask slot0 (26,50)w0 -> (25,49)
[fifoQ] ar=1607 retask 7 19 50
[fifo] ar=1608 retask 7 19 50
[devMouse] retask slot7 (17,52)w0 -> (19,50)
[fifoQ] ar=1615 retask 10 19 50
[fifo] ar=1616 retask 10 19 50
[devMouse] retask slot10 (17,53)w0 -> (19,50)
[fifoQ] ar=1623 retask 12 25 49
[dbg] ar=1623 am=6 aA=6 aH=0 l=false j=false fullRedraw=false
[fifo] ar=1624 retask 12 25 49
[devMouse] retask slot12 (24,48)w0 -> (25,49)
[fifoQ] ar=1631 retask 15 25 49
[fifo] ar=1632 retask 15 25 49
[devMouse] retask slot15 (19,50)w0 -> (25,49)
[fifoQ] ar=1639 retask 16 25 49
[fifo] ar=1640 retask 16 25 49
[devMouse] retask slot16 (24,49)w0 -> (25,49)
[dbg] ar=1648 am=6 aA=6 aH=0 l=false j=false fullRedraw=false
[fifo] ar=1670 aistate
[devMouse] aistate written, ar=1670
[dbg] ar=1673 am=6 aA=6 aH=0 l=false j=false fullRedraw=false
[fifoQ] ar=1682 retask 0 31 49
[fifo] ar=1683 retask 0 31 49
[devMouse] retask slot0 (26,50)w0 -> (31,49)
[fifoQ] ar=1689 retask 1 31 49
[fifo] ar=1690 retask 1 31 49
[devMouse] retask slot1 (24,50)w0 -> (31,49)
[fifoQ] ar=1698 retask 2 31 49
[dbg] ar=1698 am=6 aA=6 aH=0 l=false j=false fullRedraw=false
[fifo] ar=1699 retask 2 31 49
[devMouse] retask slot2 (25,49)w0 -> (31,49)
[fifoQ] ar=1706 retask 3 31 49
[fifo] ar=1707 retask 3 31 49
[devMouse] retask slot3 (25,50)w0 -> (31,49)
[fifoQ] ar=1714 retask 5 25 49
[fifo] ar=1715 retask 5 25 49
[devMouse] retask slot5 (20,49)w0 -> (25,49)
[fifoQ] ar=1722 retask 7 25 49
[fifo] ar=1723 retask 7 25 49
[devMouse] retask slot7 (18,51)w0 -> (25,49)
[dbg] ar=1723 am=6 aA=6 aH=0 l=false j=false fullRedraw=false
[fifoQ] ar=1731 retask 10 25 49
[fifo] ar=1731 retask 10 25 49
[devMouse] retask slot10 (19,50)w0 -> (25,49)
[fifoQ] ar=1739 retask 12 31 49
[fifo] ar=1740 retask 12 31 49
[devMouse] retask slot12 (24,48)w0 -> (31,49)
[fifoQ] ar=1747 retask 16 31 49
[fifo] ar=1748 retask 16 31 49
[devMouse] retask slot16 (24,49)w0 -> (31,49)
[dbg] ar=1748 am=6 aA=6 aH=0 l=false j=false fullRedraw=false
[dbg] ar=1773 am=6 aA=6 aH=0 l=false j=false fullRedraw=false
[fifo] ar=1781 aistate
[devMouse] aistate written, ar=1781
[fifoQ] ar=1792 retask 1 31 49
[fifo] ar=1793 retask 1 31 49
[devMouse] retask slot1 (30,50)w0 -> (31,49)
[dbg] ar=1798 am=6 aA=6 aH=0 l=false j=false fullRedraw=false
[fifoQ] ar=1800 retask 2 31 49
[fifo] ar=1801 retask 2 31 49
[devMouse] retask slot2 (30,49)w0 -> (31,49)
[fifoQ] ar=1808 retask 3 31 49
[fifo] ar=1808 retask 3 31 49
[devMouse] retask slot3 (31,50)w0 -> (31,49)
[fifoQ] ar=1816 retask 4 31 49
[fifo] ar=1816 retask 4 31 49
[devMouse] retask slot4 (26,50)w0 -> (31,49)
[dbg] ar=1823 am=6 aA=6 aH=0 l=false j=false fullRedraw=false
[fifoQ] ar=1824 retask 5 31 49
[fifo] ar=1825 retask 5 31 49
[devMouse] retask slot5 (24,49)w0 -> (31,49)
[fifoQ] ar=1832 retask 8 31 49
[fifo] ar=1833 retask 8 31 49
[devMouse] retask slot8 (25,50)w0 -> (31,49)
[fifoQ] ar=1839 retask 11 31 49
[fifo] ar=1840 retask 11 31 49
[devMouse] retask slot11 (24,50)w0 -> (31,49)
[fifoQ] ar=1847 retask 14 31 49
[fifo] ar=1848 retask 14 31 49
[devMouse] retask slot14 (25,49)w0 -> (31,49)
[dbg] ar=1848 am=6 aA=6 aH=0 l=false j=false fullRedraw=false
[fifoQ] ar=1855 retask 16 31 49
[fifo] ar=1856 retask 16 31 49
[devMouse] retask slot16 (30,48)w0 -> (31,49)
[dbg] ar=1873 am=6 aA=6 aH=0 l=false j=false fullRedraw=false
[fifo] ar=1885 aistate
[devMouse] aistate written, ar=1885
[fifoQ] ar=1896 retask 4 31 49
[fifo] ar=1897 retask 4 31 49
[devMouse] retask slot4 (32,50)w0 -> (31,49)
[dbg] ar=1898 am=6 aA=6 aH=0 l=false j=false fullRedraw=false
[fifoQ] ar=1904 retask 7 31 49
[fifo] ar=1905 retask 7 31 49
[devMouse] retask slot7 (25,49)w0 -> (31,49)
[fifoQ] ar=1912 retask 10 31 49
[fifo] ar=1913 retask 10 31 49
[devMouse] retask slot10 (24,50)w0 -> (31,49)
[fifoQ] ar=1920 retask 12 31 49
[fifo] ar=1920 retask 12 31 49
[devMouse] retask slot12 (32,48)w0 -> (31,49)
[dbg] ar=1923 am=6 aA=6 aH=0 l=false j=false fullRedraw=false
[fifoQ] ar=1927 retask 13 31 49
[fifo] ar=1928 retask 13 31 49
[devMouse] retask slot13 (26,50)w0 -> (31,49)
[fifoQ] ar=1935 retask 15 31 49
[fifo] ar=1936 retask 15 31 49
[devMouse] retask slot15 (24,48)w0 -> (31,49)
[dbg] ar=1948 am=6 aA=6 aH=0 l=false j=false fullRedraw=false
[fifo] ar=1966 aistate
[devMouse] aistate written, ar=1966
[dbg] ar=1973 am=6 aA=6 aH=0 l=false j=false fullRedraw=false
[fifoQ] ar=1978 retask 5 31 49
[fifo] ar=1979 retask 5 31 49
[devMouse] retask slot5 (34,44)w0 -> (31,49)
[fifoQ] ar=1986 retask 6 31 49
[fifo] ar=1986 retask 6 31 49
[devMouse] retask slot6 (25,49)w0 -> (31,49)
[fifoQ] ar=1994 retask 11 31 49
[fifo] ar=1994 retask 11 31 49
[devMouse] retask slot11 (31,48)w0 -> (31,49)
[dbg] ar=1998 am=6 aA=6 aH=0 l=false j=false fullRedraw=false
[dbg] ar=2023 am=6 aA=6 aH=0 l=false j=false fullRedraw=false
[fifo] ar=2024 aistate
[devMouse] aistate written, ar=2024
[fifoQ] ar=2036 retask 5 31 49
[fifo] ar=2037 retask 5 31 49
[devMouse] retask slot5 (33,44)w301 -> (31,49)
[fifoQ] ar=2044 retask 13 31 49
[fifo] ar=2045 retask 13 31 49
[devMouse] retask slot13 (32,49)w0 -> (31,49)
[dbg] ar=2048 am=6 aA=6 aH=0 l=false j=false fullRedraw=false
[dbg] ar=2073 am=6 aA=6 aH=0 l=false j=false fullRedraw=false
[fifo] ar=2077 aistate
[devMouse] aistate written, ar=2077
[fifoQ] ar=2088 retask 5 31 49
[fifo] ar=2089 retask 5 31 49
[devMouse] retask slot5 (33,44)w0 -> (31,49)
[dbg] ar=2098 am=6 aA=6 aH=0 l=false j=false fullRedraw=false
[fifo] ar=2120 aistate
[devMouse] aistate written, ar=2120
[dbg] ar=2123 am=6 aA=6 aH=0 l=false j=false fullRedraw=false
[fifoQ] ar=2132 retask 5 31 49
[fifo] ar=2133 retask 5 31 49
[devMouse] retask slot5 (33,44)wc01 -> (31,49)
[fifoQ] ar=2139 retask 9 25 49
[fifo] ar=2140 retask 9 25 49
[devMouse] retask slot9 (19,50)w0 -> (25,49)
[dbg] ar=2148 am=6 aA=6 aH=0 l=false j=false fullRedraw=false
[fifo] ar=2172 aistate
[devMouse] aistate written, ar=2172
[dbg] ar=2173 am=6 aA=6 aH=0 l=false j=false fullRedraw=false
[combat] p0 type8 died at (34,42) ar=2181 remaining=16
[trace] g->8 (aA=6 am=6)
[fifoQ] ar=2184 retask 0 36 49
[fifo] ar=2185 retask 0 36 49
[devMouse] retask slot0 (31,49)w0 -> (36,49)
[fifoQ] ar=2192 retask 1 36 49
[fifo] ar=2193 retask 1 36 49
[devMouse] retask slot1 (30,50)w0 -> (36,49)
[dbg] ar=2198 am=6 aA=6 aH=0 l=false j=false fullRedraw=false
[fifoQ] ar=2201 retask 2 36 49
[fifo] ar=2201 retask 2 36 49
[devMouse] retask slot2 (30,49)w0 -> (36,49)
[fifoQ] ar=2209 retask 3 36 49
[fifo] ar=2210 retask 3 36 49
[devMouse] retask slot3 (31,50)w0 -> (36,49)
[fifoQ] ar=2216 retask 4 36 49
[fifo] ar=2217 retask 4 36 49
[devMouse] retask slot4 (32,50)w0 -> (36,49)
[combat] p1 type4 died at (33,44) ar=2219 remaining=18
[dbg] ar=2223 am=6 aA=6 aH=0 l=false j=false fullRedraw=false
[fifoQ] ar=2224 retask 5 31 49
[fifo] ar=2225 retask 5 31 49
[devMouse] retask slot5 (30,48)w0 -> (31,49)
[fifoQ] ar=2232 retask 11 36 49
[fifo] ar=2233 retask 11 36 49
[devMouse] retask slot11 (31,48)w0 -> (36,49)
[fifoQ] ar=2240 retask 12 36 49
[fifo] ar=2241 retask 12 36 49
[devMouse] retask slot12 (32,48)w0 -> (36,49)
[fifoQ] ar=2248 retask 13 36 49
[fifo] ar=2248 retask 13 36 49
[devMouse] retask slot13 (32,49)w0 -> (36,49)
[dbg] ar=2248 am=6 aA=6 aH=0 l=false j=false fullRedraw=false
[fifoQ] ar=2256 retask 16 36 49
[fifo] ar=2256 retask 16 36 49
[devMouse] retask FAIL slot16 越界(n=16)
[dbg] ar=2273 am=6 aA=6 aH=0 l=false j=false fullRedraw=false
[fifo] ar=2286 aistate
[devMouse] aistate written, ar=2286
[fifoQ] ar=2298 retask 0 36 49
[dbg] ar=2298 am=6 aA=6 aH=0 l=false j=false fullRedraw=false
[fifo] ar=2299 retask 0 36 49
[devMouse] retask slot0 (37,48)w0 -> (36,49)
[fifoQ] ar=2306 retask 2 36 49
[fifo] ar=2306 retask 2 36 49
[devMouse] retask slot2 (37,50)w0 -> (36,49)
[fifoQ] ar=2314 retask 3 36 49
[fifo] ar=2315 retask 3 36 49
[devMouse] retask slot3 (36,50)w0 -> (36,49)
[combat] p1 type4 died at (33,41) ar=2317 remaining=17
[fifoQ] ar=2322 retask 4 36 49
[fifo] ar=2323 retask 4 36 49
[devMouse] retask slot4 (35,50)w0 -> (36,49)
[dbg] ar=2323 am=6 aA=6 aH=0 l=false j=false fullRedraw=false
[fifoQ] ar=2331 retask 5 36 49
[fifo] ar=2332 retask 5 36 49
[devMouse] retask slot5 (31,49)w0 -> (36,49)
[fifoQ] ar=2339 retask 7 31 49
[fifo] ar=2339 retask 7 31 49
[devMouse] retask slot7 (32,40)w0 -> (31,49)
[fifoQ] ar=2347 retask 9 31 49
[fifo] ar=2348 retask 9 31 49
[devMouse] retask slot9 (25,49)w0 -> (31,49)
[dbg] ar=2348 am=6 aA=6 aH=0 l=false j=false fullRedraw=false
[fifoQ] ar=2355 retask 12 36 49
[fifo] ar=2356 retask 12 36 49
[devMouse] retask slot12 (35,48)w0 -> (36,49)
[fifoQ] ar=2363 retask 13 36 49
[fifo] ar=2364 retask 13 36 49
[devMouse] retask slot13 (35,49)w0 -> (36,49)
[fifoQ] ar=2371 retask 14 36 49
[fifo] ar=2372 retask 14 36 49
[devMouse] retask slot14 (31,48)w0 -> (36,49)
[dbg] ar=2373 am=6 aA=6 aH=0 l=false j=false fullRedraw=false
[fifoQ] ar=2379 retask 15 36 49
[fifo] ar=2380 retask 15 36 49
[devMouse] retask slot15 (30,48)w0 -> (36,49)
[combat] p1 type4 died at (31,41) ar=2395 remaining=16
[dbg] ar=2398 am=6 aA=6 aH=0 l=false j=false fullRedraw=false
[fifo] ar=2410 aistate
[devMouse] aistate written, ar=2410
[fifoQ] ar=2421 retask 0 40 46
[fifo] ar=2422 retask 0 40 46
[devMouse] retask slot0 (37,48)w0 -> (40,46)
[dbg] ar=2423 am=6 aA=6 aH=0 l=false j=false fullRedraw=false
[fifoQ] ar=2429 retask 1 40 46
[fifo] ar=2429 retask 1 40 46
[devMouse] retask slot1 (36,49)w0 -> (40,46)
[fifoQ] ar=2436 retask 2 40 46
[fifo] ar=2437 retask 2 40 46
[devMouse] retask slot2 (37,50)w0 -> (40,46)
[fifoQ] ar=2444 retask 3 40 46
[fifo] ar=2445 retask 3 40 46
[devMouse] retask slot3 (36,50)w0 -> (40,46)
[dbg] ar=2448 am=6 aA=6 aH=0 l=false j=false fullRedraw=false
[fifoQ] ar=2452 retask 4 40 46
[fifo] ar=2453 retask 4 40 46
[devMouse] retask slot4 (35,50)w0 -> (40,46)
[fifoQ] ar=2460 retask 6 36 49
[fifo] ar=2461 retask 6 36 49
[devMouse] retask slot6 (30,49)w0 -> (36,49)
[fifoQ] ar=2468 retask 7 31 49
[fifo] ar=2469 retask 7 31 49
[devMouse] retask slot7 (31,41)w0 -> (31,49)
[dbg] ar=2473 am=6 aA=6 aH=0 l=false j=false fullRedraw=false
[fifoQ] ar=2476 retask 8 36 49
[fifo] ar=2477 retask 8 36 49
[devMouse] retask slot8 (31,49)w0 -> (36,49)
[fifoQ] ar=2485 retask 10 36 49
[fifo] ar=2485 retask 10 36 49
[devMouse] retask slot10 (32,48)w0 -> (36,49)
[fifoQ] ar=2493 retask 11 40 46
[fifo] ar=2494 retask 11 40 46
[devMouse] retask slot11 (37,49)w0 -> (40,46)
[dbg] ar=2498 am=6 aA=6 aH=0 l=false j=false fullRedraw=false
[fifoQ] ar=2502 retask 12 40 46
[fifo] ar=2502 retask 12 40 46
[devMouse] retask slot12 (35,48)w0 -> (40,46)
[fifoQ] ar=2510 retask 13 40 46
[fifo] ar=2511 retask 13 40 46
[devMouse] retask slot13 (35,49)w0 -> (40,46)
[dbg] ar=2523 am=6 aA=6 aH=0 l=false j=false fullRedraw=false
[fifo] ar=2542 aistate
[devMouse] aistate written, ar=2543
[dbg] ar=2548 am=6 aA=6 aH=0 l=false j=false fullRedraw=false
[fifoQ] ar=2554 retask 0 40 46
[fifo] ar=2555 retask 0 40 46
[devMouse] retask slot0 (41,47)w0 -> (40,46)
[fifoQ] ar=2563 retask 2 40 46
[fifo] ar=2564 retask 2 40 46
[devMouse] retask slot2 (41,46)w0 -> (40,46)
[fifoQ] ar=2572 retask 3 40 46
[fifo] ar=2572 retask 3 40 46
[devMouse] retask slot3 (41,45)w0 -> (40,46)
[dbg] ar=2573 am=6 aA=6 aH=0 l=false j=false fullRedraw=false
[fifoQ] ar=2579 retask 5 40 46
[fifo] ar=2580 retask 5 40 46
[devMouse] retask slot5 (36,49)w0 -> (40,46)
[fifoQ] ar=2587 retask 6 40 46
[fifo] ar=2588 retask 6 40 46
[devMouse] retask slot6 (35,50)w0 -> (40,46)
[fifoQ] ar=2596 retask 8 40 46
[fifo] ar=2597 retask 8 40 46
[devMouse] retask slot8 (35,49)w0 -> (40,46)
[dbg] ar=2598 am=6 aA=6 aH=0 l=false j=false fullRedraw=false
[fifoQ] ar=2604 retask 9 36 49
[fifo] ar=2605 retask 9 36 49
[devMouse] retask slot9 (30,50)w0 -> (36,49)
[fifoQ] ar=2612 retask 10 40 46
[fifo] ar=2613 retask 10 40 46
[devMouse] retask slot10 (35,48)w0 -> (40,46)
[fifoQ] ar=2620 retask 14 40 46
[fifo] ar=2621 retask 14 40 46
[devMouse] retask slot14 (37,50)w0 -> (40,46)
[dbg] ar=2623 am=6 aA=6 aH=0 l=false j=false fullRedraw=false
[fifoQ] ar=2628 retask 15 40 46
[fifo] ar=2628 retask 15 40 46
[devMouse] retask slot15 (37,48)w0 -> (40,46)
[dbg] ar=2648 am=6 aA=6 aH=0 l=false j=false fullRedraw=false
[fifo] ar=2659 aistate
[devMouse] aistate written, ar=2659
[bfs] p0 u15 escalate unitsBlock cur=2930 target=282e -> len=0 ar=2666
[fifoQ] ar=2671 retask 7 36 49
[fifo] ar=2672 retask 7 36 49
[devMouse] retask slot7 (31,49)w0 -> (36,49)
[dbg] ar=2673 am=6 aA=6 aH=0 l=false j=false fullRedraw=false
[dbg] ar=2698 am=6 aA=6 aH=0 l=false j=false fullRedraw=false
[fifo] ar=2701 aistate
[devMouse] aistate written, ar=2701
[fifoQ] ar=2713 retask 0 43 44
[fifo] ar=2714 retask 0 43 44
[devMouse] retask slot0 (41,47)w0 -> (43,44)
[fifoQ] ar=2721 retask 2 43 44
[fifo] ar=2722 retask 2 43 44
[devMouse] retask slot2 (41,46)w0 -> (43,44)
[dbg] ar=2723 am=6 aA=6 aH=0 l=false j=false fullRedraw=false
[fifoQ] ar=2730 retask 3 43 44
[fifo] ar=2730 retask 3 43 44
[devMouse] retask slot3 (41,45)w0 -> (43,44)
[fifoQ] ar=2738 retask 9 40 46
[fifo] ar=2739 retask 9 40 46
[devMouse] retask slot9 (36,49)w0 -> (40,46)
[dbg] ar=2748 am=6 aA=6 aH=0 l=false j=false fullRedraw=false
[fifo] ar=2768 aistate
[devMouse] aistate written, ar=2768
[dbg] ar=2773 am=6 aA=6 aH=0 l=false j=false fullRedraw=false
[fifoQ] ar=2780 retask 0 43 44
[fifo] ar=2781 retask 0 43 44
[devMouse] retask slot0 (42,45)w0 -> (43,44)
[fifoQ] ar=2788 retask 3 43 44
[fifo] ar=2788 retask 3 43 44
[devMouse] retask slot3 (43,45)w0 -> (43,44)
[fifoQ] ar=2796 retask 4 43 44
[fifo] ar=2797 retask 4 43 44
[devMouse] retask slot4 (41,46)w0 -> (43,44)
[dbg] ar=2798 am=6 aA=6 aH=0 l=false j=false fullRedraw=false
[fifoQ] ar=2804 retask 6 43 44
[fifo] ar=2805 retask 6 43 44
[devMouse] retask slot6 (41,47)w0 -> (43,44)
[fifoQ] ar=2812 retask 7 40 46
[fifo] ar=2813 retask 7 40 46
[devMouse] retask slot7 (35,49)w0 -> (40,46)
[fifoQ] ar=2820 retask 13 43 44
[fifo] ar=2821 retask 13 43 44
[devMouse] retask slot13 (41,45)w0 -> (43,44)
[dbg] ar=2823 am=6 aA=6 aH=0 l=false j=false fullRedraw=false
[dbg] ar=2848 am=6 aA=6 aH=0 l=false j=false fullRedraw=false
[fifo] ar=2849 aistate
[devMouse] aistate written, ar=2849
[fifoQ] ar=2861 retask 0 43 40
[fifo] ar=2862 retask 0 43 40
[devMouse] retask slot0 (42,45)w0 -> (43,40)
[fifoQ] ar=2869 retask 2 43 40
[fifo] ar=2869 retask 2 43 40
[devMouse] retask slot2 (43,44)w0 -> (43,40)
[dbg] ar=2873 am=6 aA=6 aH=0 l=false j=false fullRedraw=false
[fifoQ] ar=2876 retask 3 43 40
[fifo] ar=2877 retask 3 43 40
[devMouse] retask slot3 (43,45)w0 -> (43,40)
[fifoQ] ar=2884 retask 11 43 44
[fifo] ar=2885 retask 11 43 44
[devMouse] retask slot11 (41,45)w0 -> (43,44)
[fifoQ] ar=2893 retask 14 43 44
[fifo] ar=2894 retask 14 43 44
[devMouse] retask slot14 (41,46)w0 -> (43,44)
[dbg] ar=2898 am=6 aA=6 aH=0 l=false j=false fullRedraw=false
[dbg] ar=2923 am=6 aA=6 aH=0 l=false j=false fullRedraw=false
[fifo] ar=2924 aistate
[devMouse] aistate written, ar=2925
[fifoQ] ar=2936 retask 1 43 44
[fifo] ar=2937 retask 1 43 44
[devMouse] retask slot1 (41,45)w0 -> (43,44)
[fifoQ] ar=2944 retask 2 43 40
[fifo] ar=2945 retask 2 43 40
[devMouse] retask slot2 (43,41)w0 -> (43,40)
[dbg] ar=2948 am=6 aA=6 aH=0 l=false j=false fullRedraw=false
[fifoQ] ar=2951 retask 3 43 40
[fifo] ar=2952 retask 3 43 40
[devMouse] retask slot3 (44,41)w0 -> (43,40)
[fifoQ] ar=2959 retask 4 43 40
[fifo] ar=2960 retask 4 43 40
[devMouse] retask slot4 (43,44)w0 -> (43,40)
[fifoQ] ar=2966 retask 9 43 44
[fifo] ar=2967 retask 9 43 44
[devMouse] retask slot9 (41,47)w0 -> (43,44)
[dbg] ar=2973 am=6 aA=6 aH=0 l=false j=false fullRedraw=false
[fifoQ] ar=2975 retask 11 43 40
[fifo] ar=2975 retask 11 43 40
[devMouse] retask slot11 (42,44)w0 -> (43,40)
[fifoQ] ar=2982 retask 14 43 40
[fifo] ar=2983 retask 14 43 40
[devMouse] retask slot14 (42,45)w0 -> (43,40)
[dbg] ar=2998 am=6 aA=6 aH=0 l=false j=false fullRedraw=false
[fifo] ar=3013 aistate
[devMouse] aistate written, ar=3013
[dbg] ar=3023 am=6 aA=6 aH=0 l=false j=false fullRedraw=false
[fifoQ] ar=3025 retask 4 43 40
[fifo] ar=3026 retask 4 43 40
[devMouse] retask slot4 (42,41)w0 -> (43,40)
[fifoQ] ar=3033 retask 5 43 44
[fifo] ar=3034 retask 5 43 44
[devMouse] retask slot5 (41,45)w0 -> (43,44)
[fifoQ] ar=3041 retask 9 43 40
[fifo] ar=3042 retask 9 43 40
[devMouse] retask slot9 (42,45)w0 -> (43,40)
[dbg] ar=3048 am=6 aA=6 aH=0 l=false j=false fullRedraw=false
[fifoQ] ar=3049 retask 13 43 40
[fifo] ar=3050 retask 13 43 40
[devMouse] retask slot13 (43,44)w0 -> (43,40)
[dbg] ar=3073 am=6 aA=6 aH=0 l=false j=false fullRedraw=false
[fifo] ar=3080 aistate
[devMouse] aistate written, ar=3080
[fifoQ] ar=3092 retask 1 43 40
[fifo] ar=3093 retask 1 43 40
[devMouse] retask slot1 (43,44)w0 -> (43,40)
[dbg] ar=3098 am=6 aA=6 aH=0 l=false j=false fullRedraw=false
[fifoQ] ar=3100 retask 5 43 40
[fifo] ar=3100 retask 5 43 40
[devMouse] retask slot5 (42,44)w0 -> (43,40)
[fifoQ] ar=3108 retask 6 43 40
[fifo] ar=3109 retask 6 43 40
[devMouse] retask slot6 (43,45)w0 -> (43,40)
[fifoQ] ar=3117 retask 7 43 44
[fifo] ar=3117 retask 7 43 44
[devMouse] retask slot7 (41,47)w0 -> (43,44)
[dbg] ar=3123 am=6 aA=6 aH=0 l=false j=false fullRedraw=false
[watchdog] Timer 线程疑似卡死：同一任务帧已持续 6s+
[watchdog]   at java.desktop@17.0.20.1/sun.java2d.loops.MaskBlit.MaskBlit(Native Method)
[watchdog]   at java.desktop@17.0.20.1/sun.java2d.loops.Blit$GeneralMaskBlit.Blit(Blit.java:204)
[watchdog]   at java.desktop@17.0.20.1/sun.java2d.pipe.DrawImage.blitSurfaceData(DrawImage.java:993)
[watchdog]   at java.desktop@17.0.20.1/sun.java2d.pipe.DrawImage.renderImageCopy(DrawImage.java:590)
[watchdog]   at java.desktop@17.0.20.1/sun.java2d.pipe.DrawImage.tryCopyOrScale(DrawImage.java:312)
[watchdog]   at java.desktop@17.0.20.1/sun.java2d.pipe.DrawImage.transformImage(DrawImage.java:260)
[watchdog]   at java.desktop@17.0.20.1/sun.java2d.pipe.DrawImage.scaleImage(DrawImage.java:783)
[watchdog]   at java.desktop@17.0.20.1/sun.java2d.pipe.DrawImage.scaleImage(DrawImage.java:1102)
[watchdog]   at java.desktop@17.0.20.1/sun.java2d.SunGraphics2D.drawImage(SunGraphics2D.java:3519)
[watchdog]   at java.desktop@17.0.20.1/sun.java2d.SunGraphics2D.drawImage(SunGraphics2D.java:3460)
[watchdog]   at app//javax.microedition.lcdui.Graphics.drawImage(Graphics.java:275)
[watchdog]   at app//AgeOfEmpires.c.drawTileSprite(c.java:5155)
[watchdog]   at app//AgeOfEmpires.c.renderWorld(c.java:6643)
[watchdog]   at app//AgeOfEmpires.c.a(c.java:4348)
[watchdog]   at app//AgeOfEmpires.c.dispatchRender(c.java:2922)
[watchdog]   at app//AgeOfEmpires.c.onPaint(c.java:2699)
[watchdog]   at app//com.ulysseo.mad.b.paint(b.java:54)
[watchdog]   at app//javax.microedition.lcdui.Canvas.serviceRepaints(Canvas.java:140)
[watchdog]   at app//com.ulysseo.mad.e.run(e.java:34)
[watchdog]   at java.base@17.0.20.1/java.util.TimerThread.mainLoop(Timer.java:566)
[watchdog]   at java.base@17.0.20.1/java.util.TimerThread.run(Timer.java:516)
[dbg] ar=3148 am=6 aA=6 aH=0 l=false j=false fullRedraw=false
[fifo] ar=3150 aistate
[devMouse] aistate written, ar=3150
[fifoQ] ar=3161 retask 1 43 40
[fifo] ar=3162 retask 1 43 40
[devMouse] retask slot1 (42,40)w0 -> (43,40)
[fifoQ] ar=3169 retask 5 43 40
[fifo] ar=3170 retask 5 43 40
[devMouse] retask slot5 (42,39)w0 -> (43,40)
[dbg] ar=3173 am=6 aA=6 aH=0 l=false j=false fullRedraw=false
[fifoQ] ar=3177 retask 7 43 40
[fifo] ar=3177 retask 7 43 40
[devMouse] retask slot7 (43,44)w0 -> (43,40)
[fifoQ] ar=3184 retask 8 43 44
[fifo] ar=3185 retask 8 43 44
[devMouse] retask slot8 (41,47)w0 -> (43,44)
[fifoQ] ar=3192 retask 15 43 44
[fifo] ar=3193 retask 15 43 44
[devMouse] retask slot15 (41,46)w0 -> (43,44)
[dbg] ar=3198 am=6 aA=6 aH=0 l=false j=false fullRedraw=false
[fifo] ar=3221 aistate
[devMouse] aistate written, ar=3221
[dbg] ar=3223 am=6 aA=6 aH=0 l=false j=false fullRedraw=false
[fifoQ] ar=3233 retask 8 43 40
[fifo] ar=3234 retask 8 43 40
[devMouse] retask slot8 (43,45)w0 -> (43,40)
[fifoQ] ar=3241 retask 10 43 44
[fifo] ar=3242 retask 10 43 44
[devMouse] retask slot10 (41,47)w0 -> (43,44)
[dbg] ar=3248 am=6 aA=6 aH=0 l=false j=false fullRedraw=false
[fifoQ] ar=3249 retask 12 43 44
[fifo] ar=3250 retask 12 43 44
[devMouse] retask slot12 (41,45)w0 -> (43,44)
[fifoQ] ar=3257 retask 15 43 40
[fifo] ar=3258 retask 15 43 40
[devMouse] retask slot15 (43,44)w0 -> (43,40)
[dbg] ar=3273 am=6 aA=6 aH=0 l=false j=false fullRedraw=false
[fifo] ar=3288 aistate
[devMouse] aistate written, ar=3288
[dbg] ar=3298 am=6 aA=6 aH=0 l=false j=false fullRedraw=false
[fifoQ] ar=3300 retask 0 41 38
[fifo] ar=3301 retask 0 41 38
[devMouse] retask slot0 (43,40)w0 -> (41,38)
[fifoQ] ar=3309 retask 1 41 38
[fifo] ar=3309 retask 1 41 38
[devMouse] retask slot1 (42,40)w0 -> (41,38)
[fifoQ] ar=3317 retask 2 41 38
[fifo] ar=3318 retask 2 41 38
[devMouse] retask slot2 (43,41)w0 -> (41,38)
[dbg] ar=3323 am=6 aA=6 aH=0 l=false j=false fullRedraw=false
[fifoQ] ar=3325 retask 3 41 38
[fifo] ar=3326 retask 3 41 38
[devMouse] retask slot3 (44,41)w0 -> (41,38)
[fifoQ] ar=3333 retask 4 41 38
[fifo] ar=3334 retask 4 41 38
[devMouse] retask slot4 (42,41)w0 -> (41,38)
[fifoQ] ar=3341 retask 5 41 38
[fifo] ar=3342 retask 5 41 38
[devMouse] retask slot5 (42,39)w0 -> (41,38)
[dbg] ar=3348 am=6 aA=6 aH=0 l=false j=false fullRedraw=false
[fifoQ] ar=3349 retask 11 41 38
[fifo] ar=3350 retask 11 41 38
[devMouse] retask slot11 (44,39)w0 -> (41,38)
[fifoQ] ar=3356 retask 12 43 40
[fifo] ar=3357 retask 12 43 40
[devMouse] retask slot12 (42,45)w0 -> (43,40)
[fifoQ] ar=3364 retask 14 41 38
[fifo] ar=3365 retask 14 41 38
[devMouse] retask slot14 (43,39)w0 -> (41,38)
[dbg] ar=3373 am=6 aA=6 aH=0 l=false j=false fullRedraw=false
[fifo] ar=3395 aistate
[devMouse] aistate written, ar=3395
[dbg] ar=3398 am=6 aA=6 aH=0 l=false j=false fullRedraw=false
[fifoQ] ar=3405 retask 0 41 38
[fifo] ar=3406 retask 0 41 38
[devMouse] retask slot0 (42,38)w0 -> (41,38)
[fifoQ] ar=3413 retask 1 41 38
[fifo] ar=3414 retask 1 41 38
[devMouse] retask slot1 (41,39)w0 -> (41,38)
[fifoQ] ar=3421 retask 8 41 38
[fifo] ar=3422 retask 8 41 38
[devMouse] retask slot8 (43,41)w0 -> (41,38)
[dbg] ar=3423 am=6 aA=6 aH=0 l=false j=false fullRedraw=false
[fifoQ] ar=3429 retask 9 41 38
[fifo] ar=3430 retask 9 41 38
[devMouse] retask slot9 (44,41)w0 -> (41,38)
[fifoQ] ar=3436 retask 10 43 40
[fifo] ar=3437 retask 10 43 40
[devMouse] retask slot10 (43,44)w0 -> (43,40)
[fifoQ] ar=3444 retask 13 41 38
[fifo] ar=3445 retask 13 41 38
[devMouse] retask slot13 (42,40)w0 -> (41,38)
[dbg] ar=3448 am=6 aA=6 aH=0 l=false j=false fullRedraw=false
[fifoQ] ar=3452 retask 15 41 38
[fifo] ar=3453 retask 15 41 38
[devMouse] retask slot15 (43,40)w0 -> (41,38)
[dbg] ar=3473 am=6 aA=6 aH=0 l=false j=false fullRedraw=false
[fifo] ar=3485 aistate
[devMouse] aistate written, ar=3485
[fifoQ] ar=3496 retask 0 38 37
[fifo] ar=3497 retask 0 38 37
[devMouse] retask slot0 (42,38)w0 -> (38,37)
[dbg] ar=3498 am=6 aA=6 aH=0 l=false j=false fullRedraw=false
[fifoQ] ar=3504 retask 1 38 37
[fifo] ar=3505 retask 1 38 37
[devMouse] retask slot1 (41,39)w0 -> (38,37)
[fifoQ] ar=3511 retask 3 38 37
[fifo] ar=3512 retask 3 38 37
[devMouse] retask slot3 (40,39)w0 -> (38,37)
[fifoQ] ar=3519 retask 5 38 37
[fifo] ar=3520 retask 5 38 37
[devMouse] retask slot5 (42,39)w0 -> (38,37)
[dbg] ar=3523 am=6 aA=6 aH=0 l=false j=false fullRedraw=false
[fifoQ] ar=3527 retask 6 41 38
[fifo] ar=3528 retask 6 41 38
[devMouse] retask slot6 (43,39)w0 -> (41,38)
[fifoQ] ar=3536 retask 10 41 38
[fifo] ar=3537 retask 10 41 38
[devMouse] retask slot10 (43,41)w0 -> (41,38)
[fifoQ] ar=3544 retask 12 41 38
[fifo] ar=3545 retask 12 41 38
[devMouse] retask slot12 (43,40)w0 -> (41,38)
[dbg] ar=3548 am=6 aA=6 aH=0 l=false j=false fullRedraw=false
[dbg] ar=3573 am=6 aA=6 aH=0 l=false j=false fullRedraw=false
[fifo] ar=3575 aistate
[devMouse] aistate written, ar=3575
[fifoQ] ar=3587 retask 0 38 37
[fifo] ar=3588 retask 0 38 37
[devMouse] retask slot0 (37,38)w0 -> (38,37)
[fifoQ] ar=3595 retask 3 38 37
[fifo] ar=3596 retask 3 38 37
[devMouse] retask slot3 (39,38)w0 -> (38,37)
[dbg] ar=3598 am=6 aA=6 aH=0 l=false j=false fullRedraw=false
[fifoQ] ar=3604 retask 5 38 37
[fifo] ar=3605 retask 5 38 37
[devMouse] retask slot5 (38,38)w0 -> (38,37)
[fifoQ] ar=3612 retask 11 38 37
[fifo] ar=3613 retask 11 38 37
[devMouse] retask slot11 (42,38)w0 -> (38,37)
[fifoQ] ar=3620 retask 12 38 37
[fifo] ar=3621 retask 12 38 37
[devMouse] retask slot12 (41,39)w0 -> (38,37)
[dbg] ar=3623 am=6 aA=6 aH=0 l=false j=false fullRedraw=false
[fifoQ] ar=3628 retask 13 38 37
[fifo] ar=3629 retask 13 38 37
[devMouse] retask slot13 (42,39)w0 -> (38,37)
[dbg] ar=3648 am=6 aA=6 aH=0 l=false j=false fullRedraw=false
[fifo] ar=3658 aistate
[devMouse] aistate written, ar=3658
[fifoQ] ar=3671 retask 6 38 37
[fifo] ar=3671 retask 6 38 37
[devMouse] retask slot6 (40,39)w0 -> (38,37)
[dbg] ar=3673 am=6 aA=6 aH=0 l=false j=false fullRedraw=false
[fifoQ] ar=3678 retask 7 41 38
[fifo] ar=3679 retask 7 41 38
[devMouse] retask slot7 (43,40)w0 -> (41,38)
[fifoQ] ar=3686 retask 9 38 37
[fifo] ar=3686 retask 9 38 37
[devMouse] retask slot9 (42,39)w0 -> (38,37)
[fifoQ] ar=3694 retask 15 38 37
[fifo] ar=3694 retask 15 38 37
[devMouse] retask slot15 (42,38)w0 -> (38,37)
[dbg] ar=3698 am=6 aA=6 aH=0 l=false j=false fullRedraw=false
[dbg] ar=3723 am=6 aA=6 aH=0 l=false j=false fullRedraw=false
[fifo] ar=3724 aistate
[devMouse] aistate written, ar=3724
[fifoQ] ar=3736 retask 0 36 36
[fifo] ar=3737 retask 0 36 36
[devMouse] retask slot0 (37,38)w0 -> (36,36)
[fifoQ] ar=3744 retask 1 36 36
[fifo] ar=3745 retask 1 36 36
[devMouse] retask slot1 (38,37)w0 -> (36,36)
[dbg] ar=3748 am=6 aA=6 aH=0 l=false j=false fullRedraw=false
[fifoQ] ar=3753 retask 3 36 36
[fifo] ar=3753 retask 3 36 36
[devMouse] retask slot3 (39,38)w0 -> (36,36)
[fifoQ] ar=3761 retask 5 36 36
[fifo] ar=3762 retask 5 36 36
[devMouse] retask slot5 (38,38)w0 -> (36,36)
[fifoQ] ar=3769 retask 8 38 37
[fifo] ar=3770 retask 8 38 37
[devMouse] retask slot8 (42,39)w0 -> (38,37)
[dbg] ar=3773 am=6 aA=6 aH=0 l=false j=false fullRedraw=false
[dbg] ar=3798 am=6 aA=6 aH=0 l=false j=false fullRedraw=false
[fifo] ar=3801 aistate
[devMouse] aistate written, ar=3801
[fifoQ] ar=3813 retask 1 36 36
[fifo] ar=3814 retask 1 36 36
[devMouse] retask slot1 (37,36)w0 -> (36,36)
[fifoQ] ar=3821 retask 5 36 36
[fifo] ar=3822 retask 5 36 36
[devMouse] retask slot5 (37,37)w0 -> (36,36)
[dbg] ar=3823 am=6 aA=6 aH=0 l=false j=false fullRedraw=false
[fifoQ] ar=3829 retask 6 36 36
[fifo] ar=3830 retask 6 36 36
[devMouse] retask slot6 (38,38)w0 -> (36,36)
[fifoQ] ar=3837 retask 7 38 37
[fifo] ar=3838 retask 7 38 37
[devMouse] retask slot7 (42,39)w0 -> (38,37)
[fifoQ] ar=3846 retask 9 36 36
[fifo] ar=3846 retask 9 36 36
[devMouse] retask slot9 (37,38)w0 -> (36,36)
[dbg] ar=3848 am=6 aA=6 aH=0 l=false j=false fullRedraw=false
[fifoQ] ar=3854 retask 12 36 36
[fifo] ar=3854 retask 12 36 36
[devMouse] retask slot12 (38,37)w0 -> (36,36)
[fifoQ] ar=3862 retask 13 36 36
[fifo] ar=3862 retask 13 36 36
[devMouse] retask slot13 (39,38)w0 -> (36,36)
[fifoQ] ar=3869 retask 14 38 37
[fifo] ar=3870 retask 14 38 37
[devMouse] retask slot14 (42,38)w0 -> (38,37)
[dbg] ar=3873 am=6 aA=6 aH=0 l=false j=false fullRedraw=false
[dbg] ar=3898 am=6 aA=6 aH=0 l=false j=false fullRedraw=false
[fifo] ar=3902 aistate
[devMouse] aistate written, ar=3902
[fifoQ] ar=3913 retask 3 36 36
[fifo] ar=3914 retask 3 36 36
[devMouse] retask slot3 (35,37)w0 -> (36,36)
[fifoQ] ar=3921 retask 4 38 37
[fifo] ar=3922 retask 4 38 37
[devMouse] retask slot4 (42,39)w0 -> (38,37)
[dbg] ar=3923 am=6 aA=6 aH=0 l=false j=false fullRedraw=false
[fifoQ] ar=3929 retask 11 36 36
[fifo] ar=3929 retask 11 36 36
[devMouse] retask slot11 (39,38)w0 -> (36,36)
[fifoQ] ar=3937 retask 12 36 36
[fifo] ar=3938 retask 12 36 36
[devMouse] retask slot12 (37,35)w0 -> (36,36)
[fifoQ] ar=3945 retask 13 36 36
[fifo] ar=3945 retask 13 36 36
[devMouse] retask slot13 (36,37)w0 -> (36,36)
[dbg] ar=3948 am=6 aA=6 aH=0 l=false j=false fullRedraw=false
[dbg] ar=3973 am=6 aA=6 aH=0 l=false j=false fullRedraw=false
[fifo] ar=3975 aistate
[devMouse] aistate written, ar=3975
[fifoQ] ar=3986 retask 4 36 36
[fifo] ar=3987 retask 4 36 36
[devMouse] retask slot4 (37,38)w0 -> (36,36)
[fifoQ] ar=3994 retask 8 36 36
[fifo] ar=3995 retask 8 36 36
[devMouse] retask slot8 (38,37)w0 -> (36,36)
[dbg] ar=3998 am=6 aA=6 aH=0 l=false j=false fullRedraw=false
[fifoQ] ar=4002 retask 10 38 37
[fifo] ar=4003 retask 10 38 37
[devMouse] retask slot10 (42,39)w0 -> (38,37)
[fifoQ] ar=4010 retask 14 36 36
[fifo] ar=4011 retask 14 36 36
[devMouse] retask slot14 (38,38)w0 -> (36,36)
[fifoQ] ar=4018 retask 15 36 36
[fifo] ar=4018 retask 15 36 36
[devMouse] retask slot15 (39,38)w0 -> (36,36)
[dbg] ar=4023 am=6 aA=6 aH=0 l=false j=false fullRedraw=false
[dbg] ar=4048 am=6 aA=6 aH=0 l=false j=false fullRedraw=false
[fifo] ar=4052 aistate
[devMouse] aistate written, ar=4052
[dbg] ar=4073 am=6 aA=6 aH=0 l=false j=false fullRedraw=false
[fifo] ar=4091 aistate
[devMouse] aistate written, ar=4091
[dbg] ar=4098 am=6 aA=6 aH=0 l=false j=false fullRedraw=false
[fifoQ] ar=4105 retask 10 36 36
[fifo] ar=4106 retask 10 36 36
[devMouse] retask slot10 (38,37)w0 -> (36,36)
[dbg] ar=4123 am=6 aA=6 aH=0 l=false j=false fullRedraw=false
[fifo] ar=4135 aistate
[devMouse] aistate written, ar=4135
[fifoQ] ar=4147 retask 14 36 36
[fifo] ar=4148 retask 14 36 36
[devMouse] retask slot14 (35,36)w0 -> (36,36)
[dbg] ar=4148 am=6 aA=6 aH=0 l=false j=false fullRedraw=false
[dbg] ar=4173 am=6 aA=6 aH=0 l=false j=false fullRedraw=false
[fifo] ar=4178 aistate
[devMouse] aistate written, ar=4178
[dbg] ar=4198 am=6 aA=6 aH=0 l=false j=false fullRedraw=false
[fifo] ar=4217 aistate
[devMouse] aistate written, ar=4217
[dbg] ar=4223 am=6 aA=6 aH=0 l=false j=false fullRedraw=false
[fifoQ] ar=4229 retask 1 37 37
[fifo] ar=4230 retask 1 37 37
[devMouse] retask slot1 (37,36)w0 -> (37,37)
[fifoQ] ar=4238 retask 5 37 37
[fifo] ar=4238 retask 5 37 37
[devMouse] retask slot5 (37,37)w0 -> (37,37)
[dbg] ar=4248 am=6 aA=6 aH=0 l=false j=false fullRedraw=false
[fifo] ar=4271 aistate
[devMouse] aistate written, ar=4272
[dbg] ar=4273 am=6 aA=6 aH=0 l=false j=false fullRedraw=false
[fifoQ] ar=4283 retask 1 36 36
[fifo] ar=4284 retask 1 36 36
[devMouse] retask slot1 (37,36)w0 -> (36,36)
[fifoQ] ar=4290 retask 3 37 35
[fifo] ar=4291 retask 3 37 35
[devMouse] retask slot3 (35,37)w0 -> (37,35)
[fifoQ] ar=4298 retask 4 36 36
[dbg] ar=4298 am=6 aA=6 aH=0 l=false j=false fullRedraw=false
[fifo] ar=4299 retask 4 36 36
[devMouse] retask slot4 (35,35)w0 -> (36,36)
[fifoQ] ar=4305 retask 5 36 36
[fifo] ar=4306 retask 5 36 36
[devMouse] retask slot5 (37,37)w0 -> (36,36)
[fifoQ] ar=4313 retask 12 35 35
[fifo] ar=4314 retask 12 35 35
[devMouse] retask slot12 (37,35)w0 -> (35,35)
[fifoQ] ar=4321 retask 13 37 37
[fifo] ar=4322 retask 13 37 37
[devMouse] retask slot13 (36,37)w0 -> (37,37)
[dbg] ar=4323 am=6 aA=6 aH=0 l=false j=false fullRedraw=false
[dbg] ar=4348 am=6 aA=6 aH=0 l=false j=false fullRedraw=false
[fifo] ar=4353 aistate
[devMouse] aistate written, ar=4353
[fifoQ] ar=4365 retask 3 36 36
[fifo] ar=4366 retask 3 36 36
[devMouse] retask slot3 (40,38)w0 -> (36,36)
[fifoQ] ar=4373 retask 7 36 36
[dbg] ar=4373 am=6 aA=6 aH=0 l=false j=false fullRedraw=false
[fifo] ar=4374 retask 7 36 36
[devMouse] retask slot7 (39,38)w0 -> (36,36)
[fifoQ] ar=4381 retask 10 36 36
[fifo] ar=4381 retask 10 36 36
[devMouse] retask slot10 (35,37)w0 -> (36,36)
[fifoQ] ar=4388 retask 11 36 36
[fifo] ar=4389 retask 11 36 36
[devMouse] retask slot11 (37,35)w0 -> (36,36)
[fifoQ] ar=4396 retask 12 36 36
[fifo] ar=4397 retask 12 36 36
[devMouse] retask slot12 (36,34)w0 -> (36,36)
[dbg] ar=4398 am=6 aA=6 aH=0 l=false j=false fullRedraw=false
[fifoQ] ar=4404 retask 13 36 36
[fifo] ar=4405 retask 13 36 36
[devMouse] retask slot13 (36,37)w0 -> (36,36)
[dbg] ar=4423 am=6 aA=6 aH=0 l=false j=false fullRedraw=false
[fifo] ar=4438 aistate
[devMouse] aistate written, ar=4438
[dbg] ar=4448 am=6 aA=6 aH=0 l=false j=false fullRedraw=false
[fifoQ] ar=4451 retask 12 36 36
[fifo] ar=4452 retask 12 36 36
[devMouse] retask slot12 (36,35)w0 -> (36,36)
[dbg] ar=4473 am=6 aA=6 aH=0 l=false j=false fullRedraw=false
[fifo] ar=4482 aistate
[devMouse] aistate written, ar=4482
[dbg] ar=4498 am=6 aA=6 aH=0 l=false j=false fullRedraw=false
[fifo] ar=4521 aistate
[devMouse] aistate written, ar=4521
[dbg] ar=4523 am=6 aA=6 aH=0 l=false j=false fullRedraw=false
[fifoQ] ar=4533 retask 14 35 37
[fifo] ar=4534 retask 14 35 37
[devMouse] retask slot14 (35,36)w0 -> (35,37)
[dbg] ar=4548 am=6 aA=6 aH=0 l=false j=false fullRedraw=false
[fifo] ar=4563 aistate
[devMouse] aistate written, ar=4563
[dbg] ar=4573 am=6 aA=6 aH=0 l=false j=false fullRedraw=false
[fifoQ] ar=4575 retask 14 36 36
[fifo] ar=4576 retask 14 36 36
[devMouse] retask slot14 (35,36)w0 -> (36,36)
[dbg] ar=4598 am=6 aA=6 aH=0 l=false j=false fullRedraw=false
[fifo] ar=4604 aistate
[devMouse] aistate written, ar=4604
[dbg] ar=4623 am=6 aA=6 aH=0 l=false j=false fullRedraw=false
[fifo] ar=4643 aistate
[devMouse] aistate written, ar=4643
[dbg] ar=4648 am=6 aA=6 aH=0 l=false j=false fullRedraw=false
[fifoQ] ar=4655 retask 1 37 37
[fifo] ar=4656 retask 1 37 37
[devMouse] retask slot1 (37,36)w0 -> (37,37)
[fifoQ] ar=4663 retask 4 35 37
[fifo] ar=4663 retask 4 35 37
[devMouse] retask slot4 (35,35)w0 -> (35,37)
[fifoQ] ar=4671 retask 5 37 37
[fifo] ar=4671 retask 5 37 37
[devMouse] retask slot5 (37,37)w0 -> (37,37)
[dbg] ar=4673 am=6 aA=6 aH=0 l=false j=false fullRedraw=false
[dbg] ar=4698 am=6 aA=6 aH=0 l=false j=false fullRedraw=false
[fifo] ar=4703 aistate
[devMouse] aistate written, ar=4703
[fifoQ] ar=4714 retask 1 36 36
[fifo] ar=4715 retask 1 36 36
[devMouse] retask slot1 (37,36)w0 -> (36,36)
[fifoQ] ar=4722 retask 4 36 36
[fifo] ar=4723 retask 4 36 36
[devMouse] retask slot4 (34,36)w0 -> (36,36)
[dbg] ar=4723 am=6 aA=6 aH=0 l=false j=false fullRedraw=false
[fifoQ] ar=4730 retask 5 36 36
[fifo] ar=4731 retask 5 36 36
[devMouse] retask slot5 (37,37)w0 -> (36,36)
[fifoQ] ar=4737 retask 10 35 37
[fifo] ar=4738 retask 10 35 37
[devMouse] retask slot10 (35,37)w0 -> (35,37)
[fifoQ] ar=4745 retask 11 37 37
[fifo] ar=4746 retask 11 37 37
[devMouse] retask slot11 (37,35)w0 -> (37,37)
[dbg] ar=4748 am=6 aA=6 aH=0 l=false j=false fullRedraw=false
[fifoQ] ar=4752 retask 13 37 37
[fifo] ar=4753 retask 13 37 37
[devMouse] retask slot13 (36,37)w0 -> (37,37)
[dbg] ar=4773 am=6 aA=6 aH=0 l=false j=false fullRedraw=false
[fifo] ar=4786 aistate
[devMouse] aistate written, ar=4786
[fifoQ] ar=4798 retask 7 36 36
[dbg] ar=4798 am=6 aA=6 aH=0 l=false j=false fullRedraw=false
[fifo] ar=4799 retask 7 36 36
[devMouse] retask slot7 (37,35)w0 -> (36,36)
[fifoQ] ar=4805 retask 10 36 36
[fifo] ar=4806 retask 10 36 36
[devMouse] retask slot10 (35,37)w0 -> (36,36)
[fifoQ] ar=4813 retask 11 36 36
[fifo] ar=4814 retask 11 36 36
[devMouse] retask slot11 (35,35)w0 -> (36,36)
[fifoQ] ar=4821 retask 12 35 35
[fifo] ar=4822 retask 12 35 35
[devMouse] retask slot12 (36,35)w0 -> (35,35)
[dbg] ar=4823 am=6 aA=6 aH=0 l=false j=false fullRedraw=false
[fifoQ] ar=4829 retask 13 36 36
[fifo] ar=4830 retask 13 36 36
[devMouse] retask slot13 (36,37)w0 -> (36,36)
[dbg] ar=4848 am=6 aA=6 aH=0 l=false j=false fullRedraw=false
[fifo] ar=4858 aistate
[devMouse] aistate written, ar=4858
[fifoQ] ar=4870 retask 11 36 36
[fifo] ar=4871 retask 11 36 36
[devMouse] retask slot11 (35,35)w0 -> (36,36)
[dbg] ar=4873 am=6 aA=6 aH=0 l=false j=false fullRedraw=false
[fifoQ] ar=4878 retask 12 36 36
[fifo] ar=4879 retask 12 36 36
[devMouse] retask slot12 (36,35)w0 -> (36,36)
[dbg] ar=4898 am=6 aA=6 aH=0 l=false j=false fullRedraw=false
[fifo] ar=4911 aistate
[devMouse] aistate written, ar=4911
[dbg] ar=4923 am=6 aA=6 aH=0 l=false j=false fullRedraw=false
[dbg] ar=4948 am=6 aA=6 aH=0 l=false j=false fullRedraw=false
[fifo] ar=4951 aistate
[devMouse] aistate written, ar=4951
[fifoQ] ar=4963 retask 14 35 37
[fifo] ar=4964 retask 14 35 37
[devMouse] retask slot14 (35,36)w0 -> (35,37)
[dbg] ar=4973 am=6 aA=6 aH=0 l=false j=false fullRedraw=false
[fifo] ar=4993 aistate
[devMouse] aistate written, ar=4993
[dbg] ar=4998 am=6 aA=6 aH=0 l=false j=false fullRedraw=false
[fifoQ] ar=5005 retask 14 36 36
[fifo] ar=5006 retask 14 36 36
[devMouse] retask slot14 (35,36)w0 -> (36,36)
[dbg] ar=5023 am=6 aA=6 aH=0 l=false j=false fullRedraw=false
[fifo] ar=5036 aistate
[devMouse] aistate written, ar=5036
[dbg] ar=5048 am=6 aA=6 aH=0 l=false j=false fullRedraw=false
[dbg] ar=5073 am=6 aA=6 aH=0 l=false j=false fullRedraw=false
[fifo] ar=5074 aistate
[devMouse] aistate written, ar=5075
[fifoQ] ar=5086 retask 1 37 37
[fifo] ar=5087 retask 1 37 37
[devMouse] retask slot1 (37,36)w0 -> (37,37)
[fifoQ] ar=5094 retask 5 37 37
[fifo] ar=5095 retask 5 37 37
[devMouse] retask slot5 (37,37)w0 -> (37,37)
[dbg] ar=5098 am=6 aA=6 aH=0 l=false j=false fullRedraw=false
[dbg] ar=5123 am=6 aA=6 aH=0 l=false j=false fullRedraw=false
[fifo] ar=5127 aistate
[devMouse] aistate written, ar=5127
[fifoQ] ar=5138 retask 1 36 36
[fifo] ar=5139 retask 1 36 36
[devMouse] retask slot1 (37,36)w0 -> (36,36)
[fifoQ] ar=5146 retask 5 36 36
[fifo] ar=5147 retask 5 36 36
[devMouse] retask slot5 (37,37)w0 -> (36,36)
[dbg] ar=5148 am=6 aA=6 aH=0 l=false j=false fullRedraw=false
[fifoQ] ar=5154 retask 7 37 37
[fifo] ar=5154 retask 7 37 37
[devMouse] retask slot7 (37,35)w0 -> (37,37)
[fifoQ] ar=5161 retask 10 35 37
[fifo] ar=5162 retask 10 35 37
[devMouse] retask slot10 (35,37)w0 -> (35,37)
[fifoQ] ar=5169 retask 13 37 37
[fifo] ar=5170 retask 13 37 37
[devMouse] retask slot13 (36,37)w0 -> (37,37)
[dbg] ar=5173 am=6 aA=6 aH=0 l=false j=false fullRedraw=false
[dbg] ar=5198 am=6 aA=6 aH=0 l=false j=false fullRedraw=false
[fifo] ar=5203 aistate
[devMouse] aistate written, ar=5203
[fifoQ] ar=5215 retask 7 36 36
[fifo] ar=5216 retask 7 36 36
[devMouse] retask slot7 (34,34)w0 -> (36,36)
[fifoQ] ar=5223 retask 9 36 36
[dbg] ar=5223 am=6 aA=6 aH=0 l=false j=false fullRedraw=false
[fifo] ar=5224 retask 9 36 36
[devMouse] retask slot9 (37,35)w0 -> (36,36)
[fifoQ] ar=5232 retask 10 36 36
[fifo] ar=5233 retask 10 36 36
[devMouse] retask slot10 (35,37)w0 -> (36,36)
[fifoQ] ar=5240 retask 11 37 37
[fifo] ar=5241 retask 11 37 37
[devMouse] retask slot11 (35,35)w0 -> (37,37)
[fifoQ] ar=5248 retask 12 35 35
[dbg] ar=5248 am=6 aA=6 aH=0 l=false j=false fullRedraw=false
[fifo] ar=5249 retask 12 35 35
[devMouse] retask slot12 (36,35)w0 -> (35,35)
[fifoQ] ar=5257 retask 13 36 36
[fifo] ar=5257 retask 13 36 36
[devMouse] retask slot13 (36,37)w0 -> (36,36)
[dbg] ar=5273 am=6 aA=6 aH=0 l=false j=false fullRedraw=false
[fifo] ar=5289 aistate
[devMouse] aistate written, ar=5289
[dbg] ar=5298 am=6 aA=6 aH=0 l=false j=false fullRedraw=false
[fifoQ] ar=5301 retask 11 36 36
[fifo] ar=5302 retask 11 36 36
[devMouse] retask slot11 (36,35)w0 -> (36,36)
[fifoQ] ar=5308 retask 12 36 36
[fifo] ar=5309 retask 12 36 36
[devMouse] retask slot12 (35,35)w0 -> (36,36)
[dbg] ar=5323 am=6 aA=6 aH=0 l=false j=false fullRedraw=false
[fifo] ar=5342 aistate
[devMouse] aistate written, ar=5342
[dbg] ar=5348 am=6 aA=6 aH=0 l=false j=false fullRedraw=false
[fifoQ] ar=5354 retask 11 36 36
[fifo] ar=5355 retask 11 36 36
[devMouse] retask slot11 (36,35)w0 -> (36,36)
[dbg] ar=5373 am=6 aA=6 aH=0 l=false j=false fullRedraw=false
[fifo] ar=5384 aistate
[devMouse] aistate written, ar=5384
[fifoQ] ar=5395 retask 14 35 37
[fifo] ar=5395 retask 14 35 37
[devMouse] retask slot14 (35,36)w0 -> (35,37)
[dbg] ar=5398 am=6 aA=6 aH=0 l=false j=false fullRedraw=false
[dbg] ar=5423 am=6 aA=6 aH=0 l=false j=false fullRedraw=false
[fifo] ar=5425 aistate
[devMouse] aistate written, ar=5425
[fifoQ] ar=5436 retask 14 36 36
[fifo] ar=5437 retask 14 36 36
[devMouse] retask slot14 (35,36)w0 -> (36,36)
[dbg] ar=5448 am=6 aA=6 aH=0 l=false j=false fullRedraw=false
[fifo] ar=5467 aistate
[devMouse] aistate written, ar=5467
[dbg] ar=5473 am=6 aA=6 aH=0 l=false j=false fullRedraw=false
[dbg] ar=5498 am=6 aA=6 aH=0 l=false j=false fullRedraw=false
[fifo] ar=5505 aistate
[devMouse] aistate written, ar=5505
[fifoQ] ar=5516 retask 1 37 37
[fifo] ar=5517 retask 1 37 37
[devMouse] retask slot1 (37,36)w0 -> (37,37)
[dbg] ar=5523 am=6 aA=6 aH=0 l=false j=false fullRedraw=false
[fifoQ] ar=5524 retask 5 37 37
[fifo] ar=5525 retask 5 37 37
[devMouse] retask slot5 (37,37)w0 -> (37,37)
[dbg] ar=5548 am=6 aA=6 aH=0 l=false j=false fullRedraw=false
[fifo] ar=5557 aistate
[devMouse] aistate written, ar=5557
[fifoQ] ar=5569 retask 1 36 36
[fifo] ar=5570 retask 1 36 36
[devMouse] retask slot1 (37,36)w0 -> (36,36)
[dbg] ar=5573 am=6 aA=6 aH=0 l=false j=false fullRedraw=false
[fifoQ] ar=5577 retask 5 36 36
[fifo] ar=5578 retask 5 36 36
[devMouse] retask slot5 (37,37)w0 -> (36,36)
[fifoQ] ar=5585 retask 9 37 35
[fifo] ar=5586 retask 9 37 35
[devMouse] retask slot9 (37,35)w0 -> (37,35)
[fifoQ] ar=5593 retask 10 35 37
[fifo] ar=5594 retask 10 35 37
[devMouse] retask slot10 (35,37)w0 -> (35,37)
[dbg] ar=5598 am=6 aA=6 aH=0 l=false j=false fullRedraw=false
[fifoQ] ar=5602 retask 13 37 37
[fifo] ar=5602 retask 13 37 37
[devMouse] retask slot13 (36,37)w0 -> (37,37)
[dbg] ar=5623 am=6 aA=6 aH=0 l=false j=false fullRedraw=false
[fifo] ar=5631 aistate
[devMouse] aistate written, ar=5631
[fifoQ] ar=5643 retask 9 36 36
[fifo] ar=5644 retask 9 36 36
[devMouse] retask slot9 (37,35)w0 -> (36,36)
[dbg] ar=5648 am=6 aA=6 aH=0 l=false j=false fullRedraw=false
[fifoQ] ar=5650 retask 10 36 36
[fifo] ar=5651 retask 10 36 36
[devMouse] retask slot10 (35,37)w0 -> (36,36)
[fifoQ] ar=5658 retask 12 35 35
[fifo] ar=5659 retask 12 35 35
[devMouse] retask slot12 (35,35)w0 -> (35,35)
[fifoQ] ar=5666 retask 13 36 36
[fifo] ar=5667 retask 13 36 36
[devMouse] retask slot13 (36,37)w0 -> (36,36)
[dbg] ar=5673 am=6 aA=6 aH=0 l=false j=false fullRedraw=false
[fifo] ar=5695 aistate
[devMouse] aistate written, ar=5696
[dbg] ar=5698 am=6 aA=6 aH=0 l=false j=false fullRedraw=false
[fifoQ] ar=5706 retask 11 37 37
[fifo] ar=5707 retask 11 37 37
[devMouse] retask slot11 (36,35)w0 -> (37,37)
[fifoQ] ar=5715 retask 12 36 36
[fifo] ar=5715 retask 12 36 36
[devMouse] retask slot12 (35,35)w0 -> (36,36)
[dbg] ar=5723 am=6 aA=6 aH=0 l=false j=false fullRedraw=false
[fifo] ar=5747 aistate
[devMouse] aistate written, ar=5747
[dbg] ar=5748 am=6 aA=6 aH=0 l=false j=false fullRedraw=false
[fifoQ] ar=5759 retask 11 36 36
[fifo] ar=5760 retask 11 36 36
[devMouse] retask slot11 (33,36)w0 -> (36,36)
[dbg] ar=5773 am=6 aA=6 aH=0 l=false j=false fullRedraw=false
[fifo] ar=5791 aistate
[devMouse] aistate written, ar=5791
[dbg] ar=5798 am=6 aA=6 aH=0 l=false j=false fullRedraw=false
[fifoQ] ar=5803 retask 14 35 37
[fifo] ar=5804 retask 14 35 37
[devMouse] retask slot14 (35,36)w0 -> (35,37)
[dbg] ar=5823 am=6 aA=6 aH=0 l=false j=false fullRedraw=false
[fifo] ar=5832 aistate
[devMouse] aistate written, ar=5832
[fifoQ] ar=5844 retask 14 36 36
[fifo] ar=5845 retask 14 36 36
[devMouse] retask slot14 (35,36)w0 -> (36,36)
[dbg] ar=5848 am=6 aA=6 aH=0 l=false j=false fullRedraw=false
[fifo] ar=5873 aistate
[devMouse] aistate written, ar=5873
[dbg] ar=5873 am=6 aA=6 aH=0 l=false j=false fullRedraw=false
[dbg] ar=5898 am=6 aA=6 aH=0 l=false j=false fullRedraw=false
[fifo] ar=5912 aistate
[devMouse] aistate written, ar=5912
[dbg] ar=5923 am=6 aA=6 aH=0 l=false j=false fullRedraw=false
[fifoQ] ar=5924 retask 1 37 37
[fifo] ar=5925 retask 1 37 37
[devMouse] retask slot1 (37,36)w0 -> (37,37)
[fifoQ] ar=5932 retask 5 37 37
[fifo] ar=5933 retask 5 37 37
[devMouse] retask slot5 (37,37)w0 -> (37,37)
[dbg] ar=5948 am=6 aA=6 aH=0 l=false j=false fullRedraw=false
[fifo] ar=5964 aistate
[devMouse] aistate written, ar=5964
[dbg] ar=5973 am=6 aA=6 aH=0 l=false j=false fullRedraw=false
[fifoQ] ar=5976 retask 1 36 36
[fifo] ar=5977 retask 1 36 36
[devMouse] retask slot1 (37,36)w0 -> (36,36)
[fifoQ] ar=5985 retask 3 36 36
[fifo] ar=5986 retask 3 36 36
[devMouse] retask slot3 (36,35)w0 -> (36,36)
[fifoQ] ar=5993 retask 5 36 36
[fifo] ar=5994 retask 5 36 36
[devMouse] retask slot5 (37,37)w0 -> (36,36)
[dbg] ar=5998 am=6 aA=6 aH=0 l=false j=false fullRedraw=false
[fifoQ] ar=6001 retask 9 37 35
[fifo] ar=6002 retask 9 37 35
[devMouse] retask slot9 (37,35)w0 -> (37,35)
[fifoQ] ar=6009 retask 10 35 37
[fifo] ar=6010 retask 10 35 37
[devMouse] retask slot10 (35,37)w0 -> (35,37)
[fifoQ] ar=6017 retask 13 37 37
[fifo] ar=6018 retask 13 37 37
[devMouse] retask slot13 (36,37)w0 -> (37,37)
[dbg] ar=6023 am=6 aA=6 aH=0 l=false j=false fullRedraw=false
[fifo] ar=6046 aistate
[devMouse] aistate written, ar=6046
[dbg] ar=6048 am=6 aA=6 aH=0 l=false j=false fullRedraw=false
[fifoQ] ar=6058 retask 9 36 36
[fifo] ar=6059 retask 9 36 36
[devMouse] retask slot9 (37,35)w0 -> (36,36)
[fifoQ] ar=6066 retask 10 36 36
[fifo] ar=6067 retask 10 36 36
[devMouse] retask slot10 (35,37)w0 -> (36,36)
[dbg] ar=6073 am=6 aA=6 aH=0 l=false j=false fullRedraw=false
[fifoQ] ar=6075 retask 12 35 35
[fifo] ar=6075 retask 12 35 35
[devMouse] retask slot12 (35,35)w0 -> (35,35)
[fifoQ] ar=6082 retask 13 36 36
[fifo] ar=6083 retask 13 36 36
[devMouse] retask slot13 (36,37)w0 -> (36,36)
[dbg] ar=6098 am=6 aA=6 aH=0 l=false j=false fullRedraw=false
[fifo] ar=6112 aistate
[devMouse] aistate written, ar=6112
[dbg] ar=6123 am=6 aA=6 aH=0 l=false j=false fullRedraw=false
[fifoQ] ar=6125 retask 12 36 36
[fifo] ar=6126 retask 12 36 36
[devMouse] retask slot12 (35,35)w0 -> (36,36)
[dbg] ar=6148 am=6 aA=6 aH=0 l=false j=false fullRedraw=false
[fifo] ar=6155 aistate
[devMouse] aistate written, ar=6155
[dbg] ar=6173 am=6 aA=6 aH=0 l=false j=false fullRedraw=false
[fifo] ar=6193 aistate
[devMouse] aistate written, ar=6194
[dbg] ar=6198 am=6 aA=6 aH=0 l=false j=false fullRedraw=false
[fifoQ] ar=6205 retask 14 35 37
[fifo] ar=6206 retask 14 35 37
[devMouse] retask slot14 (35,36)w0 -> (35,37)
[dbg] ar=6223 am=6 aA=6 aH=0 l=false j=false fullRedraw=false
[fifo] ar=6234 aistate
[devMouse] aistate written, ar=6234
[fifoQ] ar=6247 retask 8 35 35
[fifo] ar=6248 retask 8 35 35
[devMouse] retask slot8 (38,36)w0 -> (35,35)
[dbg] ar=6248 am=6 aA=6 aH=0 l=false j=false fullRedraw=false
[fifoQ] ar=6255 retask 14 36 36
[fifo] ar=6256 retask 14 36 36
[devMouse] retask slot14 (35,36)w0 -> (36,36)
[dbg] ar=6273 am=6 aA=6 aH=0 l=false j=false fullRedraw=false
[fifo] ar=6289 aistate
[devMouse] aistate written, ar=6289
[dbg] ar=6298 am=6 aA=6 aH=0 l=false j=false fullRedraw=false
[fifoQ] ar=6299 retask 8 36 36
[fifo] ar=6300 retask 8 36 36
[devMouse] retask slot8 (38,38)w0 -> (36,36)
[dbg] ar=6323 am=6 aA=6 aH=0 l=false j=false fullRedraw=false
[fifo] ar=6330 aistate
[devMouse] aistate written, ar=6330
[fifoQ] ar=6340 retask 1 37 37
[fifo] ar=6340 retask 1 37 37
[devMouse] retask slot1 (37,36)w0 -> (37,37)
[fifoQ] ar=6347 retask 3 37 35
[fifo] ar=6348 retask 3 37 35
[devMouse] retask slot3 (36,35)w0 -> (37,35)
[dbg] ar=6348 am=6 aA=6 aH=0 l=false j=false fullRedraw=false
[fifoQ] ar=6355 retask 5 37 37
[fifo] ar=6356 retask 5 37 37
[devMouse] retask slot5 (37,37)w0 -> (37,37)
[fifo] ar=6364 aistate
[devMouse] aistate written, ar=6364
[dbg] ar=6373 am=6 aA=6 aH=0 l=false j=false fullRedraw=false
[fifoQ] ar=6379 retask 3 30 31
[fifo] ar=6380 retask 3 30 31
[devMouse] retask slot3 (36,35)w0 -> (30,31)
[fifoQ] ar=6387 retask 0 35 36
[fifo] ar=6388 retask 0 35 36
[devMouse] retask slot0 (36,36)w0 -> (35,36)
[fifoQ] ar=6395 retask 1 36 37
[fifo] ar=6395 retask 1 36 37
[devMouse] retask slot1 (37,36)w0 -> (36,37)
[dbg] ar=6398 am=6 aA=6 aH=0 l=false j=false fullRedraw=false
[fifoQ] ar=6402 retask 2 34 38
[fifo] ar=6403 retask 2 34 38
[devMouse] retask slot2 (36,32)w0 -> (34,38)
[fifoQ] ar=6410 retask 4 35 35
[fifo] ar=6410 retask 4 35 35
[devMouse] retask slot4 (37,40)w0 -> (35,35)
[fifoQ] ar=6417 retask 3 31 33
[fifo] ar=6418 retask 3 31 33
[devMouse] retask slot3 (30,31)w0 -> (31,33)
[dbg] ar=6423 am=6 aA=6 aH=0 l=false j=false fullRedraw=false
[dbg] ar=6448 am=6 aA=6 aH=0 l=false j=false fullRedraw=false
[fifo] ar=6451 aistate
[devMouse] aistate written, ar=6451
[dbg] ar=6473 am=6 aA=6 aH=0 l=false j=false fullRedraw=false
[fifo] ar=6488 aistate
[devMouse] aistate written, ar=6488
[dbg] ar=6498 am=6 aA=6 aH=0 l=false j=false fullRedraw=false
[dbg] ar=6523 am=6 aA=6 aH=0 l=false j=false fullRedraw=false
[fifo] ar=6527 aistate
[devMouse] aistate written, ar=6527
[dbg] ar=6548 am=6 aA=6 aH=0 l=false j=false fullRedraw=false
[fifo] ar=6565 aistate
[devMouse] aistate written, ar=6565
[dbg] ar=6573 am=6 aA=6 aH=0 l=false j=false fullRedraw=false
[dbg] ar=6598 am=6 aA=6 aH=0 l=false j=false fullRedraw=false
[fifo] ar=6605 aistate
[devMouse] aistate written, ar=6605
[dbg] ar=6623 am=6 aA=6 aH=0 l=false j=false fullRedraw=false
[fifo] ar=6642 aistate
[devMouse] aistate written, ar=6642
[dbg] ar=6648 am=6 aA=6 aH=0 l=false j=false fullRedraw=false
[dbg] ar=6673 am=6 aA=6 aH=0 l=false j=false fullRedraw=false
[fifo] ar=6681 aistate
[devMouse] aistate written, ar=6681
[dbg] ar=6698 am=6 aA=6 aH=0 l=false j=false fullRedraw=false
[fifo] ar=6721 aistate
[devMouse] aistate written, ar=6721
[dbg] ar=6723 am=6 aA=6 aH=0 l=false j=false fullRedraw=false
[dbg] ar=6748 am=6 aA=6 aH=0 l=false j=false fullRedraw=false
[fifo] ar=6761 aistate
[devMouse] aistate written, ar=6761
[dbg] ar=6773 am=6 aA=6 aH=0 l=false j=false fullRedraw=false
[dbg] ar=6798 am=6 aA=6 aH=0 l=false j=false fullRedraw=false
[fifo] ar=6799 aistate
[devMouse] aistate written, ar=6799
[dbg] ar=6823 am=6 aA=6 aH=0 l=false j=false fullRedraw=false
[fifo] ar=6838 aistate
[devMouse] aistate written, ar=6838
[dbg] ar=6848 am=6 aA=6 aH=0 l=false j=false fullRedraw=false
[dbg] ar=6873 am=6 aA=6 aH=0 l=false j=false fullRedraw=false
[fifo] ar=6877 aistate
[devMouse] aistate written, ar=6877
[dbg] ar=6898 am=6 aA=6 aH=0 l=false j=false fullRedraw=false
[fifo] ar=6916 aistate
[devMouse] aistate written, ar=6916
[dbg] ar=6923 am=6 aA=6 aH=0 l=false j=false fullRedraw=false
[dbg] ar=6948 am=6 aA=6 aH=0 l=false j=false fullRedraw=false
[fifo] ar=6954 aistate
[devMouse] aistate written, ar=6954
[dbg] ar=6973 am=6 aA=6 aH=0 l=false j=false fullRedraw=false
[fifo] ar=6992 aistate
[devMouse] aistate written, ar=6992
[dbg] ar=6998 am=6 aA=6 aH=0 l=false j=false fullRedraw=false
[dbg] ar=7023 am=6 aA=6 aH=0 l=false j=false fullRedraw=false
[fifo] ar=7031 aistate
[devMouse] aistate written, ar=7031
[dbg] ar=7048 am=6 aA=6 aH=0 l=false j=false fullRedraw=false
[fifo] ar=7070 aistate
[devMouse] aistate written, ar=7070
[dbg] ar=7073 am=6 aA=6 aH=0 l=false j=false fullRedraw=false
[dbg] ar=7098 am=6 aA=6 aH=0 l=false j=false fullRedraw=false
[fifo] ar=7110 aistate
[devMouse] aistate written, ar=7110
[dbg] ar=7123 am=6 aA=6 aH=0 l=false j=false fullRedraw=false
[dbg] ar=7148 am=6 aA=6 aH=0 l=false j=false fullRedraw=false
[fifo] ar=7150 aistate
[devMouse] aistate written, ar=7150
[dbg] ar=7173 am=6 aA=6 aH=0 l=false j=false fullRedraw=false
[fifo] ar=7189 aistate
[devMouse] aistate written, ar=7189
[dbg] ar=7198 am=6 aA=6 aH=0 l=false j=false fullRedraw=false
[dbg] ar=7223 am=6 aA=6 aH=0 l=false j=false fullRedraw=false
[fifo] ar=7228 aistate
[devMouse] aistate written, ar=7228
[dbg] ar=7248 am=6 aA=6 aH=0 l=false j=false fullRedraw=false
[fifo] ar=7267 aistate
[devMouse] aistate written, ar=7267
[dbg] ar=7273 am=6 aA=6 aH=0 l=false j=false fullRedraw=false
[dbg] ar=7298 am=6 aA=6 aH=0 l=false j=false fullRedraw=false
[fifo] ar=7305 aistate
[devMouse] aistate written, ar=7305
[dbg] ar=7323 am=6 aA=6 aH=0 l=false j=false fullRedraw=false
[fifo] ar=7345 aistate
[devMouse] aistate written, ar=7345
[dbg] ar=7348 am=6 aA=6 aH=0 l=false j=false fullRedraw=false
[dbg] ar=7373 am=6 aA=6 aH=0 l=false j=false fullRedraw=false
[fifo] ar=7383 aistate
[devMouse] aistate written, ar=7383
[dbg] ar=7398 am=6 aA=6 aH=0 l=false j=false fullRedraw=false
[fifo] ar=7422 aistate
[devMouse] aistate written, ar=7422
[dbg] ar=7423 am=6 aA=6 aH=0 l=false j=false fullRedraw=false
[dbg] ar=7448 am=6 aA=6 aH=0 l=false j=false fullRedraw=false
[fifo] ar=7460 aistate
[devMouse] aistate written, ar=7460
[dbg] ar=7473 am=6 aA=6 aH=0 l=false j=false fullRedraw=false
[fifo] ar=7498 aistate
[devMouse] aistate written, ar=7498
[dbg] ar=7498 am=6 aA=6 aH=0 l=false j=false fullRedraw=false
[dbg] ar=7523 am=6 aA=6 aH=0 l=false j=false fullRedraw=false
[fifo] ar=7537 aistate
[devMouse] aistate written, ar=7537
[dbg] ar=7548 am=6 aA=6 aH=0 l=false j=false fullRedraw=false
[dbg] ar=7573 am=6 aA=6 aH=0 l=false j=false fullRedraw=false
[fifo] ar=7576 aistate
[devMouse] aistate written, ar=7576
[dbg] ar=7598 am=6 aA=6 aH=0 l=false j=false fullRedraw=false
[fifo] ar=7615 aistate
[devMouse] aistate written, ar=7615
[dbg] ar=7623 am=6 aA=6 aH=0 l=false j=false fullRedraw=false
[dbg] ar=7648 am=6 aA=6 aH=0 l=false j=false fullRedraw=false
[fifo] ar=7654 aistate
[devMouse] aistate written, ar=7654
[dbg] ar=7673 am=6 aA=6 aH=0 l=false j=false fullRedraw=false
[fifo] ar=7693 aistate
[devMouse] aistate written, ar=7693
[dbg] ar=7698 am=6 aA=6 aH=0 l=false j=false fullRedraw=false
[dbg] ar=7723 am=6 aA=6 aH=0 l=false j=false fullRedraw=false
[fifo] ar=7731 aistate
[devMouse] aistate written, ar=7731
[dbg] ar=7748 am=6 aA=6 aH=0 l=false j=false fullRedraw=false
[fifo] ar=7770 aistate
[devMouse] aistate written, ar=7770
[dbg] ar=7773 am=6 aA=6 aH=0 l=false j=false fullRedraw=false
[dbg] ar=7798 am=6 aA=6 aH=0 l=false j=false fullRedraw=false
[fifo] ar=7810 aistate
[devMouse] aistate written, ar=7810
[dbg] ar=7823 am=6 aA=6 aH=0 l=false j=false fullRedraw=false
[dbg] ar=7848 am=6 aA=6 aH=0 l=false j=false fullRedraw=false
[fifo] ar=7849 aistate
[devMouse] aistate written, ar=7849
[dbg] ar=7873 am=6 aA=6 aH=0 l=false j=false fullRedraw=false
[fifo] ar=7888 aistate
[devMouse] aistate written, ar=7889
[dbg] ar=7898 am=6 aA=6 aH=0 l=false j=false fullRedraw=false
[dbg] ar=7923 am=6 aA=6 aH=0 l=false j=false fullRedraw=false
[fifo] ar=7927 aistate
[devMouse] aistate written, ar=7927
[dbg] ar=7948 am=6 aA=6 aH=0 l=false j=false fullRedraw=false
[fifo] ar=7967 aistate
[devMouse] aistate written, ar=7967
[dbg] ar=7973 am=6 aA=6 aH=0 l=false j=false fullRedraw=false
[dbg] ar=7998 am=6 aA=6 aH=0 l=false j=false fullRedraw=false
[fifo] ar=8005 aistate
[devMouse] aistate written, ar=8005
[dbg] ar=8023 am=6 aA=6 aH=0 l=false j=false fullRedraw=false
[fifo] ar=8044 aistate
[devMouse] aistate written, ar=8044
[dbg] ar=8048 am=6 aA=6 aH=0 l=false j=false fullRedraw=false
[dbg] ar=8073 am=6 aA=6 aH=0 l=false j=false fullRedraw=false
[fifo] ar=8082 aistate
[devMouse] aistate written, ar=8083
[dbg] ar=8098 am=6 aA=6 aH=0 l=false j=false fullRedraw=false
[fifo] ar=8122 aistate
[devMouse] aistate written, ar=8122
[dbg] ar=8123 am=6 aA=6 aH=0 l=false j=false fullRedraw=false
[dbg] ar=8148 am=6 aA=6 aH=0 l=false j=false fullRedraw=false
[fifo] ar=8160 aistate
[devMouse] aistate written, ar=8160
[dbg] ar=8173 am=6 aA=6 aH=0 l=false j=false fullRedraw=false
[dbg] ar=8198 am=6 aA=6 aH=0 l=false j=false fullRedraw=false
[fifo] ar=8199 aistate
[devMouse] aistate written, ar=8199
[dbg] ar=8223 am=6 aA=6 aH=0 l=false j=false fullRedraw=false
[fifo] ar=8236 aistate
[devMouse] aistate written, ar=8236
[dbg] ar=8248 am=6 aA=6 aH=0 l=false j=false fullRedraw=false
[dbg] ar=8273 am=6 aA=6 aH=0 l=false j=false fullRedraw=false
[fifo] ar=8277 aistate
[devMouse] aistate written, ar=8277
[dbg] ar=8298 am=6 aA=6 aH=0 l=false j=false fullRedraw=false
[fifo] ar=8316 aistate
[devMouse] aistate written, ar=8316
[dbg] ar=8323 am=6 aA=6 aH=0 l=false j=false fullRedraw=false
[dbg] ar=8348 am=6 aA=6 aH=0 l=false j=false fullRedraw=false
[fifo] ar=8355 aistate
[devMouse] aistate written, ar=8355
[dbg] ar=8373 am=6 aA=6 aH=0 l=false j=false fullRedraw=false
[fifo] ar=8393 aistate
[devMouse] aistate written, ar=8393
[dbg] ar=8398 am=6 aA=6 aH=0 l=false j=false fullRedraw=false
[dbg] ar=8423 am=6 aA=6 aH=0 l=false j=false fullRedraw=false
[fifo] ar=8432 aistate
[devMouse] aistate written, ar=8432
[dbg] ar=8448 am=6 aA=6 aH=0 l=false j=false fullRedraw=false
[fifo] ar=8471 aistate
[devMouse] aistate written, ar=8471
[dbg] ar=8473 am=6 aA=6 aH=0 l=false j=false fullRedraw=false
[dbg] ar=8498 am=6 aA=6 aH=0 l=false j=false fullRedraw=false
[fifo] ar=8509 aistate
[devMouse] aistate written, ar=8509
[dbg] ar=8523 am=6 aA=6 aH=0 l=false j=false fullRedraw=false
[fifo] ar=8548 aistate
[devMouse] aistate written, ar=8548
[dbg] ar=8548 am=6 aA=6 aH=0 l=false j=false fullRedraw=false
[dbg] ar=8573 am=6 aA=6 aH=0 l=false j=false fullRedraw=false
[fifo] ar=8586 aistate
[devMouse] aistate written, ar=8586
[dbg] ar=8598 am=6 aA=6 aH=0 l=false j=false fullRedraw=false
[dbg] ar=8623 am=6 aA=6 aH=0 l=false j=false fullRedraw=false
[fifo] ar=8626 aistate
[devMouse] aistate written, ar=8626
[fifoQ] ar=8637 retask 3 29 30
[fifo] ar=8638 retask 3 29 30
[devMouse] retask slot3 (31,33)w0 -> (29,30)
[dbg] ar=8648 am=6 aA=6 aH=0 l=false j=false fullRedraw=false
[fifo] ar=8667 aistate
[devMouse] aistate written, ar=8667
[dbg] ar=8673 am=6 aA=6 aH=0 l=false j=false fullRedraw=false
[combat] p0 type3 died at (29,30) ar=8693 remaining=15
[trace] g->8 (aA=6 am=6)
[dbg] ar=8698 am=6 aA=6 aH=0 l=false j=false fullRedraw=false
[fifo] ar=8706 aistate
[devMouse] aistate written, ar=8706
[dbg] ar=8723 am=6 aA=6 aH=0 l=false j=false fullRedraw=false
[fifo] ar=8745 aistate
[devMouse] aistate written, ar=8745
[dbg] ar=8748 am=6 aA=6 aH=0 l=false j=false fullRedraw=false
[dbg] ar=8773 am=6 aA=6 aH=0 l=false j=false fullRedraw=false
[fifo] ar=8784 aistate
[devMouse] aistate written, ar=8784
[dbg] ar=8798 am=6 aA=6 aH=0 l=false j=false fullRedraw=false
[fifo] ar=8823 aistate
[devMouse] aistate written, ar=8823
[dbg] ar=8823 am=6 aA=6 aH=0 l=false j=false fullRedraw=false
[dbg] ar=8848 am=6 aA=6 aH=0 l=false j=false fullRedraw=false
[fifo] ar=8862 aistate
[devMouse] aistate written, ar=8862
[dbg] ar=8873 am=6 aA=6 aH=0 l=false j=false fullRedraw=false
[dbg] ar=8898 am=6 aA=6 aH=0 l=false j=false fullRedraw=false
[fifo] ar=8901 aistate
[devMouse] aistate written, ar=8901
[dbg] ar=8923 am=6 aA=6 aH=0 l=false j=false fullRedraw=false
[fifo] ar=8939 aistate
[devMouse] aistate written, ar=8939
[dbg] ar=8948 am=6 aA=6 aH=0 l=false j=false fullRedraw=false
[dbg] ar=8973 am=6 aA=6 aH=0 l=false j=false fullRedraw=false
[fifo] ar=8979 aistate
[devMouse] aistate written, ar=8979
[dbg] ar=8998 am=6 aA=6 aH=0 l=false j=false fullRedraw=false
[fifo] ar=9019 aistate
[devMouse] aistate written, ar=9019
[dbg] ar=9023 am=6 aA=6 aH=0 l=false j=false fullRedraw=false
[dbg] ar=9048 am=6 aA=6 aH=0 l=false j=false fullRedraw=false
[fifo] ar=9057 aistate
[devMouse] aistate written, ar=9057
[dbg] ar=9073 am=6 aA=6 aH=0 l=false j=false fullRedraw=false
[fifo] ar=9096 aistate
[devMouse] aistate written, ar=9096
[dbg] ar=9098 am=6 aA=6 aH=0 l=false j=false fullRedraw=false
[dbg] ar=9123 am=6 aA=6 aH=0 l=false j=false fullRedraw=false
[fifo] ar=9136 aistate
[devMouse] aistate written, ar=9136
[dbg] ar=9148 am=6 aA=6 aH=0 l=false j=false fullRedraw=false
[dbg] ar=9173 am=6 aA=6 aH=0 l=false j=false fullRedraw=false
[fifo] ar=9174 aistate
[devMouse] aistate written, ar=9174
[dbg] ar=9198 am=6 aA=6 aH=0 l=false j=false fullRedraw=false
[fifo] ar=9212 aistate
[devMouse] aistate written, ar=9212
[dbg] ar=9223 am=6 aA=6 aH=0 l=false j=false fullRedraw=false
[dbg] ar=9248 am=6 aA=6 aH=0 l=false j=false fullRedraw=false
[fifo] ar=9251 aistate
[devMouse] aistate written, ar=9251
[dbg] ar=9273 am=6 aA=6 aH=0 l=false j=false fullRedraw=false
[fifo] ar=9290 aistate
[devMouse] aistate written, ar=9290
[dbg] ar=9298 am=6 aA=6 aH=0 l=false j=false fullRedraw=false
[dbg] ar=9323 am=6 aA=6 aH=0 l=false j=false fullRedraw=false
[fifo] ar=9329 aistate
[devMouse] aistate written, ar=9329
[dbg] ar=9348 am=6 aA=6 aH=0 l=false j=false fullRedraw=false
[fifo] ar=9366 aistate
[devMouse] aistate written, ar=9366
[dbg] ar=9373 am=6 aA=6 aH=0 l=false j=false fullRedraw=false
[dbg] ar=9398 am=6 aA=6 aH=0 l=false j=false fullRedraw=false
[fifo] ar=9406 aistate
[devMouse] aistate written, ar=9406
[dbg] ar=9423 am=6 aA=6 aH=0 l=false j=false fullRedraw=false
[fifo] ar=9445 aistate
[devMouse] aistate written, ar=9445
[dbg] ar=9448 am=6 aA=6 aH=0 l=false j=false fullRedraw=false
[dbg] ar=9473 am=6 aA=6 aH=0 l=false j=false fullRedraw=false
[fifo] ar=9484 aistate
[devMouse] aistate written, ar=9484
[dbg] ar=9498 am=6 aA=6 aH=0 l=false j=false fullRedraw=false
[fifo] ar=9522 aistate
[devMouse] aistate written, ar=9522
[dbg] ar=9523 am=6 aA=6 aH=0 l=false j=false fullRedraw=false
[dbg] ar=9548 am=6 aA=6 aH=0 l=false j=false fullRedraw=false
[fifo] ar=9560 aistate
[devMouse] aistate written, ar=9560
[dbg] ar=9573 am=6 aA=6 aH=0 l=false j=false fullRedraw=false
[fifo] ar=9598 aistate
[devMouse] aistate written, ar=9598
[dbg] ar=9598 am=6 aA=6 aH=0 l=false j=false fullRedraw=false
[dbg] ar=9623 am=6 aA=6 aH=0 l=false j=false fullRedraw=false
[fifo] ar=9637 aistate
[devMouse] aistate written, ar=9637
[dbg] ar=9648 am=6 aA=6 aH=0 l=false j=false fullRedraw=false
[dbg] ar=9673 am=6 aA=6 aH=0 l=false j=false fullRedraw=false
[fifo] ar=9676 aistate
[devMouse] aistate written, ar=9676
[dbg] ar=9698 am=6 aA=6 aH=0 l=false j=false fullRedraw=false
[fifo] ar=9714 aistate
[devMouse] aistate written, ar=9714
[dbg] ar=9723 am=6 aA=6 aH=0 l=false j=false fullRedraw=false
[dbg] ar=9748 am=6 aA=6 aH=0 l=false j=false fullRedraw=false
[fifo] ar=9753 aistate
[devMouse] aistate written, ar=9753
[dbg] ar=9773 am=6 aA=6 aH=0 l=false j=false fullRedraw=false
[fifo] ar=9791 aistate
[devMouse] aistate written, ar=9791
[dbg] ar=9798 am=6 aA=6 aH=0 l=false j=false fullRedraw=false
[dbg] ar=9823 am=6 aA=6 aH=0 l=false j=false fullRedraw=false
[fifo] ar=9829 aistate
[devMouse] aistate written, ar=9829
[dbg] ar=9848 am=6 aA=6 aH=0 l=false j=false fullRedraw=false
[fifo] ar=9868 aistate
[devMouse] aistate written, ar=9868
[dbg] ar=9873 am=6 aA=6 aH=0 l=false j=false fullRedraw=false
[dbg] ar=9898 am=6 aA=6 aH=0 l=false j=false fullRedraw=false
[fifo] ar=9908 aistate
[devMouse] aistate written, ar=9908
[dbg] ar=9923 am=6 aA=6 aH=0 l=false j=false fullRedraw=false
[fifo] ar=9946 aistate
[devMouse] aistate written, ar=9946
[dbg] ar=9948 am=6 aA=6 aH=0 l=false j=false fullRedraw=false
[dbg] ar=9973 am=6 aA=6 aH=0 l=false j=false fullRedraw=false
[fifo] ar=9986 aistate
[devMouse] aistate written, ar=9986
[dbg] ar=9998 am=6 aA=6 aH=0 l=false j=false fullRedraw=false
[dbg] ar=10023 am=6 aA=6 aH=0 l=false j=false fullRedraw=false
[fifo] ar=10024 aistate
[devMouse] aistate written, ar=10024
[dbg] ar=10048 am=6 aA=6 aH=0 l=false j=false fullRedraw=false
[fifo] ar=10063 aistate
[devMouse] aistate written, ar=10063
[dbg] ar=10073 am=6 aA=6 aH=0 l=false j=false fullRedraw=false
[bfs] p0 u11 escalate unitsBlock cur=2625 target=2424 -> len=10 ar=10082
[dbg] ar=10098 am=6 aA=6 aH=0 l=false j=false fullRedraw=false
[fifo] ar=10101 aistate
[devMouse] aistate written, ar=10101
[dbg] ar=10123 am=6 aA=6 aH=0 l=false j=false fullRedraw=false
[fifo] ar=10141 aistate
[devMouse] aistate written, ar=10141
[dbg] ar=10148 am=6 aA=6 aH=0 l=false j=false fullRedraw=false
[dbg] ar=10173 am=6 aA=6 aH=0 l=false j=false fullRedraw=false
[fifo] ar=10180 aistate
[devMouse] aistate written, ar=10180
[dbg] ar=10198 am=6 aA=6 aH=0 l=false j=false fullRedraw=false
[fifo] ar=10218 aistate
[devMouse] aistate written, ar=10218
[dbg] ar=10223 am=6 aA=6 aH=0 l=false j=false fullRedraw=false
[dbg] ar=10248 am=6 aA=6 aH=0 l=false j=false fullRedraw=false
[fifo] ar=10256 aistate
[devMouse] aistate written, ar=10256
[dbg] ar=10273 am=6 aA=6 aH=0 l=false j=false fullRedraw=false
[fifo] ar=10294 aistate
[devMouse] aistate written, ar=10294
[dbg] ar=10298 am=6 aA=6 aH=0 l=false j=false fullRedraw=false
[dbg] ar=10323 am=6 aA=6 aH=0 l=false j=false fullRedraw=false
[fifo] ar=10333 aistate
[devMouse] aistate written, ar=10333
[dbg] ar=10348 am=6 aA=6 aH=0 l=false j=false fullRedraw=false
[fifo] ar=10371 aistate
[devMouse] aistate written, ar=10371
[dbg] ar=10373 am=6 aA=6 aH=0 l=false j=false fullRedraw=false
[dbg] ar=10398 am=6 aA=6 aH=0 l=false j=false fullRedraw=false
[fifo] ar=10410 aistate
[devMouse] aistate written, ar=10410
[dbg] ar=10423 am=6 aA=6 aH=0 l=false j=false fullRedraw=false
[fifo] ar=10448 aistate
[devMouse] aistate written, ar=10448
[dbg] ar=10448 am=6 aA=6 aH=0 l=false j=false fullRedraw=false
[dbg] ar=10473 am=6 aA=6 aH=0 l=false j=false fullRedraw=false
[fifo] ar=10486 aistate
[devMouse] aistate written, ar=10486
[dbg] ar=10498 am=6 aA=6 aH=0 l=false j=false fullRedraw=false
[fifo] ar=10522 aistate
[devMouse] aistate written, ar=10522
[dbg] ar=10523 am=6 aA=6 aH=0 l=false j=false fullRedraw=false
[dbg] ar=10548 am=6 aA=6 aH=0 l=false j=false fullRedraw=false
[fifo] ar=10563 aistate
[devMouse] aistate written, ar=10563
[dbg] ar=10573 am=6 aA=6 aH=0 l=false j=false fullRedraw=false
[dbg] ar=10598 am=6 aA=6 aH=0 l=false j=false fullRedraw=false
[fifo] ar=10601 aistate
[devMouse] aistate written, ar=10601
[dbg] ar=10623 am=6 aA=6 aH=0 l=false j=false fullRedraw=false
[fifo] ar=10640 aistate
[devMouse] aistate written, ar=10641
[dbg] ar=10648 am=6 aA=6 aH=0 l=false j=false fullRedraw=false
[dbg] ar=10673 am=6 aA=6 aH=0 l=false j=false fullRedraw=false
[fifo] ar=10679 aistate
[devMouse] aistate written, ar=10679
[dbg] ar=10698 am=6 aA=6 aH=0 l=false j=false fullRedraw=false
[fifo] ar=10718 aistate
[devMouse] aistate written, ar=10718
[dbg] ar=10723 am=6 aA=6 aH=0 l=false j=false fullRedraw=false
[dbg] ar=10748 am=6 aA=6 aH=0 l=false j=false fullRedraw=false
[fifo] ar=10756 aistate
[devMouse] aistate written, ar=10756
[dbg] ar=10773 am=6 aA=6 aH=0 l=false j=false fullRedraw=false
[fifo] ar=10794 aistate
[devMouse] aistate written, ar=10794
[dbg] ar=10798 am=6 aA=6 aH=0 l=false j=false fullRedraw=false
[dbg] ar=10823 am=6 aA=6 aH=0 l=false j=false fullRedraw=false
[fifo] ar=10832 aistate
[devMouse] aistate written, ar=10832
[dbg] ar=10848 am=6 aA=6 aH=0 l=false j=false fullRedraw=false
[fifo] ar=10871 aistate
[devMouse] aistate written, ar=10871
[dbg] ar=10873 am=6 aA=6 aH=0 l=false j=false fullRedraw=false
[dbg] ar=10898 am=6 aA=6 aH=0 l=false j=false fullRedraw=false
[fifo] ar=10909 aistate
[devMouse] aistate written, ar=10909
[dbg] ar=10923 am=6 aA=6 aH=0 l=false j=false fullRedraw=false
[dbg] ar=10948 am=6 aA=6 aH=0 l=false j=false fullRedraw=false
[fifo] ar=10950 aistate
[devMouse] aistate written, ar=10950
[dbg] ar=10973 am=6 aA=6 aH=0 l=false j=false fullRedraw=false
[fifo] ar=10988 aistate
[devMouse] aistate written, ar=10988
[dbg] ar=10998 am=6 aA=6 aH=0 l=false j=false fullRedraw=false
[dbg] ar=11023 am=6 aA=6 aH=0 l=false j=false fullRedraw=false
[fifo] ar=11028 aistate
[devMouse] aistate written, ar=11028
[dbg] ar=11048 am=6 aA=6 aH=0 l=false j=false fullRedraw=false
[fifo] ar=11065 aistate
[devMouse] aistate written, ar=11065
[dbg] ar=11073 am=6 aA=6 aH=0 l=false j=false fullRedraw=false
[dbg] ar=11098 am=6 aA=6 aH=0 l=false j=false fullRedraw=false
[fifo] ar=11104 aistate
[devMouse] aistate written, ar=11104
[dbg] ar=11123 am=6 aA=6 aH=0 l=false j=false fullRedraw=false
[fifo] ar=11143 aistate
[devMouse] aistate written, ar=11143
[dbg] ar=11148 am=6 aA=6 aH=0 l=false j=false fullRedraw=false
[dbg] ar=11173 am=6 aA=6 aH=0 l=false j=false fullRedraw=false
[fifo] ar=11181 aistate
[devMouse] aistate written, ar=11181
[dbg] ar=11198 am=6 aA=6 aH=0 l=false j=false fullRedraw=false
[fifo] ar=11220 aistate
[devMouse] aistate written, ar=11220
[dbg] ar=11223 am=6 aA=6 aH=0 l=false j=false fullRedraw=false
[dbg] ar=11248 am=6 aA=6 aH=0 l=false j=false fullRedraw=false
[fifo] ar=11259 aistate
[devMouse] aistate written, ar=11259
[dbg] ar=11273 am=6 aA=6 aH=0 l=false j=false fullRedraw=false
[fifo] ar=11297 aistate
[devMouse] aistate written, ar=11297
[dbg] ar=11298 am=6 aA=6 aH=0 l=false j=false fullRedraw=false
[dbg] ar=11323 am=6 aA=6 aH=0 l=false j=false fullRedraw=false
[fifo] ar=11335 aistate
[devMouse] aistate written, ar=11335
[dbg] ar=11348 am=6 aA=6 aH=0 l=false j=false fullRedraw=false
[dbg] ar=11373 am=6 aA=6 aH=0 l=false j=false fullRedraw=false
[fifo] ar=11374 aistate
[devMouse] aistate written, ar=11374
[dbg] ar=11398 am=6 aA=6 aH=0 l=false j=false fullRedraw=false
[fifo] ar=11413 aistate
[devMouse] aistate written, ar=11413
[dbg] ar=11423 am=6 aA=6 aH=0 l=false j=false fullRedraw=false
[dbg] ar=11448 am=6 aA=6 aH=0 l=false j=false fullRedraw=false
[fifo] ar=11451 aistate
[devMouse] aistate written, ar=11451
[dbg] ar=11473 am=6 aA=6 aH=0 l=false j=false fullRedraw=false
[fifo] ar=11489 aistate
[devMouse] aistate written, ar=11489
[dbg] ar=11498 am=6 aA=6 aH=0 l=false j=false fullRedraw=false
[dbg] ar=11523 am=6 aA=6 aH=0 l=false j=false fullRedraw=false
[fifo] ar=11529 aistate
[devMouse] aistate written, ar=11529
[dbg] ar=11548 am=6 aA=6 aH=0 l=false j=false fullRedraw=false
[fifo] ar=11567 aistate
[devMouse] aistate written, ar=11567
[dbg] ar=11573 am=6 aA=6 aH=0 l=false j=false fullRedraw=false
[dbg] ar=11598 am=6 aA=6 aH=0 l=false j=false fullRedraw=false
[fifo] ar=11607 aistate
[devMouse] aistate written, ar=11607
[dbg] ar=11623 am=6 aA=6 aH=0 l=false j=false fullRedraw=false
[fifo] ar=11645 aistate
[devMouse] aistate written, ar=11645
[dbg] ar=11648 am=6 aA=6 aH=0 l=false j=false fullRedraw=false
[dbg] ar=11673 am=6 aA=6 aH=0 l=false j=false fullRedraw=false
[fifo] ar=11684 aistate
[devMouse] aistate written, ar=11684
[dbg] ar=11698 am=6 aA=6 aH=0 l=false j=false fullRedraw=false
[fifo] ar=11723 aistate
[devMouse] aistate written, ar=11723
[dbg] ar=11723 am=6 aA=6 aH=0 l=false j=false fullRedraw=false
[dbg] ar=11748 am=6 aA=6 aH=0 l=false j=false fullRedraw=false
[fifo] ar=11761 aistate
[devMouse] aistate written, ar=11761
[dbg] ar=11773 am=6 aA=6 aH=0 l=false j=false fullRedraw=false
[dbg] ar=11798 am=6 aA=6 aH=0 l=false j=false fullRedraw=false
[fifo] ar=11800 aistate
[devMouse] aistate written, ar=11800
[dbg] ar=11823 am=6 aA=6 aH=0 l=false j=false fullRedraw=false
[fifo] ar=11839 aistate
[devMouse] aistate written, ar=11839
[dbg] ar=11848 am=6 aA=6 aH=0 l=false j=false fullRedraw=false
[dbg] ar=11873 am=6 aA=6 aH=0 l=false j=false fullRedraw=false
[fifo] ar=11877 aistate
[devMouse] aistate written, ar=11877
[dbg] ar=11898 am=6 aA=6 aH=0 l=false j=false fullRedraw=false
[fifo] ar=11916 aistate
[devMouse] aistate written, ar=11916
[dbg] ar=11923 am=6 aA=6 aH=0 l=false j=false fullRedraw=false
[dbg] ar=11948 am=6 aA=6 aH=0 l=false j=false fullRedraw=false
[fifo] ar=11954 aistate
[devMouse] aistate written, ar=11954
[dbg] ar=11973 am=6 aA=6 aH=0 l=false j=false fullRedraw=false
[fifo] ar=11993 aistate
[devMouse] aistate written, ar=11993
[dbg] ar=11998 am=6 aA=6 aH=0 l=false j=false fullRedraw=false
[dbg] ar=12023 am=6 aA=6 aH=0 l=false j=false fullRedraw=false
[fifo] ar=12030 aistate
[devMouse] aistate written, ar=12030
[dbg] ar=12048 am=6 aA=6 aH=0 l=false j=false fullRedraw=false
[fifo] ar=12070 aistate
[devMouse] aistate written, ar=12070
[dbg] ar=12073 am=6 aA=6 aH=0 l=false j=false fullRedraw=false
[dbg] ar=12098 am=6 aA=6 aH=0 l=false j=false fullRedraw=false
[fifo] ar=12109 aistate
[devMouse] aistate written, ar=12109
[dbg] ar=12123 am=6 aA=6 aH=0 l=false j=false fullRedraw=false
[fifo] ar=12148 aistate
[devMouse] aistate written, ar=12148
[dbg] ar=12148 am=6 aA=6 aH=0 l=false j=false fullRedraw=false
[dbg] ar=12173 am=6 aA=6 aH=0 l=false j=false fullRedraw=false
[fifo] ar=12187 aistate
[devMouse] aistate written, ar=12187
[dbg] ar=12198 am=6 aA=6 aH=0 l=false j=false fullRedraw=false
[dbg] ar=12223 am=6 aA=6 aH=0 l=false j=false fullRedraw=false
[fifo] ar=12226 aistate
[devMouse] aistate written, ar=12226
[dbg] ar=12248 am=6 aA=6 aH=0 l=false j=false fullRedraw=false
[fifo] ar=12264 aistate
[devMouse] aistate written, ar=12264
[dbg] ar=12273 am=6 aA=6 aH=0 l=false j=false fullRedraw=false
[dbg] ar=12298 am=6 aA=6 aH=0 l=false j=false fullRedraw=false
[fifo] ar=12303 aistate
[devMouse] aistate written, ar=12303
[dbg] ar=12323 am=6 aA=6 aH=0 l=false j=false fullRedraw=false
[fifo] ar=12341 aistate
[devMouse] aistate written, ar=12341
[dbg] ar=12348 am=6 aA=6 aH=0 l=false j=false fullRedraw=false
[dbg] ar=12373 am=6 aA=6 aH=0 l=false j=false fullRedraw=false
[fifo] ar=12381 aistate
[devMouse] aistate written, ar=12381
[dbg] ar=12398 am=6 aA=6 aH=0 l=false j=false fullRedraw=false
[fifo] ar=12419 aistate
[devMouse] aistate written, ar=12419
[dbg] ar=12423 am=6 aA=6 aH=0 l=false j=false fullRedraw=false
[dbg] ar=12448 am=6 aA=6 aH=0 l=false j=false fullRedraw=false
[fifo] ar=12457 aistate
[devMouse] aistate written, ar=12457
[dbg] ar=12473 am=6 aA=6 aH=0 l=false j=false fullRedraw=false
[fifo] ar=12495 aistate
[devMouse] aistate written, ar=12495
[dbg] ar=12498 am=6 aA=6 aH=0 l=false j=false fullRedraw=false
[dbg] ar=12523 am=6 aA=6 aH=0 l=false j=false fullRedraw=false
[fifo] ar=12534 aistate
[devMouse] aistate written, ar=12534
[dbg] ar=12548 am=6 aA=6 aH=0 l=false j=false fullRedraw=false
[fifo] ar=12573 aistate
[devMouse] aistate written, ar=12573
[dbg] ar=12573 am=6 aA=6 aH=0 l=false j=false fullRedraw=false
[dbg] ar=12598 am=6 aA=6 aH=0 l=false j=false fullRedraw=false
[fifo] ar=12611 aistate
[devMouse] aistate written, ar=12611
[dbg] ar=12623 am=6 aA=6 aH=0 l=false j=false fullRedraw=false
[fifo] ar=12648 aistate
[devMouse] aistate written, ar=12648
[dbg] ar=12648 am=6 aA=6 aH=0 l=false j=false fullRedraw=false
[dbg] ar=12673 am=6 aA=6 aH=0 l=false j=false fullRedraw=false
[fifo] ar=12687 aistate
[devMouse] aistate written, ar=12687
[dbg] ar=12698 am=6 aA=6 aH=0 l=false j=false fullRedraw=false
[dbg] ar=12723 am=6 aA=6 aH=0 l=false j=false fullRedraw=false
[fifo] ar=12726 aistate
[devMouse] aistate written, ar=12726
[dbg] ar=12748 am=6 aA=6 aH=0 l=false j=false fullRedraw=false
[fifo] ar=12765 aistate
[devMouse] aistate written, ar=12765
[dbg] ar=12773 am=6 aA=6 aH=0 l=false j=false fullRedraw=false
[dbg] ar=12798 am=6 aA=6 aH=0 l=false j=false fullRedraw=false
[fifo] ar=12803 aistate
[devMouse] aistate written, ar=12803
[dbg] ar=12823 am=6 aA=6 aH=0 l=false j=false fullRedraw=false
[fifo] ar=12841 aistate
[devMouse] aistate written, ar=12841
[dbg] ar=12848 am=6 aA=6 aH=0 l=false j=false fullRedraw=false
[dbg] ar=12873 am=6 aA=6 aH=0 l=false j=false fullRedraw=false
[fifo] ar=12880 aistate
[devMouse] aistate written, ar=12880
[dbg] ar=12898 am=6 aA=6 aH=0 l=false j=false fullRedraw=false
[fifo] ar=12919 aistate
[devMouse] aistate written, ar=12919
[dbg] ar=12923 am=6 aA=6 aH=0 l=false j=false fullRedraw=false
[dbg] ar=12948 am=6 aA=6 aH=0 l=false j=false fullRedraw=false
[fifo] ar=12958 aistate
[devMouse] aistate written, ar=12958
[dbg] ar=12973 am=6 aA=6 aH=0 l=false j=false fullRedraw=false
[fifo] ar=12997 aistate
[devMouse] aistate written, ar=12997
[dbg] ar=12998 am=6 aA=6 aH=0 l=false j=false fullRedraw=false
[dbg] ar=13023 am=6 aA=6 aH=0 l=false j=false fullRedraw=false
[fifo] ar=13036 aistate
[devMouse] aistate written, ar=13036
[dbg] ar=13048 am=6 aA=6 aH=0 l=false j=false fullRedraw=false
[dbg] ar=13073 am=6 aA=6 aH=0 l=false j=false fullRedraw=false
[fifo] ar=13075 aistate
[devMouse] aistate written, ar=13075
[dbg] ar=13098 am=6 aA=6 aH=0 l=false j=false fullRedraw=false
[fifo] ar=13115 aistate
[devMouse] aistate written, ar=13115
[dbg] ar=13123 am=6 aA=6 aH=0 l=false j=false fullRedraw=false
[dbg] ar=13148 am=6 aA=6 aH=0 l=false j=false fullRedraw=false
[fifo] ar=13154 aistate
[devMouse] aistate written, ar=13154
[dbg] ar=13173 am=6 aA=6 aH=0 l=false j=false fullRedraw=false
[fifo] ar=13194 aistate
[devMouse] aistate written, ar=13194
[dbg] ar=13198 am=6 aA=6 aH=0 l=false j=false fullRedraw=false
[dbg] ar=13223 am=6 aA=6 aH=0 l=false j=false fullRedraw=false
[fifo] ar=13232 aistate
[devMouse] aistate written, ar=13232
[dbg] ar=13248 am=6 aA=6 aH=0 l=false j=false fullRedraw=false
[fifo] ar=13270 aistate
[devMouse] aistate written, ar=13271
[dbg] ar=13273 am=6 aA=6 aH=0 l=false j=false fullRedraw=false
[dbg] ar=13298 am=6 aA=6 aH=0 l=false j=false fullRedraw=false
[fifo] ar=13308 aistate
[devMouse] aistate written, ar=13308
[dbg] ar=13323 am=6 aA=6 aH=0 l=false j=false fullRedraw=false
[fifo] ar=13348 aistate
[devMouse] aistate written, ar=13348
[dbg] ar=13348 am=6 aA=6 aH=0 l=false j=false fullRedraw=false
[dbg] ar=13373 am=6 aA=6 aH=0 l=false j=false fullRedraw=false
[fifo] ar=13385 aistate
[devMouse] aistate written, ar=13385
[dbg] ar=13398 am=6 aA=6 aH=0 l=false j=false fullRedraw=false
[dbg] ar=13423 am=6 aA=6 aH=0 l=false j=false fullRedraw=false
[fifo] ar=13424 aistate
[devMouse] aistate written, ar=13424
[dbg] ar=13448 am=6 aA=6 aH=0 l=false j=false fullRedraw=false
[fifo] ar=13463 aistate
[devMouse] aistate written, ar=13463
[dbg] ar=13473 am=6 aA=6 aH=0 l=false j=false fullRedraw=false
[dbg] ar=13498 am=6 aA=6 aH=0 l=false j=false fullRedraw=false
[fifo] ar=13503 aistate
[devMouse] aistate written, ar=13503
[dbg] ar=13523 am=6 aA=6 aH=0 l=false j=false fullRedraw=false
[fifo] ar=13543 aistate
[devMouse] aistate written, ar=13543
[dbg] ar=13548 am=6 aA=6 aH=0 l=false j=false fullRedraw=false
[dbg] ar=13573 am=6 aA=6 aH=0 l=false j=false fullRedraw=false
[fifo] ar=13582 aistate
[devMouse] aistate written, ar=13582
[dbg] ar=13598 am=6 aA=6 aH=0 l=false j=false fullRedraw=false
[fifo] ar=13621 aistate
[devMouse] aistate written, ar=13622
[dbg] ar=13623 am=6 aA=6 aH=0 l=false j=false fullRedraw=false
[dbg] ar=13648 am=6 aA=6 aH=0 l=false j=false fullRedraw=false
[fifo] ar=13659 aistate
[devMouse] aistate written, ar=13659
[dbg] ar=13673 am=6 aA=6 aH=0 l=false j=false fullRedraw=false
[dbg] ar=13698 am=6 aA=6 aH=0 l=false j=false fullRedraw=false
[fifo] ar=13699 aistate
[devMouse] aistate written, ar=13699
[dbg] ar=13723 am=6 aA=6 aH=0 l=false j=false fullRedraw=false
[fifo] ar=13738 aistate
[devMouse] aistate written, ar=13738
[dbg] ar=13748 am=6 aA=6 aH=0 l=false j=false fullRedraw=false
[dbg] ar=13773 am=6 aA=6 aH=0 l=false j=false fullRedraw=false
[fifo] ar=13776 aistate
[devMouse] aistate written, ar=13776
[dbg] ar=13798 am=6 aA=6 aH=0 l=false j=false fullRedraw=false
[fifo] ar=13815 aistate
[devMouse] aistate written, ar=13815
[dbg] ar=13823 am=6 aA=6 aH=0 l=false j=false fullRedraw=false
[dbg] ar=13848 am=6 aA=6 aH=0 l=false j=false fullRedraw=false
[fifo] ar=13854 aistate
[devMouse] aistate written, ar=13854
[dbg] ar=13873 am=6 aA=6 aH=0 l=false j=false fullRedraw=false
[fifo] ar=13893 aistate
[devMouse] aistate written, ar=13893
[dbg] ar=13898 am=6 aA=6 aH=0 l=false j=false fullRedraw=false
[dbg] ar=13923 am=6 aA=6 aH=0 l=false j=false fullRedraw=false
[fifo] ar=13932 aistate
[devMouse] aistate written, ar=13932
[dbg] ar=13948 am=6 aA=6 aH=0 l=false j=false fullRedraw=false
[fifo] ar=13969 aistate
[devMouse] aistate written, ar=13969
[dbg] ar=13973 am=6 aA=6 aH=0 l=false j=false fullRedraw=false
[dbg] ar=13998 am=6 aA=6 aH=0 l=false j=false fullRedraw=false
[fifo] ar=14009 aistate
[devMouse] aistate written, ar=14009
[dbg] ar=14023 am=6 aA=6 aH=0 l=false j=false fullRedraw=false
[fifo] ar=14047 aistate
[devMouse] aistate written, ar=14047
[dbg] ar=14048 am=6 aA=6 aH=0 l=false j=false fullRedraw=false
[dbg] ar=14073 am=6 aA=6 aH=0 l=false j=false fullRedraw=false
[fifo] ar=14087 aistate
[devMouse] aistate written, ar=14087
[dbg] ar=14098 am=6 aA=6 aH=0 l=false j=false fullRedraw=false
[dbg] ar=14123 am=6 aA=6 aH=0 l=false j=false fullRedraw=false
[fifo] ar=14126 aistate
[devMouse] aistate written, ar=14126
[dbg] ar=14148 am=6 aA=6 aH=0 l=false j=false fullRedraw=false
[fifo] ar=14164 aistate
[devMouse] aistate written, ar=14164
[dbg] ar=14173 am=6 aA=6 aH=0 l=false j=false fullRedraw=false
[dbg] ar=14198 am=6 aA=6 aH=0 l=false j=false fullRedraw=false
[fifo] ar=14202 aistate
[devMouse] aistate written, ar=14202
[dbg] ar=14223 am=6 aA=6 aH=0 l=false j=false fullRedraw=false
[fifo] ar=14242 aistate
[devMouse] aistate written, ar=14242
[dbg] ar=14248 am=6 aA=6 aH=0 l=false j=false fullRedraw=false
[dbg] ar=14273 am=6 aA=6 aH=0 l=false j=false fullRedraw=false
[fifo] ar=14281 aistate
[devMouse] aistate written, ar=14282
[dbg] ar=14298 am=6 aA=6 aH=0 l=false j=false fullRedraw=false
[fifo] ar=14320 aistate
[devMouse] aistate written, ar=14320
[dbg] ar=14323 am=6 aA=6 aH=0 l=false j=false fullRedraw=false
[dbg] ar=14348 am=6 aA=6 aH=0 l=false j=false fullRedraw=false
[fifo] ar=14360 aistate
[devMouse] aistate written, ar=14360
[dbg] ar=14373 am=6 aA=6 aH=0 l=false j=false fullRedraw=false
[fifo] ar=14398 aistate
[devMouse] aistate written, ar=14398
[dbg] ar=14398 am=6 aA=6 aH=0 l=false j=false fullRedraw=false
[dbg] ar=14423 am=6 aA=6 aH=0 l=false j=false fullRedraw=false
[fifo] ar=14436 aistate
[devMouse] aistate written, ar=14436
[dbg] ar=14448 am=6 aA=6 aH=0 l=false j=false fullRedraw=false
[dbg] ar=14473 am=6 aA=6 aH=0 l=false j=false fullRedraw=false
[fifo] ar=14475 aistate
[devMouse] aistate written, ar=14475
[dbg] ar=14498 am=6 aA=6 aH=0 l=false j=false fullRedraw=false
[fifo] ar=14514 aistate
[devMouse] aistate written, ar=14514
[dbg] ar=14523 am=6 aA=6 aH=0 l=false j=false fullRedraw=false
[dbg] ar=14548 am=6 aA=6 aH=0 l=false j=false fullRedraw=false
[fifo] ar=14553 aistate
[devMouse] aistate written, ar=14553
[dbg] ar=14573 am=6 aA=6 aH=0 l=false j=false fullRedraw=false
[fifo] ar=14593 aistate
[devMouse] aistate written, ar=14593
[dbg] ar=14598 am=6 aA=6 aH=0 l=false j=false fullRedraw=false
[dbg] ar=14623 am=6 aA=6 aH=0 l=false j=false fullRedraw=false
[fifo] ar=14630 aistate
[devMouse] aistate written, ar=14630
[dbg] ar=14648 am=6 aA=6 aH=0 l=false j=false fullRedraw=false
[fifo] ar=14667 aistate
[devMouse] aistate written, ar=14667
[dbg] ar=14673 am=6 aA=6 aH=0 l=false j=false fullRedraw=false
[dbg] ar=14698 am=6 aA=6 aH=0 l=false j=false fullRedraw=false
[fifo] ar=14704 aistate
[devMouse] aistate written, ar=14704
[dbg] ar=14723 am=6 aA=6 aH=0 l=false j=false fullRedraw=false
[fifo] ar=14743 aistate
[devMouse] aistate written, ar=14743
[dbg] ar=14748 am=6 aA=6 aH=0 l=false j=false fullRedraw=false
[dbg] ar=14773 am=6 aA=6 aH=0 l=false j=false fullRedraw=false
[fifo] ar=14782 aistate
[devMouse] aistate written, ar=14782
[dbg] ar=14798 am=6 aA=6 aH=0 l=false j=false fullRedraw=false
[fifo] ar=14820 aistate
[devMouse] aistate written, ar=14820
[dbg] ar=14823 am=6 aA=6 aH=0 l=false j=false fullRedraw=false
[dbg] ar=14848 am=6 aA=6 aH=0 l=false j=false fullRedraw=false
[fifo] ar=14856 aistate
[devMouse] aistate written, ar=14856
[dbg] ar=14873 am=6 aA=6 aH=0 l=false j=false fullRedraw=false
[fifo] ar=14895 aistate
[devMouse] aistate written, ar=14895
[dbg] ar=14898 am=6 aA=6 aH=0 l=false j=false fullRedraw=false
[dbg] ar=14923 am=6 aA=6 aH=0 l=false j=false fullRedraw=false
[fifo] ar=14934 aistate
[devMouse] aistate written, ar=14934
[dbg] ar=14948 am=6 aA=6 aH=0 l=false j=false fullRedraw=false
[fifo] ar=14973 aistate
[devMouse] aistate written, ar=14973
[dbg] ar=14973 am=6 aA=6 aH=0 l=false j=false fullRedraw=false
[dbg] ar=14998 am=6 aA=6 aH=0 l=false j=false fullRedraw=false
[fifo] ar=15010 aistate
[devMouse] aistate written, ar=15010
[dbg] ar=15023 am=6 aA=6 aH=0 l=false j=false fullRedraw=false
[fifo] ar=15048 aistate
[devMouse] aistate written, ar=15048
[dbg] ar=15048 am=6 aA=6 aH=0 l=false j=false fullRedraw=false
[dbg] ar=15073 am=6 aA=6 aH=0 l=false j=false fullRedraw=false
[fifo] ar=15087 aistate
[devMouse] aistate written, ar=15087
[dbg] ar=15098 am=6 aA=6 aH=0 l=false j=false fullRedraw=false
[dbg] ar=15123 am=6 aA=6 aH=0 l=false j=false fullRedraw=false
[fifo] ar=15127 aistate
[devMouse] aistate written, ar=15127
[dbg] ar=15148 am=6 aA=6 aH=0 l=false j=false fullRedraw=false
[fifo] ar=15166 aistate
[devMouse] aistate written, ar=15166
[dbg] ar=15173 am=6 aA=6 aH=0 l=false j=false fullRedraw=false
[dbg] ar=15198 am=6 aA=6 aH=0 l=false j=false fullRedraw=false
[fifo] ar=15205 aistate
[devMouse] aistate written, ar=15205
[dbg] ar=15223 am=6 aA=6 aH=0 l=false j=false fullRedraw=false
[fifo] ar=15244 aistate
[devMouse] aistate written, ar=15244
[dbg] ar=15248 am=6 aA=6 aH=0 l=false j=false fullRedraw=false
[dbg] ar=15273 am=6 aA=6 aH=0 l=false j=false fullRedraw=false
[fifo] ar=15283 aistate
[devMouse] aistate written, ar=15283
[dbg] ar=15298 am=6 aA=6 aH=0 l=false j=false fullRedraw=false
[fifo] ar=15322 aistate
[devMouse] aistate written, ar=15322
[dbg] ar=15323 am=6 aA=6 aH=0 l=false j=false fullRedraw=false
[dbg] ar=15348 am=6 aA=6 aH=0 l=false j=false fullRedraw=false
[fifo] ar=15361 aistate
[devMouse] aistate written, ar=15361
[dbg] ar=15373 am=6 aA=6 aH=0 l=false j=false fullRedraw=false
[dbg] ar=15398 am=6 aA=6 aH=0 l=false j=false fullRedraw=false
[fifo] ar=15400 aistate
[devMouse] aistate written, ar=15400
[fifo] ar=15411 aistate
[devMouse] aistate written, ar=15411
[fifoQ] ar=15423 retask 0 32 16
[dbg] ar=15423 am=6 aA=6 aH=0 l=false j=false fullRedraw=false
[fifo] ar=15424 retask 0 32 16
[devMouse] retask slot0 (36,36)w0 -> (32,16)
[fifoQ] ar=15430 retask 1 32 16
[fifo] ar=15431 retask 1 32 16
[devMouse] retask slot1 (37,36)w0 -> (32,16)
[fifoQ] ar=15439 retask 2 32 16
[fifo] ar=15440 retask 2 32 16
[devMouse] retask slot2 (34,38)w0 -> (32,16)
[fifoQ] ar=15447 retask 4 32 16
[fifo] ar=15448 retask 4 32 16
[devMouse] retask slot4 (34,36)w0 -> (32,16)
[dbg] ar=15448 am=6 aA=6 aH=0 l=false j=false fullRedraw=false
[dbg] ar=15473 am=6 aA=6 aH=0 l=false j=false fullRedraw=false
[fifo] ar=15479 aistate
[devMouse] aistate written, ar=15479
[dbg] ar=15498 am=6 aA=6 aH=0 l=false j=false fullRedraw=false
[bfs] p0 u2 escalate unitsBlock cur=2625 target=2010 -> len=24 ar=15508
[fifo] ar=15517 aistate
[devMouse] aistate written, ar=15517
[dbg] ar=15523 am=6 aA=6 aH=0 l=false j=false fullRedraw=false
[dbg] ar=15548 am=6 aA=6 aH=0 l=false j=false fullRedraw=false
[fifo] ar=15555 aistate
[devMouse] aistate written, ar=15556
[dbg] ar=15573 am=6 aA=6 aH=0 l=false j=false fullRedraw=false
[fifo] ar=15595 aistate
[devMouse] aistate written, ar=15595
[dbg] ar=15598 am=6 aA=6 aH=0 l=false j=false fullRedraw=false
[fifoQ] ar=15607 retask 2 32 16
[fifo] ar=15608 retask 2 32 16
[devMouse] retask slot2 (29,29)w301 -> (32,16)
[combat] p0 type3 died at (33,17) ar=15611 remaining=14
[trace] g->8 (aA=6 am=6)
[fifoQ] ar=15615 retask 4 34 20
[fifo] ar=15616 retask 4 34 20
[devMouse] retask slot4 (35,36)w101 -> (34,20)
[dbg] ar=15623 am=6 aA=6 aH=0 l=false j=false fullRedraw=false
[combat] p1 type3 died at (34,35) ar=15626 remaining=15
[fifo] ar=15648 aistate
[devMouse] aistate written, ar=15648
[dbg] ar=15648 am=6 aA=6 aH=0 l=false j=false fullRedraw=false
[combat] p0 type3 died at (29,28) ar=15650 remaining=13
[trace] g->8 (aA=6 am=6)
[fifoQ] ar=15660 retask 2 32 16
[fifo] ar=15661 retask 2 32 16
[devMouse] retask slot2 (36,37)w0 -> (32,16)
[fifoQ] ar=15668 retask 0 33 17
[fifo] ar=15668 retask 0 33 17
[devMouse] retask slot0 (31,30)w101 -> (33,17)
[dbg] ar=15673 am=6 aA=6 aH=0 l=false j=false fullRedraw=false
[fifoQ] ar=15675 retask 1 33 17
[fifo] ar=15676 retask 1 33 17
[devMouse] retask slot1 (32,31)w0 -> (33,17)
[fifoQ] ar=15683 retask 2 34 20
[fifo] ar=15684 retask 2 34 20
[devMouse] retask slot2 (33,34)w0 -> (34,20)
[dbg] ar=15698 am=6 aA=6 aH=0 l=false j=false fullRedraw=false
[combat] p0 type3 died at (30,30) ar=15710 remaining=12
[trace] g->8 (aA=6 am=6)
[fifo] ar=15714 aistate
[devMouse] aistate written, ar=15714
[dbg] ar=15723 am=6 aA=6 aH=0 l=false j=false fullRedraw=false
[fifoQ] ar=15726 retask 1 33 17
[fifo] ar=15727 retask 1 33 17
[devMouse] retask slot1 (30,30)w201 -> (33,17)
[dbg] ar=15748 am=6 aA=6 aH=0 l=false j=false fullRedraw=false
[fifo] ar=15756 aistate
[devMouse] aistate written, ar=15756
[dbg] ar=15773 am=6 aA=6 aH=0 l=false j=false fullRedraw=false
[combat] p1 type3 died at (32,31) ar=15777 remaining=14
[fifo] ar=15795 aistate
[devMouse] aistate written, ar=15795
[dbg] ar=15798 am=6 aA=6 aH=0 l=false j=false fullRedraw=false
[fifoQ] ar=15808 retask 1 33 17
[fifo] ar=15808 retask 1 33 17
[devMouse] retask slot1 (34,18)w0 -> (33,17)
[fifo] ar=15816 aistate
[devMouse] aistate written, ar=15816
[dbg] ar=15823 am=6 aA=6 aH=0 l=false j=false fullRedraw=false
[combat] p1 type3 died at (31,30) ar=15829 remaining=13
[fifo] ar=15830 mapdump /tmp/aoe-camp/m6h/map-s4.txt
[devMouse] mapdump written to /tmp/aoe-camp/m6h/map-s4.txt
[combat] p1 type3 died at (33,17) ar=15843 remaining=12
[dbg] ar=15848 am=6 aA=6 aH=0 l=false j=false fullRedraw=false
[fifoQ] ar=15872 retask 0 29 34
[fifo] ar=15873 retask 0 29 34
[devMouse] retask slot0 (35,35)w0 -> (29,34)
[dbg] ar=15873 am=6 aA=6 aH=0 l=false j=false fullRedraw=false
[fifoQ] ar=15880 retask 1 29 34
[fifo] ar=15881 retask 1 29 34
[devMouse] retask slot1 (33,17)w0 -> (29,34)
[fifoQ] ar=15889 retask 2 29 34
[fifo] ar=15890 retask 2 29 34
[devMouse] retask slot2 (33,20)w0 -> (29,34)
[fifoQ] ar=15897 retask 3 29 34
[fifo] ar=15898 retask 3 29 34
[devMouse] retask slot3 (37,36)w0 -> (29,34)
[dbg] ar=15898 am=6 aA=6 aH=0 l=false j=false fullRedraw=false
[fifoQ] ar=15905 retask 4 29 34
[fifo] ar=15905 retask 4 29 34
[devMouse] retask slot4 (36,37)w0 -> (29,34)
[fifoQ] ar=15912 retask 5 29 34
[fifo] ar=15913 retask 5 29 34
[devMouse] retask slot5 (31,30)w0 -> (29,34)
[fifoQ] ar=15921 retask 6 29 34
[fifo] ar=15921 retask 6 29 34
[devMouse] retask slot6 (37,35)w0 -> (29,34)
[dbg] ar=15923 am=6 aA=6 aH=0 l=false j=false fullRedraw=false
[fifoQ] ar=15929 retask 7 29 34
[fifo] ar=15930 retask 7 29 34
[devMouse] retask slot7 (36,36)w0 -> (29,34)
[fifoQ] ar=15938 retask 8 29 34
[fifo] ar=15939 retask 8 29 34
[devMouse] retask slot8 (37,37)w0 -> (29,34)
[fifoQ] ar=15945 retask 9 29 34
[fifo] ar=15946 retask 9 29 34
[devMouse] retask slot9 (34,35)w0 -> (29,34)
[dbg] ar=15948 am=6 aA=6 aH=0 l=false j=false fullRedraw=false
[fifoQ] ar=15953 retask 10 29 34
[fifo] ar=15954 retask 10 29 34
[devMouse] retask slot10 (35,36)w0 -> (29,34)
[fifoQ] ar=15960 retask 11 29 34
[fifo] ar=15961 retask 11 29 34
[devMouse] retask slot11 (36,35)w0 -> (29,34)
[dbg] ar=15973 am=6 aA=6 aH=0 l=false j=false fullRedraw=false
[fifo] ar=15992 aistate
[devMouse] aistate written, ar=15992
[dbg] ar=15998 am=6 aA=6 aH=0 l=false j=false fullRedraw=false
[fifoQ] ar=16005 retask 0 29 29
[fifo] ar=16006 retask 0 29 29
[devMouse] retask slot0 (29,34)w0 -> (29,29)
[fifoQ] ar=16013 retask 1 29 29
[fifo] ar=16013 retask 1 29 29
[devMouse] retask slot1 (29,33)w0 -> (29,29)
[fifoQ] ar=16021 retask 3 29 29
[fifo] ar=16022 retask 3 29 29
[devMouse] retask slot3 (30,33)w0 -> (29,29)
[dbg] ar=16023 am=6 aA=6 aH=0 l=false j=false fullRedraw=false
[fifoQ] ar=16029 retask 5 29 29
[fifo] ar=16030 retask 5 29 29
[devMouse] retask slot5 (28,33)w0 -> (29,29)
[dbg] ar=16048 am=6 aA=6 aH=0 l=false j=false fullRedraw=false
[fifo] ar=16063 aistate
[devMouse] aistate written, ar=16063
[dbg] ar=16073 am=6 aA=6 aH=0 l=false j=false fullRedraw=false
[fifoQ] ar=16074 retask 0 30 28
[fifo] ar=16075 retask 0 30 28
[devMouse] retask slot0 (30,30)w0 -> (30,28)
[fifoQ] ar=16082 retask 1 30 27
[fifo] ar=16083 retask 1 30 27
[devMouse] retask slot1 (29,29)w0 -> (30,27)
[fifoQ] ar=16091 retask 3 30 27
[fifo] ar=16091 retask 3 30 27
[devMouse] retask slot3 (30,29)w0 -> (30,27)
[dbg] ar=16098 am=6 aA=6 aH=0 l=false j=false fullRedraw=false
[fifoQ] ar=16098 retask 5 29 29
[fifo] ar=16099 retask 5 29 29
[devMouse] retask slot5 (27,29)w701 -> (29,29)
[fifoQ] ar=16106 retask 8 29 29
[fifo] ar=16107 retask 8 29 29
[devMouse] retask slot8 (30,33)w0 -> (29,29)
[fifoQ] ar=16115 retask 9 29 29
[fifo] ar=16115 retask 9 29 29
[devMouse] retask slot9 (28,33)w0 -> (29,29)
[fifoQ] ar=16122 retask 10 29 29
[fifo] ar=16123 retask 10 29 29
[devMouse] retask slot10 (29,33)w0 -> (29,29)
[dbg] ar=16123 am=6 aA=6 aH=0 l=false j=false fullRedraw=false
[fifoQ] ar=16130 retask 11 29 29
[fifo] ar=16131 retask 11 29 29
[devMouse] retask slot11 (29,34)w0 -> (29,29)
[dbg] ar=16148 am=6 aA=6 aH=0 l=false j=false fullRedraw=false
[fifo] ar=16163 aistate
[devMouse] aistate written, ar=16163
[combat] p0 type3 died at (27,27) ar=16170 remaining=11
[trace] g->8 (aA=6 am=6)
[dbg] ar=16173 am=6 aA=6 aH=0 l=false j=false fullRedraw=false
[fifoQ] ar=16175 retask 0 30 27
[fifo] ar=16176 retask 0 30 27
[devMouse] retask slot0 (30,29)w0 -> (30,27)
[fifoQ] ar=16184 retask 1 30 27
[fifo] ar=16185 retask 1 30 27
[devMouse] retask slot1 (29,31)w0 -> (30,27)
[fifoQ] ar=16192 retask 2 29 29
[fifo] ar=16193 retask 2 29 29
[devMouse] retask slot2 (30,33)w0 -> (29,29)
[dbg] ar=16198 am=6 aA=6 aH=0 l=false j=false fullRedraw=false
[fifoQ] ar=16200 retask 3 30 26
[fifo] ar=16201 retask 3 30 26
[devMouse] retask slot3 (29,28)w301 -> (30,26)
[fifoQ] ar=16209 retask 4 29 29
[fifo] ar=16209 retask 4 29 29
[devMouse] retask slot4 (28,33)w0 -> (29,29)
[fifoQ] ar=16217 retask 5 29 29
[fifo] ar=16218 retask 5 29 29
[devMouse] retask slot5 (25,27)w201 -> (29,29)
[dbg] ar=16223 am=6 aA=6 aH=0 l=false j=false fullRedraw=false
[bfs] p0 u0 escalate unitsBlock cur=1e1d target=1e1b -> len=8 ar=16226
[fifo] ar=16248 aistate
[devMouse] aistate written, ar=16248
[dbg] ar=16248 am=6 aA=6 aH=0 l=false j=false fullRedraw=false
[fifoQ] ar=16258 retask 1 30 26
[fifo] ar=16259 retask 1 30 26
[devMouse] retask slot1 (29,28)wd01 -> (30,26)
[fifoQ] ar=16267 retask 2 30 28
[fifo] ar=16268 retask 2 30 28
[devMouse] retask slot2 (29,30)wc01 -> (30,28)
[dbg] ar=16273 am=6 aA=6 aH=0 l=false j=false fullRedraw=false
[fifoQ] ar=16274 retask 3 30 22
[fifo] ar=16275 retask 3 30 22
[devMouse] retask slot3 (30,26)w0 -> (30,22)
[fifoQ] ar=16282 retask 5 30 28
[fifo] ar=16283 retask 5 30 28
[devMouse] retask slot5 (27,27)w201 -> (30,28)
[fifoQ] ar=16290 retask 8 30 27
[fifo] ar=16291 retask 8 30 27
[devMouse] retask slot8 (29,29)w0 -> (30,27)
[fifoQ] ar=16298 retask 10 30 28
[dbg] ar=16298 am=6 aA=6 aH=0 l=false j=false fullRedraw=false
[fifo] ar=16299 retask 10 30 28
[devMouse] retask slot10 (30,30)w0 -> (30,28)
[dbg] ar=16323 am=6 aA=6 aH=0 l=false j=false fullRedraw=false
[fifo] ar=16331 aistate
[devMouse] aistate written, ar=16331
[fifoQ] ar=16342 retask 0 30 26
[fifo] ar=16343 retask 0 30 26
[devMouse] retask slot0 (29,28)wd01 -> (30,26)
[dbg] ar=16348 am=6 aA=6 aH=0 l=false j=false fullRedraw=false
[fifoQ] ar=16350 retask 1 29 25
[fifo] ar=16350 retask 1 29 25
[devMouse] retask slot1 (29,27)w401 -> (29,25)
[fifoQ] ar=16358 retask 2 30 27
[fifo] ar=16358 retask 2 30 27
[devMouse] retask slot2 (30,29)w0 -> (30,27)
[fifoQ] ar=16366 retask 3 33 20
[fifo] ar=16367 retask 3 33 20
[devMouse] retask slot3 (30,22)w0 -> (33,20)
[dbg] ar=16373 am=6 aA=6 aH=0 l=false j=false fullRedraw=false
[fifoQ] ar=16374 retask 4 30 28
[fifo] ar=16375 retask 4 30 28
[devMouse] retask slot4 (29,30)w101 -> (30,28)
[fifoQ] ar=16382 retask 6 29 29
[fifo] ar=16383 retask 6 29 29
[devMouse] retask slot6 (28,33)w0 -> (29,29)
[fifoQ] ar=16390 retask 7 29 29
[fifo] ar=16391 retask 7 29 29
[devMouse] retask slot7 (29,34)w0 -> (29,29)
[fifoQ] ar=16398 retask 9 30 27
[dbg] ar=16398 am=6 aA=6 aH=0 l=false j=false fullRedraw=false
[fifo] ar=16399 retask 9 30 27
[devMouse] retask slot9 (29,29)w0 -> (30,27)
[dbg] ar=16423 am=6 aA=6 aH=0 l=false j=false fullRedraw=false
[fifo] ar=16428 aistate
[devMouse] aistate written, ar=16428
[fifoQ] ar=16441 retask 0 30 22
[fifo] ar=16442 retask 0 30 22
[devMouse] retask slot0 (30,26)w0 -> (30,22)
[fifoQ] ar=16448 retask 1 30 22
[dbg] ar=16448 am=6 aA=6 aH=0 l=false j=false fullRedraw=false
[fifo] ar=16449 retask 1 30 22
[devMouse] retask slot1 (29,25)w0 -> (30,22)
[fifoQ] ar=16456 retask 3 36 18
[fifo] ar=16457 retask 3 36 18
[devMouse] retask slot3 (33,20)w0 -> (36,18)
[fifoQ] ar=16464 retask 4 30 27
[fifo] ar=16464 retask 4 30 27
[devMouse] retask slot4 (30,29)w0 -> (30,27)
[fifoQ] ar=16472 retask 5 30 28
[fifo] ar=16472 retask 5 30 28
[devMouse] retask slot5 (27,27)w701 -> (30,28)
[dbg] ar=16473 am=6 aA=6 aH=0 l=false j=false fullRedraw=false
[fifoQ] ar=16479 retask 8 30 27
[fifo] ar=16480 retask 8 30 27
[devMouse] retask slot8 (25,27)w601 -> (30,27)
[fifoQ] ar=16487 retask 9 30 27
[fifo] ar=16487 retask 9 30 27
[devMouse] retask slot9 (31,24)w0 -> (30,27)
[dbg] ar=16498 am=6 aA=6 aH=0 l=false j=false fullRedraw=false
[fifo] ar=16521 aistate
[devMouse] aistate written, ar=16521
[dbg] ar=16523 am=6 aA=6 aH=0 l=false j=false fullRedraw=false
[fifoQ] ar=16533 retask 0 33 20
[fifo] ar=16534 retask 0 33 20
[devMouse] retask slot0 (30,22)w0 -> (33,20)
[fifoQ] ar=16541 retask 1 33 20
[fifo] ar=16542 retask 1 33 20
[devMouse] retask slot1 (31,23)w0 -> (33,20)
[dbg] ar=16548 am=6 aA=6 aH=0 l=false j=false fullRedraw=false
[fifoQ] ar=16549 retask 3 37 16
[fifo] ar=16550 retask 3 37 16
[devMouse] retask slot3 (36,18)w0 -> (37,16)
[fifoQ] ar=16557 retask 4 30 26
[fifo] ar=16558 retask 4 30 26
[devMouse] retask slot4 (29,28)w0 -> (30,26)
[fifoQ] ar=16565 retask 5 29 25
[fifo] ar=16566 retask 5 29 25
[devMouse] retask slot5 (29,27)w0 -> (29,25)
[fifoQ] ar=16573 retask 6 30 27
[fifo] ar=16573 retask 6 30 27
[devMouse] retask slot6 (29,29)w0 -> (30,27)
[dbg] ar=16573 am=6 aA=6 aH=0 l=false j=false fullRedraw=false
[fifoQ] ar=16580 retask 7 30 28
[fifo] ar=16581 retask 7 30 28
[devMouse] retask slot7 (30,30)w0 -> (30,28)
[dbg] ar=16598 am=6 aA=6 aH=0 l=false j=false fullRedraw=false
[fifo] ar=16610 aistate
[devMouse] aistate written, ar=16610
[fifoQ] ar=16622 retask 0 36 18
[fifo] ar=16623 retask 0 36 18
[devMouse] retask slot0 (33,20)w0 -> (36,18)
[dbg] ar=16623 am=6 aA=6 aH=0 l=false j=false fullRedraw=false
[fifoQ] ar=16629 retask 1 34 19
[fifo] ar=16630 retask 1 34 19
[devMouse] retask slot1 (32,21)w0 -> (34,19)
[fifoQ] ar=16637 retask 3 37 12
[fifo] ar=16638 retask 3 37 12
[devMouse] retask slot3 (37,16)w0 -> (37,12)
[fifoQ] ar=16645 retask 5 30 22
[fifo] ar=16646 retask 5 30 22
[devMouse] retask slot5 (29,25)w0 -> (30,22)
[dbg] ar=16648 am=6 aA=6 aH=0 l=false j=false fullRedraw=false
[fifoQ] ar=16653 retask 6 30 26
[fifo] ar=16654 retask 6 30 26
[devMouse] retask slot6 (29,28)w0 -> (30,26)
[fifoQ] ar=16661 retask 7 30 27
[fifo] ar=16661 retask 7 30 27
[devMouse] retask slot7 (30,29)w0 -> (30,27)
[fifoQ] ar=16669 retask 9 30 22
[fifo] ar=16670 retask 9 30 22
[devMouse] retask slot9 (29,26)w0 -> (30,22)
[dbg] ar=16673 am=6 aA=6 aH=0 l=false j=false fullRedraw=false
[dbg] ar=16698 am=6 aA=6 aH=0 l=false j=false fullRedraw=false
[fifo] ar=16701 aistate
[devMouse] aistate written, ar=16701
[fifoQ] ar=16712 retask 0 37 16
[fifo] ar=16713 retask 0 37 16
[devMouse] retask slot0 (36,18)w0 -> (37,16)
[fifoQ] ar=16721 retask 1 36 18
[fifo] ar=16722 retask 1 36 18
[devMouse] retask slot1 (34,19)w0 -> (36,18)
[dbg] ar=16723 am=6 aA=6 aH=0 l=false j=false fullRedraw=false
[fifoQ] ar=16729 retask 2 29 25
[fifo] ar=16730 retask 2 29 25
[devMouse] retask slot2 (29,27)w0 -> (29,25)
[fifoQ] ar=16737 retask 3 35 10
[fifo] ar=16738 retask 3 35 10
[devMouse] retask slot3 (37,12)w0 -> (35,10)
[fifoQ] ar=16745 retask 4 30 22
[fifo] ar=16746 retask 4 30 22
[devMouse] retask slot4 (30,26)w0 -> (30,22)
[dbg] ar=16748 am=6 aA=6 aH=0 l=false j=false fullRedraw=false
[fifoQ] ar=16753 retask 5 33 20
[fifo] ar=16754 retask 5 33 20
[devMouse] retask slot5 (30,22)w0 -> (33,20)
[fifoQ] ar=16760 retask 7 30 26
[fifo] ar=16761 retask 7 30 26
[devMouse] retask slot7 (29,28)w0 -> (30,26)
[dbg] ar=16773 am=6 aA=6 aH=0 l=false j=false fullRedraw=false
[fifo] ar=16790 aistate
[devMouse] aistate written, ar=16790
[dbg] ar=16798 am=6 aA=6 aH=0 l=false j=false fullRedraw=false
[fifoQ] ar=16802 retask 0 37 12
[fifo] ar=16803 retask 0 37 12
[devMouse] retask slot0 (37,16)w0 -> (37,12)
[fifoQ] ar=16810 retask 1 37 16
[fifo] ar=16811 retask 1 37 16
[devMouse] retask slot1 (36,18)w0 -> (37,16)
[fifoQ] ar=16818 retask 2 30 22
[fifo] ar=16819 retask 2 30 22
[devMouse] retask slot2 (29,26)w0 -> (30,22)
[dbg] ar=16823 am=6 aA=6 aH=0 l=false j=false fullRedraw=false
[fifoQ] ar=16826 retask 3 30 10
[fifo] ar=16827 retask 3 30 10
[devMouse] retask slot3 (35,10)w0 -> (30,10)
[fifoQ] ar=16834 retask 4 33 20
[fifo] ar=16835 retask 4 33 20
[devMouse] retask slot4 (30,22)w0 -> (33,20)
[fifoQ] ar=16841 retask 5 36 18
[fifo] ar=16842 retask 5 36 18
[devMouse] retask slot5 (33,20)w0 -> (36,18)
[dbg] ar=16848 am=6 aA=6 aH=0 l=false j=false fullRedraw=false
[fifoQ] ar=16850 retask 6 30 22
[fifo] ar=16851 retask 6 30 22
[devMouse] retask slot6 (29,25)w0 -> (30,22)
[fifoQ] ar=16857 retask 7 30 22
[fifo] ar=16858 retask 7 30 22
[devMouse] retask slot7 (30,26)w0 -> (30,22)
[fifoQ] ar=16865 retask 9 33 20
[fifo] ar=16866 retask 9 33 20
[devMouse] retask slot9 (31,23)w0 -> (33,20)
[fifoQ] ar=16873 retask 10 30 27
[dbg] ar=16873 am=6 aA=6 aH=0 l=false j=false fullRedraw=false
[fifo] ar=16874 retask 10 30 27
[devMouse] retask slot10 (30,29)w0 -> (30,27)
[dbg] ar=16898 am=6 aA=6 aH=0 l=false j=false fullRedraw=false
[fifo] ar=16906 aistate
[devMouse] aistate written, ar=16906
[fifoQ] ar=16918 retask 0 35 10
[fifo] ar=16919 retask 0 35 10
[devMouse] retask slot0 (37,12)w0 -> (35,10)
[dbg] ar=16923 am=6 aA=6 aH=0 l=false j=false fullRedraw=false
[fifoQ] ar=16926 retask 1 37 12
[fifo] ar=16927 retask 1 37 12
[devMouse] retask slot1 (37,16)w0 -> (37,12)
[fifoQ] ar=16934 retask 2 33 20
[fifo] ar=16934 retask 2 33 20
[devMouse] retask slot2 (30,22)w0 -> (33,20)
[fifoQ] ar=16942 retask 3 25 10
[fifo] ar=16942 retask 3 25 10
[devMouse] retask slot3 (30,10)w0 -> (25,10)
[dbg] ar=16948 am=6 aA=6 aH=0 l=false j=false fullRedraw=false
[fifoQ] ar=16949 retask 4 36 18
[fifo] ar=16950 retask 4 36 18
[devMouse] retask slot4 (33,20)w0 -> (36,18)
[fifoQ] ar=16958 retask 5 37 16
[fifo] ar=16958 retask 5 37 16
[devMouse] retask slot5 (36,18)w0 -> (37,16)
[fifoQ] ar=16966 retask 6 33 20
[fifo] ar=16966 retask 6 33 20
[devMouse] retask slot6 (31,23)w0 -> (33,20)
[dbg] ar=16973 am=6 aA=6 aH=0 l=false j=false fullRedraw=false
[fifoQ] ar=16974 retask 8 30 26
[fifo] ar=16975 retask 8 30 26
[devMouse] retask slot8 (29,28)w0 -> (30,26)
[fifoQ] ar=16982 retask 9 34 19
[fifo] ar=16983 retask 9 34 19
[devMouse] retask slot9 (32,21)w0 -> (34,19)
[dbg] ar=16998 am=6 aA=6 aH=0 l=false j=false fullRedraw=false
[fifo] ar=17013 aistate
[devMouse] aistate written, ar=17013
[dbg] ar=17023 am=6 aA=6 aH=0 l=false j=false fullRedraw=false
[fifoQ] ar=17025 retask 0 30 10
[fifo] ar=17026 retask 0 30 10
[devMouse] retask slot0 (35,10)w0 -> (30,10)
[fifoQ] ar=17033 retask 1 35 10
[fifo] ar=17034 retask 1 35 10
[devMouse] retask slot1 (37,12)w0 -> (35,10)
[fifoQ] ar=17041 retask 2 36 18
[fifo] ar=17042 retask 2 36 18
[devMouse] retask slot2 (33,20)w0 -> (36,18)
[dbg] ar=17048 am=6 aA=6 aH=0 l=false j=false fullRedraw=false
[fifoQ] ar=17049 retask 3 20 9
[fifo] ar=17050 retask 3 20 9
[devMouse] retask slot3 (25,10)w0 -> (20,9)
[fifoQ] ar=17057 retask 4 37 16
[fifo] ar=17058 retask 4 37 16
[devMouse] retask slot4 (36,18)w0 -> (37,16)
[fifoQ] ar=17065 retask 5 37 12
[fifo] ar=17066 retask 5 37 12
[devMouse] retask slot5 (37,16)w0 -> (37,12)
[fifoQ] ar=17073 retask 7 33 20
[dbg] ar=17073 am=6 aA=6 aH=0 l=false j=false fullRedraw=false
[fifo] ar=17074 retask 7 33 20
[devMouse] retask slot7 (30,22)w0 -> (33,20)
[fifoQ] ar=17081 retask 9 36 18
[fifo] ar=17081 retask 9 36 18
[devMouse] retask slot9 (34,19)w0 -> (36,18)
[fifoQ] ar=17088 retask 10 29 25
[fifo] ar=17089 retask 10 29 25
[devMouse] retask slot10 (29,27)w0 -> (29,25)
[dbg] ar=17098 am=6 aA=6 aH=0 l=false j=false fullRedraw=false
[fifo] ar=17120 aistate
[devMouse] aistate written, ar=17120
[dbg] ar=17123 am=6 aA=6 aH=0 l=false j=false fullRedraw=false
[fifoQ] ar=17132 retask 0 25 10
[fifo] ar=17133 retask 0 25 10
[devMouse] retask slot0 (30,10)w0 -> (25,10)
[fifoQ] ar=17140 retask 1 30 10
[fifo] ar=17141 retask 1 30 10
[devMouse] retask slot1 (35,10)w0 -> (30,10)
[fifoQ] ar=17148 retask 2 37 16
[dbg] ar=17148 am=6 aA=6 aH=0 l=false j=false fullRedraw=false
[fifo] ar=17149 retask 2 37 16
[devMouse] retask slot2 (36,18)w0 -> (37,16)
[fifoQ] ar=17156 retask 3 18 8
[fifo] ar=17156 retask 3 18 8
[devMouse] retask slot3 (20,9)w0 -> (18,8)
[fifoQ] ar=17163 retask 4 37 12
[fifo] ar=17164 retask 4 37 12
[devMouse] retask slot4 (37,17)w0 -> (37,12)
[fifoQ] ar=17171 retask 5 35 10
[fifo] ar=17172 retask 5 35 10
[devMouse] retask slot5 (37,12)w0 -> (35,10)
[dbg] ar=17173 am=6 aA=6 aH=0 l=false j=false fullRedraw=false
[fifoQ] ar=17179 retask 6 34 19
[fifo] ar=17180 retask 6 34 19
[devMouse] retask slot6 (32,20)w0 -> (34,19)
[fifoQ] ar=17187 retask 7 36 18
[fifo] ar=17188 retask 7 36 18
[devMouse] retask slot7 (33,20)w0 -> (36,18)
[fifoQ] ar=17195 retask 8 30 22
[fifo] ar=17195 retask 8 30 22
[devMouse] retask slot8 (30,26)w0 -> (30,22)
[dbg] ar=17198 am=6 aA=6 aH=0 l=false j=false fullRedraw=false
[fifoQ] ar=17203 retask 9 37 16
[fifo] ar=17204 retask 9 37 16
[devMouse] retask slot9 (35,18)w0 -> (37,16)
[fifoQ] ar=17211 retask 10 30 22
[fifo] ar=17212 retask 10 30 22
[devMouse] retask slot10 (29,25)w0 -> (30,22)
[dbg] ar=17223 am=6 aA=6 aH=0 l=false j=false fullRedraw=false
[fifo] ar=17240 aistate
[devMouse] aistate written, ar=17240
[dbg] ar=17248 am=6 aA=6 aH=0 l=false j=false fullRedraw=false
[fifoQ] ar=17252 retask 0 20 9
[fifo] ar=17253 retask 0 20 9
[devMouse] retask slot0 (25,10)w0 -> (20,9)
[fifoQ] ar=17260 retask 1 25 10
[fifo] ar=17261 retask 1 25 10
[devMouse] retask slot1 (30,10)w0 -> (25,10)
[fifoQ] ar=17268 retask 2 37 12
[fifo] ar=17269 retask 2 37 12
[devMouse] retask slot2 (37,16)w0 -> (37,12)
[dbg] ar=17273 am=6 aA=6 aH=0 l=false j=false fullRedraw=false
[fifoQ] ar=17276 retask 3 16 8
[fifo] ar=17277 retask 3 16 8
[devMouse] retask slot3 (18,8)w0 -> (16,8)
[fifoQ] ar=17284 retask 4 35 10
[fifo] ar=17285 retask 4 35 10
[devMouse] retask slot4 (37,12)w0 -> (35,10)
[fifoQ] ar=17293 retask 5 30 10
[fifo] ar=17293 retask 5 30 10
[devMouse] retask slot5 (35,10)w0 -> (30,10)
[dbg] ar=17298 am=6 aA=6 aH=0 l=false j=false fullRedraw=false
[fifoQ] ar=17300 retask 6 36 18
[fifo] ar=17301 retask 6 36 18
[devMouse] retask slot6 (33,19)w0 -> (36,18)
[fifoQ] ar=17308 retask 7 37 16
[fifo] ar=17309 retask 7 37 16
[devMouse] retask slot7 (36,18)w0 -> (37,16)
[fifoQ] ar=17316 retask 9 37 12
[fifo] ar=17316 retask 9 37 12
[devMouse] retask slot9 (36,17)w0 -> (37,12)
[dbg] ar=17323 am=6 aA=6 aH=0 l=false j=false fullRedraw=false
[fifo] ar=17348 aistate
[devMouse] aistate written, ar=17348
[dbg] ar=17348 am=6 aA=6 aH=0 l=false j=false fullRedraw=false
[fifoQ] ar=17360 retask 0 18 8
[fifo] ar=17361 retask 0 18 8
[devMouse] retask slot0 (20,9)w0 -> (18,8)
[fifoQ] ar=17367 retask 1 20 9
[fifo] ar=17368 retask 1 20 9
[devMouse] retask slot1 (25,10)w0 -> (20,9)
[dbg] ar=17373 am=6 aA=6 aH=0 l=false j=false fullRedraw=false
[fifoQ] ar=17375 retask 2 35 10
[fifo] ar=17376 retask 2 35 10
[devMouse] retask slot2 (37,12)w0 -> (35,10)
[fifoQ] ar=17382 retask 3 16 6
[fifo] ar=17383 retask 3 16 6
[devMouse] retask slot3 (16,8)w0 -> (16,6)
[fifoQ] ar=17390 retask 4 30 10
[fifo] ar=17391 retask 4 30 10
[devMouse] retask slot4 (36,11)w0 -> (30,10)
[dbg] ar=17398 am=6 aA=6 aH=0 l=false j=false fullRedraw=false
[fifoQ] ar=17399 retask 5 25 10
[fifo] ar=17399 retask 5 25 10
[devMouse] retask slot5 (30,10)w0 -> (25,10)
[fifoQ] ar=17407 retask 6 37 16
[fifo] ar=17407 retask 6 37 16
[devMouse] retask slot6 (36,18)w0 -> (37,16)
[fifoQ] ar=17415 retask 7 37 12
[fifo] ar=17415 retask 7 37 12
[devMouse] retask slot7 (37,17)w0 -> (37,12)
[fifoQ] ar=17423 retask 8 33 20
[dbg] ar=17423 am=6 aA=6 aH=0 l=false j=false fullRedraw=false
[fifo] ar=17424 retask 8 33 20
[devMouse] retask slot8 (30,22)w0 -> (33,20)
[fifoQ] ar=17431 retask 10 33 20
[fifo] ar=17431 retask 10 33 20
[devMouse] retask slot10 (31,23)w0 -> (33,20)
[dbg] ar=17448 am=6 aA=6 aH=0 l=false j=false fullRedraw=false
[fifo] ar=17461 aistate
[devMouse] aistate written, ar=17461
[fifoQ] ar=17473 retask 0 16 8
[dbg] ar=17473 am=6 aA=6 aH=0 l=false j=false fullRedraw=false
[fifo] ar=17474 retask 0 16 8
[devMouse] retask slot0 (18,8)w0 -> (16,8)
[fifoQ] ar=17481 retask 1 18 8
[fifo] ar=17481 retask 1 18 8
[devMouse] retask slot1 (20,9)w0 -> (18,8)
[fifoQ] ar=17489 retask 2 30 10
[fifo] ar=17490 retask 2 30 10
[devMouse] retask slot2 (35,10)w0 -> (30,10)
[fifoQ] ar=17497 retask 3 16 4
[fifo] ar=17497 retask 3 16 4
[devMouse] retask slot3 (16,6)w0 -> (16,4)
[dbg] ar=17498 am=6 aA=6 aH=0 l=false j=false fullRedraw=false
[fifoQ] ar=17505 retask 4 25 10
[fifo] ar=17506 retask 4 25 10
[devMouse] retask slot4 (30,10)w0 -> (25,10)
[fifoQ] ar=17514 retask 5 20 9
[fifo] ar=17514 retask 5 20 9
[devMouse] retask slot5 (25,10)w0 -> (20,9)
[fifoQ] ar=17522 retask 6 37 12
[fifo] ar=17522 retask 6 37 12
[devMouse] retask slot6 (37,16)w0 -> (37,12)
[dbg] ar=17523 am=6 aA=6 aH=0 l=false j=false fullRedraw=false
[fifoQ] ar=17529 retask 8 36 18
[fifo] ar=17530 retask 8 36 18
[devMouse] retask slot8 (33,20)w0 -> (36,18)
[fifoQ] ar=17537 retask 9 35 10
[fifo] ar=17538 retask 9 35 10
[devMouse] retask slot9 (37,12)w0 -> (35,10)
[dbg] ar=17548 am=6 aA=6 aH=0 l=false j=false fullRedraw=false
[fifo] ar=17570 aistate
[devMouse] aistate written, ar=17570
[dbg] ar=17573 am=6 aA=6 aH=0 l=false j=false fullRedraw=false
[fifoQ] ar=17582 retask 0 16 6
[fifo] ar=17582 retask 0 16 6
[devMouse] retask slot0 (16,8)w0 -> (16,6)
[fifoQ] ar=17589 retask 1 16 8
[fifo] ar=17590 retask 1 16 8
[devMouse] retask slot1 (18,8)w0 -> (16,8)
[fifoQ] ar=17598 retask 2 25 10
[dbg] ar=17598 am=6 aA=6 aH=0 l=false j=false fullRedraw=false
[fifo] ar=17599 retask 2 25 10
[devMouse] retask slot2 (30,10)w0 -> (25,10)
[fifoQ] ar=17605 retask 3 16 2
[fifo] ar=17606 retask 3 16 2
[devMouse] retask slot3 (16,4)w0 -> (16,2)
[fifoQ] ar=17613 retask 4 20 9
[fifo] ar=17614 retask 4 20 9
[devMouse] retask slot4 (25,10)w0 -> (20,9)
[fifoQ] ar=17620 retask 5 18 8
[fifo] ar=17621 retask 5 18 8
[devMouse] retask slot5 (20,9)w0 -> (18,8)
[dbg] ar=17623 am=6 aA=6 aH=0 l=false j=false fullRedraw=false
[fifoQ] ar=17629 retask 7 36 11
[fifo] ar=17629 retask 7 36 11
[devMouse] retask slot7 (38,13)w0 -> (36,11)
[fifoQ] ar=17636 retask 8 37 16
[fifo] ar=17637 retask 8 37 16
[devMouse] retask slot8 (36,18)w0 -> (37,16)
[fifoQ] ar=17645 retask 9 30 10
[fifo] ar=17645 retask 9 30 10
[devMouse] retask slot9 (35,10)w0 -> (30,10)
[dbg] ar=17648 am=6 aA=6 aH=0 l=false j=false fullRedraw=false
[fifoQ] ar=17653 retask 10 34 19
[fifo] ar=17654 retask 10 34 19
[devMouse] retask slot10 (32,21)w0 -> (34,19)
[dbg] ar=17673 am=6 aA=6 aH=0 l=false j=false fullRedraw=false
[fifo] ar=17683 aistate
[devMouse] aistate written, ar=17683
[fifoQ] ar=17696 retask 0 16 4
[fifo] ar=17697 retask 0 16 4
[devMouse] retask slot0 (16,6)w0 -> (16,4)
[dbg] ar=17698 am=6 aA=6 aH=0 l=false j=false fullRedraw=false
[fifoQ] ar=17703 retask 1 16 6
[fifo] ar=17704 retask 1 16 6
[devMouse] retask slot1 (16,8)w0 -> (16,6)
[fifoQ] ar=17712 retask 2 20 9
[fifo] ar=17712 retask 2 20 9
[devMouse] retask slot2 (25,10)w0 -> (20,9)
[fifoQ] ar=17719 retask 4 18 8
[fifo] ar=17720 retask 4 18 8
[devMouse] retask slot4 (20,9)w0 -> (18,8)
[dbg] ar=17723 am=6 aA=6 aH=0 l=false j=false fullRedraw=false
[fifoQ] ar=17727 retask 5 16 8
[fifo] ar=17728 retask 5 16 8
[devMouse] retask slot5 (18,8)w0 -> (16,8)
[fifoQ] ar=17735 retask 6 35 10
[fifo] ar=17735 retask 6 35 10
[devMouse] retask slot6 (37,12)w0 -> (35,10)
[fifoQ] ar=17743 retask 7 30 10
[fifo] ar=17744 retask 7 30 10
[devMouse] retask slot7 (36,11)w0 -> (30,10)
[dbg] ar=17748 am=6 aA=6 aH=0 l=false j=false fullRedraw=false
[fifoQ] ar=17751 retask 8 37 12
[fifo] ar=17752 retask 8 37 12
[devMouse] retask slot8 (37,16)w0 -> (37,12)
[fifoQ] ar=17759 retask 10 36 18
[fifo] ar=17760 retask 10 36 18
[devMouse] retask slot10 (34,19)w0 -> (36,18)
[dbg] ar=17773 am=6 aA=6 aH=0 l=false j=false fullRedraw=false
[fifo] ar=17791 aistate
[devMouse] aistate written, ar=17791
[dbg] ar=17798 am=6 aA=6 aH=0 l=false j=false fullRedraw=false
[fifoQ] ar=17803 retask 0 16 2
[fifo] ar=17804 retask 0 16 2
[devMouse] retask slot0 (16,4)w0 -> (16,2)
[fifoQ] ar=17811 retask 1 16 4
[fifo] ar=17811 retask 1 16 4
[devMouse] retask slot1 (16,6)w0 -> (16,4)
[fifoQ] ar=17819 retask 2 18 8
[fifo] ar=17819 retask 2 18 8
[devMouse] retask slot2 (20,9)w0 -> (18,8)
[dbg] ar=17823 am=6 aA=6 aH=0 l=false j=false fullRedraw=false
[fifoQ] ar=17826 retask 4 16 8
[fifo] ar=17827 retask 4 16 8
[devMouse] retask slot4 (19,8)w0 -> (16,8)
[fifoQ] ar=17834 retask 5 16 6
[fifo] ar=17835 retask 5 16 6
[devMouse] retask slot5 (16,8)w0 -> (16,6)
[fifoQ] ar=17842 retask 6 30 10
[fifo] ar=17842 retask 6 30 10
[devMouse] retask slot6 (35,10)w0 -> (30,10)
[dbg] ar=17848 am=6 aA=6 aH=0 l=false j=false fullRedraw=false
[fifoQ] ar=17850 retask 9 25 10
[fifo] ar=17851 retask 9 25 10
[devMouse] retask slot9 (30,10)w0 -> (25,10)
[fifoQ] ar=17858 retask 10 37 16
[fifo] ar=17858 retask 10 37 16
[devMouse] retask slot10 (36,18)w0 -> (37,16)
[dbg] ar=17873 am=6 aA=6 aH=0 l=false j=false fullRedraw=false
[fifo] ar=17887 aistate
[devMouse] aistate written, ar=17887
[fifoQ] ar=17897 retask 0 16 1
[fifo] ar=17898 retask 0 16 1
[devMouse] retask slot0 (17,3)w0 -> (16,1)
[dbg] ar=17898 am=6 aA=6 aH=0 l=false j=false fullRedraw=false
[fifoQ] ar=17905 retask 1 16 2
[fifo] ar=17906 retask 1 16 2
[devMouse] retask slot1 (16,4)w0 -> (16,2)
[fifoQ] ar=17913 retask 2 16 8
[fifo] ar=17914 retask 2 16 8
[devMouse] retask slot2 (18,8)w0 -> (16,8)
[fifoQ] ar=17921 retask 4 16 6
[fifo] ar=17921 retask 4 16 6
[devMouse] retask slot4 (16,8)w0 -> (16,6)
[dbg] ar=17923 am=6 aA=6 aH=0 l=false j=false fullRedraw=false
[fifoQ] ar=17929 retask 5 16 4
[fifo] ar=17929 retask 5 16 4
[devMouse] retask slot5 (16,6)w0 -> (16,4)
[fifoQ] ar=17937 retask 7 25 10
[fifo] ar=17938 retask 7 25 10
[devMouse] retask slot7 (31,9)w0 -> (25,10)
[fifoQ] ar=17945 retask 8 35 10
[fifo] ar=17946 retask 8 35 10
[devMouse] retask slot8 (37,12)w0 -> (35,10)
[dbg] ar=17948 am=6 aA=6 aH=0 l=false j=false fullRedraw=false
[fifoQ] ar=17953 retask 10 37 12
[fifo] ar=17954 retask 10 37 12
[devMouse] retask slot10 (37,16)w0 -> (37,12)
[dbg] ar=17973 am=6 aA=6 aH=0 l=false j=false fullRedraw=false
[fifo] ar=17984 aistate
[devMouse] aistate written, ar=17984
[fifoQ] ar=17996 retask 1 16 1
[fifo] ar=17997 retask 1 16 1
[devMouse] retask slot1 (17,3)w0 -> (16,1)
[dbg] ar=17998 am=6 aA=6 aH=0 l=false j=false fullRedraw=false
[fifoQ] ar=18004 retask 2 16 4
[fifo] ar=18005 retask 2 16 4
[devMouse] retask slot2 (17,7)w0 -> (16,4)
[fifoQ] ar=18012 retask 4 16 4
[fifo] ar=18013 retask 4 16 4
[devMouse] retask slot4 (16,6)w0 -> (16,4)
[fifoQ] ar=18021 retask 5 16 2
[fifo] ar=18021 retask 5 16 2
[devMouse] retask slot5 (16,4)w0 -> (16,2)
[dbg] ar=18023 am=6 aA=6 aH=0 l=false j=false fullRedraw=false
[fifoQ] ar=18029 retask 6 25 10
[fifo] ar=18029 retask 6 25 10
[devMouse] retask slot6 (30,10)w0 -> (25,10)
[fifoQ] ar=18036 retask 8 30 10
[fifo] ar=18037 retask 8 30 10
[devMouse] retask slot8 (35,10)w0 -> (30,10)
[fifoQ] ar=18043 retask 9 20 9
[fifo] ar=18044 retask 9 20 9
[devMouse] retask slot9 (25,10)w0 -> (20,9)
[dbg] ar=18048 am=6 aA=6 aH=0 l=false j=false fullRedraw=false
[fifo] ar=18073 aistate
[devMouse] aistate written, ar=18073
[dbg] ar=18073 am=6 aA=6 aH=0 l=false j=false fullRedraw=false
[fifoQ] ar=18086 retask 1 16 1
[fifo] ar=18087 retask 1 16 1
[devMouse] retask slot1 (17,2)w0 -> (16,1)
[fifoQ] ar=18095 retask 2 16 2
[fifo] ar=18095 retask 2 16 2
[devMouse] retask slot2 (17,5)w0 -> (16,2)
[dbg] ar=18098 am=6 aA=6 aH=0 l=false j=false fullRedraw=false
[fifoQ] ar=18102 retask 4 16 2
[fifo] ar=18103 retask 4 16 2
[devMouse] retask slot4 (15,5)w0 -> (16,2)
[fifoQ] ar=18110 retask 5 16 1
[fifo] ar=18111 retask 5 16 1
[devMouse] retask slot5 (17,3)w0 -> (16,1)
[fifoQ] ar=18118 retask 7 20 9
[fifo] ar=18119 retask 7 20 9
[devMouse] retask slot7 (26,9)w0 -> (20,9)
[dbg] ar=18123 am=6 aA=6 aH=0 l=false j=false fullRedraw=false
[fifoQ] ar=18125 retask 10 35 10
[fifo] ar=18126 retask 10 35 10
[devMouse] retask slot10 (37,12)w0 -> (35,10)
[dbg] ar=18148 am=6 aA=6 aH=0 l=false j=false fullRedraw=false
[fifo] ar=18159 aistate
[devMouse] aistate written, ar=18159
[fifoQ] ar=18170 retask 2 16 1
[fifo] ar=18171 retask 2 16 1
[devMouse] retask slot2 (16,3)w0 -> (16,1)
[dbg] ar=18173 am=6 aA=6 aH=0 l=false j=false fullRedraw=false
[fifoQ] ar=18178 retask 4 16 1
[fifo] ar=18178 retask 4 16 1
[devMouse] retask slot4 (17,3)w0 -> (16,1)
[fifoQ] ar=18185 retask 5 17 1
[fifo] ar=18186 retask 5 17 1
[devMouse] retask slot5 (15,2)w0 -> (17,1)
[fifoQ] ar=18193 retask 6 20 9
[fifo] ar=18194 retask 6 20 9
[devMouse] retask slot6 (25,10)w0 -> (20,9)
[dbg] ar=18198 am=6 aA=6 aH=0 l=false j=false fullRedraw=false
[fifoQ] ar=18201 retask 8 25 10
[fifo] ar=18202 retask 8 25 10
[devMouse] retask slot8 (30,10)w0 -> (25,10)
[fifoQ] ar=18209 retask 9 18 8
[fifo] ar=18210 retask 9 18 8
[devMouse] retask slot9 (20,9)w0 -> (18,8)
[fifoQ] ar=18217 retask 10 30 10
[fifo] ar=18217 retask 10 30 10
[devMouse] retask slot10 (35,10)w0 -> (30,10)
[dbg] ar=18223 am=6 aA=6 aH=0 l=false j=false fullRedraw=false
[dbg] ar=18248 am=6 aA=6 aH=0 l=false j=false fullRedraw=false
[fifo] ar=18249 aistate
[devMouse] aistate written, ar=18249
[fifoQ] ar=18261 retask 2 17 1
[fifo] ar=18262 retask 2 17 1
[devMouse] retask slot2 (15,0)w0 -> (17,1)
[fifoQ] ar=18269 retask 7 18 8
[fifo] ar=18270 retask 7 18 8
[devMouse] retask slot7 (21,8)w0 -> (18,8)
[dbg] ar=18273 am=6 aA=6 aH=0 l=false j=false fullRedraw=false
[fifoQ] ar=18277 retask 9 16 8
[fifo] ar=18278 retask 9 16 8
[devMouse] retask slot9 (18,8)w0 -> (16,8)
[dbg] ar=18298 am=6 aA=6 aH=0 l=false j=false fullRedraw=false
[fifo] ar=18309 aistate
[devMouse] aistate written, ar=18309
[fifoQ] ar=18319 retask 6 18 8
[fifo] ar=18320 retask 6 18 8
[devMouse] retask slot6 (20,9)w0 -> (18,8)
[dbg] ar=18323 am=6 aA=6 aH=0 l=false j=false fullRedraw=false
[fifoQ] ar=18327 retask 7 16 8
[fifo] ar=18328 retask 7 16 8
[devMouse] retask slot7 (18,8)w0 -> (16,8)
[fifoQ] ar=18334 retask 8 20 9
[fifo] ar=18335 retask 8 20 9
[devMouse] retask slot8 (25,10)w0 -> (20,9)
[fifoQ] ar=18342 retask 9 16 6
[fifo] ar=18343 retask 9 16 6
[devMouse] retask slot9 (16,8)w0 -> (16,6)
[dbg] ar=18348 am=6 aA=6 aH=0 l=false j=false fullRedraw=false
[fifoQ] ar=18350 retask 10 25 10
[fifo] ar=18351 retask 10 25 10
[devMouse] retask slot10 (30,10)w0 -> (25,10)
[dbg] ar=18373 am=6 aA=6 aH=0 l=false j=false fullRedraw=false
[fifo] ar=18384 aistate
[devMouse] aistate written, ar=18384
[fifoQ] ar=18396 retask 6 16 8
[fifo] ar=18397 retask 6 16 8
[devMouse] retask slot6 (18,8)w0 -> (16,8)
[dbg] ar=18398 am=6 aA=6 aH=0 l=false j=false fullRedraw=false
[fifoQ] ar=18404 retask 7 16 6
[fifo] ar=18405 retask 7 16 6
[devMouse] retask slot7 (16,8)w0 -> (16,6)
[fifoQ] ar=18412 retask 9 16 4
[fifo] ar=18413 retask 9 16 4
[devMouse] retask slot9 (16,6)w0 -> (16,4)
[dbg] ar=18423 am=6 aA=6 aH=0 l=false j=false fullRedraw=false
[fifo] ar=18445 aistate
[devMouse] aistate written, ar=18445
[dbg] ar=18448 am=6 aA=6 aH=0 l=false j=false fullRedraw=false
[fifoQ] ar=18457 retask 6 16 6
[fifo] ar=18458 retask 6 16 6
[devMouse] retask slot6 (16,8)w0 -> (16,6)
[fifoQ] ar=18465 retask 7 16 4
[fifo] ar=18465 retask 7 16 4
[devMouse] retask slot7 (16,6)w0 -> (16,4)
[fifoQ] ar=18472 retask 8 18 8
[fifo] ar=18473 retask 8 18 8
[devMouse] retask slot8 (20,9)w0 -> (18,8)
[dbg] ar=18473 am=6 aA=6 aH=0 l=false j=false fullRedraw=false
[fifoQ] ar=18481 retask 9 16 2
[fifo] ar=18481 retask 9 16 2
[devMouse] retask slot9 (16,4)w0 -> (16,2)
[fifoQ] ar=18488 retask 10 20 9
[fifo] ar=18489 retask 10 20 9
[devMouse] retask slot10 (25,10)w0 -> (20,9)
[dbg] ar=18498 am=6 aA=6 aH=0 l=false j=false fullRedraw=false
[fifo] ar=18518 aistate
[devMouse] aistate written, ar=18518
[dbg] ar=18523 am=6 aA=6 aH=0 l=false j=false fullRedraw=false
[fifoQ] ar=18530 retask 6 16 4
[fifo] ar=18531 retask 6 16 4
[devMouse] retask slot6 (16,6)w0 -> (16,4)
[fifoQ] ar=18538 retask 7 16 2
[fifo] ar=18539 retask 7 16 2
[devMouse] retask slot7 (17,5)w0 -> (16,2)
[fifoQ] ar=18546 retask 8 16 8
[fifo] ar=18547 retask 8 16 8
[devMouse] retask slot8 (18,8)w0 -> (16,8)
[dbg] ar=18548 am=6 aA=6 aH=0 l=false j=false fullRedraw=false
[fifoQ] ar=18553 retask 9 16 1
[fifo] ar=18554 retask 9 16 1
[devMouse] retask slot9 (17,3)w0 -> (16,1)
[dbg] ar=18573 am=6 aA=6 aH=0 l=false j=false fullRedraw=false
[fifo] ar=18584 aistate
[devMouse] aistate written, ar=18584
[fifoQ] ar=18596 retask 1 17 2
[fifo] ar=18597 retask 1 17 2
[devMouse] retask slot1 (17,2)w0 -> (17,2)
[dbg] ar=18598 am=6 aA=6 aH=0 l=false j=false fullRedraw=false
[fifoQ] ar=18603 retask 6 16 2
[fifo] ar=18604 retask 6 16 2
[devMouse] retask slot6 (16,4)w0 -> (16,2)
[fifoQ] ar=18612 retask 7 16 1
[fifo] ar=18612 retask 7 16 1
[devMouse] retask slot7 (17,3)w0 -> (16,1)
[fifoQ] ar=18619 retask 8 16 6
[fifo] ar=18620 retask 8 16 6
[devMouse] retask slot8 (16,8)w0 -> (16,6)
[dbg] ar=18623 am=6 aA=6 aH=0 l=false j=false fullRedraw=false
[fifoQ] ar=18628 retask 10 18 8
[fifo] ar=18628 retask 10 18 8
[devMouse] retask slot10 (20,9)w0 -> (18,8)
[dbg] ar=18648 am=6 aA=6 aH=0 l=false j=false fullRedraw=false
[fifo] ar=18661 aistate
[devMouse] aistate written, ar=18661
[dbg] ar=18673 am=6 aA=6 aH=0 l=false j=false fullRedraw=false
[fifoQ] ar=18674 retask 1 16 1
[fifo] ar=18675 retask 1 16 1
[devMouse] retask slot1 (17,2)w0 -> (16,1)
[fifoQ] ar=18682 retask 6 16 1
[fifo] ar=18683 retask 6 16 1
[devMouse] retask slot6 (17,3)w0 -> (16,1)
[fifoQ] ar=18691 retask 8 16 4
[fifo] ar=18691 retask 8 16 4
[devMouse] retask slot8 (16,6)w0 -> (16,4)
[dbg] ar=18698 am=6 aA=6 aH=0 l=false j=false fullRedraw=false
[fifoQ] ar=18699 retask 10 16 8
[fifo] ar=18700 retask 10 16 8
[devMouse] retask slot10 (18,8)w0 -> (16,8)
[dbg] ar=18723 am=6 aA=6 aH=0 l=false j=false fullRedraw=false
[fifo] ar=18728 aistate
[devMouse] aistate written, ar=18728
[fifoQ] ar=18740 retask 8 16 2
[fifo] ar=18741 retask 8 16 2
[devMouse] retask slot8 (16,4)w0 -> (16,2)
[fifoQ] ar=18748 retask 10 16 6
[dbg] ar=18748 am=6 aA=6 aH=0 l=false j=false fullRedraw=false
[fifo] ar=18749 retask 10 16 6
[devMouse] retask slot10 (16,8)w0 -> (16,6)
[dbg] ar=18773 am=6 aA=6 aH=0 l=false j=false fullRedraw=false
[fifo] ar=18782 aistate
[devMouse] aistate written, ar=18782
[fifoQ] ar=18793 retask 8 16 1
[fifo] ar=18794 retask 8 16 1
[devMouse] retask slot8 (16,3)w0 -> (16,1)
[dbg] ar=18798 am=6 aA=6 aH=0 l=false j=false fullRedraw=false
[fifoQ] ar=18801 retask 10 16 4
[fifo] ar=18802 retask 10 16 4
[devMouse] retask slot10 (16,6)w0 -> (16,4)
[dbg] ar=18823 am=6 aA=6 aH=0 l=false j=false fullRedraw=false
[fifo] ar=18835 aistate
[devMouse] aistate written, ar=18835
[fifoQ] ar=18847 retask 10 16 2
[fifo] ar=18848 retask 10 16 2
[devMouse] retask slot10 (16,4)w0 -> (16,2)
[dbg] ar=18848 am=6 aA=6 aH=0 l=false j=false fullRedraw=false
[dbg] ar=18873 am=6 aA=6 aH=0 l=false j=false fullRedraw=false
[fifo] ar=18878 aistate
[devMouse] aistate written, ar=18878
[fifoQ] ar=18889 retask 10 16 1
[fifo] ar=18890 retask 10 16 1
[devMouse] retask slot10 (17,3)w0 -> (16,1)
[dbg] ar=18898 am=6 aA=6 aH=0 l=false j=false fullRedraw=false
[fifo] ar=18920 aistate
[devMouse] aistate written, ar=18920
[dbg] ar=18923 am=6 aA=6 aH=0 l=false j=false fullRedraw=false
[dbg] ar=18948 am=6 aA=6 aH=0 l=false j=false fullRedraw=false
[fifo] ar=18960 aistate
[devMouse] aistate written, ar=18960
[dbg] ar=18973 am=6 aA=6 aH=0 l=false j=false fullRedraw=false
[dbg] ar=18998 am=6 aA=6 aH=0 l=false j=false fullRedraw=false
[fifo] ar=19001 aistate
[devMouse] aistate written, ar=19001
[fifoQ] ar=19012 retask 1 17 2
[fifo] ar=19013 retask 1 17 2
[devMouse] retask slot1 (17,2)w0 -> (17,2)
[dbg] ar=19023 am=6 aA=6 aH=0 l=false j=false fullRedraw=false
[fifo] ar=19041 aistate
[devMouse] aistate written, ar=19041
[dbg] ar=19048 am=6 aA=6 aH=0 l=false j=false fullRedraw=false
[fifoQ] ar=19052 retask 1 16 1
[fifo] ar=19053 retask 1 16 1
[devMouse] retask slot1 (17,2)w0 -> (16,1)
[dbg] ar=19073 am=6 aA=6 aH=0 l=false j=false fullRedraw=false
[fifo] ar=19081 aistate
[devMouse] aistate written, ar=19081
[dbg] ar=19098 am=6 aA=6 aH=0 l=false j=false fullRedraw=false
[fifo] ar=19119 aistate
[devMouse] aistate written, ar=19119
[dbg] ar=19123 am=6 aA=6 aH=0 l=false j=false fullRedraw=false
[dbg] ar=19148 am=6 aA=6 aH=0 l=false j=false fullRedraw=false
[fifo] ar=19158 aistate
[devMouse] aistate written, ar=19158
[fifo] ar=19170 mapdump /tmp/aoe-camp/m6h/map-s4.txt
[devMouse] mapdump written to /tmp/aoe-camp/m6h/map-s4.txt
[dbg] ar=19173 am=6 aA=6 aH=0 l=false j=false fullRedraw=false
[dbg] ar=19198 am=6 aA=6 aH=0 l=false j=false fullRedraw=false
[dbg] ar=19223 am=6 aA=6 aH=0 l=false j=false fullRedraw=false
[fifo] ar=19238 aistate
[devMouse] aistate written, ar=19238
[dbg] ar=19248 am=6 aA=6 aH=0 l=false j=false fullRedraw=false
[dbg] ar=19273 am=6 aA=6 aH=0 l=false j=false fullRedraw=false
[fifo] ar=19276 aistate
[devMouse] aistate written, ar=19276
[dbg] ar=19298 am=6 aA=6 aH=0 l=false j=false fullRedraw=false
[fifo] ar=19314 aistate
[devMouse] aistate written, ar=19314
[dbg] ar=19323 am=6 aA=6 aH=0 l=false j=false fullRedraw=false
[dbg] ar=19348 am=6 aA=6 aH=0 l=false j=false fullRedraw=false
[fifo] ar=19354 aistate
[devMouse] aistate written, ar=19354
[fifoQ] ar=19366 retask 1 17 2
[fifo] ar=19366 retask 1 17 2
[devMouse] retask slot1 (17,2)w0 -> (17,2)
[dbg] ar=19373 am=6 aA=6 aH=0 l=false j=false fullRedraw=false
[fifo] ar=19396 aistate
[devMouse] aistate written, ar=19396
[dbg] ar=19398 am=6 aA=6 aH=0 l=false j=false fullRedraw=false
[fifoQ] ar=19409 retask 1 16 1
[fifo] ar=19410 retask 1 16 1
[devMouse] retask slot1 (17,2)w0 -> (16,1)
[dbg] ar=19423 am=6 aA=6 aH=0 l=false j=false fullRedraw=false
[fifo] ar=19439 aistate
[devMouse] aistate written, ar=19439
[dbg] ar=19448 am=6 aA=6 aH=0 l=false j=false fullRedraw=false
[dbg] ar=19473 am=6 aA=6 aH=0 l=false j=false fullRedraw=false
[fifo] ar=19477 aistate
[devMouse] aistate written, ar=19477
[dbg] ar=19498 am=6 aA=6 aH=0 l=false j=false fullRedraw=false
[fifo] ar=19517 aistate
[devMouse] aistate written, ar=19517
[dbg] ar=19523 am=6 aA=6 aH=0 l=false j=false fullRedraw=false
[fifoQ] ar=19529 retask 7 16 2
[fifo] ar=19530 retask 7 16 2
[devMouse] retask slot7 (15,0)w0 -> (16,2)
[dbg] ar=19548 am=6 aA=6 aH=0 l=false j=false fullRedraw=false
[fifo] ar=19560 aistate
[devMouse] aistate written, ar=19560
[dbg] ar=19573 am=6 aA=6 aH=0 l=false j=false fullRedraw=false
[dbg] ar=19598 am=6 aA=6 aH=0 l=false j=false fullRedraw=false
[fifo] ar=19599 aistate
[devMouse] aistate written, ar=19599
[dbg] ar=19623 am=6 aA=6 aH=0 l=false j=false fullRedraw=false
[fifo] ar=19637 aistate
[devMouse] aistate written, ar=19637
[dbg] ar=19648 am=6 aA=6 aH=0 l=false j=false fullRedraw=false
[dbg] ar=19673 am=6 aA=6 aH=0 l=false j=false fullRedraw=false
[fifo] ar=19676 aistate
[devMouse] aistate written, ar=19676
[fifoQ] ar=19687 retask 1 17 2
[fifo] ar=19688 retask 1 17 2
[devMouse] retask slot1 (17,2)w0 -> (17,2)
[dbg] ar=19698 am=6 aA=6 aH=0 l=false j=false fullRedraw=false
[fifo] ar=19718 aistate
[devMouse] aistate written, ar=19718
[dbg] ar=19723 am=6 aA=6 aH=0 l=false j=false fullRedraw=false
[fifoQ] ar=19730 retask 1 16 1
[fifo] ar=19731 retask 1 16 1
[devMouse] retask slot1 (17,2)w0 -> (16,1)
[dbg] ar=19748 am=6 aA=6 aH=0 l=false j=false fullRedraw=false
[fifo] ar=19760 aistate
[devMouse] aistate written, ar=19760
[dbg] ar=19773 am=6 aA=6 aH=0 l=false j=false fullRedraw=false
[fifo] ar=19798 aistate
[devMouse] aistate written, ar=19798
[dbg] ar=19798 am=6 aA=6 aH=0 l=false j=false fullRedraw=false
[dbg] ar=19823 am=6 aA=6 aH=0 l=false j=false fullRedraw=false
[fifo] ar=19837 aistate
[devMouse] aistate written, ar=19837
[dbg] ar=19848 am=6 aA=6 aH=0 l=false j=false fullRedraw=false
[dbg] ar=19873 am=6 aA=6 aH=0 l=false j=false fullRedraw=false
[fifo] ar=19876 aistate
[devMouse] aistate written, ar=19876
[dbg] ar=19898 am=6 aA=6 aH=0 l=false j=false fullRedraw=false
[fifo] ar=19916 aistate
[devMouse] aistate written, ar=19916
[dbg] ar=19923 am=6 aA=6 aH=0 l=false j=false fullRedraw=false
[dbg] ar=19948 am=6 aA=6 aH=0 l=false j=false fullRedraw=false
[fifo] ar=19953 aistate
[devMouse] aistate written, ar=19953
[dbg] ar=19973 am=6 aA=6 aH=0 l=false j=false fullRedraw=false
[fifo] ar=19992 aistate
[devMouse] aistate written, ar=19992
[dbg] ar=19998 am=6 aA=6 aH=0 l=false j=false fullRedraw=false
[fifoQ] ar=20004 retask 1 17 2
[fifo] ar=20005 retask 1 17 2
[devMouse] retask slot1 (17,2)w0 -> (17,2)
[fifo] ar=20012 aistate
[devMouse] aistate written, ar=20012
[fifo] ar=20023 mapdump /tmp/aoe-camp/m6h/map-s5.txt 0 0 22 22
[devMouse] mapdump written to /tmp/aoe-camp/m6h/map-s5.txt
[dbg] ar=20023 am=6 aA=6 aH=0 l=false j=false fullRedraw=false
[dbg] ar=20048 am=6 aA=6 aH=0 l=false j=false fullRedraw=false
[fifoQ] ar=20064 retask 0 12 1
[fifo] ar=20065 retask 0 12 1
[devMouse] retask slot0 (16,1)w0 -> (12,1)
[fifoQ] ar=20072 retask 1 13 1
[fifo] ar=20073 retask 1 13 1
[devMouse] retask slot1 (17,2)w0 -> (13,1)
[dbg] ar=20073 am=6 aA=6 aH=0 l=false j=false fullRedraw=false
[fifoQ] ar=20080 retask 2 14 1
[fifo] ar=20081 retask 2 14 1
[devMouse] retask slot2 (16,0)w0 -> (14,1)
[bfs] p0 u1 escalate unitsBlock cur=1001 target=d01 -> len=6 ar=20087
[fifoQ] ar=20088 retask 3 15 1
[fifo] ar=20089 retask 3 15 1
[devMouse] retask slot3 (16,2)w0 -> (15,1)
[fifoQ] ar=20096 retask 4 16 1
[fifo] ar=20097 retask 4 16 1
[devMouse] retask slot4 (15,2)w0 -> (16,1)
[dbg] ar=20098 am=6 aA=6 aH=0 l=false j=false fullRedraw=false
[fifoQ] ar=20104 retask 6 13 1
[fifo] ar=20105 retask 6 13 1
[devMouse] retask slot6 (15,1)w0 -> (13,1)
[fifoQ] ar=20112 retask 7 16 1
[fifo] ar=20113 retask 7 16 1
[devMouse] retask slot7 (15,3)w0 -> (16,1)
[fifoQ] ar=20121 retask 8 12 1
[fifo] ar=20121 retask 8 12 1
[devMouse] retask slot8 (17,5)w0 -> (12,1)
[dbg] ar=20123 am=6 aA=6 aH=0 l=false j=false fullRedraw=false
[fifoQ] ar=20128 retask 9 13 1
[fifo] ar=20129 retask 9 13 1
[devMouse] retask slot9 (15,0)w0 -> (13,1)
[fifoQ] ar=20136 retask 10 14 1
[fifo] ar=20137 retask 10 14 1
[devMouse] retask slot10 (17,4)w0 -> (14,1)
[fifoQ] ar=20144 retask 9 17 3
[fifo] ar=20145 retask 9 17 3
[devMouse] retask slot9 (15,1)w0 -> (17,3)
[dbg] ar=20148 am=6 aA=6 aH=0 l=false j=false fullRedraw=false
[dbg] ar=20173 am=6 aA=6 aH=0 l=false j=false fullRedraw=false
[fifo] ar=20177 aistate
[devMouse] aistate written, ar=20177
[dbg] ar=20198 am=6 aA=6 aH=0 l=false j=false fullRedraw=false
[fifo] ar=20214 aistate
[devMouse] aistate written, ar=20214
[dbg] ar=20223 am=6 aA=6 aH=0 l=false j=false fullRedraw=false
[fifoQ] ar=20226 retask 0 6 1
[fifo] ar=20227 retask 0 6 1
[devMouse] retask slot0 (12,1)w0 -> (6,1)
[fifoQ] ar=20233 retask 1 4 1
[fifo] ar=20234 retask 1 4 1
[devMouse] retask slot1 (13,1)w0 -> (4,1)
[fifoQ] ar=20242 retask 3 7 1
[fifo] ar=20243 retask 3 7 1
[devMouse] retask slot3 (16,2)w0 -> (7,1)
[dbg] ar=20248 am=6 aA=6 aH=0 l=false j=false fullRedraw=false
[fifoQ] ar=20250 retask 4 2 1
[fifo] ar=20250 retask 4 2 1
[devMouse] retask slot4 (15,2)w0 -> (2,1)
[fifoQ] ar=20258 retask 6 1 1
[fifo] ar=20259 retask 6 1 1
[devMouse] retask slot6 (14,0)w0 -> (1,1)
[fifoQ] ar=20265 retask 7 6 1
[fifo] ar=20266 retask 7 6 1
[devMouse] retask slot7 (16,1)w0 -> (6,1)
[fifoQ] ar=20273 retask 5 4 1
[fifo] ar=20273 retask 5 4 1
[devMouse] retask slot5 (17,1)w0 -> (4,1)
[dbg] ar=20273 am=6 aA=6 aH=0 l=false j=false fullRedraw=false
[fifoQ] ar=20281 retask 10 17 3
[fifo] ar=20282 retask 10 17 3
[devMouse] retask slot10 (14,1)w0 -> (17,3)
[dbg] ar=20298 am=6 aA=6 aH=0 l=false j=false fullRedraw=false
[combat] p1 type4 died at (8,5) ar=20306 remaining=11
[fifo] ar=20314 aistate
[devMouse] aistate written, ar=20314
[dbg] ar=20323 am=6 aA=6 aH=0 l=false j=false fullRedraw=false
[fifoQ] ar=20326 retask 0 10 4
[fifo] ar=20327 retask 0 10 4
[devMouse] retask slot0 (6,1)w401 -> (10,4)
[fifoQ] ar=20334 retask 2 3 1
[fifo] ar=20335 retask 2 3 1
[devMouse] retask slot2 (14,1)w0 -> (3,1)
[fifoQ] ar=20342 retask 10 17 3
[fifo] ar=20342 retask 10 17 3
[devMouse] retask slot10 (16,2)w0 -> (17,3)
[combat] p0 type7 died at (7,6) ar=20345 remaining=10
[trace] g->8 (aA=6 am=6)
[dbg] ar=20348 am=6 aA=6 aH=0 l=false j=false fullRedraw=false
[dbg] ar=20373 am=6 aA=6 aH=0 l=false j=false fullRedraw=false
[fifo] ar=20375 aistate
[devMouse] aistate written, ar=20375
[fifoQ] ar=20387 retask 4 7 1
[fifo] ar=20388 retask 4 7 1
[devMouse] retask slot4 (3,0)w801 -> (7,1)
[fifoQ] ar=20395 retask 5 10 4
[fifo] ar=20396 retask 5 10 4
[devMouse] retask slot5 (5,0)w701 -> (10,4)
[dbg] ar=20398 am=6 aA=6 aH=0 l=false j=false fullRedraw=false
[fifoQ] ar=20403 retask 8 17 3
[fifo] ar=20404 retask 8 17 3
[devMouse] retask slot8 (16,2)w0 -> (17,3)
[combat] p0 type4 died at (5,4) ar=20420 remaining=9
[trace] g->8 (aA=6 am=6)
[dbg] ar=20423 am=6 aA=6 aH=0 l=false j=false fullRedraw=false
[fifo] ar=20434 aistate
[devMouse] aistate written, ar=20434
[dbg] ar=20448 am=6 aA=6 aH=0 l=false j=false fullRedraw=false
[dbg] ar=20473 am=6 aA=6 aH=0 l=false j=false fullRedraw=false
[fifo] ar=20474 aistate
[devMouse] aistate written, ar=20474
[fifoQ] ar=20487 retask 0 9 7
[fifo] ar=20488 retask 0 9 7
[devMouse] retask slot0 (10,4)w201 -> (9,7)
[fifoQ] ar=20494 retask 1 2 1
[fifo] ar=20495 retask 1 2 1
[devMouse] retask slot1 (4,1)w501 -> (2,1)
[dbg] ar=20498 am=6 aA=6 aH=0 l=false j=false fullRedraw=false
[fifoQ] ar=20502 retask 3 1 1
[fifo] ar=20503 retask 3 1 1
[devMouse] retask slot3 (8,0)w201 -> (1,1)
[combat] p0 type4 died at (7,1) ar=20505 remaining=8
[trace] g->8 (aA=6 am=6)
[fifoQ] ar=20510 retask 4 9 7
[fifo] ar=20511 retask 4 9 7
[devMouse] retask slot4 (16,2)w0 -> (9,7)
[fifoQ] ar=20519 retask 5 9 7
[fifo] ar=20520 retask 5 9 7
[devMouse] retask slot5 (7,3)w201 -> (9,7)
[dbg] ar=20523 am=6 aA=6 aH=0 l=false j=false fullRedraw=false
[dbg] ar=20548 am=6 aA=6 aH=0 l=false j=false fullRedraw=false
[combat] p0 type4 died at (7,6) ar=20550 remaining=7
[trace] g->8 (aA=6 am=6)
[fifo] ar=20551 aistate
[devMouse] aistate written, ar=20551
[combat] p1 type8 died at (7,2) ar=20554 remaining=10
[fifoQ] ar=20563 retask 1 9 2
[fifo] ar=20564 retask 1 9 2
[devMouse] retask slot1 (3,0)w201 -> (9,2)
[fifoQ] ar=20570 retask 3 9 7
[fifo] ar=20571 retask 3 9 7
[devMouse] retask slot3 (2,2)wa01 -> (9,7)
[dbg] ar=20573 am=6 aA=6 aH=0 l=false j=false fullRedraw=false
[fifoQ] ar=20579 retask 6 5 1
[fifo] ar=20580 retask 6 5 1
[devMouse] retask slot6 (2,0)w701 -> (5,1)
[proj] aim scan exhausted p=1 active=3 tick=20581
[proj] aim scan exhausted p=1 active=3 tick=20591
[proj] aim scan exhausted p=1 active=3 tick=20592
[proj] aim scan exhausted p=1 active=3 tick=20593
[proj] aim scan exhausted p=1 active=3 tick=20594
[proj] aim scan exhausted p=1 active=3 tick=20595
[proj] aim scan exhausted p=1 active=3 tick=20596
[proj] aim scan exhausted p=1 active=3 tick=20597
[proj] aim scan exhausted p=1 active=3 tick=20598
[dbg] ar=20598 am=6 aA=6 aH=0 l=false j=false fullRedraw=false
[proj] aim scan exhausted p=1 active=3 tick=20599
[proj] aim scan exhausted p=1 active=3 tick=20600
[proj] aim scan exhausted p=1 active=3 tick=20601
[proj] aim scan exhausted p=1 active=3 tick=20602
[proj] aim scan exhausted p=1 active=3 tick=20603
[proj] aim scan exhausted p=1 active=3 tick=20604
[fifo] ar=20611 aistate
[devMouse] aistate written, ar=20611
[proj] aim scan exhausted p=1 active=3 tick=20620
[proj] aim scan exhausted p=1 active=3 tick=20621
[proj] aim scan exhausted p=1 active=3 tick=20623
[dbg] ar=20623 am=6 aA=6 aH=0 l=false j=false fullRedraw=false
[proj] aim scan exhausted p=1 active=3 tick=20624
[proj] aim scan exhausted p=1 active=3 tick=20625
[proj] aim scan exhausted p=1 active=3 tick=20626
[proj] aim scan exhausted p=1 active=3 tick=20627
[combat] p0 type9 died at (2,6) ar=20627 remaining=6
[trace] g->8 (aA=6 am=6)
[dbg] ar=20648 am=6 aA=6 aH=0 l=false j=false fullRedraw=false
[combat] p1 type4 died at (7,6) ar=20650 remaining=9
[fifo] ar=20651 aistate
[devMouse] aistate written, ar=20651
[fifoQ] ar=20663 retask 0 4 11
[fifo] ar=20664 retask 0 4 11
[devMouse] retask slot0 (7,6)w0 -> (4,11)
[dbg] ar=20673 am=6 aA=6 aH=0 l=false j=false fullRedraw=false
[fifo] ar=20693 aistate
[devMouse] aistate written, ar=20693
[dbg] ar=20698 am=6 aA=6 aH=0 l=false j=false fullRedraw=false
[proj] aim scan exhausted p=1 active=3 tick=20700
[proj] aim scan exhausted p=1 active=3 tick=20701
[proj] aim scan exhausted p=1 active=3 tick=20703
[proj] aim scan exhausted p=1 active=3 tick=20704
[proj] aim scan exhausted p=1 active=3 tick=20705
[fifoQ] ar=20705 retask 4 17 3
[fifo] ar=20706 retask 4 17 3
[devMouse] retask slot4 (7,4)w601 -> (17,3)
[proj] aim scan exhausted p=1 active=3 tick=20706
[proj] aim scan exhausted p=1 active=3 tick=20707
[proj] aim scan exhausted p=1 active=3 tick=20708
[proj] aim scan exhausted p=1 active=3 tick=20709
[proj] aim scan exhausted p=1 active=3 tick=20710
[proj] aim scan exhausted p=1 active=3 tick=20711
[proj] aim scan exhausted p=1 active=3 tick=20712
[proj] aim scan exhausted p=1 active=3 tick=20713
[proj] aim scan exhausted p=1 active=3 tick=20714
[proj] aim scan exhausted p=1 active=3 tick=20715
[proj] aim scan exhausted p=1 active=3 tick=20716
[proj] aim scan exhausted p=1 active=3 tick=20717
[proj] aim scan exhausted p=1 active=3 tick=20720
[proj] aim scan exhausted p=1 active=3 tick=20721
[proj] aim scan exhausted p=1 active=3 tick=20722
[proj] aim scan exhausted p=1 active=3 tick=20723
[dbg] ar=20723 am=6 aA=6 aH=0 l=false j=false fullRedraw=false
[proj] aim scan exhausted p=1 active=3 tick=20724
[proj] aim scan exhausted p=1 active=3 tick=20725
[proj] aim scan exhausted p=1 active=3 tick=20726
[proj] aim scan exhausted p=1 active=3 tick=20727
[proj] aim scan exhausted p=1 active=3 tick=20728
[proj] aim scan exhausted p=1 active=3 tick=20729
[proj] aim scan exhausted p=1 active=3 tick=20730
[proj] aim scan exhausted p=1 active=3 tick=20732
[proj] aim scan exhausted p=1 active=3 tick=20733
[combat] p0 type8 died at (3,8) ar=20733 remaining=5
[trace] g->8 (aA=6 am=6)
[fifo] ar=20737 aistate
[devMouse] aistate written, ar=20737
[dbg] ar=20748 am=6 aA=6 aH=0 l=false j=false fullRedraw=false
[fifoQ] ar=20749 retask 0 4 11
[fifo] ar=20750 retask 0 4 11
[devMouse] retask slot0 (4,0)w201 -> (4,11)
[dbg] ar=20773 am=6 aA=6 aH=0 l=false j=false fullRedraw=false
[fifo] ar=20778 aistate
[devMouse] aistate written, ar=20778
[dbg] ar=20798 am=6 aA=6 aH=0 l=false j=false fullRedraw=false
[fifo] ar=20816 aistate
[devMouse] aistate written, ar=20816
[dbg] ar=20823 am=6 aA=6 aH=0 l=false j=false fullRedraw=false
[dbg] ar=20848 am=6 aA=6 aH=0 l=false j=false fullRedraw=false
[fifo] ar=20855 aistate
[devMouse] aistate written, ar=20855
[fifoQ] ar=20865 retask 4 17 3
[fifo] ar=20866 retask 4 17 3
[devMouse] retask slot4 (16,4)w0 -> (17,3)
[dbg] ar=20873 am=6 aA=6 aH=0 l=false j=false fullRedraw=false
[combat] p1 type8 died at (2,6) ar=20875 remaining=8
[fifo] ar=20895 aistate
[devMouse] aistate written, ar=20895
[dbg] ar=20898 am=6 aA=6 aH=0 l=false j=false fullRedraw=false
[dbg] ar=20923 am=6 aA=6 aH=0 l=false j=false fullRedraw=false
[fifo] ar=20935 aistate
[devMouse] aistate written, ar=20935
[combat] p0 type8 died at (3,8) ar=20939 remaining=4
[trace] g->8 (aA=6 am=6)
[dbg] ar=20948 am=6 aA=6 aH=0 l=false j=false fullRedraw=false
[dbg] ar=20973 am=6 aA=6 aH=0 l=false j=false fullRedraw=false
[fifo] ar=20974 aistate
[devMouse] aistate written, ar=20974
[fifoQ] ar=20986 retask 0 17 3
[fifo] ar=20987 retask 0 17 3
[devMouse] retask slot0 (16,4)w0 -> (17,3)
[dbg] ar=20998 am=6 aA=6 aH=0 l=false j=false fullRedraw=false
[fifo] ar=21016 aistate
[devMouse] aistate written, ar=21016
[dbg] ar=21023 am=6 aA=6 aH=0 l=false j=false fullRedraw=false
[dbg] ar=21048 am=6 aA=6 aH=0 l=false j=false fullRedraw=false
[fifo] ar=21055 aistate
[devMouse] aistate written, ar=21055
[dbg] ar=21073 am=6 aA=6 aH=0 l=false j=false fullRedraw=false
[fifo] ar=21095 aistate
[devMouse] aistate written, ar=21095
[dbg] ar=21098 am=6 aA=6 aH=0 l=false j=false fullRedraw=false
[dbg] ar=21123 am=6 aA=6 aH=0 l=false j=false fullRedraw=false
[fifo] ar=21135 aistate
[devMouse] aistate written, ar=21135
[fifoQ] ar=21147 retask 1 7 4
[fifo] ar=21148 retask 1 7 4
[devMouse] retask slot1 (9,2)w0 -> (7,4)
[dbg] ar=21148 am=6 aA=6 aH=0 l=false j=false fullRedraw=false
[fifoQ] ar=21154 retask 3 2 4
[fifo] ar=21155 retask 3 2 4
[devMouse] retask slot3 (9,7)w401 -> (2,4)
[dbg] ar=21173 am=6 aA=6 aH=0 l=false j=false fullRedraw=false
[fifo] ar=21186 aistate
[devMouse] aistate written, ar=21186
[dbg] ar=21198 am=6 aA=6 aH=0 l=false j=false fullRedraw=false
[dbg] ar=21223 am=6 aA=6 aH=0 l=false j=false fullRedraw=false
[fifo] ar=21224 aistate
[devMouse] aistate written, ar=21224
[dbg] ar=21248 am=6 aA=6 aH=0 l=false j=false fullRedraw=false
[fifo] ar=21263 aistate
[devMouse] aistate written, ar=21263
[dbg] ar=21273 am=6 aA=6 aH=0 l=false j=false fullRedraw=false
[fifoQ] ar=21275 retask 0 16 2
[fifo] ar=21276 retask 0 16 2
[devMouse] retask slot0 (16,4)w0 -> (16,2)
[dbg] ar=21298 am=6 aA=6 aH=0 l=false j=false fullRedraw=false
[fifo] ar=21306 aistate
[devMouse] aistate written, ar=21306
[dbg] ar=21323 am=6 aA=6 aH=0 l=false j=false fullRedraw=false
[fifo] ar=21344 aistate
[devMouse] aistate written, ar=21344
[dbg] ar=21348 am=6 aA=6 aH=0 l=false j=false fullRedraw=false
[dbg] ar=21373 am=6 aA=6 aH=0 l=false j=false fullRedraw=false
[fifo] ar=21385 aistate
[devMouse] aistate written, ar=21385
[fifoQ] ar=21397 retask 0 17 3
[fifo] ar=21398 retask 0 17 3
[devMouse] retask slot0 (16,2)w0 -> (17,3)
[dbg] ar=21398 am=6 aA=6 aH=0 l=false j=false fullRedraw=false
[dbg] ar=21423 am=6 aA=6 aH=0 l=false j=false fullRedraw=false
[fifo] ar=21427 aistate
[devMouse] aistate written, ar=21427
[dbg] ar=21448 am=6 aA=6 aH=0 l=false j=false fullRedraw=false
[fifo] ar=21466 aistate
[devMouse] aistate written, ar=21466
[dbg] ar=21473 am=6 aA=6 aH=0 l=false j=false fullRedraw=false
[dbg] ar=21498 am=6 aA=6 aH=0 l=false j=false fullRedraw=false
[fifo] ar=21504 aistate
[devMouse] aistate written, ar=21504
[dbg] ar=21523 am=6 aA=6 aH=0 l=false j=false fullRedraw=false
[fifo] ar=21544 aistate
[devMouse] aistate written, ar=21544
[dbg] ar=21548 am=6 aA=6 aH=0 l=false j=false fullRedraw=false
[dbg] ar=21573 am=6 aA=6 aH=0 l=false j=false fullRedraw=false
[fifo] ar=21582 aistate
[devMouse] aistate written, ar=21582
[dbg] ar=21598 am=6 aA=6 aH=0 l=false j=false fullRedraw=false
[fifo] ar=21622 aistate
[devMouse] aistate written, ar=21622
[dbg] ar=21623 am=6 aA=6 aH=0 l=false j=false fullRedraw=false
[dbg] ar=21648 am=6 aA=6 aH=0 l=false j=false fullRedraw=false
[fifo] ar=21661 aistate
[devMouse] aistate written, ar=21661
[fifoQ] ar=21672 retask 0 16 2
[fifo] ar=21673 retask 0 16 2
[devMouse] retask slot0 (16,2)w0 -> (16,2)
[dbg] ar=21673 am=6 aA=6 aH=0 l=false j=false fullRedraw=false
[dbg] ar=21698 am=6 aA=6 aH=0 l=false j=false fullRedraw=false
[fifo] ar=21703 aistate
[devMouse] aistate written, ar=21703
[fifoQ] ar=21714 retask 0 17 3
[fifo] ar=21715 retask 0 17 3
[devMouse] retask slot0 (16,2)w0 -> (17,3)
[dbg] ar=21723 am=6 aA=6 aH=0 l=false j=false fullRedraw=false
[fifo] ar=21745 aistate
[devMouse] aistate written, ar=21745
[dbg] ar=21748 am=6 aA=6 aH=0 l=false j=false fullRedraw=false
[dbg] ar=21773 am=6 aA=6 aH=0 l=false j=false fullRedraw=false
[fifo] ar=21785 aistate
[devMouse] aistate written, ar=21785
[dbg] ar=21798 am=6 aA=6 aH=0 l=false j=false fullRedraw=false
[dbg] ar=21823 am=6 aA=6 aH=0 l=false j=false fullRedraw=false
[fifo] ar=21825 aistate
[devMouse] aistate written, ar=21825
[dbg] ar=21848 am=6 aA=6 aH=0 l=false j=false fullRedraw=false
[fifo] ar=21865 aistate
[devMouse] aistate written, ar=21865
[dbg] ar=21873 am=6 aA=6 aH=0 l=false j=false fullRedraw=false
[dbg] ar=21898 am=6 aA=6 aH=0 l=false j=false fullRedraw=false
[fifo] ar=21904 aistate
[devMouse] aistate written, ar=21904
[dbg] ar=21923 am=6 aA=6 aH=0 l=false j=false fullRedraw=false
[fifo] ar=21942 aistate
[devMouse] aistate written, ar=21942
[dbg] ar=21948 am=6 aA=6 aH=0 l=false j=false fullRedraw=false
[fifoQ] ar=21954 retask 1 5 6
[fifo] ar=21955 retask 1 5 6
[devMouse] retask slot1 (7,4)wd01 -> (5,6)
[fifoQ] ar=21962 retask 3 4 1
[fifo] ar=21963 retask 3 4 1
[devMouse] retask slot3 (2,4)wd01 -> (4,1)
[proj] aim scan exhausted p=1 active=1 tick=21968
[proj] aim scan exhausted p=1 active=1 tick=21969
[proj] aim scan exhausted p=1 active=1 tick=21970
[proj] aim scan exhausted p=1 active=1 tick=21971
[proj] aim scan exhausted p=1 active=1 tick=21972
[proj] aim scan exhausted p=1 active=1 tick=21973
[dbg] ar=21973 am=6 aA=6 aH=0 l=false j=false fullRedraw=false
[proj] aim scan exhausted p=1 active=1 tick=21974
[proj] aim scan exhausted p=1 active=1 tick=21975
[proj] aim scan exhausted p=1 active=1 tick=21976
[proj] aim scan exhausted p=1 active=1 tick=21977
[proj] aim scan exhausted p=1 active=1 tick=21978
[proj] aim scan exhausted p=1 active=1 tick=21979
[proj] aim scan exhausted p=1 active=1 tick=21980
[proj] aim scan exhausted p=1 active=1 tick=21981
[proj] aim scan exhausted p=1 active=1 tick=21982
[proj] aim scan exhausted p=1 active=1 tick=21983
[proj] aim scan exhausted p=1 active=1 tick=21984
[proj] aim scan exhausted p=1 active=1 tick=21985
[proj] aim scan exhausted p=1 active=1 tick=21986
[proj] aim scan exhausted p=1 active=1 tick=21987
[proj] aim scan exhausted p=1 active=1 tick=21988
[proj] aim scan exhausted p=1 active=1 tick=21989
[proj] aim scan exhausted p=1 active=1 tick=21990
[proj] aim scan exhausted p=1 active=1 tick=21991
[proj] aim scan exhausted p=1 active=1 tick=21992
[proj] aim scan exhausted p=1 active=1 tick=21993
[fifo] ar=21993 aistate
[devMouse] aistate written, ar=21993
[proj] aim scan exhausted p=1 active=1 tick=21994
[proj] aim scan exhausted p=1 active=1 tick=21995
[proj] aim scan exhausted p=1 active=1 tick=21996
[proj] aim scan exhausted p=1 active=1 tick=21997
[proj] aim scan exhausted p=1 active=1 tick=21998
[dbg] ar=21998 am=6 aA=6 aH=0 l=false j=false fullRedraw=false
[proj] aim scan exhausted p=1 active=1 tick=21999
[proj] aim scan exhausted p=1 active=1 tick=22000
[proj] aim scan exhausted p=1 active=1 tick=22001
[proj] aim scan exhausted p=1 active=1 tick=22002
[proj] aim scan exhausted p=1 active=1 tick=22003
[fifoQ] ar=22003 retask 0 16 2
[fifo] ar=22004 retask 0 16 2
[devMouse] retask slot0 (16,2)w0 -> (16,2)
[proj] aim scan exhausted p=1 active=1 tick=22004
[proj] aim scan exhausted p=1 active=1 tick=22005
[proj] aim scan exhausted p=1 active=1 tick=22006
[proj] aim scan exhausted p=1 active=1 tick=22007
[proj] aim scan exhausted p=1 active=1 tick=22008
[proj] aim scan exhausted p=1 active=1 tick=22009
[proj] aim scan exhausted p=1 active=1 tick=22010
[proj] aim scan exhausted p=1 active=1 tick=22011
[proj] aim scan exhausted p=1 active=1 tick=22012
[proj] aim scan exhausted p=1 active=1 tick=22013
[proj] aim scan exhausted p=1 active=1 tick=22014
[proj] aim scan exhausted p=1 active=1 tick=22015
[proj] aim scan exhausted p=1 active=1 tick=22016
[proj] aim scan exhausted p=1 active=1 tick=22017
[proj] aim scan exhausted p=1 active=1 tick=22018
[proj] aim scan exhausted p=1 active=1 tick=22019
[proj] aim scan exhausted p=1 active=1 tick=22020
[proj] aim scan exhausted p=1 active=1 tick=22021
[proj] aim scan exhausted p=1 active=1 tick=22022
[proj] aim scan exhausted p=1 active=1 tick=22023
[dbg] ar=22023 am=6 aA=6 aH=0 l=false j=false fullRedraw=false
[proj] aim scan exhausted p=1 active=1 tick=22024
[proj] aim scan exhausted p=1 active=1 tick=22025
[proj] aim scan exhausted p=1 active=1 tick=22026
[proj] aim scan exhausted p=1 active=1 tick=22027
[proj] aim scan exhausted p=1 active=1 tick=22028
[proj] aim scan exhausted p=1 active=1 tick=22029
[proj] aim scan exhausted p=1 active=1 tick=22030
[combat] p0 type4 died at (4,7) ar=22030 remaining=3
[trace] g->8 (aA=6 am=6)
[fifo] ar=22034 aistate
[devMouse] aistate written, ar=22034
[fifoQ] ar=22046 retask 1 2 12
[fifo] ar=22047 retask 1 2 12
[devMouse] retask slot1 (4,1)w301 -> (2,12)
[dbg] ar=22048 am=6 aA=6 aH=0 l=false j=false fullRedraw=false
[fifoQ] ar=22054 retask 0 17 3
[fifo] ar=22054 retask 0 17 3
[devMouse] retask slot0 (16,2)w0 -> (17,3)
[proj] aim scan exhausted p=1 active=1 tick=22072
[proj] aim scan exhausted p=1 active=1 tick=22073
[dbg] ar=22073 am=6 aA=6 aH=0 l=false j=false fullRedraw=false
[proj] aim scan exhausted p=1 active=1 tick=22074
[proj] aim scan exhausted p=1 active=1 tick=22075
[proj] aim scan exhausted p=1 active=1 tick=22076
[proj] aim scan exhausted p=1 active=1 tick=22077
[proj] aim scan exhausted p=1 active=1 tick=22078
[proj] aim scan exhausted p=1 active=1 tick=22079
[proj] aim scan exhausted p=1 active=1 tick=22080
[proj] aim scan exhausted p=1 active=1 tick=22081
[proj] aim scan exhausted p=1 active=1 tick=22082
[proj] aim scan exhausted p=1 active=1 tick=22083
[proj] aim scan exhausted p=1 active=1 tick=22084
[fifo] ar=22085 aistate
[devMouse] aistate written, ar=22085
[proj] aim scan exhausted p=1 active=1 tick=22085
[proj] aim scan exhausted p=1 active=1 tick=22086
[proj] aim scan exhausted p=1 active=1 tick=22087
[proj] aim scan exhausted p=1 active=1 tick=22088
[proj] aim scan exhausted p=1 active=1 tick=22089
[proj] aim scan exhausted p=1 active=1 tick=22090
[proj] aim scan exhausted p=1 active=1 tick=22091
[proj] aim scan exhausted p=1 active=1 tick=22092
[proj] aim scan exhausted p=1 active=1 tick=22093
[proj] aim scan exhausted p=1 active=1 tick=22094
[proj] aim scan exhausted p=1 active=1 tick=22095
[proj] aim scan exhausted p=1 active=1 tick=22096
[proj] aim scan exhausted p=1 active=1 tick=22097
[fifoQ] ar=22098 retask 1 2 12
[fifo] ar=22098 retask 1 2 12
[devMouse] retask slot1 (3,6)w501 -> (2,12)
[proj] aim scan exhausted p=1 active=1 tick=22098
[dbg] ar=22098 am=6 aA=6 aH=0 l=false j=false fullRedraw=false
[proj] aim scan exhausted p=1 active=1 tick=22099
[proj] aim scan exhausted p=1 active=1 tick=22100
[proj] aim scan exhausted p=1 active=1 tick=22101
[proj] aim scan exhausted p=1 active=1 tick=22102
[proj] aim scan exhausted p=1 active=1 tick=22104
[proj] aim scan exhausted p=1 active=1 tick=22105
[proj] aim scan exhausted p=1 active=1 tick=22106
[proj] aim scan exhausted p=1 active=1 tick=22107
[proj] aim scan exhausted p=1 active=1 tick=22108
[proj] aim scan exhausted p=1 active=1 tick=22109
[proj] aim scan exhausted p=1 active=1 tick=22110
[proj] aim scan exhausted p=1 active=1 tick=22111
[proj] aim scan exhausted p=1 active=1 tick=22112
[proj] aim scan exhausted p=1 active=1 tick=22113
[proj] aim scan exhausted p=1 active=1 tick=22114
[proj] aim scan exhausted p=1 active=1 tick=22115
[proj] aim scan exhausted p=1 active=1 tick=22116
[proj] aim scan exhausted p=1 active=1 tick=22117
[proj] aim scan exhausted p=1 active=1 tick=22118
[proj] aim scan exhausted p=1 active=1 tick=22120
[proj] aim scan exhausted p=1 active=1 tick=22121
[proj] aim scan exhausted p=1 active=1 tick=22122
[proj] aim scan exhausted p=1 active=1 tick=22123
[dbg] ar=22123 am=6 aA=6 aH=0 l=false j=false fullRedraw=false
[proj] aim scan exhausted p=1 active=1 tick=22124
[proj] aim scan exhausted p=1 active=1 tick=22125
[proj] aim scan exhausted p=1 active=1 tick=22126
[proj] aim scan exhausted p=1 active=1 tick=22127
[proj] aim scan exhausted p=1 active=1 tick=22128
[proj] aim scan exhausted p=1 active=1 tick=22129
[fifo] ar=22129 aistate
[devMouse] aistate written, ar=22129
[proj] aim scan exhausted p=1 active=1 tick=22130
[proj] aim scan exhausted p=1 active=1 tick=22131
[proj] aim scan exhausted p=1 active=1 tick=22132
[proj] aim scan exhausted p=1 active=1 tick=22133
[proj] aim scan exhausted p=1 active=1 tick=22134
[proj] aim scan exhausted p=1 active=1 tick=22136
[proj] aim scan exhausted p=1 active=1 tick=22137
[proj] aim scan exhausted p=1 active=1 tick=22138
[proj] aim scan exhausted p=1 active=1 tick=22139
[proj] aim scan exhausted p=1 active=1 tick=22140
[proj] aim scan exhausted p=1 active=1 tick=22141
[proj] aim scan exhausted p=1 active=1 tick=22142
[proj] aim scan exhausted p=1 active=1 tick=22143
[proj] aim scan exhausted p=1 active=1 tick=22144
[proj] aim scan exhausted p=1 active=1 tick=22145
[proj] aim scan exhausted p=1 active=1 tick=22146
[proj] aim scan exhausted p=1 active=1 tick=22147
[proj] aim scan exhausted p=1 active=1 tick=22148
[dbg] ar=22148 am=6 aA=6 aH=0 l=false j=false fullRedraw=false
[proj] aim scan exhausted p=1 active=1 tick=22149
[proj] aim scan exhausted p=1 active=1 tick=22150
[proj] aim scan exhausted p=1 active=1 tick=22151
[proj] aim scan exhausted p=1 active=1 tick=22152
[proj] aim scan exhausted p=1 active=1 tick=22153
[proj] aim scan exhausted p=1 active=1 tick=22154
[proj] aim scan exhausted p=1 active=1 tick=22155
[proj] aim scan exhausted p=1 active=1 tick=22156
[proj] aim scan exhausted p=1 active=1 tick=22157
[proj] aim scan exhausted p=1 active=1 tick=22158
[proj] aim scan exhausted p=1 active=1 tick=22159
[proj] aim scan exhausted p=1 active=1 tick=22160
[proj] aim scan exhausted p=1 active=1 tick=22161
[proj] aim scan exhausted p=1 active=1 tick=22162
[proj] aim scan exhausted p=1 active=1 tick=22163
[combat] p1 type4 died at (3,6) ar=22164 remaining=7
[proj] aim scan exhausted p=1 active=1 tick=22164
[proj] aim scan exhausted p=1 active=1 tick=22165
[proj] aim scan exhausted p=1 active=1 tick=22166
[proj] aim scan exhausted p=1 active=1 tick=22168
[proj] aim scan exhausted p=1 active=1 tick=22169
[fifo] ar=22169 aistate
[devMouse] aistate written, ar=22169
[proj] aim scan exhausted p=1 active=1 tick=22170
[proj] aim scan exhausted p=1 active=1 tick=22171
[proj] aim scan exhausted p=1 active=1 tick=22172
[proj] aim scan exhausted p=1 active=1 tick=22173
[dbg] ar=22173 am=6 aA=6 aH=0 l=false j=false fullRedraw=false
[proj] aim scan exhausted p=1 active=1 tick=22174
[proj] aim scan exhausted p=1 active=1 tick=22175
[proj] aim scan exhausted p=1 active=1 tick=22176
[proj] aim scan exhausted p=1 active=1 tick=22177
[proj] aim scan exhausted p=1 active=1 tick=22178
[proj] aim scan exhausted p=1 active=1 tick=22179
[proj] aim scan exhausted p=1 active=1 tick=22180
[proj] aim scan exhausted p=1 active=1 tick=22181
[fifoQ] ar=22181 retask 1 5 6
[fifo] ar=22182 retask 1 5 6
[devMouse] retask slot1 (3,6)wa01 -> (5,6)
[proj] aim scan exhausted p=1 active=1 tick=22182
[dbg] ar=22198 am=6 aA=6 aH=0 l=false j=false fullRedraw=false
[fifo] ar=22212 aistate
[devMouse] aistate written, ar=22212
[dbg] ar=22223 am=6 aA=6 aH=0 l=false j=false fullRedraw=false
[dbg] ar=22248 am=6 aA=6 aH=0 l=false j=false fullRedraw=false
[fifo] ar=22251 aistate
[devMouse] aistate written, ar=22251
[dbg] ar=22273 am=6 aA=6 aH=0 l=false j=false fullRedraw=false
[fifo] ar=22292 aistate
[devMouse] aistate written, ar=22292
[dbg] ar=22298 am=6 aA=6 aH=0 l=false j=false fullRedraw=false
[dbg] ar=22323 am=6 aA=6 aH=0 l=false j=false fullRedraw=false
[fifo] ar=22332 aistate
[devMouse] aistate written, ar=22332
[fifo] ar=22343 mapdump /tmp/aoe-camp/m6h/map-s5.txt 0 0 22 22
[devMouse] mapdump written to /tmp/aoe-camp/m6h/map-s5.txt
[dbg] ar=22348 am=6 aA=6 aH=0 l=false j=false fullRedraw=false
[dbg] ar=22373 am=6 aA=6 aH=0 l=false j=false fullRedraw=false
[fifoQ] ar=22386 retask 0 16 2
[fifo] ar=22387 retask 0 16 2
[devMouse] retask slot0 (16,2)w0 -> (16,2)
[dbg] ar=22398 am=6 aA=6 aH=0 l=false j=false fullRedraw=false
[fifo] ar=22418 aistate
[devMouse] aistate written, ar=22418
[dbg] ar=22423 am=6 aA=6 aH=0 l=false j=false fullRedraw=false
[fifoQ] ar=22430 retask 0 17 3
[fifo] ar=22431 retask 0 17 3
[devMouse] retask slot0 (16,2)w0 -> (17,3)
[dbg] ar=22448 am=6 aA=6 aH=0 l=false j=false fullRedraw=false
[fifo] ar=22460 aistate
[devMouse] aistate written, ar=22460
[dbg] ar=22473 am=6 aA=6 aH=0 l=false j=false fullRedraw=false
[dbg] ar=22498 am=6 aA=6 aH=0 l=false j=false fullRedraw=false
[fifo] ar=22500 aistate
[devMouse] aistate written, ar=22500
[dbg] ar=22523 am=6 aA=6 aH=0 l=false j=false fullRedraw=false
[fifo] ar=22540 aistate
[devMouse] aistate written, ar=22540
[dbg] ar=22548 am=6 aA=6 aH=0 l=false j=false fullRedraw=false
[dbg] ar=22573 am=6 aA=6 aH=0 l=false j=false fullRedraw=false
[fifo] ar=22579 aistate
[devMouse] aistate written, ar=22579
[dbg] ar=22598 am=6 aA=6 aH=0 l=false j=false fullRedraw=false
[fifo] ar=22617 aistate
[devMouse] aistate written, ar=22617
[dbg] ar=22623 am=6 aA=6 aH=0 l=false j=false fullRedraw=false
[dbg] ar=22648 am=6 aA=6 aH=0 l=false j=false fullRedraw=false
[fifo] ar=22656 aistate
[devMouse] aistate written, ar=22656
[dbg] ar=22673 am=6 aA=6 aH=0 l=false j=false fullRedraw=false
[fifo] ar=22694 aistate
[devMouse] aistate written, ar=22694
[dbg] ar=22698 am=6 aA=6 aH=0 l=false j=false fullRedraw=false
[fifoQ] ar=22706 retask 0 16 2
[fifo] ar=22707 retask 0 16 2
[devMouse] retask slot0 (16,2)w0 -> (16,2)
[dbg] ar=22723 am=6 aA=6 aH=0 l=false j=false fullRedraw=false
[fifo] ar=22735 aistate
[devMouse] aistate written, ar=22735
[fifoQ] ar=22747 retask 1 4 1
[fifo] ar=22748 retask 1 4 1
[devMouse] retask slot1 (5,6)wc01 -> (4,1)
[dbg] ar=22748 am=6 aA=6 aH=0 l=false j=false fullRedraw=false
[fifoQ] ar=22755 retask 0 17 3
[fifo] ar=22756 retask 0 17 3
[devMouse] retask slot0 (16,2)w0 -> (17,3)
[dbg] ar=22773 am=6 aA=6 aH=0 l=false j=false fullRedraw=false
[fifo] ar=22789 aistate
[devMouse] aistate written, ar=22789
[dbg] ar=22798 am=6 aA=6 aH=0 l=false j=false fullRedraw=false
[dbg] ar=22823 am=6 aA=6 aH=0 l=false j=false fullRedraw=false
[fifo] ar=22825 aistate
[devMouse] aistate written, ar=22825
[dbg] ar=22848 am=6 aA=6 aH=0 l=false j=false fullRedraw=false
[fifo] ar=22865 aistate
[devMouse] aistate written, ar=22865
[dbg] ar=22873 am=6 aA=6 aH=0 l=false j=false fullRedraw=false
[dbg] ar=22898 am=6 aA=6 aH=0 l=false j=false fullRedraw=false
[fifo] ar=22904 aistate
[devMouse] aistate written, ar=22904
[dbg] ar=22923 am=6 aA=6 aH=0 l=false j=false fullRedraw=false
[fifo] ar=22943 aistate
[devMouse] aistate written, ar=22943
[dbg] ar=22948 am=6 aA=6 aH=0 l=false j=false fullRedraw=false
[dbg] ar=22973 am=6 aA=6 aH=0 l=false j=false fullRedraw=false
[fifo] ar=22982 aistate
[devMouse] aistate written, ar=22982
[dbg] ar=22998 am=6 aA=6 aH=0 l=false j=false fullRedraw=false
[fifo] ar=23022 aistate
[devMouse] aistate written, ar=23022
[dbg] ar=23023 am=6 aA=6 aH=0 l=false j=false fullRedraw=false
[fifoQ] ar=23034 retask 0 16 2
[fifo] ar=23035 retask 0 16 2
[devMouse] retask slot0 (16,2)w0 -> (16,2)
[dbg] ar=23048 am=6 aA=6 aH=0 l=false j=false fullRedraw=false
[fifo] ar=23065 aistate
[devMouse] aistate written, ar=23065
[dbg] ar=23073 am=6 aA=6 aH=0 l=false j=false fullRedraw=false
[fifoQ] ar=23077 retask 0 17 3
[fifo] ar=23078 retask 0 17 3
[devMouse] retask slot0 (16,2)w0 -> (17,3)
[dbg] ar=23098 am=6 aA=6 aH=0 l=false j=false fullRedraw=false
[fifo] ar=23105 aistate
[devMouse] aistate written, ar=23105
[dbg] ar=23123 am=6 aA=6 aH=0 l=false j=false fullRedraw=false
[fifo] ar=23144 aistate
[devMouse] aistate written, ar=23144
[dbg] ar=23148 am=6 aA=6 aH=0 l=false j=false fullRedraw=false
[dbg] ar=23173 am=6 aA=6 aH=0 l=false j=false fullRedraw=false
[fifo] ar=23182 aistate
[devMouse] aistate written, ar=23182
[dbg] ar=23198 am=6 aA=6 aH=0 l=false j=false fullRedraw=false
[fifo] ar=23223 aistate
[devMouse] aistate written, ar=23223
[dbg] ar=23223 am=6 aA=6 aH=0 l=false j=false fullRedraw=false
[dbg] ar=23248 am=6 aA=6 aH=0 l=false j=false fullRedraw=false
[fifo] ar=23263 aistate
[devMouse] aistate written, ar=23263
[dbg] ar=23273 am=6 aA=6 aH=0 l=false j=false fullRedraw=false
[dbg] ar=23298 am=6 aA=6 aH=0 l=false j=false fullRedraw=false
[fifo] ar=23303 aistate
[devMouse] aistate written, ar=23303
[dbg] ar=23323 am=6 aA=6 aH=0 l=false j=false fullRedraw=false
[fifo] ar=23341 aistate
[devMouse] aistate written, ar=23342
[dbg] ar=23348 am=6 aA=6 aH=0 l=false j=false fullRedraw=false
[fifoQ] ar=23353 retask 0 16 2
[fifo] ar=23354 retask 0 16 2
[devMouse] retask slot0 (16,2)w0 -> (16,2)
[dbg] ar=23373 am=6 aA=6 aH=0 l=false j=false fullRedraw=false
[fifo] ar=23383 aistate
[devMouse] aistate written, ar=23383
[fifoQ] ar=23395 retask 0 17 3
[fifo] ar=23396 retask 0 17 3
[devMouse] retask slot0 (16,2)w0 -> (17,3)
[dbg] ar=23398 am=6 aA=6 aH=0 l=false j=false fullRedraw=false
[dbg] ar=23423 am=6 aA=6 aH=0 l=false j=false fullRedraw=false
[fifo] ar=23426 aistate
[devMouse] aistate written, ar=23426
[dbg] ar=23448 am=6 aA=6 aH=0 l=false j=false fullRedraw=false
[fifo] ar=23465 aistate
[devMouse] aistate written, ar=23465
[dbg] ar=23473 am=6 aA=6 aH=0 l=false j=false fullRedraw=false
[dbg] ar=23498 am=6 aA=6 aH=0 l=false j=false fullRedraw=false
[fifo] ar=23504 aistate
[devMouse] aistate written, ar=23504
[dbg] ar=23523 am=6 aA=6 aH=0 l=false j=false fullRedraw=false
[fifo] ar=23543 aistate
[devMouse] aistate written, ar=23543
[dbg] ar=23548 am=6 aA=6 aH=0 l=false j=false fullRedraw=false
[dbg] ar=23573 am=6 aA=6 aH=0 l=false j=false fullRedraw=false
[fifo] ar=23584 aistate
[devMouse] aistate written, ar=23584
[dbg] ar=23598 am=6 aA=6 aH=0 l=false j=false fullRedraw=false
[fifo] ar=23623 aistate
[devMouse] aistate written, ar=23623
[dbg] ar=23623 am=6 aA=6 aH=0 l=false j=false fullRedraw=false
[dbg] ar=23648 am=6 aA=6 aH=0 l=false j=false fullRedraw=false
[fifo] ar=23663 aistate
[devMouse] aistate written, ar=23663
[dbg] ar=23673 am=6 aA=6 aH=0 l=false j=false fullRedraw=false
[fifoQ] ar=23675 retask 0 16 2
[fifo] ar=23676 retask 0 16 2
[devMouse] retask slot0 (16,2)w0 -> (16,2)
[dbg] ar=23698 am=6 aA=6 aH=0 l=false j=false fullRedraw=false
[fifo] ar=23707 aistate
[devMouse] aistate written, ar=23707
[fifoQ] ar=23718 retask 0 17 3
[fifo] ar=23719 retask 0 17 3
[devMouse] retask slot0 (16,2)w0 -> (17,3)
[dbg] ar=23723 am=6 aA=6 aH=0 l=false j=false fullRedraw=false
[dbg] ar=23748 am=6 aA=6 aH=0 l=false j=false fullRedraw=false
[fifo] ar=23751 aistate
[devMouse] aistate written, ar=23751
[dbg] ar=23773 am=6 aA=6 aH=0 l=false j=false fullRedraw=false
[fifo] ar=23789 aistate
[devMouse] aistate written, ar=23789
[dbg] ar=23798 am=6 aA=6 aH=0 l=false j=false fullRedraw=false
[dbg] ar=23823 am=6 aA=6 aH=0 l=false j=false fullRedraw=false
[fifo] ar=23827 aistate
[devMouse] aistate written, ar=23827
[dbg] ar=23848 am=6 aA=6 aH=0 l=false j=false fullRedraw=false
[fifo] ar=23867 aistate
[devMouse] aistate written, ar=23867
[dbg] ar=23873 am=6 aA=6 aH=0 l=false j=false fullRedraw=false
[dbg] ar=23898 am=6 aA=6 aH=0 l=false j=false fullRedraw=false
[fifo] ar=23906 aistate
[devMouse] aistate written, ar=23906
[dbg] ar=23923 am=6 aA=6 aH=0 l=false j=false fullRedraw=false
[fifo] ar=23946 aistate
[devMouse] aistate written, ar=23946
[dbg] ar=23948 am=6 aA=6 aH=0 l=false j=false fullRedraw=false
[dbg] ar=23973 am=6 aA=6 aH=0 l=false j=false fullRedraw=false
[fifo] ar=23985 aistate
[devMouse] aistate written, ar=23985
[fifoQ] ar=23997 retask 0 16 2
[fifo] ar=23997 retask 0 16 2
[devMouse] retask slot0 (16,2)w0 -> (16,2)
[dbg] ar=23998 am=6 aA=6 aH=0 l=false j=false fullRedraw=false
[dbg] ar=24023 am=6 aA=6 aH=0 l=false j=false fullRedraw=false
[fifo] ar=24028 aistate
[devMouse] aistate written, ar=24028
[fifoQ] ar=24040 retask 0 17 3
[fifo] ar=24040 retask 0 17 3
[devMouse] retask slot0 (16,2)w0 -> (17,3)
[dbg] ar=24048 am=6 aA=6 aH=0 l=false j=false fullRedraw=false
[fifo] ar=24071 aistate
[devMouse] aistate written, ar=24071
[dbg] ar=24073 am=6 aA=6 aH=0 l=false j=false fullRedraw=false
[dbg] ar=24098 am=6 aA=6 aH=0 l=false j=false fullRedraw=false
[fifo] ar=24111 aistate
[devMouse] aistate written, ar=24111
[dbg] ar=24123 am=6 aA=6 aH=0 l=false j=false fullRedraw=false
[dbg] ar=24148 am=6 aA=6 aH=0 l=false j=false fullRedraw=false
[fifo] ar=24151 aistate
[devMouse] aistate written, ar=24151
[dbg] ar=24173 am=6 aA=6 aH=0 l=false j=false fullRedraw=false
[fifo] ar=24189 aistate
[devMouse] aistate written, ar=24189
[dbg] ar=24198 am=6 aA=6 aH=0 l=false j=false fullRedraw=false
[dbg] ar=24223 am=6 aA=6 aH=0 l=false j=false fullRedraw=false
[fifo] ar=24228 aistate
[devMouse] aistate written, ar=24228
[watchdog] Timer 线程疑似卡死：同一任务帧已持续 6s+
[watchdog]   at java.desktop@17.0.20.1/sun.java2d.loops.MaskBlit.MaskBlit(Native Method)
[watchdog]   at java.desktop@17.0.20.1/sun.java2d.loops.Blit$GeneralMaskBlit.Blit(Blit.java:204)
[watchdog]   at java.desktop@17.0.20.1/sun.java2d.pipe.DrawImage.blitSurfaceData(DrawImage.java:993)
[watchdog]   at java.desktop@17.0.20.1/sun.java2d.pipe.DrawImage.renderImageCopy(DrawImage.java:590)
[watchdog]   at java.desktop@17.0.20.1/sun.java2d.pipe.DrawImage.tryCopyOrScale(DrawImage.java:312)
[watchdog]   at java.desktop@17.0.20.1/sun.java2d.pipe.DrawImage.transformImage(DrawImage.java:260)
[watchdog]   at java.desktop@17.0.20.1/sun.java2d.pipe.DrawImage.scaleImage(DrawImage.java:783)
[watchdog]   at java.desktop@17.0.20.1/sun.java2d.pipe.DrawImage.scaleImage(DrawImage.java:1102)
[watchdog]   at java.desktop@17.0.20.1/sun.java2d.SunGraphics2D.drawImage(SunGraphics2D.java:3519)
[watchdog]   at java.desktop@17.0.20.1/sun.java2d.SunGraphics2D.drawImage(SunGraphics2D.java:3460)
[watchdog]   at app//javax.microedition.lcdui.Graphics.drawImage(Graphics.java:275)
[watchdog]   at app//AgeOfEmpires.c.drawTileSprite(c.java:5155)
[watchdog]   at app//AgeOfEmpires.c.renderWorld(c.java:6643)
[watchdog]   at app//AgeOfEmpires.c.a(c.java:4348)
[watchdog]   at app//AgeOfEmpires.c.dispatchRender(c.java:2922)
[watchdog]   at app//AgeOfEmpires.c.onPaint(c.java:2699)
[watchdog]   at app//com.ulysseo.mad.b.paint(b.java:54)
[watchdog]   at app//javax.microedition.lcdui.Canvas.serviceRepaints(Canvas.java:140)
[watchdog]   at app//com.ulysseo.mad.e.run(e.java:34)
[watchdog]   at java.base@17.0.20.1/java.util.TimerThread.mainLoop(Timer.java:566)
[watchdog]   at java.base@17.0.20.1/java.util.TimerThread.run(Timer.java:516)
[dbg] ar=24248 am=6 aA=6 aH=0 l=false j=false fullRedraw=false
[fifo] ar=24268 aistate
[devMouse] aistate written, ar=24268
[dbg] ar=24273 am=6 aA=6 aH=0 l=false j=false fullRedraw=false
[dbg] ar=24298 am=6 aA=6 aH=0 l=false j=false fullRedraw=false
[fifo] ar=24308 aistate
[devMouse] aistate written, ar=24308
[fifoQ] ar=24320 retask 0 16 2
[fifo] ar=24320 retask 0 16 2
[devMouse] retask slot0 (16,2)w0 -> (16,2)
[dbg] ar=24323 am=6 aA=6 aH=0 l=false j=false fullRedraw=false
[dbg] ar=24348 am=6 aA=6 aH=0 l=false j=false fullRedraw=false
[fifo] ar=24350 aistate
[devMouse] aistate written, ar=24350
[fifoQ] ar=24362 retask 0 17 3
[fifo] ar=24363 retask 0 17 3
[devMouse] retask slot0 (16,2)w0 -> (17,3)
[dbg] ar=24373 am=6 aA=6 aH=0 l=false j=false fullRedraw=false
[fifo] ar=24392 aistate
[devMouse] aistate written, ar=24392
[dbg] ar=24398 am=6 aA=6 aH=0 l=false j=false fullRedraw=false
[dbg] ar=24423 am=6 aA=6 aH=0 l=false j=false fullRedraw=false
[fifo] ar=24432 aistate
[devMouse] aistate written, ar=24432
[dbg] ar=24448 am=6 aA=6 aH=0 l=false j=false fullRedraw=false
[fifo] ar=24471 aistate
[devMouse] aistate written, ar=24471
[dbg] ar=24473 am=6 aA=6 aH=0 l=false j=false fullRedraw=false
[dbg] ar=24498 am=6 aA=6 aH=0 l=false j=false fullRedraw=false
[fifo] ar=24509 aistate
[devMouse] aistate written, ar=24509
[dbg] ar=24523 am=6 aA=6 aH=0 l=false j=false fullRedraw=false
[fifo] ar=24547 aistate
[devMouse] aistate written, ar=24548
[dbg] ar=24548 am=6 aA=6 aH=0 l=false j=false fullRedraw=false
[dbg] ar=24573 am=6 aA=6 aH=0 l=false j=false fullRedraw=false
[fifo] ar=24586 aistate
[devMouse] aistate written, ar=24586
[fifo] ar=24598 mapdump /tmp/aoe-camp/m6h/map-s5.txt 0 0 22 22
[devMouse] mapdump written to /tmp/aoe-camp/m6h/map-s5.txt
[dbg] ar=24598 am=6 aA=6 aH=0 l=false j=false fullRedraw=false
[dbg] ar=24623 am=6 aA=6 aH=0 l=false j=false fullRedraw=false
[dbg] ar=24648 am=6 aA=6 aH=0 l=false j=false fullRedraw=false
[fifo] ar=24667 aistate
[devMouse] aistate written, ar=24667
[dbg] ar=24673 am=6 aA=6 aH=0 l=false j=false fullRedraw=false
[fifoQ] ar=24678 retask 0 16 2
[fifo] ar=24679 retask 0 16 2
[devMouse] retask slot0 (16,2)w0 -> (16,2)
[dbg] ar=24698 am=6 aA=6 aH=0 l=false j=false fullRedraw=false
[fifo] ar=24709 aistate
[devMouse] aistate written, ar=24709
[fifoQ] ar=24720 retask 0 17 3
[fifo] ar=24721 retask 0 17 3
[devMouse] retask slot0 (16,2)w0 -> (17,3)
[dbg] ar=24723 am=6 aA=6 aH=0 l=false j=false fullRedraw=false
[dbg] ar=24748 am=6 aA=6 aH=0 l=false j=false fullRedraw=false
[fifo] ar=24750 aistate
[devMouse] aistate written, ar=24750
[dbg] ar=24773 am=6 aA=6 aH=0 l=false j=false fullRedraw=false
[fifo] ar=24789 aistate
[devMouse] aistate written, ar=24789
[dbg] ar=24798 am=6 aA=6 aH=0 l=false j=false fullRedraw=false
[dbg] ar=24823 am=6 aA=6 aH=0 l=false j=false fullRedraw=false
[fifo] ar=24829 aistate
[devMouse] aistate written, ar=24829
[dbg] ar=24848 am=6 aA=6 aH=0 l=false j=false fullRedraw=false
[fifo] ar=24868 aistate
[devMouse] aistate written, ar=24868
[dbg] ar=24873 am=6 aA=6 aH=0 l=false j=false fullRedraw=false
[dbg] ar=24898 am=6 aA=6 aH=0 l=false j=false fullRedraw=false
[fifo] ar=24907 aistate
[devMouse] aistate written, ar=24907
[dbg] ar=24923 am=6 aA=6 aH=0 l=false j=false fullRedraw=false
[fifo] ar=24946 aistate
[devMouse] aistate written, ar=24946
[dbg] ar=24948 am=6 aA=6 aH=0 l=false j=false fullRedraw=false
[dbg] ar=24973 am=6 aA=6 aH=0 l=false j=false fullRedraw=false
[fifo] ar=24984 aistate
[devMouse] aistate written, ar=24984
[fifoQ] ar=24993 retask 0 16 2
[fifo] ar=24994 retask 0 16 2
[devMouse] retask slot0 (16,2)w0 -> (16,2)
[dbg] ar=24998 am=6 aA=6 aH=0 l=false j=false fullRedraw=false
[fifo] ar=25021 aistate
[devMouse] aistate written, ar=25021
[dbg] ar=25023 am=6 aA=6 aH=0 l=false j=false fullRedraw=false
[fifoQ] ar=25033 retask 0 17 3
[fifo] ar=25033 retask 0 17 3
[devMouse] retask slot0 (16,2)w0 -> (17,3)
[dbg] ar=25048 am=6 aA=6 aH=0 l=false j=false fullRedraw=false
[fifo] ar=25063 aistate
[devMouse] aistate written, ar=25063
[dbg] ar=25073 am=6 aA=6 aH=0 l=false j=false fullRedraw=false
[dbg] ar=25098 am=6 aA=6 aH=0 l=false j=false fullRedraw=false
[fifo] ar=25102 aistate
[devMouse] aistate written, ar=25102
[dbg] ar=25123 am=6 aA=6 aH=0 l=false j=false fullRedraw=false
[fifo] ar=25142 aistate
[devMouse] aistate written, ar=25142
[dbg] ar=25148 am=6 aA=6 aH=0 l=false j=false fullRedraw=false
[dbg] ar=25173 am=6 aA=6 aH=0 l=false j=false fullRedraw=false
[fifo] ar=25181 aistate
[devMouse] aistate written, ar=25181
[dbg] ar=25198 am=6 aA=6 aH=0 l=false j=false fullRedraw=false
[fifo] ar=25218 aistate
[devMouse] aistate written, ar=25219
[dbg] ar=25223 am=6 aA=6 aH=0 l=false j=false fullRedraw=false
[dbg] ar=25248 am=6 aA=6 aH=0 l=false j=false fullRedraw=false
[fifo] ar=25259 aistate
[devMouse] aistate written, ar=25259
[dbg] ar=25273 am=6 aA=6 aH=0 l=false j=false fullRedraw=false
[fifo] ar=25298 aistate
[devMouse] aistate written, ar=25298
[dbg] ar=25298 am=6 aA=6 aH=0 l=false j=false fullRedraw=false
[fifoQ] ar=25310 retask 0 16 2
[fifo] ar=25311 retask 0 16 2
[devMouse] retask slot0 (16,2)w0 -> (16,2)
[dbg] ar=25323 am=6 aA=6 aH=0 l=false j=false fullRedraw=false
[fifo] ar=25341 aistate
[devMouse] aistate written, ar=25341
[dbg] ar=25348 am=6 aA=6 aH=0 l=false j=false fullRedraw=false
[fifoQ] ar=25352 retask 0 17 3
[fifo] ar=25353 retask 0 17 3
[devMouse] retask slot0 (16,2)w0 -> (17,3)
[dbg] ar=25373 am=6 aA=6 aH=0 l=false j=false fullRedraw=false
[fifo] ar=25383 aistate
[devMouse] aistate written, ar=25383
[dbg] ar=25398 am=6 aA=6 aH=0 l=false j=false fullRedraw=false
[fifo] ar=25422 aistate
[devMouse] aistate written, ar=25422
[dbg] ar=25423 am=6 aA=6 aH=0 l=false j=false fullRedraw=false
[dbg] ar=25448 am=6 aA=6 aH=0 l=false j=false fullRedraw=false
[fifo] ar=25461 aistate
[devMouse] aistate written, ar=25461
[dbg] ar=25473 am=6 aA=6 aH=0 l=false j=false fullRedraw=false
[dbg] ar=25498 am=6 aA=6 aH=0 l=false j=false fullRedraw=false
[fifo] ar=25500 aistate
[devMouse] aistate written, ar=25500
[dbg] ar=25523 am=6 aA=6 aH=0 l=false j=false fullRedraw=false
[fifo] ar=25540 aistate
[devMouse] aistate written, ar=25540
[dbg] ar=25548 am=6 aA=6 aH=0 l=false j=false fullRedraw=false
[dbg] ar=25573 am=6 aA=6 aH=0 l=false j=false fullRedraw=false
[fifo] ar=25579 aistate
[devMouse] aistate written, ar=25579
[dbg] ar=25598 am=6 aA=6 aH=0 l=false j=false fullRedraw=false
[fifo] ar=25618 aistate
[devMouse] aistate written, ar=25618
[dbg] ar=25623 am=6 aA=6 aH=0 l=false j=false fullRedraw=false
[fifoQ] ar=25630 retask 0 16 2
[fifo] ar=25631 retask 0 16 2
[devMouse] retask slot0 (16,2)w0 -> (16,2)
[dbg] ar=25648 am=6 aA=6 aH=0 l=false j=false fullRedraw=false
[fifo] ar=25662 aistate
[devMouse] aistate written, ar=25662
[dbg] ar=25673 am=6 aA=6 aH=0 l=false j=false fullRedraw=false
[fifoQ] ar=25674 retask 0 17 3
[fifo] ar=25675 retask 0 17 3
[devMouse] retask slot0 (16,2)w0 -> (17,3)
[dbg] ar=25698 am=6 aA=6 aH=0 l=false j=false fullRedraw=false
[fifo] ar=25705 aistate
[devMouse] aistate written, ar=25705
[dbg] ar=25723 am=6 aA=6 aH=0 l=false j=false fullRedraw=false
[fifo] ar=25743 aistate
[devMouse] aistate written, ar=25743
[dbg] ar=25748 am=6 aA=6 aH=0 l=false j=false fullRedraw=false
[dbg] ar=25773 am=6 aA=6 aH=0 l=false j=false fullRedraw=false
[fifo] ar=25781 aistate
[devMouse] aistate written, ar=25781
[dbg] ar=25798 am=6 aA=6 aH=0 l=false j=false fullRedraw=false
[fifo] ar=25819 aistate
[devMouse] aistate written, ar=25819
[dbg] ar=25823 am=6 aA=6 aH=0 l=false j=false fullRedraw=false
[dbg] ar=25848 am=6 aA=6 aH=0 l=false j=false fullRedraw=false
[fifo] ar=25857 aistate
[devMouse] aistate written, ar=25857
[dbg] ar=25873 am=6 aA=6 aH=0 l=false j=false fullRedraw=false
[fifo] ar=25897 aistate
[devMouse] aistate written, ar=25897
[dbg] ar=25898 am=6 aA=6 aH=0 l=false j=false fullRedraw=false
[dbg] ar=25923 am=6 aA=6 aH=0 l=false j=false fullRedraw=false
[fifo] ar=25937 aistate
[devMouse] aistate written, ar=25937
[fifoQ] ar=25948 retask 0 16 2
[dbg] ar=25948 am=6 aA=6 aH=0 l=false j=false fullRedraw=false
[fifo] ar=25949 retask 0 16 2
[devMouse] retask slot0 (16,2)w0 -> (16,2)
[dbg] ar=25973 am=6 aA=6 aH=0 l=false j=false fullRedraw=false
[fifo] ar=25979 aistate
[devMouse] aistate written, ar=25979
[fifoQ] ar=25989 retask 0 17 3
[fifo] ar=25990 retask 0 17 3
[devMouse] retask slot0 (16,2)w0 -> (17,3)
[dbg] ar=25998 am=6 aA=6 aH=0 l=false j=false fullRedraw=false
[fifo] ar=26020 aistate
[devMouse] aistate written, ar=26020
[dbg] ar=26023 am=6 aA=6 aH=0 l=false j=false fullRedraw=false
[dbg] ar=26048 am=6 aA=6 aH=0 l=false j=false fullRedraw=false
[fifo] ar=26058 aistate
[devMouse] aistate written, ar=26058
[dbg] ar=26073 am=6 aA=6 aH=0 l=false j=false fullRedraw=false
[fifo] ar=26098 aistate
[devMouse] aistate written, ar=26098
[dbg] ar=26098 am=6 aA=6 aH=0 l=false j=false fullRedraw=false
[dbg] ar=26123 am=6 aA=6 aH=0 l=false j=false fullRedraw=false
[fifo] ar=26138 aistate
[devMouse] aistate written, ar=26138
[dbg] ar=26148 am=6 aA=6 aH=0 l=false j=false fullRedraw=false
[dbg] ar=26173 am=6 aA=6 aH=0 l=false j=false fullRedraw=false
[fifo] ar=26177 aistate
[devMouse] aistate written, ar=26177
[dbg] ar=26198 am=6 aA=6 aH=0 l=false j=false fullRedraw=false
[fifo] ar=26215 aistate
[devMouse] aistate written, ar=26215
[dbg] ar=26223 am=6 aA=6 aH=0 l=false j=false fullRedraw=false
[dbg] ar=26248 am=6 aA=6 aH=0 l=false j=false fullRedraw=false
[fifo] ar=26253 aistate
[devMouse] aistate written, ar=26253
[fifoQ] ar=26265 retask 0 16 2
[fifo] ar=26266 retask 0 16 2
[devMouse] retask slot0 (16,2)w0 -> (16,2)
[dbg] ar=26273 am=6 aA=6 aH=0 l=false j=false fullRedraw=false
[fifo] ar=26296 aistate
[devMouse] aistate written, ar=26296
[dbg] ar=26298 am=6 aA=6 aH=0 l=false j=false fullRedraw=false
[fifoQ] ar=26309 retask 0 17 3
[fifo] ar=26310 retask 0 17 3
[devMouse] retask slot0 (16,2)w0 -> (17,3)
[dbg] ar=26323 am=6 aA=6 aH=0 l=false j=false fullRedraw=false
[fifo] ar=26340 aistate
[devMouse] aistate written, ar=26340
[dbg] ar=26348 am=6 aA=6 aH=0 l=false j=false fullRedraw=false
[dbg] ar=26373 am=6 aA=6 aH=0 l=false j=false fullRedraw=false
[fifo] ar=26379 aistate
[devMouse] aistate written, ar=26379
[dbg] ar=26398 am=6 aA=6 aH=0 l=false j=false fullRedraw=false
[fifo] ar=26419 aistate
[devMouse] aistate written, ar=26419
[dbg] ar=26423 am=6 aA=6 aH=0 l=false j=false fullRedraw=false
[dbg] ar=26448 am=6 aA=6 aH=0 l=false j=false fullRedraw=false
[fifo] ar=26459 aistate
[devMouse] aistate written, ar=26459
[dbg] ar=26473 am=6 aA=6 aH=0 l=false j=false fullRedraw=false
[fifo] ar=26498 aistate
[devMouse] aistate written, ar=26498
[dbg] ar=26498 am=6 aA=6 aH=0 l=false j=false fullRedraw=false
[dbg] ar=26523 am=6 aA=6 aH=0 l=false j=false fullRedraw=false
[fifo] ar=26537 aistate
[devMouse] aistate written, ar=26537
[dbg] ar=26548 am=6 aA=6 aH=0 l=false j=false fullRedraw=false
[dbg] ar=26573 am=6 aA=6 aH=0 l=false j=false fullRedraw=false
[fifo] ar=26575 aistate
[devMouse] aistate written, ar=26575
[fifoQ] ar=26586 retask 0 16 2
[fifo] ar=26587 retask 0 16 2
[devMouse] retask slot0 (16,2)w0 -> (16,2)
[dbg] ar=26598 am=6 aA=6 aH=0 l=false j=false fullRedraw=false
[fifo] ar=26616 aistate
[devMouse] aistate written, ar=26616
[dbg] ar=26623 am=6 aA=6 aH=0 l=false j=false fullRedraw=false
[fifoQ] ar=26628 retask 0 17 3
[fifo] ar=26629 retask 0 17 3
[devMouse] retask slot0 (16,2)w0 -> (17,3)
[dbg] ar=26648 am=6 aA=6 aH=0 l=false j=false fullRedraw=false
[fifo] ar=26659 aistate
[devMouse] aistate written, ar=26659
[dbg] ar=26673 am=6 aA=6 aH=0 l=false j=false fullRedraw=false
[fifo] ar=26698 aistate
[devMouse] aistate written, ar=26698
[dbg] ar=26698 am=6 aA=6 aH=0 l=false j=false fullRedraw=false
[dbg] ar=26723 am=6 aA=6 aH=0 l=false j=false fullRedraw=false
[fifo] ar=26737 aistate
[devMouse] aistate written, ar=26737
[dbg] ar=26748 am=6 aA=6 aH=0 l=false j=false fullRedraw=false
[dbg] ar=26773 am=6 aA=6 aH=0 l=false j=false fullRedraw=false
[fifo] ar=26775 aistate
[devMouse] aistate written, ar=26775
[dbg] ar=26798 am=6 aA=6 aH=0 l=false j=false fullRedraw=false
[fifo] ar=26814 aistate
[devMouse] aistate written, ar=26814
[dbg] ar=26823 am=6 aA=6 aH=0 l=false j=false fullRedraw=false
[dbg] ar=26848 am=6 aA=6 aH=0 l=false j=false fullRedraw=false
[fifo] ar=26853 aistate
[devMouse] aistate written, ar=26853
[fifo] ar=26863 mapdump /tmp/aoe-camp/m6h/map-s5.txt 0 0 22 22
[devMouse] mapdump written to /tmp/aoe-camp/m6h/map-s5.txt
[dbg] ar=26873 am=6 aA=6 aH=0 l=false j=false fullRedraw=false
[dbg] ar=26898 am=6 aA=6 aH=0 l=false j=false fullRedraw=false
[dbg] ar=26923 am=6 aA=6 aH=0 l=false j=false fullRedraw=false
[fifo] ar=26933 aistate
[devMouse] aistate written, ar=26933
[fifoQ] ar=26945 retask 0 16 2
[fifo] ar=26946 retask 0 16 2
[devMouse] retask slot0 (16,2)w0 -> (16,2)
[dbg] ar=26948 am=6 aA=6 aH=0 l=false j=false fullRedraw=false
[dbg] ar=26973 am=6 aA=6 aH=0 l=false j=false fullRedraw=false
[fifo] ar=26975 aistate
[devMouse] aistate written, ar=26975
[fifoQ] ar=26987 retask 0 17 3
[fifo] ar=26988 retask 0 17 3
[devMouse] retask slot0 (16,2)w0 -> (17,3)
[dbg] ar=26998 am=6 aA=6 aH=0 l=false j=false fullRedraw=false
[fifo] ar=27018 aistate
[devMouse] aistate written, ar=27018
[dbg] ar=27023 am=6 aA=6 aH=0 l=false j=false fullRedraw=false
[dbg] ar=27048 am=6 aA=6 aH=0 l=false j=false fullRedraw=false
[fifo] ar=27058 aistate
[devMouse] aistate written, ar=27058
[dbg] ar=27073 am=6 aA=6 aH=0 l=false j=false fullRedraw=false
[fifo] ar=27097 aistate
[devMouse] aistate written, ar=27097
[dbg] ar=27098 am=6 aA=6 aH=0 l=false j=false fullRedraw=false
[dbg] ar=27123 am=6 aA=6 aH=0 l=false j=false fullRedraw=false
[fifo] ar=27137 aistate
[devMouse] aistate written, ar=27137
[dbg] ar=27148 am=6 aA=6 aH=0 l=false j=false fullRedraw=false
[dbg] ar=27173 am=6 aA=6 aH=0 l=false j=false fullRedraw=false
[fifo] ar=27175 aistate
[devMouse] aistate written, ar=27175
[dbg] ar=27198 am=6 aA=6 aH=0 l=false j=false fullRedraw=false
[fifo] ar=27214 aistate
[devMouse] aistate written, ar=27214
[dbg] ar=27223 am=6 aA=6 aH=0 l=false j=false fullRedraw=false
[dbg] ar=27248 am=6 aA=6 aH=0 l=false j=false fullRedraw=false
[fifo] ar=27253 aistate
[devMouse] aistate written, ar=27253
[fifoQ] ar=27264 retask 0 16 2
[fifo] ar=27265 retask 0 16 2
[devMouse] retask slot0 (16,2)w0 -> (16,2)
[dbg] ar=27273 am=6 aA=6 aH=0 l=false j=false fullRedraw=false
[fifo] ar=27295 aistate
[devMouse] aistate written, ar=27295
[dbg] ar=27298 am=6 aA=6 aH=0 l=false j=false fullRedraw=false
[fifoQ] ar=27307 retask 0 17 3
[fifo] ar=27308 retask 0 17 3
[devMouse] retask slot0 (16,2)w0 -> (17,3)
[dbg] ar=27323 am=6 aA=6 aH=0 l=false j=false fullRedraw=false
[fifo] ar=27337 aistate
[devMouse] aistate written, ar=27337
[dbg] ar=27348 am=6 aA=6 aH=0 l=false j=false fullRedraw=false
[dbg] ar=27373 am=6 aA=6 aH=0 l=false j=false fullRedraw=false
[fifo] ar=27377 aistate
[devMouse] aistate written, ar=27377
[dbg] ar=27398 am=6 aA=6 aH=0 l=false j=false fullRedraw=false
[fifo] ar=27416 aistate
[devMouse] aistate written, ar=27416
[dbg] ar=27423 am=6 aA=6 aH=0 l=false j=false fullRedraw=false
[dbg] ar=27448 am=6 aA=6 aH=0 l=false j=false fullRedraw=false
[fifo] ar=27453 aistate
[devMouse] aistate written, ar=27454
[dbg] ar=27473 am=6 aA=6 aH=0 l=false j=false fullRedraw=false
[fifo] ar=27493 aistate
[devMouse] aistate written, ar=27493
[dbg] ar=27498 am=6 aA=6 aH=0 l=false j=false fullRedraw=false
[dbg] ar=27523 am=6 aA=6 aH=0 l=false j=false fullRedraw=false
[fifo] ar=27532 aistate
[devMouse] aistate written, ar=27532
[dbg] ar=27548 am=6 aA=6 aH=0 l=false j=false fullRedraw=false
[fifo] ar=27570 aistate
[devMouse] aistate written, ar=27570
[dbg] ar=27573 am=6 aA=6 aH=0 l=false j=false fullRedraw=false
[fifoQ] ar=27582 retask 0 16 2
[fifo] ar=27583 retask 0 16 2
[devMouse] retask slot0 (16,2)w0 -> (16,2)
[dbg] ar=27598 am=6 aA=6 aH=0 l=false j=false fullRedraw=false
[fifo] ar=27612 aistate
[devMouse] aistate written, ar=27612
[dbg] ar=27623 am=6 aA=6 aH=0 l=false j=false fullRedraw=false
[fifoQ] ar=27624 retask 0 17 3
[fifo] ar=27625 retask 0 17 3
[devMouse] retask slot0 (16,2)w0 -> (17,3)
[dbg] ar=27648 am=6 aA=6 aH=0 l=false j=false fullRedraw=false
[fifo] ar=27654 aistate
[devMouse] aistate written, ar=27654
[dbg] ar=27673 am=6 aA=6 aH=0 l=false j=false fullRedraw=false
[fifo] ar=27693 aistate
[devMouse] aistate written, ar=27693
[dbg] ar=27698 am=6 aA=6 aH=0 l=false j=false fullRedraw=false
[dbg] ar=27723 am=6 aA=6 aH=0 l=false j=false fullRedraw=false
[fifo] ar=27733 aistate
[devMouse] aistate written, ar=27733
[dbg] ar=27748 am=6 aA=6 aH=0 l=false j=false fullRedraw=false
[fifo] ar=27772 aistate
[devMouse] aistate written, ar=27772
[dbg] ar=27773 am=6 aA=6 aH=0 l=false j=false fullRedraw=false
[dbg] ar=27798 am=6 aA=6 aH=0 l=false j=false fullRedraw=false
[fifo] ar=27812 aistate
[devMouse] aistate written, ar=27812
[dbg] ar=27823 am=6 aA=6 aH=0 l=false j=false fullRedraw=false
[dbg] ar=27848 am=6 aA=6 aH=0 l=false j=false fullRedraw=false
[fifo] ar=27851 aistate
[devMouse] aistate written, ar=27851
[dbg] ar=27873 am=6 aA=6 aH=0 l=false j=false fullRedraw=false
[fifo] ar=27890 aistate
[devMouse] aistate written, ar=27890
[dbg] ar=27898 am=6 aA=6 aH=0 l=false j=false fullRedraw=false
[fifoQ] ar=27901 retask 0 16 2
[fifo] ar=27902 retask 0 16 2
[devMouse] retask slot0 (16,2)w0 -> (16,2)
[dbg] ar=27923 am=6 aA=6 aH=0 l=false j=false fullRedraw=false
[fifo] ar=27932 aistate
[devMouse] aistate written, ar=27932
[fifoQ] ar=27944 retask 0 17 3
[fifo] ar=27945 retask 0 17 3
[devMouse] retask slot0 (16,2)w0 -> (17,3)
[dbg] ar=27948 am=6 aA=6 aH=0 l=false j=false fullRedraw=false
[fifo] ar=27973 aistate
[devMouse] aistate written, ar=27973
[dbg] ar=27973 am=6 aA=6 aH=0 l=false j=false fullRedraw=false
[dbg] ar=27998 am=6 aA=6 aH=0 l=false j=false fullRedraw=false
[fifo] ar=28013 aistate
[devMouse] aistate written, ar=28013
[dbg] ar=28023 am=6 aA=6 aH=0 l=false j=false fullRedraw=false
[dbg] ar=28048 am=6 aA=6 aH=0 l=false j=false fullRedraw=false
[fifo] ar=28053 aistate
[devMouse] aistate written, ar=28053
[dbg] ar=28073 am=6 aA=6 aH=0 l=false j=false fullRedraw=false
[fifo] ar=28092 aistate
[devMouse] aistate written, ar=28092
[dbg] ar=28098 am=6 aA=6 aH=0 l=false j=false fullRedraw=false
[dbg] ar=28123 am=6 aA=6 aH=0 l=false j=false fullRedraw=false
[fifo] ar=28130 aistate
[devMouse] aistate written, ar=28130
[dbg] ar=28148 am=6 aA=6 aH=0 l=false j=false fullRedraw=false
[fifo] ar=28170 aistate
[devMouse] aistate written, ar=28170
[dbg] ar=28173 am=6 aA=6 aH=0 l=false j=false fullRedraw=false
[dbg] ar=28198 am=6 aA=6 aH=0 l=false j=false fullRedraw=false
[fifo] ar=28211 aistate
[devMouse] aistate written, ar=28211
[fifoQ] ar=28223 retask 0 16 2
[dbg] ar=28223 am=6 aA=6 aH=0 l=false j=false fullRedraw=false
[fifo] ar=28224 retask 0 16 2
[devMouse] retask slot0 (16,2)w0 -> (16,2)
[dbg] ar=28248 am=6 aA=6 aH=0 l=false j=false fullRedraw=false
[fifo] ar=28253 aistate
[devMouse] aistate written, ar=28253
[fifoQ] ar=28264 retask 0 17 3
[fifo] ar=28265 retask 0 17 3
[devMouse] retask slot0 (16,2)w0 -> (17,3)
[dbg] ar=28273 am=6 aA=6 aH=0 l=false j=false fullRedraw=false
[fifo] ar=28294 aistate
[devMouse] aistate written, ar=28294
[dbg] ar=28298 am=6 aA=6 aH=0 l=false j=false fullRedraw=false
[dbg] ar=28323 am=6 aA=6 aH=0 l=false j=false fullRedraw=false
[fifo] ar=28334 aistate
[devMouse] aistate written, ar=28335
[dbg] ar=28348 am=6 aA=6 aH=0 l=false j=false fullRedraw=false
[dbg] ar=28373 am=6 aA=6 aH=0 l=false j=false fullRedraw=false
[fifo] ar=28374 aistate
[devMouse] aistate written, ar=28374
[dbg] ar=28398 am=6 aA=6 aH=0 l=false j=false fullRedraw=false
[fifo] ar=28413 aistate
[devMouse] aistate written, ar=28413
[dbg] ar=28423 am=6 aA=6 aH=0 l=false j=false fullRedraw=false
[dbg] ar=28448 am=6 aA=6 aH=0 l=false j=false fullRedraw=false
[fifo] ar=28453 aistate
[devMouse] aistate written, ar=28453
[fifoQ] ar=28465 retask 1 5 3
[fifo] ar=28466 retask 1 5 3
[devMouse] retask slot1 (4,1)w301 -> (5,3)
[dbg] ar=28473 am=6 aA=6 aH=0 l=false j=false fullRedraw=false
[fifo] ar=28496 aistate
[devMouse] aistate written, ar=28496
[dbg] ar=28498 am=6 aA=6 aH=0 l=false j=false fullRedraw=false
[dbg] ar=28523 am=6 aA=6 aH=0 l=false j=false fullRedraw=false
[fifo] ar=28535 aistate
[devMouse] aistate written, ar=28535
[fifoQ] ar=28547 retask 0 16 2
[fifo] ar=28548 retask 0 16 2
[devMouse] retask slot0 (16,2)w0 -> (16,2)
[dbg] ar=28548 am=6 aA=6 aH=0 l=false j=false fullRedraw=false
[dbg] ar=28573 am=6 aA=6 aH=0 l=false j=false fullRedraw=false
[fifo] ar=28577 aistate
[devMouse] aistate written, ar=28577
[fifoQ] ar=28588 retask 0 17 3
[fifo] ar=28589 retask 0 17 3
[devMouse] retask slot0 (16,2)w0 -> (17,3)
[dbg] ar=28598 am=6 aA=6 aH=0 l=false j=false fullRedraw=false
[fifo] ar=28619 aistate
[devMouse] aistate written, ar=28619
[dbg] ar=28623 am=6 aA=6 aH=0 l=false j=false fullRedraw=false
[dbg] ar=28648 am=6 aA=6 aH=0 l=false j=false fullRedraw=false
[fifo] ar=28658 aistate
[devMouse] aistate written, ar=28658
[dbg] ar=28673 am=6 aA=6 aH=0 l=false j=false fullRedraw=false
[fifo] ar=28697 aistate
[devMouse] aistate written, ar=28697
[dbg] ar=28698 am=6 aA=6 aH=0 l=false j=false fullRedraw=false
[dbg] ar=28723 am=6 aA=6 aH=0 l=false j=false fullRedraw=false
[fifo] ar=28737 aistate
[devMouse] aistate written, ar=28737
[dbg] ar=28748 am=6 aA=6 aH=0 l=false j=false fullRedraw=false
[dbg] ar=28773 am=6 aA=6 aH=0 l=false j=false fullRedraw=false
[fifo] ar=28775 aistate
[devMouse] aistate written, ar=28775
[dbg] ar=28798 am=6 aA=6 aH=0 l=false j=false fullRedraw=false
[fifo] ar=28815 aistate
[devMouse] aistate written, ar=28815
[dbg] ar=28823 am=6 aA=6 aH=0 l=false j=false fullRedraw=false
[dbg] ar=28848 am=6 aA=6 aH=0 l=false j=false fullRedraw=false
[fifo] ar=28854 aistate
[devMouse] aistate written, ar=28854
[fifoQ] ar=28865 retask 0 16 2
[fifo] ar=28865 retask 0 16 2
[devMouse] retask slot0 (16,2)w0 -> (16,2)
[dbg] ar=28873 am=6 aA=6 aH=0 l=false j=false fullRedraw=false
[fifo] ar=28894 aistate
[devMouse] aistate written, ar=28894
[dbg] ar=28898 am=6 aA=6 aH=0 l=false j=false fullRedraw=false
[fifoQ] ar=28906 retask 0 17 3
[fifo] ar=28907 retask 0 17 3
[devMouse] retask slot0 (16,2)w0 -> (17,3)
[dbg] ar=28923 am=6 aA=6 aH=0 l=false j=false fullRedraw=false
[fifo] ar=28937 aistate
[devMouse] aistate written, ar=28937
[dbg] ar=28948 am=6 aA=6 aH=0 l=false j=false fullRedraw=false
[dbg] ar=28973 am=6 aA=6 aH=0 l=false j=false fullRedraw=false
[fifo] ar=28976 aistate
[devMouse] aistate written, ar=28976
[dbg] ar=28998 am=6 aA=6 aH=0 l=false j=false fullRedraw=false
[fifo] ar=29014 aistate
[devMouse] aistate written, ar=29014
[dbg] ar=29023 am=6 aA=6 aH=0 l=false j=false fullRedraw=false
[dbg] ar=29048 am=6 aA=6 aH=0 l=false j=false fullRedraw=false
[fifo] ar=29053 aistate
[devMouse] aistate written, ar=29053
[dbg] ar=29073 am=6 aA=6 aH=0 l=false j=false fullRedraw=false
[fifo] ar=29092 aistate
[devMouse] aistate written, ar=29092
[dbg] ar=29098 am=6 aA=6 aH=0 l=false j=false fullRedraw=false
[fifo] ar=29103 mapdump /tmp/aoe-camp/m6h/map-s5.txt 0 0 22 22
[devMouse] mapdump written to /tmp/aoe-camp/m6h/map-s5.txt
[dbg] ar=29123 am=6 aA=6 aH=0 l=false j=false fullRedraw=false
[dbg] ar=29148 am=6 aA=6 aH=0 l=false j=false fullRedraw=false
[fifo] ar=29171 aistate
[devMouse] aistate written, ar=29171
[dbg] ar=29173 am=6 aA=6 aH=0 l=false j=false fullRedraw=false
[dbg] ar=29198 am=6 aA=6 aH=0 l=false j=false fullRedraw=false
[fifo] ar=29210 aistate
[devMouse] aistate written, ar=29210
[fifoQ] ar=29222 retask 0 16 2
[fifo] ar=29223 retask 0 16 2
[devMouse] retask slot0 (16,2)w0 -> (16,2)
[dbg] ar=29223 am=6 aA=6 aH=0 l=false j=false fullRedraw=false
[dbg] ar=29248 am=6 aA=6 aH=0 l=false j=false fullRedraw=false
[fifo] ar=29252 aistate
[devMouse] aistate written, ar=29252
[fifoQ] ar=29263 retask 0 17 3
[fifo] ar=29264 retask 0 17 3
[devMouse] retask slot0 (16,2)w0 -> (17,3)
[dbg] ar=29273 am=6 aA=6 aH=0 l=false j=false fullRedraw=false
[fifo] ar=29292 aistate
[devMouse] aistate written, ar=29292
[dbg] ar=29298 am=6 aA=6 aH=0 l=false j=false fullRedraw=false
[dbg] ar=29323 am=6 aA=6 aH=0 l=false j=false fullRedraw=false
[fifo] ar=29330 aistate
[devMouse] aistate written, ar=29330
[dbg] ar=29348 am=6 aA=6 aH=0 l=false j=false fullRedraw=false
[fifo] ar=29369 aistate
[devMouse] aistate written, ar=29369
[dbg] ar=29373 am=6 aA=6 aH=0 l=false j=false fullRedraw=false
[dbg] ar=29398 am=6 aA=6 aH=0 l=false j=false fullRedraw=false
[fifo] ar=29408 aistate
[devMouse] aistate written, ar=29408
[dbg] ar=29423 am=6 aA=6 aH=0 l=false j=false fullRedraw=false
[fifo] ar=29447 aistate
[devMouse] aistate written, ar=29447
[dbg] ar=29448 am=6 aA=6 aH=0 l=false j=false fullRedraw=false
[dbg] ar=29473 am=6 aA=6 aH=0 l=false j=false fullRedraw=false
[fifo] ar=29487 aistate
[devMouse] aistate written, ar=29487
[dbg] ar=29498 am=6 aA=6 aH=0 l=false j=false fullRedraw=false
[dbg] ar=29523 am=6 aA=6 aH=0 l=false j=false fullRedraw=false
[fifo] ar=29526 aistate
[devMouse] aistate written, ar=29526
[fifoQ] ar=29538 retask 0 16 2
[fifo] ar=29539 retask 0 16 2
[devMouse] retask slot0 (16,2)w0 -> (16,2)
[dbg] ar=29548 am=6 aA=6 aH=0 l=false j=false fullRedraw=false
[fifo] ar=29568 aistate
[devMouse] aistate written, ar=29568
[dbg] ar=29573 am=6 aA=6 aH=0 l=false j=false fullRedraw=false
[fifoQ] ar=29580 retask 0 17 3
[fifo] ar=29581 retask 0 17 3
[devMouse] retask slot0 (16,2)w0 -> (17,3)
[dbg] ar=29598 am=6 aA=6 aH=0 l=false j=false fullRedraw=false
[fifo] ar=29611 aistate
[devMouse] aistate written, ar=29611
[dbg] ar=29623 am=6 aA=6 aH=0 l=false j=false fullRedraw=false
[dbg] ar=29648 am=6 aA=6 aH=0 l=false j=false fullRedraw=false
[fifo] ar=29650 aistate
[devMouse] aistate written, ar=29650
[dbg] ar=29673 am=6 aA=6 aH=0 l=false j=false fullRedraw=false
[fifo] ar=29688 aistate
[devMouse] aistate written, ar=29688
[dbg] ar=29698 am=6 aA=6 aH=0 l=false j=false fullRedraw=false
[dbg] ar=29723 am=6 aA=6 aH=0 l=false j=false fullRedraw=false
[fifo] ar=29728 aistate
[devMouse] aistate written, ar=29728
[dbg] ar=29748 am=6 aA=6 aH=0 l=false j=false fullRedraw=false
[fifo] ar=29767 aistate
[devMouse] aistate written, ar=29767
[dbg] ar=29773 am=6 aA=6 aH=0 l=false j=false fullRedraw=false
[dbg] ar=29798 am=6 aA=6 aH=0 l=false j=false fullRedraw=false
[fifo] ar=29807 aistate
[devMouse] aistate written, ar=29807
[dbg] ar=29823 am=6 aA=6 aH=0 l=false j=false fullRedraw=false
[fifo] ar=29845 aistate
[devMouse] aistate written, ar=29845
[dbg] ar=29848 am=6 aA=6 aH=0 l=false j=false fullRedraw=false
[fifoQ] ar=29857 retask 0 16 2
[fifo] ar=29858 retask 0 16 2
[devMouse] retask slot0 (16,2)w0 -> (16,2)
[dbg] ar=29873 am=6 aA=6 aH=0 l=false j=false fullRedraw=false
[fifo] ar=29888 aistate
[devMouse] aistate written, ar=29888
[dbg] ar=29898 am=6 aA=6 aH=0 l=false j=false fullRedraw=false
[fifoQ] ar=29901 retask 0 17 3
[fifo] ar=29902 retask 0 17 3
[devMouse] retask slot0 (16,2)w0 -> (17,3)
[dbg] ar=29923 am=6 aA=6 aH=0 l=false j=false fullRedraw=false
[fifo] ar=29932 aistate
[devMouse] aistate written, ar=29932
[dbg] ar=29948 am=6 aA=6 aH=0 l=false j=false fullRedraw=false
[fifo] ar=29970 aistate
[devMouse] aistate written, ar=29970
[dbg] ar=29973 am=6 aA=6 aH=0 l=false j=false fullRedraw=false
[dbg] ar=29998 am=6 aA=6 aH=0 l=false j=false fullRedraw=false
[fifo] ar=30009 aistate
[devMouse] aistate written, ar=30010
[dbg] ar=30023 am=6 aA=6 aH=0 l=false j=false fullRedraw=false
[fifo] ar=30048 aistate
[devMouse] aistate written, ar=30048
[dbg] ar=30048 am=6 aA=6 aH=0 l=false j=false fullRedraw=false
[trace] g(0,98,0) ac=32
[trace] g->2 (aA=6 am=6)
[result] WIN ticks=30067
