[devMouse] listening on /tmp/aoe-camp/m2v2/fifo
[fMenu] ao=5 Z=0 aR=187 tmpl=1029
[fMenu] ao=5 Z=0 aR=187 tmpl=1029
[fMenu] ao=5 Z=0 aR=187 tmpl=1029
[fMenu] ao=5 Z=0 aR=187 tmpl=1029
[fMenu] ao=5 Z=0 aR=187 tmpl=1029
[fMenu] ao=5 Z=0 aR=187 tmpl=1029
[fMenu] ao=5 Z=0 aR=187 tmpl=1029
[fMenu] ao=5 Z=0 aR=187 tmpl=1029
[fMenu] ao=5 Z=0 aR=187 tmpl=1029
[fMenu] ao=5 Z=0 aR=187 tmpl=1029
[fMenu] ao=5 Z=0 aR=187 tmpl=1029
[fMenu] ao=5 Z=0 aR=187 tmpl=1029
[k] node=218 mode=0 type=4 op=5
[menuGate] ax=0 ab=0
[fMenu] ao=5 Z=0 aR=187 tmpl=1029
[k] node=218 mode=0 type=4 op=5
[menuGate] ax=0 ab=0
[fMenu] ao=5 Z=0 aR=187 tmpl=1029
[k] node=218 mode=0 type=4 op=5
[menuGate] ax=0 ab=0
[fMenu] ao=5 Z=0 aR=187 tmpl=1029
[k] node=218 mode=0 type=4 op=5
[menuGate] ax=0 ab=0
[fMenu] ao=5 Z=0 aR=187 tmpl=1029
[k] node=218 mode=0 type=4 op=5
[menuGate] ax=0 ab=0
[fMenu] ao=5 Z=0 aR=187 tmpl=1029
[k] node=218 mode=0 type=4 op=5
[menuGate] ax=0 ab=0
[fMenu] ao=5 Z=0 aR=187 tmpl=1029
[k] node=218 mode=0 type=4 op=5
[menuGate] ax=0 ab=0
[fMenu] ao=5 Z=0 aR=187 tmpl=1029
[k] node=218 mode=0 type=4 op=5
[menuGate] ax=0 ab=0
[fMenu] ao=5 Z=0 aR=187 tmpl=1029
[k] node=218 mode=0 type=4 op=5
[menuGate] ax=0 ab=0
[fMenu] ao=5 Z=0 aR=187 tmpl=1029
[k] node=218 mode=0 type=4 op=5
[menuGate] ax=0 ab=0
[fMenu] ao=5 Z=0 aR=187 tmpl=1029
[k] node=218 mode=0 type=4 op=5
[k] node=231 mode=0 type=4 op=2
[trace] g->9 (aA=4 am=4)
[menuGate] ax=0 ab=0
[dbg] ar=23 am=9 aA=4 aH=0 l=false j=false fullRedraw=false
[fMenu] ao=6 Z=0 aR=254 tmpl=1029
[fMenu] ao=6 Z=0 aR=254 tmpl=1029
[fMenu] ao=6 Z=0 aR=254 tmpl=1029
[fMenu] ao=6 Z=0 aR=254 tmpl=1029
[fMenu] ao=6 Z=0 aR=254 tmpl=1029
[fMenu] ao=6 Z=0 aR=254 tmpl=1029
[fMenu] ao=6 Z=0 aR=254 tmpl=1029
[fMenu] ao=6 Z=0 aR=254 tmpl=1029
[fMenu] ao=6 Z=0 aR=254 tmpl=1029
[fMenu] ao=6 Z=0 aR=254 tmpl=1029
[fMenu] ao=6 Z=0 aR=254 tmpl=1029
[fMenu] ao=6 Z=0 aR=254 tmpl=1029
[k] node=297 mode=0 type=4 op=5
[menuGate] ax=0 ab=0
[fMenu] ao=6 Z=0 aR=254 tmpl=1029
[k] node=297 mode=0 type=4 op=5
[menuGate] ax=0 ab=0
[fMenu] ao=6 Z=0 aR=254 tmpl=1029
[k] node=297 mode=0 type=4 op=5
[menuGate] ax=0 ab=0
[fMenu] ao=6 Z=0 aR=254 tmpl=1029
[k] node=297 mode=0 type=4 op=5
[menuGate] ax=0 ab=0
[fMenu] ao=6 Z=0 aR=254 tmpl=1029
[k] node=297 mode=0 type=4 op=5
[menuGate] ax=0 ab=0
[fMenu] ao=6 Z=0 aR=254 tmpl=1029
[k] node=297 mode=0 type=4 op=5
[menuGate] ax=0 ab=0
[fMenu] ao=6 Z=0 aR=254 tmpl=1029
[k] node=297 mode=0 type=4 op=5
[menuGate] ax=0 ab=0
[fMenu] ao=6 Z=0 aR=254 tmpl=1029
[k] node=297 mode=0 type=4 op=5
[menuGate] ax=0 ab=0
[fMenu] ao=6 Z=0 aR=254 tmpl=1029
[k] node=297 mode=0 type=4 op=5
[menuGate] ax=0 ab=0
[fMenu] ao=6 Z=0 aR=254 tmpl=1029
[k] node=297 mode=0 type=4 op=5
[menuGate] ax=0 ab=0
[fMenu] ao=6 Z=0 aR=254 tmpl=1029
[k] node=297 mode=0 type=4 op=5
[k] node=310 mode=0 type=4 op=2
[trace] g->9 (aA=4 am=4)
[menuGate] ax=0 ab=0
[dbg] ar=48 am=4 aA=9 aH=0 l=false j=false fullRedraw=false
[fMenu] ao=5 Z=0 aR=333 tmpl=1029
[fMenu] ao=5 Z=0 aR=333 tmpl=1029
[fMenu] ao=5 Z=0 aR=333 tmpl=1029
[fMenu] ao=5 Z=0 aR=333 tmpl=1029
[fMenu] ao=5 Z=0 aR=333 tmpl=1029
[fMenu] ao=5 Z=0 aR=333 tmpl=1029
[fMenu] ao=5 Z=0 aR=333 tmpl=1029
[fMenu] ao=5 Z=0 aR=333 tmpl=1029
[fMenu] ao=5 Z=0 aR=333 tmpl=1029
[fMenu] ao=5 Z=0 aR=333 tmpl=1029
[fMenu] ao=5 Z=0 aR=333 tmpl=1029
[fMenu] ao=5 Z=0 aR=333 tmpl=1029
[k] node=364 mode=0 type=4 op=5
[menuGate] ax=0 ab=0
[fMenu] ao=5 Z=0 aR=333 tmpl=1029
[k] node=364 mode=0 type=4 op=5
[menuGate] ax=0 ab=0
[fMenu] ao=5 Z=0 aR=333 tmpl=1029
[k] node=364 mode=0 type=4 op=5
[menuGate] ax=0 ab=0
[fMenu] ao=5 Z=0 aR=333 tmpl=1029
[k] node=364 mode=0 type=4 op=5
[menuGate] ax=0 ab=0
[fMenu] ao=5 Z=0 aR=333 tmpl=1029
[k] node=364 mode=0 type=4 op=5
[menuGate] ax=0 ab=0
[fMenu] ao=5 Z=0 aR=333 tmpl=1029
[k] node=364 mode=0 type=4 op=5
[menuGate] ax=0 ab=0
[fMenu] ao=5 Z=0 aR=333 tmpl=1029
[k] node=364 mode=0 type=4 op=5
[menuGate] ax=0 ab=0
[fMenu] ao=5 Z=0 aR=333 tmpl=1029
[k] node=364 mode=0 type=4 op=5
[menuGate] ax=0 ab=0
[fMenu] ao=5 Z=0 aR=333 tmpl=1029
[k] node=364 mode=0 type=4 op=5
[menuGate] ax=0 ab=0
[fMenu] ao=5 Z=0 aR=333 tmpl=1029
[k] node=364 mode=0 type=4 op=5
[menuGate] ax=0 ab=0
[fMenu] ao=5 Z=0 aR=333 tmpl=1029
[k] node=364 mode=0 type=4 op=5
[k] node=377 mode=0 type=4 op=2
[trace] g->9 (aA=4 am=4)
[menuGate] ax=0 ab=0
[dbg] ar=73 am=4 aA=0 aH=1 l=false j=false fullRedraw=false
[fMenu] ao=9 Z=4 aR=0 tmpl=1029
[fMenu] ao=9 Z=4 aR=0 tmpl=1029
[fMenu] ao=9 Z=4 aR=0 tmpl=1029
[fMenu] ao=9 Z=4 aR=0 tmpl=1029
[fMenu] ao=9 Z=4 aR=0 tmpl=1029
[fMenu] ao=9 Z=4 aR=0 tmpl=1029
[fMenu] ao=9 Z=4 aR=0 tmpl=1029
[fMenu] ao=9 Z=4 aR=0 tmpl=1029
[fMenu] ao=9 Z=4 aR=0 tmpl=1029
[fMenu] ao=9 Z=4 aR=0 tmpl=1029
[fMenu] ao=9 Z=4 aR=0 tmpl=1029
[fMenu] ao=9 Z=4 aR=0 tmpl=1029
[fMenu] ao=9 Z=4 aR=0 tmpl=1029
[fMenu] ao=9 Z=4 aR=0 tmpl=1029
[fMenu] ao=9 Z=4 aR=0 tmpl=1029
[fMenu] ao=9 Z=4 aR=0 tmpl=1029
[fMenu] ao=9 Z=4 aR=0 tmpl=1029
[fMenu] ao=9 Z=4 aR=0 tmpl=1029
[fMenu] ao=9 Z=4 aR=0 tmpl=1029
[fMenu] ao=9 Z=4 aR=0 tmpl=1029
[fMenu] ao=9 Z=4 aR=0 tmpl=1029
[fMenu] ao=9 Z=4 aR=0 tmpl=1029
[fMenu] ao=9 Z=4 aR=0 tmpl=1029
[fMenu] ao=9 Z=4 aR=0 tmpl=1029
[fMenu] ao=9 Z=4 aR=0 tmpl=1029
[dbg] ar=98 am=4 aA=4 aH=0 l=false j=false fullRedraw=false
[fMenu] ao=9 Z=4 aR=0 tmpl=1029
[fMenu] ao=9 Z=4 aR=0 tmpl=1029
[fMenu] ao=9 Z=4 aR=0 tmpl=1029
[fMenu] ao=9 Z=4 aR=0 tmpl=1029
[fMenu] ao=9 Z=4 aR=0 tmpl=1029
[fMenu] ao=9 Z=4 aR=0 tmpl=1029
[fMenu] ao=9 Z=4 aR=0 tmpl=1029
[fMenu] ao=9 Z=4 aR=0 tmpl=1029
[fMenu] ao=9 Z=4 aR=0 tmpl=1029
[fMenu] ao=9 Z=4 aR=0 tmpl=1029
[fMenu] ao=9 Z=4 aR=0 tmpl=1029
[fMenu] ao=9 Z=4 aR=0 tmpl=1029
[fMenu] ao=9 Z=4 aR=0 tmpl=1029
[fMenu] ao=9 Z=4 aR=0 tmpl=1029
[fMenu] ao=9 Z=4 aR=0 tmpl=1029
[void_a] key=-5 ae=22 ak=19 ar=113
[input] ar=113 key -5
[k] node=57 mode=1 type=16 op=2
[trace] g->9 (aA=4 am=4)
[fMenu] ao=5 Z=4 aR=116 tmpl=1029
[fMenu] ao=5 Z=4 aR=116 tmpl=1029
[fMenu] ao=5 Z=4 aR=116 tmpl=1029
[fMenu] ao=5 Z=4 aR=116 tmpl=1029
[fMenu] ao=5 Z=4 aR=116 tmpl=1029
[fMenu] ao=5 Z=4 aR=116 tmpl=1029
[fMenu] ao=5 Z=4 aR=116 tmpl=1029
[void_a] key=-4 ae=23 ak=19 ar=122
[input] ar=122 key -4
[fMenu] ao=5 Z=4 aR=116 tmpl=1029
[dbg] ar=123 am=4 aA=4 aH=0 l=false j=false fullRedraw=false
[fMenu] ao=5 Z=4 aR=116 tmpl=1029
[fMenu] ao=5 Z=4 aR=116 tmpl=1029
[fMenu] ao=5 Z=4 aR=116 tmpl=1029
[fMenu] ao=5 Z=4 aR=116 tmpl=1029
[fMenu] ao=5 Z=4 aR=116 tmpl=1029
[fMenu] ao=5 Z=4 aR=116 tmpl=1029
[fMenu] ao=5 Z=4 aR=116 tmpl=1029
[fMenu] ao=5 Z=4 aR=116 tmpl=1029
[fMenu] ao=5 Z=4 aR=116 tmpl=1029
[fMenu] ao=5 Z=4 aR=116 tmpl=1029
[void_a] key=-4 ae=23 ak=19 ar=133
[input] ar=133 key -4
[k] node=171 mode=0 type=2 op=3
[fMenu] ao=5 Z=4 aR=116 tmpl=1029
[fMenu] ao=5 Z=4 aR=116 tmpl=1029
[fMenu] ao=5 Z=4 aR=116 tmpl=1029
[fMenu] ao=5 Z=4 aR=116 tmpl=1029
[fMenu] ao=5 Z=4 aR=116 tmpl=1029
[fMenu] ao=5 Z=4 aR=116 tmpl=1029
[fMenu] ao=5 Z=4 aR=116 tmpl=1029
[void_a] key=-5 ae=22 ak=19 ar=140
[input] ar=140 key -5
[k] node=171 mode=1 type=2 op=3
[trace] g->9 (aA=4 am=4)
[k] node=171 mode=0 type=2 op=3
[fMenu] ao=5 Z=4 aR=881 tmpl=1029
[fMenu] ao=5 Z=4 aR=881 tmpl=1029
[fMenu] ao=5 Z=4 aR=881 tmpl=1029
[fMenu] ao=5 Z=4 aR=881 tmpl=1029
[fMenu] ao=5 Z=4 aR=881 tmpl=1029
[fMenu] ao=5 Z=4 aR=881 tmpl=1029
[void_a] key=-4 ae=23 ak=19 ar=148
[input] ar=148 key -4
[dbg] ar=148 am=4 aA=4 aH=0 l=false j=false fullRedraw=false
[fMenu] ao=5 Z=4 aR=881 tmpl=1029
[fMenu] ao=5 Z=4 aR=881 tmpl=1029
[fMenu] ao=5 Z=4 aR=881 tmpl=1029
[fMenu] ao=5 Z=4 aR=881 tmpl=1029
[fMenu] ao=5 Z=4 aR=881 tmpl=1029
[fMenu] ao=5 Z=4 aR=881 tmpl=1029
[fMenu] ao=5 Z=4 aR=881 tmpl=1029
[fMenu] ao=5 Z=4 aR=881 tmpl=1029
[fMenu] ao=5 Z=4 aR=881 tmpl=1029
[fMenu] ao=5 Z=4 aR=881 tmpl=1029
[fMenu] ao=5 Z=4 aR=881 tmpl=1029
[void_a] key=-4 ae=23 ak=19 ar=159
[input] ar=159 key -4
[k] node=936 mode=0 type=2 op=3
[fMenu] ao=5 Z=4 aR=881 tmpl=1029
[fMenu] ao=5 Z=4 aR=881 tmpl=1029
[fMenu] ao=5 Z=4 aR=881 tmpl=1029
[fMenu] ao=5 Z=4 aR=881 tmpl=1029
[fMenu] ao=5 Z=4 aR=881 tmpl=1029
[fMenu] ao=5 Z=4 aR=881 tmpl=1029
[fMenu] ao=5 Z=4 aR=881 tmpl=1029
[fMenu] ao=5 Z=4 aR=881 tmpl=1029
[void_a] key=-4 ae=23 ak=19 ar=167
[input] ar=167 key -4
[fHead] ax=23
[fMenu] ao=5 Z=4 aR=881 tmpl=1029
[k] node=936 mode=0 type=2 op=3
[fMenu] ao=5 Z=4 aR=881 tmpl=1029
[fMenu] ao=5 Z=4 aR=881 tmpl=1029
[fMenu] ao=5 Z=4 aR=881 tmpl=1029
[fMenu] ao=5 Z=4 aR=881 tmpl=1029
[fMenu] ao=5 Z=4 aR=881 tmpl=1029
[dbg] ar=173 am=4 aA=4 aH=0 l=false j=false fullRedraw=false
[fMenu] ao=5 Z=4 aR=881 tmpl=1029
[void_a] key=-5 ae=22 ak=19 ar=174
[input] ar=174 key -5
[fHead] ax=22
[fMenu] ao=5 Z=4 aR=881 tmpl=1029
[k] node=936 mode=1 type=2 op=3
[trace] g->5 (aA=4 am=4)
[k] node=936 mode=0 type=2 op=3
[trace] g->11 (aA=5 am=5)
[trace] boolean_c aH=0 ac=32 aC=2
[view] world rebuild with clipTop=0 -> var_boolean_l=true
[trace] g->8 (aA=6 am=6)
[dev] in mission, aA=6
[trace] g(1,73,0) ac=32
[trace] g->2 (aA=6 am=6)
[view] dialog open z=73 overlayPrevState=6
[dlg-parse] z=73 v=0 strLen=196 str=From this point, we are at war. @ To build an army, we will need wood, stone and gold. @ We have established a new village surrounded by natural riches, but the enemy also look upon it with greed.
[dbg] ar=198 am=2 aA=2 aH=0 l=false j=false fullRedraw=false
[fifo] ar=203 state
[devMouse] aA=2/2 cursor=(21,11) cam=(68,172) Q=725 aE=0 Y=0 sel=0
[devMouse] p0 unit 0 tile=(17,9) type=0 sel=false
[devMouse] p0 unit 1 tile=(17,11) type=0 sel=false
[devMouse] p0 unit 2 tile=(19,11) type=0 sel=false
[devMouse] p0 unit 3 tile=(20,6) type=3 sel=false
[devMouse] p0 unit 4 tile=(21,6) type=3 sel=false
[devMouse] p0 unit 5 tile=(21,5) type=3 sel=false
[devMouse] p0 unit 6 tile=(20,5) type=3 sel=false
[devMouse] p0 unit 7 tile=(23,9) type=5 sel=false
[devMouse] p0 unit 8 tile=(23,11) type=5 sel=false
[devMouse] p1 unit 0 tile=(16,28) type=3 sel=false
[devMouse] p1 unit 1 tile=(18,30) type=3 sel=false
[devMouse] p1 unit 2 tile=(18,39) type=4 sel=false
[devMouse] p1 unit 3 tile=(17,38) type=4 sel=false
[devMouse] p1 unit 4 tile=(29,9) type=3 sel=false
[devMouse] p1 unit 5 tile=(36,14) type=3 sel=false
[devMouse] p1 unit 6 tile=(59,42) type=3 sel=false
[devMouse] p1 unit 7 tile=(51,20) type=3 sel=false
[dbg] ar=223 am=2 aA=2 aH=0 l=false j=false fullRedraw=false
[fifo] ar=244 key -6
[void_a] key=-6 ae=38 ak=19 ar=244
[input] ar=244 key -6
[dbg] ar=248 am=6 aA=6 aH=0 l=false j=false fullRedraw=false
[trace] g(1,73,1) ac=32
[trace] g->2 (aA=6 am=6)
[view] dialog open z=73 overlayPrevState=6
[dlg-parse] z=73 v=1 strLen=75 str=Watch over the villagers as they collect 100 wood, 100 stone and 100 gold. 
[dbg] ar=273 am=2 aA=2 aH=0 l=false j=false fullRedraw=false
[fifo] ar=275 state
[devMouse] aA=2/2 cursor=(21,11) cam=(68,172) Q=725 aE=0 Y=0 sel=0
[devMouse] p0 unit 0 tile=(17,9) type=0 sel=false
[devMouse] p0 unit 1 tile=(17,11) type=0 sel=false
[devMouse] p0 unit 2 tile=(19,11) type=0 sel=false
[devMouse] p0 unit 3 tile=(20,6) type=3 sel=false
[devMouse] p0 unit 4 tile=(21,6) type=3 sel=false
[devMouse] p0 unit 5 tile=(21,5) type=3 sel=false
[devMouse] p0 unit 6 tile=(20,5) type=3 sel=false
[devMouse] p0 unit 7 tile=(23,9) type=5 sel=false
[devMouse] p0 unit 8 tile=(23,11) type=5 sel=false
[devMouse] p1 unit 0 tile=(16,28) type=3 sel=false
[devMouse] p1 unit 1 tile=(18,30) type=3 sel=false
[devMouse] p1 unit 2 tile=(18,39) type=4 sel=false
[devMouse] p1 unit 3 tile=(17,38) type=4 sel=false
[devMouse] p1 unit 4 tile=(29,9) type=3 sel=false
[devMouse] p1 unit 5 tile=(36,14) type=3 sel=false
[devMouse] p1 unit 6 tile=(59,42) type=3 sel=false
[devMouse] p1 unit 7 tile=(51,20) type=3 sel=false
[dbg] ar=298 am=2 aA=2 aH=0 l=false j=false fullRedraw=false
[fifo] ar=319 key -6
[void_a] key=-6 ae=38 ak=19 ar=319
[input] ar=319 key -6
[dbg] ar=323 am=6 aA=6 aH=0 l=false j=false fullRedraw=false
[save] wrote /tmp/aoe-camp/m2v2/saves/auto.aoesave (12340B) ar=346
[fifo] ar=348 state
[devMouse] aA=6/6 cursor=(21,11) cam=(68,172) Q=725 aE=0 Y=0 sel=0
[devMouse] p0 unit 0 tile=(17,9) type=0 sel=false
[devMouse] p0 unit 1 tile=(17,11) type=0 sel=false
[devMouse] p0 unit 2 tile=(19,11) type=0 sel=false
[devMouse] p0 unit 3 tile=(20,6) type=3 sel=false
[devMouse] p0 unit 4 tile=(21,6) type=3 sel=false
[devMouse] p0 unit 5 tile=(21,5) type=3 sel=false
[devMouse] p0 unit 6 tile=(20,5) type=3 sel=false
[devMouse] p0 unit 7 tile=(23,9) type=5 sel=false
[devMouse] p0 unit 8 tile=(23,11) type=5 sel=false
[devMouse] p1 unit 0 tile=(16,28) type=3 sel=false
[devMouse] p1 unit 1 tile=(18,30) type=3 sel=false
[devMouse] p1 unit 2 tile=(18,39) type=4 sel=false
[devMouse] p1 unit 3 tile=(17,38) type=4 sel=false
[devMouse] p1 unit 4 tile=(29,9) type=3 sel=false
[devMouse] p1 unit 5 tile=(36,14) type=3 sel=false
[devMouse] p1 unit 6 tile=(59,42) type=3 sel=false
[devMouse] p1 unit 7 tile=(51,20) type=3 sel=false
[dbg] ar=348 am=6 aA=6 aH=0 l=false j=false fullRedraw=false
[dbg] ar=373 am=6 aA=6 aH=0 l=false j=false fullRedraw=false
[fifo] ar=388 save /tmp/aoe-camp/m2v2/base.aoesave
[save] wrote /tmp/aoe-camp/m2v2/base.aoesave (12340B) ar=389
[dbg] ar=398 am=6 aA=6 aH=0 l=false j=false fullRedraw=false
[dbg] ar=423 am=6 aA=6 aH=0 l=false j=false fullRedraw=false
[dbg] ar=448 am=6 aA=6 aH=0 l=false j=false fullRedraw=false
[dbg] ar=473 am=6 aA=6 aH=0 l=false j=false fullRedraw=false
[fifo] ar=477 state
[devMouse] aA=6/6 cursor=(21,11) cam=(68,172) Q=725 aE=0 Y=0 sel=0
[devMouse] p0 unit 0 tile=(17,9) type=0 sel=false
[devMouse] p0 unit 1 tile=(17,11) type=0 sel=false
[devMouse] p0 unit 2 tile=(19,11) type=0 sel=false
[devMouse] p0 unit 3 tile=(20,6) type=3 sel=false
[devMouse] p0 unit 4 tile=(21,6) type=3 sel=false
[devMouse] p0 unit 5 tile=(21,5) type=3 sel=false
[devMouse] p0 unit 6 tile=(20,5) type=3 sel=false
[devMouse] p0 unit 7 tile=(23,9) type=5 sel=false
[devMouse] p0 unit 8 tile=(23,11) type=5 sel=false
[devMouse] p1 unit 0 tile=(16,28) type=3 sel=false
[devMouse] p1 unit 1 tile=(18,30) type=3 sel=false
[devMouse] p1 unit 2 tile=(18,39) type=4 sel=false
[devMouse] p1 unit 3 tile=(17,38) type=4 sel=false
[devMouse] p1 unit 4 tile=(29,9) type=3 sel=false
[devMouse] p1 unit 5 tile=(36,14) type=3 sel=false
[devMouse] p1 unit 6 tile=(59,42) type=3 sel=false
[devMouse] p1 unit 7 tile=(51,20) type=3 sel=false
[dbg] ar=498 am=6 aA=6 aH=0 l=false j=false fullRedraw=false
[dbg] ar=523 am=6 aA=6 aH=0 l=false j=false fullRedraw=false
[fifo] ar=526 aistate
[devMouse] aistate written, ar=526
[fifo] ar=536 state
[devMouse] aA=6/6 cursor=(21,11) cam=(68,172) Q=725 aE=0 Y=0 sel=0
[devMouse] p0 unit 0 tile=(17,9) type=0 sel=false
[devMouse] p0 unit 1 tile=(17,11) type=0 sel=false
[devMouse] p0 unit 2 tile=(19,11) type=0 sel=false
[devMouse] p0 unit 3 tile=(20,6) type=3 sel=false
[devMouse] p0 unit 4 tile=(21,6) type=3 sel=false
[devMouse] p0 unit 5 tile=(21,5) type=3 sel=false
[devMouse] p0 unit 6 tile=(20,5) type=3 sel=false
[devMouse] p0 unit 7 tile=(23,9) type=5 sel=false
[devMouse] p0 unit 8 tile=(23,11) type=5 sel=false
[devMouse] p1 unit 0 tile=(16,28) type=3 sel=false
[devMouse] p1 unit 1 tile=(18,30) type=3 sel=false
[devMouse] p1 unit 2 tile=(18,39) type=4 sel=false
[devMouse] p1 unit 3 tile=(17,38) type=4 sel=false
[devMouse] p1 unit 4 tile=(29,9) type=3 sel=false
[devMouse] p1 unit 5 tile=(36,14) type=3 sel=false
[devMouse] p1 unit 6 tile=(59,42) type=3 sel=false
[devMouse] p1 unit 7 tile=(51,20) type=3 sel=false
[fifoQ] ar=547 retask 0 11 24
[fifoQ] ar=547 retask 1 10 25
[fifoQ] ar=547 retask 2 25 3
[fifo] ar=548 retask 0 11 24
[devMouse] retask slot0 (17,9)w0 -> (11,24)
[fifo] ar=548 retask 1 10 25
[devMouse] retask slot1 (17,11)w0 -> (10,25)
[fifo] ar=548 retask 2 25 3
[devMouse] retask slot2 (19,11)w0 -> (25,3)
[dbg] ar=548 am=6 aA=6 aH=0 l=false j=false fullRedraw=false
[dbg] ar=573 am=6 aA=6 aH=0 l=false j=false fullRedraw=false
[fifo] ar=574 aistate
[devMouse] aistate written, ar=574
[fifo] ar=585 state
[devMouse] aA=6/6 cursor=(21,11) cam=(68,172) Q=725 aE=0 Y=0 sel=0
[devMouse] p0 unit 0 tile=(13,14) type=0 sel=false
[devMouse] p0 unit 1 tile=(12,16) type=0 sel=false
[devMouse] p0 unit 2 tile=(24,6) type=0 sel=false
[devMouse] p0 unit 3 tile=(20,6) type=3 sel=false
[devMouse] p0 unit 4 tile=(21,6) type=3 sel=false
[devMouse] p0 unit 5 tile=(21,5) type=3 sel=false
[devMouse] p0 unit 6 tile=(20,5) type=3 sel=false
[devMouse] p0 unit 7 tile=(23,9) type=5 sel=false
[devMouse] p0 unit 8 tile=(23,11) type=5 sel=false
[devMouse] p1 unit 0 tile=(16,28) type=3 sel=false
[devMouse] p1 unit 1 tile=(18,30) type=3 sel=false
[devMouse] p1 unit 2 tile=(18,39) type=4 sel=false
[devMouse] p1 unit 3 tile=(17,38) type=4 sel=false
[devMouse] p1 unit 4 tile=(29,9) type=3 sel=false
[devMouse] p1 unit 5 tile=(36,14) type=3 sel=false
[devMouse] p1 unit 6 tile=(59,42) type=3 sel=false
[devMouse] p1 unit 7 tile=(51,20) type=3 sel=false
[dbg] ar=598 am=6 aA=6 aH=0 l=false j=false fullRedraw=false
[fifo] ar=619 aistate
[devMouse] aistate written, ar=619
[dbg] ar=623 am=6 aA=6 aH=0 l=false j=false fullRedraw=false
[fifo] ar=631 state
[devMouse] aA=6/6 cursor=(21,11) cam=(68,172) Q=725 aE=0 Y=0 sel=0
[devMouse] p0 unit 0 tile=(11,19) type=0 sel=false
[devMouse] p0 unit 1 tile=(11,21) type=0 sel=false
[devMouse] p0 unit 2 tile=(25,3) type=0 sel=false
[devMouse] p0 unit 3 tile=(20,6) type=3 sel=false
[devMouse] p0 unit 4 tile=(21,6) type=3 sel=false
[devMouse] p0 unit 5 tile=(21,5) type=3 sel=false
[devMouse] p0 unit 6 tile=(20,5) type=3 sel=false
[devMouse] p0 unit 7 tile=(23,9) type=5 sel=false
[devMouse] p0 unit 8 tile=(23,11) type=5 sel=false
[devMouse] p1 unit 0 tile=(16,28) type=3 sel=false
[devMouse] p1 unit 1 tile=(18,30) type=3 sel=false
[devMouse] p1 unit 2 tile=(18,39) type=4 sel=false
[devMouse] p1 unit 3 tile=(17,38) type=4 sel=false
[devMouse] p1 unit 4 tile=(29,9) type=3 sel=false
[devMouse] p1 unit 5 tile=(36,14) type=3 sel=false
[devMouse] p1 unit 6 tile=(59,42) type=3 sel=false
[devMouse] p1 unit 7 tile=(51,20) type=3 sel=false
[fifoQ] ar=640 retask 2 32 3
[fifo] ar=641 retask 2 32 3
[devMouse] retask slot2 (25,3)w0 -> (32,3)
[dbg] ar=648 am=6 aA=6 aH=0 l=false j=false fullRedraw=false
[fifo] ar=667 aistate
[devMouse] aistate written, ar=667
[dbg] ar=673 am=6 aA=6 aH=0 l=false j=false fullRedraw=false
[fifo] ar=679 state
[devMouse] aA=6/6 cursor=(21,11) cam=(68,172) Q=725 aE=0 Y=0 sel=0
[devMouse] p0 unit 0 tile=(10,23) type=0 sel=false
[devMouse] p0 unit 1 tile=(10,24) type=0 sel=false
[devMouse] p0 unit 2 tile=(30,3) type=0 sel=false
[devMouse] p0 unit 3 tile=(20,6) type=3 sel=false
[devMouse] p0 unit 4 tile=(21,6) type=3 sel=false
[devMouse] p0 unit 5 tile=(21,5) type=3 sel=false
[devMouse] p0 unit 6 tile=(20,5) type=3 sel=false
[devMouse] p0 unit 7 tile=(23,9) type=5 sel=false
[devMouse] p0 unit 8 tile=(23,11) type=5 sel=false
[devMouse] p1 unit 0 tile=(16,28) type=3 sel=false
[devMouse] p1 unit 1 tile=(18,30) type=3 sel=false
[devMouse] p1 unit 2 tile=(18,39) type=4 sel=false
[devMouse] p1 unit 3 tile=(17,38) type=4 sel=false
[devMouse] p1 unit 4 tile=(29,9) type=3 sel=false
[devMouse] p1 unit 5 tile=(36,14) type=3 sel=false
[devMouse] p1 unit 6 tile=(59,42) type=3 sel=false
[devMouse] p1 unit 7 tile=(51,20) type=3 sel=false
[dbg] ar=698 am=6 aA=6 aH=0 l=false j=false fullRedraw=false
[fifo] ar=711 aistate
[devMouse] aistate written, ar=712
[fifo] ar=722 state
[devMouse] aA=6/6 cursor=(21,11) cam=(68,172) Q=725 aE=0 Y=0 sel=0
[devMouse] p0 unit 0 tile=(10,23) type=0 sel=false
[devMouse] p0 unit 1 tile=(10,24) type=0 sel=false
[devMouse] p0 unit 2 tile=(32,3) type=0 sel=false
[devMouse] p0 unit 3 tile=(20,6) type=3 sel=false
[devMouse] p0 unit 4 tile=(21,6) type=3 sel=false
[devMouse] p0 unit 5 tile=(21,5) type=3 sel=false
[devMouse] p0 unit 6 tile=(20,5) type=3 sel=false
[devMouse] p0 unit 7 tile=(23,9) type=5 sel=false
[devMouse] p0 unit 8 tile=(23,11) type=5 sel=false
[devMouse] p1 unit 0 tile=(16,28) type=3 sel=false
[devMouse] p1 unit 1 tile=(18,30) type=3 sel=false
[devMouse] p1 unit 2 tile=(18,39) type=4 sel=false
[devMouse] p1 unit 3 tile=(17,38) type=4 sel=false
[devMouse] p1 unit 4 tile=(29,9) type=3 sel=false
[devMouse] p1 unit 5 tile=(36,14) type=3 sel=false
[devMouse] p1 unit 6 tile=(59,42) type=3 sel=false
[devMouse] p1 unit 7 tile=(51,20) type=3 sel=false
[dbg] ar=723 am=6 aA=6 aH=0 l=false j=false fullRedraw=false
[fifoQ] ar=733 retask 2 38 5
[fifo] ar=734 retask 2 38 5
[devMouse] retask slot2 (32,3)w0 -> (38,5)
[dbg] ar=748 am=6 aA=6 aH=0 l=false j=false fullRedraw=false
[fifo] ar=759 aistate
[devMouse] aistate written, ar=759
[fifo] ar=772 state
[devMouse] aA=6/6 cursor=(21,11) cam=(68,172) Q=725 aE=0 Y=0 sel=0
[devMouse] p0 unit 0 tile=(10,23) type=0 sel=false
[devMouse] p0 unit 1 tile=(11,23) type=0 sel=false
[devMouse] p0 unit 2 tile=(37,4) type=0 sel=false
[devMouse] p0 unit 3 tile=(20,6) type=3 sel=false
[devMouse] p0 unit 4 tile=(21,6) type=3 sel=false
[devMouse] p0 unit 5 tile=(21,5) type=3 sel=false
[devMouse] p0 unit 6 tile=(20,5) type=3 sel=false
[devMouse] p0 unit 7 tile=(23,9) type=5 sel=false
[devMouse] p0 unit 8 tile=(23,11) type=5 sel=false
[devMouse] p1 unit 0 tile=(16,28) type=3 sel=false
[devMouse] p1 unit 1 tile=(18,30) type=3 sel=false
[devMouse] p1 unit 2 tile=(18,39) type=4 sel=false
[devMouse] p1 unit 3 tile=(17,38) type=4 sel=false
[devMouse] p1 unit 4 tile=(29,9) type=3 sel=false
[devMouse] p1 unit 5 tile=(36,14) type=3 sel=false
[devMouse] p1 unit 6 tile=(59,42) type=3 sel=false
[devMouse] p1 unit 7 tile=(51,20) type=3 sel=false
[dbg] ar=773 am=6 aA=6 aH=0 l=false j=false fullRedraw=false
[dbg] ar=798 am=6 aA=6 aH=0 l=false j=false fullRedraw=false
[fifo] ar=805 aistate
[devMouse] aistate written, ar=805
[fifo] ar=816 state
[devMouse] aA=6/6 cursor=(21,11) cam=(68,172) Q=725 aE=0 Y=0 sel=0
[devMouse] p0 unit 0 tile=(15,18) type=0 sel=false
[devMouse] p0 unit 1 tile=(16,18) type=0 sel=false
[devMouse] p0 unit 2 tile=(38,5) type=0 sel=false
[devMouse] p0 unit 3 tile=(20,6) type=3 sel=false
[devMouse] p0 unit 4 tile=(21,6) type=3 sel=false
[devMouse] p0 unit 5 tile=(21,5) type=3 sel=false
[devMouse] p0 unit 6 tile=(20,5) type=3 sel=false
[devMouse] p0 unit 7 tile=(23,9) type=5 sel=false
[devMouse] p0 unit 8 tile=(23,11) type=5 sel=false
[devMouse] p1 unit 0 tile=(16,28) type=3 sel=false
[devMouse] p1 unit 1 tile=(18,30) type=3 sel=false
[devMouse] p1 unit 2 tile=(18,39) type=4 sel=false
[devMouse] p1 unit 3 tile=(17,38) type=4 sel=false
[devMouse] p1 unit 4 tile=(29,9) type=3 sel=false
[devMouse] p1 unit 5 tile=(36,14) type=3 sel=false
[devMouse] p1 unit 6 tile=(59,42) type=3 sel=false
[devMouse] p1 unit 7 tile=(51,20) type=3 sel=false
[dbg] ar=823 am=6 aA=6 aH=0 l=false j=false fullRedraw=false
[fifoQ] ar=827 retask 2 44 8
[fifo] ar=828 retask 2 44 8
[devMouse] retask slot2 (38,5)w0 -> (44,8)
[dbg] ar=848 am=6 aA=6 aH=0 l=false j=false fullRedraw=false
[fifo] ar=852 aistate
[devMouse] aistate written, ar=852
[fifo] ar=864 state
[devMouse] aA=6/6 cursor=(21,11) cam=(68,172) Q=725 aE=0 Y=0 sel=0
[devMouse] p0 unit 0 tile=(20,13) type=0 sel=false
[devMouse] p0 unit 1 tile=(21,13) type=0 sel=false
[devMouse] p0 unit 2 tile=(43,7) type=0 sel=false
[devMouse] p0 unit 3 tile=(20,6) type=3 sel=false
[devMouse] p0 unit 4 tile=(21,6) type=3 sel=false
[devMouse] p0 unit 5 tile=(21,5) type=3 sel=false
[devMouse] p0 unit 6 tile=(20,5) type=3 sel=false
[devMouse] p0 unit 7 tile=(23,9) type=5 sel=false
[devMouse] p0 unit 8 tile=(23,11) type=5 sel=false
[devMouse] p1 unit 0 tile=(16,28) type=3 sel=false
[devMouse] p1 unit 1 tile=(18,30) type=3 sel=false
[devMouse] p1 unit 2 tile=(18,39) type=4 sel=false
[devMouse] p1 unit 3 tile=(17,38) type=4 sel=false
[devMouse] p1 unit 4 tile=(29,9) type=3 sel=false
[devMouse] p1 unit 5 tile=(36,14) type=3 sel=false
[devMouse] p1 unit 6 tile=(59,42) type=3 sel=false
[devMouse] p1 unit 7 tile=(51,20) type=3 sel=false
[dbg] ar=873 am=6 aA=6 aH=0 l=false j=false fullRedraw=false
[trace] g->8 (aA=6 am=6)
[fifo] ar=897 aistate
[devMouse] aistate written, ar=897
[dbg] ar=898 am=6 aA=6 aH=0 l=false j=false fullRedraw=false
[fifo] ar=909 state
[devMouse] aA=6/6 cursor=(21,11) cam=(68,172) Q=725 aE=0 Y=0 sel=0
[devMouse] p0 unit 0 tile=(19,14) type=0 sel=false
[devMouse] p0 unit 1 tile=(23,15) type=0 sel=false
[devMouse] p0 unit 2 tile=(44,8) type=0 sel=false
[devMouse] p0 unit 3 tile=(20,6) type=3 sel=false
[devMouse] p0 unit 4 tile=(21,6) type=3 sel=false
[devMouse] p0 unit 5 tile=(21,5) type=3 sel=false
[devMouse] p0 unit 6 tile=(20,5) type=3 sel=false
[devMouse] p0 unit 7 tile=(23,9) type=5 sel=false
[devMouse] p0 unit 8 tile=(23,11) type=5 sel=false
[devMouse] p1 unit 0 tile=(16,28) type=3 sel=false
[devMouse] p1 unit 1 tile=(18,30) type=3 sel=false
[devMouse] p1 unit 2 tile=(18,39) type=4 sel=false
[devMouse] p1 unit 3 tile=(17,38) type=4 sel=false
[devMouse] p1 unit 4 tile=(29,9) type=3 sel=false
[devMouse] p1 unit 5 tile=(36,14) type=3 sel=false
[devMouse] p1 unit 6 tile=(59,42) type=3 sel=false
[devMouse] p1 unit 7 tile=(51,20) type=3 sel=false
[fifoQ] ar=919 retask 2 50 11
[fifo] ar=920 retask 2 50 11
[devMouse] retask slot2 (44,8)w0 -> (50,11)
[dbg] ar=923 am=6 aA=6 aH=0 l=false j=false fullRedraw=false
[fifo] ar=946 aistate
[devMouse] aistate written, ar=946
[dbg] ar=948 am=6 aA=6 aH=0 l=false j=false fullRedraw=false
[fifo] ar=956 state
[devMouse] aA=6/6 cursor=(21,11) cam=(68,172) Q=725 aE=0 Y=0 sel=0
[devMouse] p0 unit 0 tile=(14,19) type=0 sel=false
[devMouse] p0 unit 1 tile=(22,11) type=0 sel=false
[devMouse] p0 unit 2 tile=(49,10) type=0 sel=false
[devMouse] p0 unit 3 tile=(20,6) type=3 sel=false
[devMouse] p0 unit 4 tile=(21,6) type=3 sel=false
[devMouse] p0 unit 5 tile=(21,5) type=3 sel=false
[devMouse] p0 unit 6 tile=(20,5) type=3 sel=false
[devMouse] p0 unit 7 tile=(23,9) type=5 sel=false
[devMouse] p0 unit 8 tile=(23,11) type=5 sel=false
[devMouse] p1 unit 0 tile=(16,28) type=3 sel=false
[devMouse] p1 unit 1 tile=(18,30) type=3 sel=false
[devMouse] p1 unit 2 tile=(18,39) type=4 sel=false
[devMouse] p1 unit 3 tile=(17,38) type=4 sel=false
[devMouse] p1 unit 4 tile=(29,9) type=3 sel=false
[devMouse] p1 unit 5 tile=(36,14) type=3 sel=false
[devMouse] p1 unit 6 tile=(59,42) type=3 sel=false
[devMouse] p1 unit 7 tile=(51,20) type=3 sel=false
[trace] g->8 (aA=6 am=6)
[dbg] ar=973 am=6 aA=6 aH=0 l=false j=false fullRedraw=false
[fifo] ar=989 aistate
[devMouse] aistate written, ar=989
[dbg] ar=998 am=6 aA=6 aH=0 l=false j=false fullRedraw=false
[fifo] ar=1002 state
[devMouse] aA=6/6 cursor=(21,11) cam=(68,172) Q=725 aE=0 Y=0 sel=0
[devMouse] p0 unit 0 tile=(10,23) type=0 sel=false
[devMouse] p0 unit 1 tile=(17,16) type=0 sel=false
[devMouse] p0 unit 2 tile=(50,11) type=0 sel=false
[devMouse] p0 unit 3 tile=(20,6) type=3 sel=false
[devMouse] p0 unit 4 tile=(21,6) type=3 sel=false
[devMouse] p0 unit 5 tile=(21,5) type=3 sel=false
[devMouse] p0 unit 6 tile=(20,5) type=3 sel=false
[devMouse] p0 unit 7 tile=(23,9) type=5 sel=false
[devMouse] p0 unit 8 tile=(23,11) type=5 sel=false
[devMouse] p1 unit 0 tile=(16,28) type=3 sel=false
[devMouse] p1 unit 1 tile=(18,30) type=3 sel=false
[devMouse] p1 unit 2 tile=(18,39) type=4 sel=false
[devMouse] p1 unit 3 tile=(17,38) type=4 sel=false
[devMouse] p1 unit 4 tile=(29,9) type=3 sel=false
[devMouse] p1 unit 5 tile=(36,14) type=3 sel=false
[devMouse] p1 unit 6 tile=(59,42) type=3 sel=false
[devMouse] p1 unit 7 tile=(51,20) type=3 sel=false
[fifoQ] ar=1011 retask 2 54 14
[fifo] ar=1012 retask 2 54 14
[devMouse] retask slot2 (50,11)w0 -> (54,14)
[dbg] ar=1023 am=6 aA=6 aH=0 l=false j=false fullRedraw=false
[fifo] ar=1037 aistate
[devMouse] aistate written, ar=1037
[dbg] ar=1048 am=6 aA=6 aH=0 l=false j=false fullRedraw=false
[fifo] ar=1049 state
[devMouse] aA=6/6 cursor=(21,11) cam=(68,172) Q=725 aE=0 Y=0 sel=0
[devMouse] p0 unit 0 tile=(10,23) type=0 sel=false
[devMouse] p0 unit 1 tile=(11,22) type=0 sel=false
[devMouse] p0 unit 2 tile=(54,14) type=0 sel=false
[devMouse] p0 unit 3 tile=(20,6) type=3 sel=false
[devMouse] p0 unit 4 tile=(21,6) type=3 sel=false
[devMouse] p0 unit 5 tile=(21,5) type=3 sel=false
[devMouse] p0 unit 6 tile=(20,5) type=3 sel=false
[devMouse] p0 unit 7 tile=(23,9) type=5 sel=false
[devMouse] p0 unit 8 tile=(23,11) type=5 sel=false
[devMouse] p1 unit 0 tile=(16,28) type=3 sel=false
[devMouse] p1 unit 1 tile=(18,30) type=3 sel=false
[devMouse] p1 unit 2 tile=(18,39) type=4 sel=false
[devMouse] p1 unit 3 tile=(17,38) type=4 sel=false
[devMouse] p1 unit 4 tile=(29,9) type=3 sel=false
[devMouse] p1 unit 5 tile=(36,14) type=3 sel=false
[devMouse] p1 unit 6 tile=(59,42) type=3 sel=false
[devMouse] p1 unit 7 tile=(51,20) type=3 sel=false
[dbg] ar=1073 am=6 aA=6 aH=0 l=false j=false fullRedraw=false
[fifo] ar=1081 aistate
[devMouse] aistate written, ar=1081
[fifo] ar=1091 state
[devMouse] aA=6/6 cursor=(21,11) cam=(68,172) Q=725 aE=0 Y=0 sel=0
[devMouse] p0 unit 0 tile=(10,23) type=0 sel=false
[devMouse] p0 unit 1 tile=(10,24) type=0 sel=false
[devMouse] p0 unit 2 tile=(54,14) type=0 sel=false
[devMouse] p0 unit 3 tile=(20,6) type=3 sel=false
[devMouse] p0 unit 4 tile=(21,6) type=3 sel=false
[devMouse] p0 unit 5 tile=(21,5) type=3 sel=false
[devMouse] p0 unit 6 tile=(20,5) type=3 sel=false
[devMouse] p0 unit 7 tile=(23,9) type=5 sel=false
[devMouse] p0 unit 8 tile=(23,11) type=5 sel=false
[devMouse] p1 unit 0 tile=(16,28) type=3 sel=false
[devMouse] p1 unit 1 tile=(18,30) type=3 sel=false
[devMouse] p1 unit 2 tile=(18,39) type=4 sel=false
[devMouse] p1 unit 3 tile=(17,38) type=4 sel=false
[devMouse] p1 unit 4 tile=(29,9) type=3 sel=false
[devMouse] p1 unit 5 tile=(36,14) type=3 sel=false
[devMouse] p1 unit 6 tile=(59,42) type=3 sel=false
[devMouse] p1 unit 7 tile=(51,20) type=3 sel=false
[dbg] ar=1098 am=6 aA=6 aH=0 l=false j=false fullRedraw=false
[fifoQ] ar=1100 retask 2 56 16
[fifo] ar=1101 retask 2 56 16
[devMouse] retask slot2 (54,14)w0 -> (56,16)
[dbg] ar=1123 am=6 aA=6 aH=0 l=false j=false fullRedraw=false
[fifo] ar=1128 aistate
[devMouse] aistate written, ar=1128
[fifo] ar=1139 state
[devMouse] aA=6/6 cursor=(21,11) cam=(68,172) Q=725 aE=0 Y=0 sel=0
[devMouse] p0 unit 0 tile=(15,18) type=0 sel=false
[devMouse] p0 unit 1 tile=(10,24) type=0 sel=false
[devMouse] p0 unit 2 tile=(56,16) type=0 sel=false
[devMouse] p0 unit 3 tile=(20,6) type=3 sel=false
[devMouse] p0 unit 4 tile=(21,6) type=3 sel=false
[devMouse] p0 unit 5 tile=(21,5) type=3 sel=false
[devMouse] p0 unit 6 tile=(20,5) type=3 sel=false
[devMouse] p0 unit 7 tile=(23,9) type=5 sel=false
[devMouse] p0 unit 8 tile=(23,11) type=5 sel=false
[devMouse] p1 unit 0 tile=(16,28) type=3 sel=false
[devMouse] p1 unit 1 tile=(18,30) type=3 sel=false
[devMouse] p1 unit 2 tile=(18,39) type=4 sel=false
[devMouse] p1 unit 3 tile=(17,38) type=4 sel=false
[devMouse] p1 unit 4 tile=(29,9) type=3 sel=false
[devMouse] p1 unit 5 tile=(36,14) type=3 sel=false
[devMouse] p1 unit 6 tile=(59,42) type=3 sel=false
[devMouse] p1 unit 7 tile=(51,20) type=3 sel=false
[dbg] ar=1148 am=6 aA=6 aH=0 l=false j=false fullRedraw=false
[fifo] ar=1171 aistate
[devMouse] aistate written, ar=1171
[dbg] ar=1173 am=6 aA=6 aH=0 l=false j=false fullRedraw=false
[fifo] ar=1183 state
[devMouse] aA=6/6 cursor=(21,11) cam=(68,172) Q=725 aE=0 Y=0 sel=0
[devMouse] p0 unit 0 tile=(20,13) type=0 sel=false
[devMouse] p0 unit 1 tile=(11,23) type=0 sel=false
[devMouse] p0 unit 2 tile=(56,16) type=0 sel=false
[devMouse] p0 unit 3 tile=(20,6) type=3 sel=false
[devMouse] p0 unit 4 tile=(21,6) type=3 sel=false
[devMouse] p0 unit 5 tile=(21,5) type=3 sel=false
[devMouse] p0 unit 6 tile=(20,5) type=3 sel=false
[devMouse] p0 unit 7 tile=(23,9) type=5 sel=false
[devMouse] p0 unit 8 tile=(23,11) type=5 sel=false
[devMouse] p1 unit 0 tile=(16,28) type=3 sel=false
[devMouse] p1 unit 1 tile=(18,30) type=3 sel=false
[devMouse] p1 unit 2 tile=(18,39) type=4 sel=false
[devMouse] p1 unit 3 tile=(17,38) type=4 sel=false
[devMouse] p1 unit 4 tile=(29,9) type=3 sel=false
[devMouse] p1 unit 5 tile=(36,14) type=3 sel=false
[devMouse] p1 unit 6 tile=(59,42) type=3 sel=false
[devMouse] p1 unit 7 tile=(51,20) type=3 sel=false
[dbg] ar=1198 am=6 aA=6 aH=0 l=false j=false fullRedraw=false
[trace] g->8 (aA=6 am=6)
[fifo] ar=1216 aistate
[devMouse] aistate written, ar=1216
[dbg] ar=1223 am=6 aA=6 aH=0 l=false j=false fullRedraw=false
[fifo] ar=1227 state
[devMouse] aA=6/6 cursor=(21,11) cam=(68,172) Q=725 aE=0 Y=0 sel=0
[devMouse] p0 unit 0 tile=(19,14) type=0 sel=false
[devMouse] p0 unit 1 tile=(16,18) type=0 sel=false
[devMouse] p0 unit 2 tile=(56,16) type=0 sel=false
[devMouse] p0 unit 3 tile=(20,6) type=3 sel=false
[devMouse] p0 unit 4 tile=(21,6) type=3 sel=false
[devMouse] p0 unit 5 tile=(21,5) type=3 sel=false
[devMouse] p0 unit 6 tile=(20,5) type=3 sel=false
[devMouse] p0 unit 7 tile=(23,9) type=5 sel=false
[devMouse] p0 unit 8 tile=(23,11) type=5 sel=false
[devMouse] p1 unit 0 tile=(16,28) type=3 sel=false
[devMouse] p1 unit 1 tile=(18,30) type=3 sel=false
[devMouse] p1 unit 2 tile=(18,39) type=4 sel=false
[devMouse] p1 unit 3 tile=(17,38) type=4 sel=false
[devMouse] p1 unit 4 tile=(29,9) type=3 sel=false
[devMouse] p1 unit 5 tile=(36,14) type=3 sel=false
[devMouse] p1 unit 6 tile=(59,42) type=3 sel=false
[devMouse] p1 unit 7 tile=(51,20) type=3 sel=false
[fifoQ] ar=1236 build 57 17 1
[fifo] ar=1237 build 57 17 1
[devMouse] build OK type1 @(57,17) 施工中(约1.3s完工)
[trace] g->8 (aA=6 am=6)
[dbg] ar=1248 am=6 aA=6 aH=0 l=false j=false fullRedraw=false
[fifo] ar=1262 aistate
[devMouse] aistate written, ar=1262
[trace] g(0,70,1) ac=32
[trace] g->2 (aA=6 am=6)
[view] dialog open z=70 overlayPrevState=6
[dlg-parse] z=70 v=1 strLen=43 str=Mining Camp: @ Used to store gold or stone.
[dbg] ar=1273 am=2 aA=2 aH=0 l=false j=false fullRedraw=false
[fifo] ar=1274 state
[devMouse] aA=2/2 cursor=(21,11) cam=(68,172) Q=725 aE=0 Y=0 sel=0
[devMouse] p0 unit 0 tile=(15,18) type=0 sel=false
[devMouse] p0 unit 1 tile=(21,13) type=0 sel=false
[devMouse] p0 unit 2 tile=(56,16) type=0 sel=false
[devMouse] p0 unit 3 tile=(20,6) type=3 sel=false
[devMouse] p0 unit 4 tile=(21,6) type=3 sel=false
[devMouse] p0 unit 5 tile=(21,5) type=3 sel=false
[devMouse] p0 unit 6 tile=(20,5) type=3 sel=false
[devMouse] p0 unit 7 tile=(23,9) type=5 sel=false
[devMouse] p0 unit 8 tile=(23,11) type=5 sel=false
[devMouse] p1 unit 0 tile=(16,28) type=3 sel=false
[devMouse] p1 unit 1 tile=(18,30) type=3 sel=false
[devMouse] p1 unit 2 tile=(18,39) type=4 sel=false
[devMouse] p1 unit 3 tile=(17,38) type=4 sel=false
[devMouse] p1 unit 4 tile=(29,9) type=3 sel=false
[devMouse] p1 unit 5 tile=(36,14) type=3 sel=false
[devMouse] p1 unit 6 tile=(59,42) type=3 sel=false
[devMouse] p1 unit 7 tile=(51,20) type=3 sel=false
[fifo] ar=1284 key -6
[void_a] key=-6 ae=38 ak=19 ar=1284
[input] ar=1284 key -6
[dbg] ar=1298 am=6 aA=6 aH=0 l=false j=false fullRedraw=false
[fifo] ar=1310 aistate
[devMouse] aistate written, ar=1311
[trace] g->8 (aA=6 am=6)
[fifo] ar=1322 state
[devMouse] aA=6/6 cursor=(21,11) cam=(68,172) Q=725 aE=0 Y=0 sel=0
[devMouse] p0 unit 0 tile=(10,23) type=0 sel=false
[devMouse] p0 unit 1 tile=(20,13) type=0 sel=false
[devMouse] p0 unit 2 tile=(56,16) type=0 sel=false
[devMouse] p0 unit 3 tile=(20,6) type=3 sel=false
[devMouse] p0 unit 4 tile=(21,6) type=3 sel=false
[devMouse] p0 unit 5 tile=(21,5) type=3 sel=false
[devMouse] p0 unit 6 tile=(20,5) type=3 sel=false
[devMouse] p0 unit 7 tile=(23,9) type=5 sel=false
[devMouse] p0 unit 8 tile=(23,11) type=5 sel=false
[devMouse] p1 unit 0 tile=(16,28) type=3 sel=false
[devMouse] p1 unit 1 tile=(18,30) type=3 sel=false
[devMouse] p1 unit 2 tile=(18,39) type=4 sel=false
[devMouse] p1 unit 3 tile=(17,38) type=4 sel=false
[devMouse] p1 unit 4 tile=(29,9) type=3 sel=false
[devMouse] p1 unit 5 tile=(36,14) type=3 sel=false
[devMouse] p1 unit 6 tile=(59,42) type=3 sel=false
[devMouse] p1 unit 7 tile=(51,20) type=3 sel=false
[dbg] ar=1323 am=6 aA=6 aH=0 l=false j=false fullRedraw=false
[fifoQ] ar=1332 retask 2 57 19
[fifo] ar=1333 retask 2 57 19
[devMouse] retask slot2 (56,16)w0 -> (57,19)
[dbg] ar=1348 am=6 aA=6 aH=0 l=false j=false fullRedraw=false
[fifo] ar=1360 aistate
[devMouse] aistate written, ar=1360
[fifo] ar=1372 state
[devMouse] aA=6/6 cursor=(21,11) cam=(68,172) Q=725 aE=0 Y=0 sel=0
[devMouse] p0 unit 0 tile=(10,23) type=0 sel=false
[devMouse] p0 unit 1 tile=(15,18) type=0 sel=false
[devMouse] p0 unit 2 tile=(57,18) type=0 sel=false
[devMouse] p0 unit 3 tile=(20,6) type=3 sel=false
[devMouse] p0 unit 4 tile=(21,6) type=3 sel=false
[devMouse] p0 unit 5 tile=(21,5) type=3 sel=false
[devMouse] p0 unit 6 tile=(20,5) type=3 sel=false
[devMouse] p0 unit 7 tile=(23,9) type=5 sel=false
[devMouse] p0 unit 8 tile=(23,11) type=5 sel=false
[devMouse] p1 unit 0 tile=(16,28) type=3 sel=false
[devMouse] p1 unit 1 tile=(18,30) type=3 sel=false
[devMouse] p1 unit 2 tile=(18,39) type=4 sel=false
[devMouse] p1 unit 3 tile=(17,38) type=4 sel=false
[devMouse] p1 unit 4 tile=(29,9) type=3 sel=false
[devMouse] p1 unit 5 tile=(36,14) type=3 sel=false
[devMouse] p1 unit 6 tile=(59,42) type=3 sel=false
[devMouse] p1 unit 7 tile=(51,20) type=3 sel=false
[dbg] ar=1373 am=6 aA=6 aH=0 l=false j=false fullRedraw=false
[fifoQ] ar=1382 retask 1 22 5
[fifo] ar=1383 retask 1 22 5
[devMouse] retask slot1 (14,19)w0 -> (22,5)
[dbg] ar=1398 am=6 aA=6 aH=0 l=false j=false fullRedraw=false
[fifo] ar=1408 aistate
[devMouse] aistate written, ar=1408
[fifo] ar=1420 state
[devMouse] aA=6/6 cursor=(21,11) cam=(68,172) Q=725 aE=0 Y=0 sel=0
[devMouse] p0 unit 0 tile=(10,23) type=0 sel=false
[devMouse] p0 unit 1 tile=(18,15) type=0 sel=false
[devMouse] p0 unit 2 tile=(57,18) type=0 sel=false
[devMouse] p0 unit 3 tile=(20,6) type=3 sel=false
[devMouse] p0 unit 4 tile=(21,6) type=3 sel=false
[devMouse] p0 unit 5 tile=(21,5) type=3 sel=false
[devMouse] p0 unit 6 tile=(20,5) type=3 sel=false
[devMouse] p0 unit 7 tile=(23,9) type=5 sel=false
[devMouse] p0 unit 8 tile=(23,11) type=5 sel=false
[devMouse] p1 unit 0 tile=(16,28) type=3 sel=false
[devMouse] p1 unit 1 tile=(18,30) type=3 sel=false
[devMouse] p1 unit 2 tile=(18,39) type=4 sel=false
[devMouse] p1 unit 3 tile=(17,38) type=4 sel=false
[devMouse] p1 unit 4 tile=(29,9) type=3 sel=false
[devMouse] p1 unit 5 tile=(36,14) type=3 sel=false
[devMouse] p1 unit 6 tile=(59,42) type=3 sel=false
[devMouse] p1 unit 7 tile=(51,20) type=3 sel=false
[dbg] ar=1423 am=6 aA=6 aH=0 l=false j=false fullRedraw=false
[dbg] ar=1448 am=6 aA=6 aH=0 l=false j=false fullRedraw=false
[fifo] ar=1453 aistate
[devMouse] aistate written, ar=1453
[trace] g->8 (aA=6 am=6)
[fifo] ar=1463 state
[devMouse] aA=6/6 cursor=(21,11) cam=(68,172) Q=725 aE=0 Y=0 sel=0
[devMouse] p0 unit 0 tile=(14,19) type=0 sel=false
[devMouse] p0 unit 1 tile=(23,10) type=0 sel=false
[devMouse] p0 unit 2 tile=(57,18) type=0 sel=false
[devMouse] p0 unit 3 tile=(20,6) type=3 sel=false
[devMouse] p0 unit 4 tile=(21,6) type=3 sel=false
[devMouse] p0 unit 5 tile=(21,5) type=3 sel=false
[devMouse] p0 unit 6 tile=(20,5) type=3 sel=false
[devMouse] p0 unit 7 tile=(23,9) type=5 sel=false
[devMouse] p0 unit 8 tile=(23,11) type=5 sel=false
[devMouse] p1 unit 0 tile=(16,28) type=3 sel=false
[devMouse] p1 unit 1 tile=(18,30) type=3 sel=false
[devMouse] p1 unit 2 tile=(18,39) type=4 sel=false
[devMouse] p1 unit 3 tile=(17,38) type=4 sel=false
[devMouse] p1 unit 4 tile=(29,9) type=3 sel=false
[devMouse] p1 unit 5 tile=(36,14) type=3 sel=false
[devMouse] p1 unit 6 tile=(59,42) type=3 sel=false
[devMouse] p1 unit 7 tile=(51,20) type=3 sel=false
[dbg] ar=1473 am=6 aA=6 aH=0 l=false j=false fullRedraw=false
[fifo] ar=1497 aistate
[devMouse] aistate written, ar=1497
[dbg] ar=1498 am=6 aA=6 aH=0 l=false j=false fullRedraw=false
[fifo] ar=1508 state
[devMouse] aA=6/6 cursor=(21,11) cam=(68,172) Q=725 aE=0 Y=0 sel=0
[devMouse] p0 unit 0 tile=(19,14) type=0 sel=false
[devMouse] p0 unit 1 tile=(22,5) type=0 sel=false
[devMouse] p0 unit 2 tile=(57,18) type=0 sel=false
[devMouse] p0 unit 3 tile=(20,6) type=3 sel=false
[devMouse] p0 unit 4 tile=(21,6) type=3 sel=false
[devMouse] p0 unit 5 tile=(21,5) type=3 sel=false
[devMouse] p0 unit 6 tile=(20,5) type=3 sel=false
[devMouse] p0 unit 7 tile=(23,9) type=5 sel=false
[devMouse] p0 unit 8 tile=(23,11) type=5 sel=false
[devMouse] p1 unit 0 tile=(16,28) type=3 sel=false
[devMouse] p1 unit 1 tile=(18,30) type=3 sel=false
[devMouse] p1 unit 2 tile=(18,39) type=4 sel=false
[devMouse] p1 unit 3 tile=(17,38) type=4 sel=false
[devMouse] p1 unit 4 tile=(29,9) type=3 sel=false
[devMouse] p1 unit 5 tile=(36,14) type=3 sel=false
[devMouse] p1 unit 6 tile=(59,42) type=3 sel=false
[devMouse] p1 unit 7 tile=(51,20) type=3 sel=false
[dbg] ar=1523 am=6 aA=6 aH=0 l=false j=false fullRedraw=false
[fifo] ar=1542 aistate
[devMouse] aistate written, ar=1542
[trace] g->8 (aA=6 am=6)
[dbg] ar=1548 am=6 aA=6 aH=0 l=false j=false fullRedraw=false
[fifo] ar=1553 state
[devMouse] aA=6/6 cursor=(21,11) cam=(68,172) Q=725 aE=0 Y=0 sel=0
[devMouse] p0 unit 0 tile=(20,13) type=0 sel=false
[devMouse] p0 unit 1 tile=(22,5) type=0 sel=false
[devMouse] p0 unit 2 tile=(57,18) type=0 sel=false
[devMouse] p0 unit 3 tile=(20,6) type=3 sel=false
[devMouse] p0 unit 4 tile=(21,6) type=3 sel=false
[devMouse] p0 unit 5 tile=(21,5) type=3 sel=false
[devMouse] p0 unit 6 tile=(20,5) type=3 sel=false
[devMouse] p0 unit 7 tile=(23,9) type=5 sel=false
[devMouse] p0 unit 8 tile=(23,11) type=5 sel=false
[devMouse] p1 unit 0 tile=(16,28) type=3 sel=false
[devMouse] p1 unit 1 tile=(18,30) type=3 sel=false
[devMouse] p1 unit 2 tile=(18,39) type=4 sel=false
[devMouse] p1 unit 3 tile=(17,38) type=4 sel=false
[devMouse] p1 unit 4 tile=(29,9) type=3 sel=false
[devMouse] p1 unit 5 tile=(36,14) type=3 sel=false
[devMouse] p1 unit 6 tile=(59,42) type=3 sel=false
[devMouse] p1 unit 7 tile=(51,20) type=3 sel=false
[trace] g->8 (aA=6 am=6)
[fifoQ] ar=1564 retask 1 28 3
[fifo] ar=1564 retask 1 28 3
[devMouse] retask slot1 (22,5)w0 -> (28,3)
[dbg] ar=1573 am=6 aA=6 aH=0 l=false j=false fullRedraw=false
[fifo] ar=1590 aistate
[devMouse] aistate written, ar=1590
[dbg] ar=1598 am=6 aA=6 aH=0 l=false j=false fullRedraw=false
[fifo] ar=1601 state
[devMouse] aA=6/6 cursor=(21,11) cam=(68,172) Q=725 aE=0 Y=0 sel=0
[devMouse] p0 unit 0 tile=(15,18) type=0 sel=false
[devMouse] p0 unit 1 tile=(27,4) type=0 sel=false
[devMouse] p0 unit 2 tile=(57,18) type=0 sel=false
[devMouse] p0 unit 3 tile=(20,6) type=3 sel=false
[devMouse] p0 unit 4 tile=(21,6) type=3 sel=false
[devMouse] p0 unit 5 tile=(21,5) type=3 sel=false
[devMouse] p0 unit 6 tile=(20,5) type=3 sel=false
[devMouse] p0 unit 7 tile=(23,9) type=5 sel=false
[devMouse] p0 unit 8 tile=(23,11) type=5 sel=false
[devMouse] p1 unit 0 tile=(16,28) type=3 sel=false
[devMouse] p1 unit 1 tile=(18,30) type=3 sel=false
[devMouse] p1 unit 2 tile=(18,39) type=4 sel=false
[devMouse] p1 unit 3 tile=(17,38) type=4 sel=false
[devMouse] p1 unit 4 tile=(29,9) type=3 sel=false
[devMouse] p1 unit 5 tile=(36,14) type=3 sel=false
[devMouse] p1 unit 6 tile=(59,42) type=3 sel=false
[devMouse] p1 unit 7 tile=(51,20) type=3 sel=false
[dbg] ar=1623 am=6 aA=6 aH=0 l=false j=false fullRedraw=false
[fifo] ar=1633 aistate
[devMouse] aistate written, ar=1633
[fifo] ar=1645 state
[devMouse] aA=6/6 cursor=(21,11) cam=(68,172) Q=725 aE=0 Y=0 sel=0
[devMouse] p0 unit 0 tile=(10,23) type=0 sel=false
[devMouse] p0 unit 1 tile=(28,3) type=0 sel=false
[devMouse] p0 unit 2 tile=(57,18) type=0 sel=false
[devMouse] p0 unit 3 tile=(20,6) type=3 sel=false
[devMouse] p0 unit 4 tile=(21,6) type=3 sel=false
[devMouse] p0 unit 5 tile=(21,5) type=3 sel=false
[devMouse] p0 unit 6 tile=(20,5) type=3 sel=false
[devMouse] p0 unit 7 tile=(23,9) type=5 sel=false
[devMouse] p0 unit 8 tile=(23,11) type=5 sel=false
[devMouse] p1 unit 0 tile=(16,28) type=3 sel=false
[devMouse] p1 unit 1 tile=(18,30) type=3 sel=false
[devMouse] p1 unit 2 tile=(18,39) type=4 sel=false
[devMouse] p1 unit 3 tile=(17,38) type=4 sel=false
[devMouse] p1 unit 4 tile=(29,9) type=3 sel=false
[devMouse] p1 unit 5 tile=(36,14) type=3 sel=false
[devMouse] p1 unit 6 tile=(59,42) type=3 sel=false
[devMouse] p1 unit 7 tile=(51,20) type=3 sel=false
[dbg] ar=1648 am=6 aA=6 aH=0 l=false j=false fullRedraw=false
[fifoQ] ar=1655 retask 1 33 3
[fifo] ar=1656 retask 1 33 3
[devMouse] retask slot1 (28,3)w0 -> (33,3)
[trace] g->8 (aA=6 am=6)
[dbg] ar=1673 am=6 aA=6 aH=0 l=false j=false fullRedraw=false
[fifo] ar=1682 aistate
[devMouse] aistate written, ar=1682
[fifo] ar=1694 state
[devMouse] aA=6/6 cursor=(21,11) cam=(68,172) Q=725 aE=0 Y=0 sel=0
[devMouse] p0 unit 0 tile=(10,23) type=0 sel=false
[devMouse] p0 unit 1 tile=(33,3) type=0 sel=false
[devMouse] p0 unit 2 tile=(57,18) type=0 sel=false
[devMouse] p0 unit 3 tile=(20,6) type=3 sel=false
[devMouse] p0 unit 4 tile=(21,6) type=3 sel=false
[devMouse] p0 unit 5 tile=(21,5) type=3 sel=false
[devMouse] p0 unit 6 tile=(20,5) type=3 sel=false
[devMouse] p0 unit 7 tile=(23,9) type=5 sel=false
[devMouse] p0 unit 8 tile=(23,11) type=5 sel=false
[devMouse] p1 unit 0 tile=(16,28) type=3 sel=false
[devMouse] p1 unit 1 tile=(18,30) type=3 sel=false
[devMouse] p1 unit 2 tile=(18,39) type=4 sel=false
[devMouse] p1 unit 3 tile=(17,38) type=4 sel=false
[devMouse] p1 unit 4 tile=(29,9) type=3 sel=false
[devMouse] p1 unit 5 tile=(36,14) type=3 sel=false
[devMouse] p1 unit 6 tile=(59,42) type=3 sel=false
[devMouse] p1 unit 7 tile=(51,20) type=3 sel=false
[dbg] ar=1698 am=6 aA=6 aH=0 l=false j=false fullRedraw=false
[dbg] ar=1723 am=6 aA=6 aH=0 l=false j=false fullRedraw=false
[fifo] ar=1727 aistate
[devMouse] aistate written, ar=1727
[fifo] ar=1739 state
[devMouse] aA=6/6 cursor=(21,11) cam=(68,172) Q=725 aE=0 Y=0 sel=0
[devMouse] p0 unit 0 tile=(10,23) type=0 sel=false
[devMouse] p0 unit 1 tile=(33,3) type=0 sel=false
[devMouse] p0 unit 2 tile=(57,18) type=0 sel=false
[devMouse] p0 unit 3 tile=(20,6) type=3 sel=false
[devMouse] p0 unit 4 tile=(21,6) type=3 sel=false
[devMouse] p0 unit 5 tile=(21,5) type=3 sel=false
[devMouse] p0 unit 6 tile=(20,5) type=3 sel=false
[devMouse] p0 unit 7 tile=(23,9) type=5 sel=false
[devMouse] p0 unit 8 tile=(23,11) type=5 sel=false
[devMouse] p1 unit 0 tile=(16,28) type=3 sel=false
[devMouse] p1 unit 1 tile=(18,30) type=3 sel=false
[devMouse] p1 unit 2 tile=(18,39) type=4 sel=false
[devMouse] p1 unit 3 tile=(17,38) type=4 sel=false
[devMouse] p1 unit 4 tile=(29,9) type=3 sel=false
[devMouse] p1 unit 5 tile=(36,14) type=3 sel=false
[devMouse] p1 unit 6 tile=(59,42) type=3 sel=false
[devMouse] p1 unit 7 tile=(51,20) type=3 sel=false
[dbg] ar=1748 am=6 aA=6 aH=0 l=false j=false fullRedraw=false
[trace] g->8 (aA=6 am=6)
[fifo] ar=1772 aistate
[devMouse] aistate written, ar=1773
[dbg] ar=1773 am=6 aA=6 aH=0 l=false j=false fullRedraw=false
[fifo] ar=1785 state
[devMouse] aA=6/6 cursor=(21,11) cam=(68,172) Q=725 aE=0 Y=0 sel=0
[devMouse] p0 unit 0 tile=(14,19) type=0 sel=false
[devMouse] p0 unit 1 tile=(33,3) type=0 sel=false
[devMouse] p0 unit 2 tile=(57,18) type=0 sel=false
[devMouse] p0 unit 3 tile=(20,6) type=3 sel=false
[devMouse] p0 unit 4 tile=(21,6) type=3 sel=false
[devMouse] p0 unit 5 tile=(21,5) type=3 sel=false
[devMouse] p0 unit 6 tile=(20,5) type=3 sel=false
[devMouse] p0 unit 7 tile=(23,9) type=5 sel=false
[devMouse] p0 unit 8 tile=(23,11) type=5 sel=false
[devMouse] p1 unit 0 tile=(16,28) type=3 sel=false
[devMouse] p1 unit 1 tile=(18,30) type=3 sel=false
[devMouse] p1 unit 2 tile=(18,39) type=4 sel=false
[devMouse] p1 unit 3 tile=(17,38) type=4 sel=false
[devMouse] p1 unit 4 tile=(29,9) type=3 sel=false
[devMouse] p1 unit 5 tile=(36,14) type=3 sel=false
[devMouse] p1 unit 6 tile=(59,42) type=3 sel=false
[devMouse] p1 unit 7 tile=(51,20) type=3 sel=false
[dbg] ar=1798 am=6 aA=6 aH=0 l=false j=false fullRedraw=false
[fifo] ar=1820 aistate
[devMouse] aistate written, ar=1820
[dbg] ar=1823 am=6 aA=6 aH=0 l=false j=false fullRedraw=false
[fifo] ar=1831 state
[devMouse] aA=6/6 cursor=(21,11) cam=(68,172) Q=725 aE=0 Y=0 sel=0
[devMouse] p0 unit 0 tile=(19,14) type=0 sel=false
[devMouse] p0 unit 1 tile=(33,3) type=0 sel=false
[devMouse] p0 unit 2 tile=(57,18) type=0 sel=false
[devMouse] p0 unit 3 tile=(20,6) type=3 sel=false
[devMouse] p0 unit 4 tile=(21,6) type=3 sel=false
[devMouse] p0 unit 5 tile=(21,5) type=3 sel=false
[devMouse] p0 unit 6 tile=(20,5) type=3 sel=false
[devMouse] p0 unit 7 tile=(23,9) type=5 sel=false
[devMouse] p0 unit 8 tile=(23,11) type=5 sel=false
[devMouse] p1 unit 0 tile=(16,28) type=3 sel=false
[devMouse] p1 unit 1 tile=(18,30) type=3 sel=false
[devMouse] p1 unit 2 tile=(18,39) type=4 sel=false
[devMouse] p1 unit 3 tile=(17,38) type=4 sel=false
[devMouse] p1 unit 4 tile=(29,9) type=3 sel=false
[devMouse] p1 unit 5 tile=(36,14) type=3 sel=false
[devMouse] p1 unit 6 tile=(59,42) type=3 sel=false
[devMouse] p1 unit 7 tile=(51,20) type=3 sel=false
[dbg] ar=1848 am=6 aA=6 aH=0 l=false j=false fullRedraw=false
[trace] g->8 (aA=6 am=6)
[fifo] ar=1866 aistate
[devMouse] aistate written, ar=1866
[trace] g->8 (aA=6 am=6)
[dbg] ar=1873 am=6 aA=6 aH=0 l=false j=false fullRedraw=false
[fifo] ar=1878 state
[devMouse] aA=6/6 cursor=(21,11) cam=(68,172) Q=725 aE=0 Y=0 sel=0
[devMouse] p0 unit 0 tile=(20,13) type=0 sel=false
[devMouse] p0 unit 1 tile=(33,3) type=0 sel=false
[devMouse] p0 unit 2 tile=(57,18) type=0 sel=false
[devMouse] p0 unit 3 tile=(20,6) type=3 sel=false
[devMouse] p0 unit 4 tile=(21,6) type=3 sel=false
[devMouse] p0 unit 5 tile=(21,5) type=3 sel=false
[devMouse] p0 unit 6 tile=(20,5) type=3 sel=false
[devMouse] p0 unit 7 tile=(23,9) type=5 sel=false
[devMouse] p0 unit 8 tile=(23,11) type=5 sel=false
[devMouse] p1 unit 0 tile=(16,28) type=3 sel=false
[devMouse] p1 unit 1 tile=(18,30) type=3 sel=false
[devMouse] p1 unit 2 tile=(18,39) type=4 sel=false
[devMouse] p1 unit 3 tile=(17,38) type=4 sel=false
[devMouse] p1 unit 4 tile=(29,9) type=3 sel=false
[devMouse] p1 unit 5 tile=(36,14) type=3 sel=false
[devMouse] p1 unit 6 tile=(59,42) type=3 sel=false
[devMouse] p1 unit 7 tile=(51,20) type=3 sel=false
[fifoQ] ar=1889 build 34 3 1
[fifo] ar=1890 build 34 3 1
[devMouse] build OK type1 @(34,3) 施工中(约1.3s完工)
[trace] g->8 (aA=6 am=6)
[dbg] ar=1898 am=6 aA=6 aH=0 l=false j=false fullRedraw=false
[fifo] ar=1915 aistate
[devMouse] aistate written, ar=1915
[dbg] ar=1923 am=6 aA=6 aH=0 l=false j=false fullRedraw=false
[fifo] ar=1927 state
[devMouse] aA=6/6 cursor=(21,11) cam=(68,172) Q=725 aE=0 Y=0 sel=0
[devMouse] p0 unit 0 tile=(14,19) type=0 sel=false
[devMouse] p0 unit 1 tile=(33,3) type=0 sel=false
[devMouse] p0 unit 2 tile=(57,18) type=0 sel=false
[devMouse] p0 unit 3 tile=(20,6) type=3 sel=false
[devMouse] p0 unit 4 tile=(21,6) type=3 sel=false
[devMouse] p0 unit 5 tile=(21,5) type=3 sel=false
[devMouse] p0 unit 6 tile=(20,5) type=3 sel=false
[devMouse] p0 unit 7 tile=(23,9) type=5 sel=false
[devMouse] p0 unit 8 tile=(23,11) type=5 sel=false
[devMouse] p1 unit 0 tile=(16,28) type=3 sel=false
[devMouse] p1 unit 1 tile=(18,30) type=3 sel=false
[devMouse] p1 unit 2 tile=(18,39) type=4 sel=false
[devMouse] p1 unit 3 tile=(17,38) type=4 sel=false
[devMouse] p1 unit 4 tile=(29,9) type=3 sel=false
[devMouse] p1 unit 5 tile=(36,14) type=3 sel=false
[devMouse] p1 unit 6 tile=(59,42) type=3 sel=false
[devMouse] p1 unit 7 tile=(51,20) type=3 sel=false
[dbg] ar=1948 am=6 aA=6 aH=0 l=false j=false fullRedraw=false
[fifo] ar=1961 aistate
[devMouse] aistate written, ar=1961
[fifo] ar=1972 state
[devMouse] aA=6/6 cursor=(21,11) cam=(68,172) Q=725 aE=0 Y=0 sel=0
[devMouse] p0 unit 0 tile=(10,23) type=0 sel=false
[devMouse] p0 unit 1 tile=(33,3) type=0 sel=false
[devMouse] p0 unit 2 tile=(57,18) type=0 sel=false
[devMouse] p0 unit 3 tile=(20,6) type=3 sel=false
[devMouse] p0 unit 4 tile=(21,6) type=3 sel=false
[devMouse] p0 unit 5 tile=(21,5) type=3 sel=false
[devMouse] p0 unit 6 tile=(20,5) type=3 sel=false
[devMouse] p0 unit 7 tile=(23,9) type=5 sel=false
[devMouse] p0 unit 8 tile=(23,11) type=5 sel=false
[devMouse] p1 unit 0 tile=(16,28) type=3 sel=false
[devMouse] p1 unit 1 tile=(18,30) type=3 sel=false
[devMouse] p1 unit 2 tile=(18,39) type=4 sel=false
[devMouse] p1 unit 3 tile=(17,38) type=4 sel=false
[devMouse] p1 unit 4 tile=(29,9) type=3 sel=false
[devMouse] p1 unit 5 tile=(36,14) type=3 sel=false
[devMouse] p1 unit 6 tile=(59,42) type=3 sel=false
[devMouse] p1 unit 7 tile=(51,20) type=3 sel=false
[dbg] ar=1973 am=6 aA=6 aH=0 l=false j=false fullRedraw=false
[trace] g->8 (aA=6 am=6)
[fifoQ] ar=1982 retask 1 34 4
[fifo] ar=1982 retask 1 34 4
[devMouse] retask slot1 (33,3)w0 -> (34,4)
[dbg] ar=1998 am=6 aA=6 aH=0 l=false j=false fullRedraw=false
[fifo] ar=2008 aistate
[devMouse] aistate written, ar=2008
[fifo] ar=2019 state
[devMouse] aA=6/6 cursor=(21,11) cam=(68,172) Q=725 aE=0 Y=0 sel=0
[devMouse] p0 unit 0 tile=(10,23) type=0 sel=false
[devMouse] p0 unit 1 tile=(33,3) type=0 sel=false
[devMouse] p0 unit 2 tile=(57,18) type=0 sel=false
[devMouse] p0 unit 3 tile=(20,6) type=3 sel=false
[devMouse] p0 unit 4 tile=(21,6) type=3 sel=false
[devMouse] p0 unit 5 tile=(21,5) type=3 sel=false
[devMouse] p0 unit 6 tile=(20,5) type=3 sel=false
[devMouse] p0 unit 7 tile=(23,9) type=5 sel=false
[devMouse] p0 unit 8 tile=(23,11) type=5 sel=false
[devMouse] p1 unit 0 tile=(16,28) type=3 sel=false
[devMouse] p1 unit 1 tile=(18,30) type=3 sel=false
[devMouse] p1 unit 2 tile=(18,39) type=4 sel=false
[devMouse] p1 unit 3 tile=(17,38) type=4 sel=false
[devMouse] p1 unit 4 tile=(29,9) type=3 sel=false
[devMouse] p1 unit 5 tile=(36,14) type=3 sel=false
[devMouse] p1 unit 6 tile=(59,42) type=3 sel=false
[devMouse] p1 unit 7 tile=(51,20) type=3 sel=false
[dbg] ar=2023 am=6 aA=6 aH=0 l=false j=false fullRedraw=false
[dbg] ar=2048 am=6 aA=6 aH=0 l=false j=false fullRedraw=false
[fifo] ar=2054 aistate
[devMouse] aistate written, ar=2054
[fifo] ar=2065 state
[devMouse] aA=6/6 cursor=(21,11) cam=(68,172) Q=725 aE=0 Y=0 sel=0
[devMouse] p0 unit 0 tile=(10,23) type=0 sel=false
[devMouse] p0 unit 1 tile=(33,3) type=0 sel=false
[devMouse] p0 unit 2 tile=(57,18) type=0 sel=false
[devMouse] p0 unit 3 tile=(20,6) type=3 sel=false
[devMouse] p0 unit 4 tile=(21,6) type=3 sel=false
[devMouse] p0 unit 5 tile=(21,5) type=3 sel=false
[devMouse] p0 unit 6 tile=(20,5) type=3 sel=false
[devMouse] p0 unit 7 tile=(23,9) type=5 sel=false
[devMouse] p0 unit 8 tile=(23,11) type=5 sel=false
[devMouse] p1 unit 0 tile=(16,28) type=3 sel=false
[devMouse] p1 unit 1 tile=(18,30) type=3 sel=false
[devMouse] p1 unit 2 tile=(18,39) type=4 sel=false
[devMouse] p1 unit 3 tile=(17,38) type=4 sel=false
[devMouse] p1 unit 4 tile=(29,9) type=3 sel=false
[devMouse] p1 unit 5 tile=(36,14) type=3 sel=false
[devMouse] p1 unit 6 tile=(59,42) type=3 sel=false
[devMouse] p1 unit 7 tile=(51,20) type=3 sel=false
[dbg] ar=2073 am=6 aA=6 aH=0 l=false j=false fullRedraw=false
[trace] g->8 (aA=6 am=6)
[trace] g->8 (aA=6 am=6)
[dbg] ar=2098 am=6 aA=6 aH=0 l=false j=false fullRedraw=false
[fifo] ar=2100 aistate
[devMouse] aistate written, ar=2100
[fifo] ar=2112 state
[devMouse] aA=6/6 cursor=(21,11) cam=(68,172) Q=725 aE=0 Y=0 sel=0
[devMouse] p0 unit 0 tile=(15,18) type=0 sel=false
[devMouse] p0 unit 1 tile=(33,3) type=0 sel=false
[devMouse] p0 unit 2 tile=(57,18) type=0 sel=false
[devMouse] p0 unit 3 tile=(20,6) type=3 sel=false
[devMouse] p0 unit 4 tile=(21,6) type=3 sel=false
[devMouse] p0 unit 5 tile=(21,5) type=3 sel=false
[devMouse] p0 unit 6 tile=(20,5) type=3 sel=false
[devMouse] p0 unit 7 tile=(23,9) type=5 sel=false
[devMouse] p0 unit 8 tile=(23,11) type=5 sel=false
[devMouse] p1 unit 0 tile=(16,28) type=3 sel=false
[devMouse] p1 unit 1 tile=(18,30) type=3 sel=false
[devMouse] p1 unit 2 tile=(18,39) type=4 sel=false
[devMouse] p1 unit 3 tile=(17,38) type=4 sel=false
[devMouse] p1 unit 4 tile=(29,9) type=3 sel=false
[devMouse] p1 unit 5 tile=(36,14) type=3 sel=false
[devMouse] p1 unit 6 tile=(59,42) type=3 sel=false
[devMouse] p1 unit 7 tile=(51,20) type=3 sel=false
[dbg] ar=2123 am=6 aA=6 aH=0 l=false j=false fullRedraw=false
[fifo] ar=2145 aistate
[devMouse] aistate written, ar=2145
[dbg] ar=2148 am=6 aA=6 aH=0 l=false j=false fullRedraw=false
[fifo] ar=2156 state
[devMouse] aA=6/6 cursor=(21,11) cam=(68,172) Q=725 aE=0 Y=0 sel=0
[devMouse] p0 unit 0 tile=(20,13) type=0 sel=false
[devMouse] p0 unit 1 tile=(33,3) type=0 sel=false
[devMouse] p0 unit 2 tile=(57,18) type=0 sel=false
[devMouse] p0 unit 3 tile=(20,6) type=3 sel=false
[devMouse] p0 unit 4 tile=(21,6) type=3 sel=false
[devMouse] p0 unit 5 tile=(21,5) type=3 sel=false
[devMouse] p0 unit 6 tile=(20,5) type=3 sel=false
[devMouse] p0 unit 7 tile=(23,9) type=5 sel=false
[devMouse] p0 unit 8 tile=(23,11) type=5 sel=false
[devMouse] p1 unit 0 tile=(16,28) type=3 sel=false
[devMouse] p1 unit 1 tile=(18,30) type=3 sel=false
[devMouse] p1 unit 2 tile=(18,39) type=4 sel=false
[devMouse] p1 unit 3 tile=(17,38) type=4 sel=false
[devMouse] p1 unit 4 tile=(29,9) type=3 sel=false
[devMouse] p1 unit 5 tile=(36,14) type=3 sel=false
[devMouse] p1 unit 6 tile=(59,42) type=3 sel=false
[devMouse] p1 unit 7 tile=(51,20) type=3 sel=false
[dbg] ar=2173 am=6 aA=6 aH=0 l=false j=false fullRedraw=false
[trace] g->8 (aA=6 am=6)
[trace] g->8 (aA=6 am=6)
[fifo] ar=2190 aistate
[devMouse] aistate written, ar=2190
[dbg] ar=2198 am=6 aA=6 aH=0 l=false j=false fullRedraw=false
[fifo] ar=2202 state
[devMouse] aA=6/6 cursor=(21,11) cam=(68,172) Q=725 aE=0 Y=0 sel=0
[devMouse] p0 unit 0 tile=(19,14) type=0 sel=false
[devMouse] p0 unit 1 tile=(33,3) type=0 sel=false
[devMouse] p0 unit 2 tile=(57,18) type=0 sel=false
[devMouse] p0 unit 3 tile=(20,6) type=3 sel=false
[devMouse] p0 unit 4 tile=(21,6) type=3 sel=false
[devMouse] p0 unit 5 tile=(21,5) type=3 sel=false
[devMouse] p0 unit 6 tile=(20,5) type=3 sel=false
[devMouse] p0 unit 7 tile=(23,9) type=5 sel=false
[devMouse] p0 unit 8 tile=(23,11) type=5 sel=false
[devMouse] p1 unit 0 tile=(16,28) type=3 sel=false
[devMouse] p1 unit 1 tile=(18,30) type=3 sel=false
[devMouse] p1 unit 2 tile=(18,39) type=4 sel=false
[devMouse] p1 unit 3 tile=(17,38) type=4 sel=false
[devMouse] p1 unit 4 tile=(29,9) type=3 sel=false
[devMouse] p1 unit 5 tile=(36,14) type=3 sel=false
[devMouse] p1 unit 6 tile=(59,42) type=3 sel=false
[devMouse] p1 unit 7 tile=(51,20) type=3 sel=false
[dbg] ar=2223 am=6 aA=6 aH=0 l=false j=false fullRedraw=false
[fifo] ar=2234 aistate
[devMouse] aistate written, ar=2234
[fifo] ar=2246 state
[devMouse] aA=6/6 cursor=(21,11) cam=(68,172) Q=725 aE=0 Y=0 sel=0
[devMouse] p0 unit 0 tile=(14,19) type=0 sel=false
[devMouse] p0 unit 1 tile=(33,3) type=0 sel=false
[devMouse] p0 unit 2 tile=(57,18) type=0 sel=false
[devMouse] p0 unit 3 tile=(20,6) type=3 sel=false
[devMouse] p0 unit 4 tile=(21,6) type=3 sel=false
[devMouse] p0 unit 5 tile=(21,5) type=3 sel=false
[devMouse] p0 unit 6 tile=(20,5) type=3 sel=false
[devMouse] p0 unit 7 tile=(23,9) type=5 sel=false
[devMouse] p0 unit 8 tile=(23,11) type=5 sel=false
[devMouse] p1 unit 0 tile=(16,28) type=3 sel=false
[devMouse] p1 unit 1 tile=(18,30) type=3 sel=false
[devMouse] p1 unit 2 tile=(18,39) type=4 sel=false
[devMouse] p1 unit 3 tile=(17,38) type=4 sel=false
[devMouse] p1 unit 4 tile=(29,9) type=3 sel=false
[devMouse] p1 unit 5 tile=(36,14) type=3 sel=false
[devMouse] p1 unit 6 tile=(59,42) type=3 sel=false
[devMouse] p1 unit 7 tile=(51,20) type=3 sel=false
[dbg] ar=2248 am=6 aA=6 aH=0 l=false j=false fullRedraw=false
[dbg] ar=2273 am=6 aA=6 aH=0 l=false j=false fullRedraw=false
[fifo] ar=2279 aistate
[devMouse] aistate written, ar=2279
[trace] g->8 (aA=6 am=6)
[fifo] ar=2291 state
[devMouse] aA=6/6 cursor=(21,11) cam=(68,172) Q=725 aE=0 Y=0 sel=0
[devMouse] p0 unit 0 tile=(10,23) type=0 sel=false
[devMouse] p0 unit 1 tile=(33,3) type=0 sel=false
[devMouse] p0 unit 2 tile=(57,18) type=0 sel=false
[devMouse] p0 unit 3 tile=(20,6) type=3 sel=false
[devMouse] p0 unit 4 tile=(21,6) type=3 sel=false
[devMouse] p0 unit 5 tile=(21,5) type=3 sel=false
[devMouse] p0 unit 6 tile=(20,5) type=3 sel=false
[devMouse] p0 unit 7 tile=(23,9) type=5 sel=false
[devMouse] p0 unit 8 tile=(23,11) type=5 sel=false
[devMouse] p1 unit 0 tile=(16,28) type=3 sel=false
[devMouse] p1 unit 1 tile=(18,30) type=3 sel=false
[devMouse] p1 unit 2 tile=(18,39) type=4 sel=false
[devMouse] p1 unit 3 tile=(17,38) type=4 sel=false
[devMouse] p1 unit 4 tile=(29,9) type=3 sel=false
[devMouse] p1 unit 5 tile=(36,14) type=3 sel=false
[devMouse] p1 unit 6 tile=(59,42) type=3 sel=false
[devMouse] p1 unit 7 tile=(51,20) type=3 sel=false
[trace] g->8 (aA=6 am=6)
[dbg] ar=2298 am=6 aA=6 aH=0 l=false j=false fullRedraw=false
[dbg] ar=2323 am=6 aA=6 aH=0 l=false j=false fullRedraw=false
[fifo] ar=2326 aistate
[devMouse] aistate written, ar=2326
[fifo] ar=2337 state
[devMouse] aA=6/6 cursor=(21,11) cam=(68,172) Q=725 aE=0 Y=0 sel=0
[devMouse] p0 unit 0 tile=(10,23) type=0 sel=false
[devMouse] p0 unit 1 tile=(33,3) type=0 sel=false
[devMouse] p0 unit 2 tile=(57,18) type=0 sel=false
[devMouse] p0 unit 3 tile=(20,6) type=3 sel=false
[devMouse] p0 unit 4 tile=(21,6) type=3 sel=false
[devMouse] p0 unit 5 tile=(21,5) type=3 sel=false
[devMouse] p0 unit 6 tile=(20,5) type=3 sel=false
[devMouse] p0 unit 7 tile=(23,9) type=5 sel=false
[devMouse] p0 unit 8 tile=(23,11) type=5 sel=false
[devMouse] p1 unit 0 tile=(16,28) type=3 sel=false
[devMouse] p1 unit 1 tile=(18,30) type=3 sel=false
[devMouse] p1 unit 2 tile=(18,39) type=4 sel=false
[devMouse] p1 unit 3 tile=(17,38) type=4 sel=false
[devMouse] p1 unit 4 tile=(29,9) type=3 sel=false
[devMouse] p1 unit 5 tile=(36,14) type=3 sel=false
[devMouse] p1 unit 6 tile=(59,42) type=3 sel=false
[devMouse] p1 unit 7 tile=(51,20) type=3 sel=false
[dbg] ar=2348 am=6 aA=6 aH=0 l=false j=false fullRedraw=false
[fifo] ar=2371 aistate
[devMouse] aistate written, ar=2371
[dbg] ar=2373 am=6 aA=6 aH=0 l=false j=false fullRedraw=false
[fifo] ar=2382 state
[devMouse] aA=6/6 cursor=(21,11) cam=(68,172) Q=725 aE=0 Y=0 sel=0
[devMouse] p0 unit 0 tile=(10,23) type=0 sel=false
[devMouse] p0 unit 1 tile=(33,3) type=0 sel=false
[devMouse] p0 unit 2 tile=(57,18) type=0 sel=false
[devMouse] p0 unit 3 tile=(20,6) type=3 sel=false
[devMouse] p0 unit 4 tile=(21,6) type=3 sel=false
[devMouse] p0 unit 5 tile=(21,5) type=3 sel=false
[devMouse] p0 unit 6 tile=(20,5) type=3 sel=false
[devMouse] p0 unit 7 tile=(23,9) type=5 sel=false
[devMouse] p0 unit 8 tile=(23,11) type=5 sel=false
[devMouse] p1 unit 0 tile=(16,28) type=3 sel=false
[devMouse] p1 unit 1 tile=(18,30) type=3 sel=false
[devMouse] p1 unit 2 tile=(18,39) type=4 sel=false
[devMouse] p1 unit 3 tile=(17,38) type=4 sel=false
[devMouse] p1 unit 4 tile=(29,9) type=3 sel=false
[devMouse] p1 unit 5 tile=(36,14) type=3 sel=false
[devMouse] p1 unit 6 tile=(59,42) type=3 sel=false
[devMouse] p1 unit 7 tile=(51,20) type=3 sel=false
[trace] g->8 (aA=6 am=6)
[trace] g->8 (aA=6 am=6)
[dbg] ar=2398 am=8 aA=6 aH=0 l=true j=false fullRedraw=false
[fifo] ar=2417 aistate
[devMouse] aistate written, ar=2417
[dbg] ar=2423 am=6 aA=6 aH=0 l=false j=false fullRedraw=false
[fifo] ar=2429 state
[devMouse] aA=6/6 cursor=(21,11) cam=(68,172) Q=725 aE=0 Y=0 sel=0
[devMouse] p0 unit 0 tile=(14,19) type=0 sel=false
[devMouse] p0 unit 1 tile=(33,3) type=0 sel=false
[devMouse] p0 unit 2 tile=(57,18) type=0 sel=false
[devMouse] p0 unit 3 tile=(20,6) type=3 sel=false
[devMouse] p0 unit 4 tile=(21,6) type=3 sel=false
[devMouse] p0 unit 5 tile=(21,5) type=3 sel=false
[devMouse] p0 unit 6 tile=(20,5) type=3 sel=false
[devMouse] p0 unit 7 tile=(23,9) type=5 sel=false
[devMouse] p0 unit 8 tile=(23,11) type=5 sel=false
[devMouse] p1 unit 0 tile=(16,28) type=3 sel=false
[devMouse] p1 unit 1 tile=(18,30) type=3 sel=false
[devMouse] p1 unit 2 tile=(18,39) type=4 sel=false
[devMouse] p1 unit 3 tile=(17,38) type=4 sel=false
[devMouse] p1 unit 4 tile=(29,9) type=3 sel=false
[devMouse] p1 unit 5 tile=(36,14) type=3 sel=false
[devMouse] p1 unit 6 tile=(59,42) type=3 sel=false
[devMouse] p1 unit 7 tile=(51,20) type=3 sel=false
[dbg] ar=2448 am=6 aA=6 aH=0 l=false j=false fullRedraw=false
[fifo] ar=2463 aistate
[devMouse] aistate written, ar=2463
[dbg] ar=2473 am=6 aA=6 aH=0 l=false j=false fullRedraw=false
[fifo] ar=2474 state
[devMouse] aA=6/6 cursor=(21,11) cam=(68,172) Q=725 aE=0 Y=0 sel=0
[devMouse] p0 unit 0 tile=(19,14) type=0 sel=false
[devMouse] p0 unit 1 tile=(33,3) type=0 sel=false
[devMouse] p0 unit 2 tile=(57,18) type=0 sel=false
[devMouse] p0 unit 3 tile=(20,6) type=3 sel=false
[devMouse] p0 unit 4 tile=(21,6) type=3 sel=false
[devMouse] p0 unit 5 tile=(21,5) type=3 sel=false
[devMouse] p0 unit 6 tile=(20,5) type=3 sel=false
[devMouse] p0 unit 7 tile=(23,9) type=5 sel=false
[devMouse] p0 unit 8 tile=(23,11) type=5 sel=false
[devMouse] p1 unit 0 tile=(16,28) type=3 sel=false
[devMouse] p1 unit 1 tile=(18,30) type=3 sel=false
[devMouse] p1 unit 2 tile=(18,39) type=4 sel=false
[devMouse] p1 unit 3 tile=(17,38) type=4 sel=false
[devMouse] p1 unit 4 tile=(29,9) type=3 sel=false
[devMouse] p1 unit 5 tile=(36,14) type=3 sel=false
[devMouse] p1 unit 6 tile=(59,42) type=3 sel=false
[devMouse] p1 unit 7 tile=(51,20) type=3 sel=false
[trace] g->8 (aA=6 am=6)
[dbg] ar=2498 am=6 aA=6 aH=0 l=false j=false fullRedraw=false
[trace] g->8 (aA=6 am=6)
[fifo] ar=2507 aistate
[devMouse] aistate written, ar=2507
[fifo] ar=2520 state
[devMouse] aA=6/6 cursor=(21,11) cam=(68,172) Q=725 aE=0 Y=0 sel=0
[devMouse] p0 unit 0 tile=(20,13) type=0 sel=false
[devMouse] p0 unit 1 tile=(33,3) type=0 sel=false
[devMouse] p0 unit 2 tile=(57,18) type=0 sel=false
[devMouse] p0 unit 3 tile=(20,6) type=3 sel=false
[devMouse] p0 unit 4 tile=(21,6) type=3 sel=false
[devMouse] p0 unit 5 tile=(21,5) type=3 sel=false
[devMouse] p0 unit 6 tile=(20,5) type=3 sel=false
[devMouse] p0 unit 7 tile=(23,9) type=5 sel=false
[devMouse] p0 unit 8 tile=(23,11) type=5 sel=false
[devMouse] p1 unit 0 tile=(16,28) type=3 sel=false
[devMouse] p1 unit 1 tile=(18,30) type=3 sel=false
[devMouse] p1 unit 2 tile=(18,39) type=4 sel=false
[devMouse] p1 unit 3 tile=(17,38) type=4 sel=false
[devMouse] p1 unit 4 tile=(29,9) type=3 sel=false
[devMouse] p1 unit 5 tile=(36,14) type=3 sel=false
[devMouse] p1 unit 6 tile=(59,42) type=3 sel=false
[devMouse] p1 unit 7 tile=(51,20) type=3 sel=false
[dbg] ar=2523 am=6 aA=6 aH=0 l=false j=false fullRedraw=false
[dbg] ar=2548 am=6 aA=6 aH=0 l=false j=false fullRedraw=false
[fifo] ar=2552 aistate
[devMouse] aistate written, ar=2552
[fifo] ar=2561 state
[devMouse] aA=6/6 cursor=(21,11) cam=(68,172) Q=725 aE=0 Y=0 sel=0
[devMouse] p0 unit 0 tile=(15,18) type=0 sel=false
[devMouse] p0 unit 1 tile=(33,3) type=0 sel=false
[devMouse] p0 unit 2 tile=(57,18) type=0 sel=false
[devMouse] p0 unit 3 tile=(20,6) type=3 sel=false
[devMouse] p0 unit 4 tile=(21,6) type=3 sel=false
[devMouse] p0 unit 5 tile=(21,5) type=3 sel=false
[devMouse] p0 unit 6 tile=(20,5) type=3 sel=false
[devMouse] p0 unit 7 tile=(23,9) type=5 sel=false
[devMouse] p0 unit 8 tile=(23,11) type=5 sel=false
[devMouse] p1 unit 0 tile=(16,28) type=3 sel=false
[devMouse] p1 unit 1 tile=(18,30) type=3 sel=false
[devMouse] p1 unit 2 tile=(18,39) type=4 sel=false
[devMouse] p1 unit 3 tile=(17,38) type=4 sel=false
[devMouse] p1 unit 4 tile=(29,9) type=3 sel=false
[devMouse] p1 unit 5 tile=(36,14) type=3 sel=false
[devMouse] p1 unit 6 tile=(59,42) type=3 sel=false
[devMouse] p1 unit 7 tile=(51,20) type=3 sel=false
[dbg] ar=2573 am=6 aA=6 aH=0 l=false j=false fullRedraw=false
[fifo] ar=2593 aistate
[devMouse] aistate written, ar=2593
[dbg] ar=2598 am=6 aA=6 aH=0 l=true j=false fullRedraw=false
[trace] g->8 (aA=6 am=6)
[fifo] ar=2602 state
[devMouse] aA=6/6 cursor=(21,11) cam=(68,172) Q=725 aE=0 Y=0 sel=0
[devMouse] p0 unit 0 tile=(10,23) type=0 sel=false
[devMouse] p0 unit 1 tile=(33,3) type=0 sel=false
[devMouse] p0 unit 2 tile=(57,18) type=0 sel=false
[devMouse] p0 unit 3 tile=(20,6) type=3 sel=false
[devMouse] p0 unit 4 tile=(21,6) type=3 sel=false
[devMouse] p0 unit 5 tile=(21,5) type=3 sel=false
[devMouse] p0 unit 6 tile=(20,5) type=3 sel=false
[devMouse] p0 unit 7 tile=(23,9) type=5 sel=false
[devMouse] p0 unit 8 tile=(23,11) type=5 sel=false
[devMouse] p1 unit 0 tile=(16,28) type=3 sel=false
[devMouse] p1 unit 1 tile=(18,30) type=3 sel=false
[devMouse] p1 unit 2 tile=(18,39) type=4 sel=false
[devMouse] p1 unit 3 tile=(17,38) type=4 sel=false
[devMouse] p1 unit 4 tile=(29,9) type=3 sel=false
[devMouse] p1 unit 5 tile=(36,14) type=3 sel=false
[devMouse] p1 unit 6 tile=(59,42) type=3 sel=false
[devMouse] p1 unit 7 tile=(51,20) type=3 sel=false
[trace] g->8 (aA=6 am=6)
[dbg] ar=2623 am=6 aA=6 aH=0 l=false j=false fullRedraw=false
[fifo] ar=2633 aistate
[devMouse] aistate written, ar=2633
[fifo] ar=2643 state
[devMouse] aA=6/6 cursor=(21,11) cam=(68,172) Q=725 aE=0 Y=0 sel=0
[devMouse] p0 unit 0 tile=(10,23) type=0 sel=false
[devMouse] p0 unit 1 tile=(33,3) type=0 sel=false
[devMouse] p0 unit 2 tile=(57,18) type=0 sel=false
[devMouse] p0 unit 3 tile=(20,6) type=3 sel=false
[devMouse] p0 unit 4 tile=(21,6) type=3 sel=false
[devMouse] p0 unit 5 tile=(21,5) type=3 sel=false
[devMouse] p0 unit 6 tile=(20,5) type=3 sel=false
[devMouse] p0 unit 7 tile=(23,9) type=5 sel=false
[devMouse] p0 unit 8 tile=(23,11) type=5 sel=false
[devMouse] p1 unit 0 tile=(16,28) type=3 sel=false
[devMouse] p1 unit 1 tile=(18,30) type=3 sel=false
[devMouse] p1 unit 2 tile=(18,39) type=4 sel=false
[devMouse] p1 unit 3 tile=(17,38) type=4 sel=false
[devMouse] p1 unit 4 tile=(29,9) type=3 sel=false
[devMouse] p1 unit 5 tile=(36,14) type=3 sel=false
[devMouse] p1 unit 6 tile=(59,42) type=3 sel=false
[devMouse] p1 unit 7 tile=(51,20) type=3 sel=false
[dbg] ar=2648 am=6 aA=6 aH=0 l=false j=false fullRedraw=false
[dbg] ar=2673 am=6 aA=6 aH=0 l=false j=false fullRedraw=false
[fifo] ar=2677 aistate
[devMouse] aistate written, ar=2677
[fifo] ar=2689 state
[devMouse] aA=6/6 cursor=(21,11) cam=(68,172) Q=725 aE=0 Y=0 sel=0
[devMouse] p0 unit 0 tile=(10,23) type=0 sel=false
[devMouse] p0 unit 1 tile=(33,3) type=0 sel=false
[devMouse] p0 unit 2 tile=(57,18) type=0 sel=false
[devMouse] p0 unit 3 tile=(20,6) type=3 sel=false
[devMouse] p0 unit 4 tile=(21,6) type=3 sel=false
[devMouse] p0 unit 5 tile=(21,5) type=3 sel=false
[devMouse] p0 unit 6 tile=(20,5) type=3 sel=false
[devMouse] p0 unit 7 tile=(23,9) type=5 sel=false
[devMouse] p0 unit 8 tile=(23,11) type=5 sel=false
[devMouse] p1 unit 0 tile=(16,28) type=3 sel=false
[devMouse] p1 unit 1 tile=(18,30) type=3 sel=false
[devMouse] p1 unit 2 tile=(18,39) type=4 sel=false
[devMouse] p1 unit 3 tile=(17,38) type=4 sel=false
[devMouse] p1 unit 4 tile=(29,9) type=3 sel=false
[devMouse] p1 unit 5 tile=(36,14) type=3 sel=false
[devMouse] p1 unit 6 tile=(59,42) type=3 sel=false
[devMouse] p1 unit 7 tile=(51,20) type=3 sel=false
[dbg] ar=2698 am=6 aA=6 aH=0 l=false j=false fullRedraw=false
[trace] g->8 (aA=6 am=6)
[trace] g->8 (aA=6 am=6)
[fifo] ar=2721 aistate
[devMouse] aistate written, ar=2722
[dbg] ar=2723 am=6 aA=6 aH=0 l=false j=false fullRedraw=false
[fifo] ar=2733 state
[devMouse] aA=6/6 cursor=(21,11) cam=(68,172) Q=725 aE=0 Y=0 sel=0
[devMouse] p0 unit 0 tile=(13,20) type=0 sel=false
[devMouse] p0 unit 1 tile=(33,3) type=0 sel=false
[devMouse] p0 unit 2 tile=(57,18) type=0 sel=false
[devMouse] p0 unit 3 tile=(20,6) type=3 sel=false
[devMouse] p0 unit 4 tile=(21,6) type=3 sel=false
[devMouse] p0 unit 5 tile=(21,5) type=3 sel=false
[devMouse] p0 unit 6 tile=(20,5) type=3 sel=false
[devMouse] p0 unit 7 tile=(23,9) type=5 sel=false
[devMouse] p0 unit 8 tile=(23,11) type=5 sel=false
[devMouse] p1 unit 0 tile=(16,28) type=3 sel=false
[devMouse] p1 unit 1 tile=(18,30) type=3 sel=false
[devMouse] p1 unit 2 tile=(18,39) type=4 sel=false
[devMouse] p1 unit 3 tile=(17,38) type=4 sel=false
[devMouse] p1 unit 4 tile=(29,9) type=3 sel=false
[devMouse] p1 unit 5 tile=(36,14) type=3 sel=false
[devMouse] p1 unit 6 tile=(59,42) type=3 sel=false
[devMouse] p1 unit 7 tile=(51,20) type=3 sel=false
[dbg] ar=2748 am=6 aA=6 aH=0 l=false j=false fullRedraw=false
[fifo] ar=2767 aistate
[devMouse] aistate written, ar=2767
[dbg] ar=2773 am=6 aA=6 aH=0 l=false j=false fullRedraw=false
[fifo] ar=2778 state
[devMouse] aA=6/6 cursor=(21,11) cam=(68,172) Q=725 aE=0 Y=0 sel=0
[devMouse] p0 unit 0 tile=(18,15) type=0 sel=false
[devMouse] p0 unit 1 tile=(33,3) type=0 sel=false
[devMouse] p0 unit 2 tile=(57,18) type=0 sel=false
[devMouse] p0 unit 3 tile=(20,6) type=3 sel=false
[devMouse] p0 unit 4 tile=(21,6) type=3 sel=false
[devMouse] p0 unit 5 tile=(21,5) type=3 sel=false
[devMouse] p0 unit 6 tile=(20,5) type=3 sel=false
[devMouse] p0 unit 7 tile=(23,9) type=5 sel=false
[devMouse] p0 unit 8 tile=(23,11) type=5 sel=false
[devMouse] p1 unit 0 tile=(16,28) type=3 sel=false
[devMouse] p1 unit 1 tile=(18,30) type=3 sel=false
[devMouse] p1 unit 2 tile=(18,39) type=4 sel=false
[devMouse] p1 unit 3 tile=(17,38) type=4 sel=false
[devMouse] p1 unit 4 tile=(29,9) type=3 sel=false
[devMouse] p1 unit 5 tile=(36,14) type=3 sel=false
[devMouse] p1 unit 6 tile=(59,42) type=3 sel=false
[devMouse] p1 unit 7 tile=(51,20) type=3 sel=false
[dbg] ar=2798 am=6 aA=6 aH=0 l=false j=false fullRedraw=false
[trace] g->8 (aA=6 am=6)
[fifo] ar=2812 aistate
[devMouse] aistate written, ar=2813
[trace] g->8 (aA=6 am=6)
[trace] g->8 (aA=6 am=6)
[dbg] ar=2823 am=8 aA=6 aH=0 l=true j=false fullRedraw=false
[fifo] ar=2824 state
[devMouse] aA=8/6 cursor=(21,11) cam=(68,172) Q=725 aE=0 Y=0 sel=0
[devMouse] p0 unit 0 tile=(21,12) type=0 sel=false
[devMouse] p0 unit 1 tile=(33,3) type=0 sel=false
[devMouse] p0 unit 2 tile=(57,18) type=0 sel=false
[devMouse] p0 unit 3 tile=(20,6) type=3 sel=false
[devMouse] p0 unit 4 tile=(21,6) type=3 sel=false
[devMouse] p0 unit 5 tile=(21,5) type=3 sel=false
[devMouse] p0 unit 6 tile=(20,5) type=3 sel=false
[devMouse] p0 unit 7 tile=(23,9) type=5 sel=false
[devMouse] p0 unit 8 tile=(23,11) type=5 sel=false
[devMouse] p1 unit 0 tile=(16,28) type=3 sel=false
[devMouse] p1 unit 1 tile=(18,30) type=3 sel=false
[devMouse] p1 unit 2 tile=(18,39) type=4 sel=false
[devMouse] p1 unit 3 tile=(17,38) type=4 sel=false
[devMouse] p1 unit 4 tile=(29,9) type=3 sel=false
[devMouse] p1 unit 5 tile=(36,14) type=3 sel=false
[devMouse] p1 unit 6 tile=(59,42) type=3 sel=false
[devMouse] p1 unit 7 tile=(51,20) type=3 sel=false
[fifo] ar=2834 key -7
[void_a] key=-7 ae=47 ak=19 ar=2834
[input] ar=2834 key -7
[fMenu] ao=9 Z=4 aR=419 tmpl=1029
[fMenu] ao=9 Z=4 aR=419 tmpl=1029
[fMenu] ao=9 Z=4 aR=419 tmpl=1029
[fMenu] ao=9 Z=4 aR=419 tmpl=1029
[fMenu] ao=9 Z=4 aR=419 tmpl=1029
[fMenu] ao=9 Z=4 aR=419 tmpl=1029
[fMenu] ao=9 Z=4 aR=419 tmpl=1029
[fMenu] ao=9 Z=4 aR=419 tmpl=1029
[fMenu] ao=9 Z=4 aR=419 tmpl=1029
[fMenu] ao=9 Z=4 aR=419 tmpl=1029
[fMenu] ao=9 Z=4 aR=419 tmpl=1029
[fMenu] ao=9 Z=4 aR=419 tmpl=1029
[dbg] ar=2848 am=4 aA=4 aH=0 l=false j=false fullRedraw=false
[fMenu] ao=9 Z=4 aR=419 tmpl=1029
[fMenu] ao=9 Z=4 aR=419 tmpl=1029
[fMenu] ao=9 Z=4 aR=419 tmpl=1029
[fMenu] ao=9 Z=4 aR=419 tmpl=1029
[fMenu] ao=9 Z=4 aR=419 tmpl=1029
[fMenu] ao=9 Z=4 aR=419 tmpl=1029
[fMenu] ao=9 Z=4 aR=419 tmpl=1029
[fMenu] ao=9 Z=4 aR=419 tmpl=1029
[fMenu] ao=9 Z=4 aR=419 tmpl=1029
[fMenu] ao=9 Z=4 aR=419 tmpl=1029
[fMenu] ao=9 Z=4 aR=419 tmpl=1029
[fMenu] ao=9 Z=4 aR=419 tmpl=1029
[fMenu] ao=9 Z=4 aR=419 tmpl=1029
[fMenu] ao=9 Z=4 aR=419 tmpl=1029
[fMenu] ao=9 Z=4 aR=419 tmpl=1029
[fifo] ar=2863 aistate
[devMouse] aistate written, ar=2863
[fMenu] ao=9 Z=4 aR=419 tmpl=1029
[fMenu] ao=9 Z=4 aR=419 tmpl=1029
[fMenu] ao=9 Z=4 aR=419 tmpl=1029
[fMenu] ao=9 Z=4 aR=419 tmpl=1029
[fMenu] ao=9 Z=4 aR=419 tmpl=1029
[fMenu] ao=9 Z=4 aR=419 tmpl=1029
[fMenu] ao=9 Z=4 aR=419 tmpl=1029
[fMenu] ao=9 Z=4 aR=419 tmpl=1029
[fMenu] ao=9 Z=4 aR=419 tmpl=1029
[fMenu] ao=9 Z=4 aR=419 tmpl=1029
[fifo] ar=2873 state
[devMouse] aA=4/4 cursor=(21,11) cam=(68,172) Q=725 aE=0 Y=0 sel=0
[devMouse] p0 unit 0 tile=(20,13) type=0 sel=false
[devMouse] p0 unit 1 tile=(33,3) type=0 sel=false
[devMouse] p0 unit 2 tile=(57,18) type=0 sel=false
[devMouse] p0 unit 3 tile=(20,6) type=3 sel=false
[devMouse] p0 unit 4 tile=(21,6) type=3 sel=false
[devMouse] p0 unit 5 tile=(21,5) type=3 sel=false
[devMouse] p0 unit 6 tile=(20,5) type=3 sel=false
[devMouse] p0 unit 7 tile=(23,9) type=5 sel=false
[devMouse] p0 unit 8 tile=(23,11) type=5 sel=false
[devMouse] p1 unit 0 tile=(16,28) type=3 sel=false
[devMouse] p1 unit 1 tile=(18,30) type=3 sel=false
[devMouse] p1 unit 2 tile=(18,39) type=4 sel=false
[devMouse] p1 unit 3 tile=(17,38) type=4 sel=false
[devMouse] p1 unit 4 tile=(29,9) type=3 sel=false
[devMouse] p1 unit 5 tile=(36,14) type=3 sel=false
[devMouse] p1 unit 6 tile=(59,42) type=3 sel=false
[devMouse] p1 unit 7 tile=(51,20) type=3 sel=false
[dbg] ar=2873 am=4 aA=4 aH=0 l=false j=false fullRedraw=false
[fMenu] ao=9 Z=4 aR=419 tmpl=1029
[fMenu] ao=9 Z=4 aR=419 tmpl=1029
[fMenu] ao=9 Z=4 aR=419 tmpl=1029
[fMenu] ao=9 Z=4 aR=419 tmpl=1029
[fMenu] ao=9 Z=4 aR=419 tmpl=1029
[fMenu] ao=9 Z=4 aR=419 tmpl=1029
[fMenu] ao=9 Z=4 aR=419 tmpl=1029
[fMenu] ao=9 Z=4 aR=419 tmpl=1029
[fMenu] ao=9 Z=4 aR=419 tmpl=1029
[fMenu] ao=9 Z=4 aR=419 tmpl=1029
[fifo] ar=2883 key -6
[void_a] key=-6 ae=38 ak=19 ar=2883
[input] ar=2883 key -6
[k] node=476 mode=1 type=16 op=7
[view] world rebuild with clipTop=0 -> var_boolean_l=true
[trace] g->8 (aA=6 am=6)
[dbg] ar=2898 am=6 aA=6 aH=0 l=false j=false fullRedraw=false
[fifo] ar=2909 aistate
[devMouse] aistate written, ar=2909
[fifo] ar=2920 state
[devMouse] aA=6/6 cursor=(21,11) cam=(68,172) Q=725 aE=0 Y=0 sel=0
[devMouse] p0 unit 0 tile=(16,17) type=0 sel=false
[devMouse] p0 unit 1 tile=(33,3) type=0 sel=false
[devMouse] p0 unit 2 tile=(57,18) type=0 sel=false
[devMouse] p0 unit 3 tile=(20,6) type=3 sel=false
[devMouse] p0 unit 4 tile=(21,6) type=3 sel=false
[devMouse] p0 unit 5 tile=(21,5) type=3 sel=false
[devMouse] p0 unit 6 tile=(20,5) type=3 sel=false
[devMouse] p0 unit 7 tile=(23,9) type=5 sel=false
[devMouse] p0 unit 8 tile=(23,11) type=5 sel=false
[devMouse] p1 unit 0 tile=(16,28) type=3 sel=false
[devMouse] p1 unit 1 tile=(18,30) type=3 sel=false
[devMouse] p1 unit 2 tile=(18,39) type=4 sel=false
[devMouse] p1 unit 3 tile=(17,38) type=4 sel=false
[devMouse] p1 unit 4 tile=(29,9) type=3 sel=false
[devMouse] p1 unit 5 tile=(36,14) type=3 sel=false
[devMouse] p1 unit 6 tile=(59,42) type=3 sel=false
[devMouse] p1 unit 7 tile=(51,20) type=3 sel=false
[dbg] ar=2923 am=6 aA=6 aH=0 l=false j=false fullRedraw=false
[dbg] ar=2948 am=6 aA=6 aH=0 l=false j=false fullRedraw=false
[fifo] ar=2955 aistate
[devMouse] aistate written, ar=2955
[trace] g->8 (aA=6 am=6)
[fifo] ar=2965 state
[devMouse] aA=6/6 cursor=(21,11) cam=(68,172) Q=725 aE=0 Y=0 sel=0
[devMouse] p0 unit 0 tile=(11,22) type=0 sel=false
[devMouse] p0 unit 1 tile=(33,3) type=0 sel=false
[devMouse] p0 unit 2 tile=(57,18) type=0 sel=false
[devMouse] p0 unit 3 tile=(20,6) type=3 sel=false
[devMouse] p0 unit 4 tile=(21,6) type=3 sel=false
[devMouse] p0 unit 5 tile=(21,5) type=3 sel=false
[devMouse] p0 unit 6 tile=(20,5) type=3 sel=false
[devMouse] p0 unit 7 tile=(23,9) type=5 sel=false
[devMouse] p0 unit 8 tile=(23,11) type=5 sel=false
[devMouse] p1 unit 0 tile=(16,28) type=3 sel=false
[devMouse] p1 unit 1 tile=(18,30) type=3 sel=false
[devMouse] p1 unit 2 tile=(18,39) type=4 sel=false
[devMouse] p1 unit 3 tile=(17,38) type=4 sel=false
[devMouse] p1 unit 4 tile=(29,9) type=3 sel=false
[devMouse] p1 unit 5 tile=(36,14) type=3 sel=false
[devMouse] p1 unit 6 tile=(59,42) type=3 sel=false
[devMouse] p1 unit 7 tile=(51,20) type=3 sel=false
[trace] g->8 (aA=6 am=6)
[dbg] ar=2973 am=6 aA=6 aH=0 l=false j=false fullRedraw=false
[fifoQ] ar=2974 build 12 22 0
[fifo] ar=2975 build 12 22 0
[devMouse] build OK type0 @(12,22) 施工中(约1.3s完工)
[trace] g->8 (aA=6 am=6)
[dbg] ar=2998 am=6 aA=6 aH=0 l=false j=false fullRedraw=false
[fifo] ar=3001 aistate
[devMouse] aistate written, ar=3001
[trace] g(0,70,0) ac=32
[trace] g->2 (aA=6 am=6)
[view] dialog open z=70 overlayPrevState=6
[dlg-parse] z=70 v=0 strLen=34 str=Lumber Camp: @ Used to store wood.
[fifo] ar=3013 state
[devMouse] aA=2/2 cursor=(21,11) cam=(68,172) Q=725 aE=0 Y=0 sel=0
[devMouse] p0 unit 0 tile=(10,23) type=0 sel=false
[devMouse] p0 unit 1 tile=(33,3) type=0 sel=false
[devMouse] p0 unit 2 tile=(57,18) type=0 sel=false
[devMouse] p0 unit 3 tile=(20,6) type=3 sel=false
[devMouse] p0 unit 4 tile=(21,6) type=3 sel=false
[devMouse] p0 unit 5 tile=(21,5) type=3 sel=false
[devMouse] p0 unit 6 tile=(20,5) type=3 sel=false
[devMouse] p0 unit 7 tile=(23,9) type=5 sel=false
[devMouse] p0 unit 8 tile=(23,11) type=5 sel=false
[devMouse] p1 unit 0 tile=(16,28) type=3 sel=false
[devMouse] p1 unit 1 tile=(18,30) type=3 sel=false
[devMouse] p1 unit 2 tile=(18,39) type=4 sel=false
[devMouse] p1 unit 3 tile=(17,38) type=4 sel=false
[devMouse] p1 unit 4 tile=(29,9) type=3 sel=false
[devMouse] p1 unit 5 tile=(36,14) type=3 sel=false
[devMouse] p1 unit 6 tile=(59,42) type=3 sel=false
[devMouse] p1 unit 7 tile=(51,20) type=3 sel=false
[fifo] ar=3023 key -7
[void_a] key=-7 ae=47 ak=19 ar=3023
[input] ar=3023 key -7
[dbg] ar=3023 am=2 aA=2 aH=0 l=false j=false fullRedraw=false
[dbg] ar=3048 am=6 aA=6 aH=0 l=false j=false fullRedraw=false
[fifo] ar=3049 aistate
[devMouse] aistate written, ar=3049
[fifo] ar=3060 state
[devMouse] aA=6/6 cursor=(21,11) cam=(68,172) Q=725 aE=0 Y=0 sel=0
[devMouse] p0 unit 0 tile=(10,23) type=0 sel=false
[devMouse] p0 unit 1 tile=(33,3) type=0 sel=false
[devMouse] p0 unit 2 tile=(57,18) type=0 sel=false
[devMouse] p0 unit 3 tile=(20,6) type=3 sel=false
[devMouse] p0 unit 4 tile=(21,6) type=3 sel=false
[devMouse] p0 unit 5 tile=(21,5) type=3 sel=false
[devMouse] p0 unit 6 tile=(20,5) type=3 sel=false
[devMouse] p0 unit 7 tile=(23,9) type=5 sel=false
[devMouse] p0 unit 8 tile=(23,11) type=5 sel=false
[devMouse] p1 unit 0 tile=(16,28) type=3 sel=false
[devMouse] p1 unit 1 tile=(18,30) type=3 sel=false
[devMouse] p1 unit 2 tile=(18,39) type=4 sel=false
[devMouse] p1 unit 3 tile=(17,38) type=4 sel=false
[devMouse] p1 unit 4 tile=(29,9) type=3 sel=false
[devMouse] p1 unit 5 tile=(36,14) type=3 sel=false
[devMouse] p1 unit 6 tile=(59,42) type=3 sel=false
[devMouse] p1 unit 7 tile=(51,20) type=3 sel=false
[dbg] ar=3073 am=6 aA=6 aH=0 l=false j=false fullRedraw=false
[trace] g->8 (aA=6 am=6)
[trace] g->8 (aA=6 am=6)
[fifo] ar=3094 aistate
[devMouse] aistate written, ar=3094
[dbg] ar=3098 am=6 aA=6 aH=0 l=false j=false fullRedraw=false
[fifo] ar=3105 state
[devMouse] aA=6/6 cursor=(21,11) cam=(68,172) Q=725 aE=0 Y=0 sel=0
[devMouse] p0 unit 0 tile=(11,23) type=0 sel=false
[devMouse] p0 unit 1 tile=(33,3) type=0 sel=false
[devMouse] p0 unit 2 tile=(57,18) type=0 sel=false
[devMouse] p0 unit 3 tile=(20,6) type=3 sel=false
[devMouse] p0 unit 4 tile=(21,6) type=3 sel=false
[devMouse] p0 unit 5 tile=(21,5) type=3 sel=false
[devMouse] p0 unit 6 tile=(20,5) type=3 sel=false
[devMouse] p0 unit 7 tile=(23,9) type=5 sel=false
[devMouse] p0 unit 8 tile=(23,11) type=5 sel=false
[devMouse] p1 unit 0 tile=(16,28) type=3 sel=false
[devMouse] p1 unit 1 tile=(18,30) type=3 sel=false
[devMouse] p1 unit 2 tile=(18,39) type=4 sel=false
[devMouse] p1 unit 3 tile=(17,38) type=4 sel=false
[devMouse] p1 unit 4 tile=(29,9) type=3 sel=false
[devMouse] p1 unit 5 tile=(36,14) type=3 sel=false
[devMouse] p1 unit 6 tile=(59,42) type=3 sel=false
[devMouse] p1 unit 7 tile=(51,20) type=3 sel=false
[trace] g->8 (aA=6 am=6)
[dbg] ar=3123 am=6 aA=6 aH=0 l=false j=false fullRedraw=false
[fifo] ar=3139 aistate
[devMouse] aistate written, ar=3139
[dbg] ar=3148 am=6 aA=6 aH=0 l=false j=false fullRedraw=false
[fifo] ar=3151 state
[devMouse] aA=6/6 cursor=(21,11) cam=(68,172) Q=725 aE=0 Y=0 sel=0
[devMouse] p0 unit 0 tile=(11,23) type=0 sel=false
[devMouse] p0 unit 1 tile=(33,3) type=0 sel=false
[devMouse] p0 unit 2 tile=(57,18) type=0 sel=false
[devMouse] p0 unit 3 tile=(20,6) type=3 sel=false
[devMouse] p0 unit 4 tile=(21,6) type=3 sel=false
[devMouse] p0 unit 5 tile=(21,5) type=3 sel=false
[devMouse] p0 unit 6 tile=(20,5) type=3 sel=false
[devMouse] p0 unit 7 tile=(23,9) type=5 sel=false
[devMouse] p0 unit 8 tile=(23,11) type=5 sel=false
[devMouse] p1 unit 0 tile=(16,28) type=3 sel=false
[devMouse] p1 unit 1 tile=(18,30) type=3 sel=false
[devMouse] p1 unit 2 tile=(18,39) type=4 sel=false
[devMouse] p1 unit 3 tile=(17,38) type=4 sel=false
[devMouse] p1 unit 4 tile=(29,9) type=3 sel=false
[devMouse] p1 unit 5 tile=(36,14) type=3 sel=false
[devMouse] p1 unit 6 tile=(59,42) type=3 sel=false
[devMouse] p1 unit 7 tile=(51,20) type=3 sel=false
[dbg] ar=3173 am=6 aA=6 aH=0 l=false j=false fullRedraw=false
[trace] g->8 (aA=6 am=6)
[fifo] ar=3186 aistate
[devMouse] aistate written, ar=3186
[trace] g->8 (aA=6 am=6)
[fifo] ar=3198 state
[devMouse] aA=6/6 cursor=(21,11) cam=(68,172) Q=725 aE=0 Y=0 sel=0
[devMouse] p0 unit 0 tile=(11,23) type=0 sel=false
[devMouse] p0 unit 1 tile=(33,3) type=0 sel=false
[devMouse] p0 unit 2 tile=(57,18) type=0 sel=false
[devMouse] p0 unit 3 tile=(20,6) type=3 sel=false
[devMouse] p0 unit 4 tile=(21,6) type=3 sel=false
[devMouse] p0 unit 5 tile=(21,5) type=3 sel=false
[devMouse] p0 unit 6 tile=(20,5) type=3 sel=false
[devMouse] p0 unit 7 tile=(23,9) type=5 sel=false
[devMouse] p0 unit 8 tile=(23,11) type=5 sel=false
[devMouse] p1 unit 0 tile=(16,28) type=3 sel=false
[devMouse] p1 unit 1 tile=(18,30) type=3 sel=false
[devMouse] p1 unit 2 tile=(18,39) type=4 sel=false
[devMouse] p1 unit 3 tile=(17,38) type=4 sel=false
[devMouse] p1 unit 4 tile=(29,9) type=3 sel=false
[devMouse] p1 unit 5 tile=(36,14) type=3 sel=false
[devMouse] p1 unit 6 tile=(59,42) type=3 sel=false
[devMouse] p1 unit 7 tile=(51,20) type=3 sel=false
[dbg] ar=3198 am=6 aA=6 aH=0 l=false j=false fullRedraw=false
[trace] g->8 (aA=6 am=6)
[dbg] ar=3223 am=6 aA=6 aH=0 l=false j=false fullRedraw=false
[fifo] ar=3233 aistate
[devMouse] aistate written, ar=3233
[fifo] ar=3244 state
[devMouse] aA=6/6 cursor=(21,11) cam=(68,172) Q=725 aE=0 Y=0 sel=0
[devMouse] p0 unit 0 tile=(11,23) type=0 sel=false
[devMouse] p0 unit 1 tile=(33,3) type=0 sel=false
[devMouse] p0 unit 2 tile=(57,18) type=0 sel=false
[devMouse] p0 unit 3 tile=(20,6) type=3 sel=false
[devMouse] p0 unit 4 tile=(21,6) type=3 sel=false
[devMouse] p0 unit 5 tile=(21,5) type=3 sel=false
[devMouse] p0 unit 6 tile=(20,5) type=3 sel=false
[devMouse] p0 unit 7 tile=(23,9) type=5 sel=false
[devMouse] p0 unit 8 tile=(23,11) type=5 sel=false
[devMouse] p1 unit 0 tile=(16,28) type=3 sel=false
[devMouse] p1 unit 1 tile=(18,30) type=3 sel=false
[devMouse] p1 unit 2 tile=(18,39) type=4 sel=false
[devMouse] p1 unit 3 tile=(17,38) type=4 sel=false
[devMouse] p1 unit 4 tile=(29,9) type=3 sel=false
[devMouse] p1 unit 5 tile=(36,14) type=3 sel=false
[devMouse] p1 unit 6 tile=(59,42) type=3 sel=false
[devMouse] p1 unit 7 tile=(51,20) type=3 sel=false
[dbg] ar=3248 am=6 aA=6 aH=0 l=false j=false fullRedraw=false
[dbg] ar=3273 am=6 aA=6 aH=0 l=false j=false fullRedraw=false
[fifo] ar=3278 aistate
[devMouse] aistate written, ar=3278
[trace] g->8 (aA=6 am=6)
[fifo] ar=3289 state
[devMouse] aA=6/8 cursor=(21,11) cam=(68,172) Q=725 aE=0 Y=0 sel=0
[devMouse] p0 unit 0 tile=(11,23) type=0 sel=false
[devMouse] p0 unit 1 tile=(33,3) type=0 sel=false
[devMouse] p0 unit 2 tile=(57,18) type=0 sel=false
[devMouse] p0 unit 3 tile=(20,6) type=3 sel=false
[devMouse] p0 unit 4 tile=(21,6) type=3 sel=false
[devMouse] p0 unit 5 tile=(21,5) type=3 sel=false
[devMouse] p0 unit 6 tile=(20,5) type=3 sel=false
[devMouse] p0 unit 7 tile=(23,9) type=5 sel=false
[devMouse] p0 unit 8 tile=(23,11) type=5 sel=false
[devMouse] p1 unit 0 tile=(16,28) type=3 sel=false
[devMouse] p1 unit 1 tile=(18,30) type=3 sel=false
[devMouse] p1 unit 2 tile=(18,39) type=4 sel=false
[devMouse] p1 unit 3 tile=(17,38) type=4 sel=false
[devMouse] p1 unit 4 tile=(29,9) type=3 sel=false
[devMouse] p1 unit 5 tile=(36,14) type=3 sel=false
[devMouse] p1 unit 6 tile=(59,42) type=3 sel=false
[devMouse] p1 unit 7 tile=(51,20) type=3 sel=false
[trace] g->8 (aA=6 am=6)
[dbg] ar=3298 am=6 aA=6 aH=0 l=false j=false fullRedraw=false
[trace] g->8 (aA=6 am=6)
[fifo] ar=3322 aistate
[devMouse] aistate written, ar=3322
[dbg] ar=3323 am=6 aA=6 aH=0 l=false j=false fullRedraw=false
[fifo] ar=3334 state
[devMouse] aA=6/6 cursor=(21,11) cam=(68,172) Q=725 aE=0 Y=0 sel=0
[devMouse] p0 unit 0 tile=(11,23) type=0 sel=false
[devMouse] p0 unit 1 tile=(33,3) type=0 sel=false
[devMouse] p0 unit 2 tile=(57,18) type=0 sel=false
[devMouse] p0 unit 3 tile=(20,6) type=3 sel=false
[devMouse] p0 unit 4 tile=(21,6) type=3 sel=false
[devMouse] p0 unit 5 tile=(21,5) type=3 sel=false
[devMouse] p0 unit 6 tile=(20,5) type=3 sel=false
[devMouse] p0 unit 7 tile=(23,9) type=5 sel=false
[devMouse] p0 unit 8 tile=(23,11) type=5 sel=false
[devMouse] p1 unit 0 tile=(16,28) type=3 sel=false
[devMouse] p1 unit 1 tile=(18,30) type=3 sel=false
[devMouse] p1 unit 2 tile=(18,39) type=4 sel=false
[devMouse] p1 unit 3 tile=(17,38) type=4 sel=false
[devMouse] p1 unit 4 tile=(29,9) type=3 sel=false
[devMouse] p1 unit 5 tile=(36,14) type=3 sel=false
[devMouse] p1 unit 6 tile=(59,42) type=3 sel=false
[devMouse] p1 unit 7 tile=(51,20) type=3 sel=false
[dbg] ar=3348 am=6 aA=6 aH=0 l=false j=false fullRedraw=false
[fifo] ar=3368 aistate
[devMouse] aistate written, ar=3368
[dbg] ar=3373 am=6 aA=6 aH=0 l=false j=false fullRedraw=false
[fifo] ar=3380 state
[devMouse] aA=6/6 cursor=(21,11) cam=(68,172) Q=725 aE=0 Y=0 sel=0
[devMouse] p0 unit 0 tile=(11,23) type=0 sel=false
[devMouse] p0 unit 1 tile=(33,3) type=0 sel=false
[devMouse] p0 unit 2 tile=(57,18) type=0 sel=false
[devMouse] p0 unit 3 tile=(20,6) type=3 sel=false
[devMouse] p0 unit 4 tile=(21,6) type=3 sel=false
[devMouse] p0 unit 5 tile=(21,5) type=3 sel=false
[devMouse] p0 unit 6 tile=(20,5) type=3 sel=false
[devMouse] p0 unit 7 tile=(23,9) type=5 sel=false
[devMouse] p0 unit 8 tile=(23,11) type=5 sel=false
[devMouse] p1 unit 0 tile=(16,28) type=3 sel=false
[devMouse] p1 unit 1 tile=(18,30) type=3 sel=false
[devMouse] p1 unit 2 tile=(18,39) type=4 sel=false
[devMouse] p1 unit 3 tile=(17,38) type=4 sel=false
[devMouse] p1 unit 4 tile=(29,9) type=3 sel=false
[devMouse] p1 unit 5 tile=(36,14) type=3 sel=false
[devMouse] p1 unit 6 tile=(59,42) type=3 sel=false
[devMouse] p1 unit 7 tile=(51,20) type=3 sel=false
[trace] g->8 (aA=6 am=6)
[dbg] ar=3398 am=6 aA=6 aH=0 l=false j=false fullRedraw=false
[trace] g->8 (aA=6 am=6)
[fifo] ar=3413 aistate
[devMouse] aistate written, ar=3413
[trace] g->8 (aA=6 am=6)
[dbg] ar=3423 am=6 aA=8 aH=0 l=false j=false fullRedraw=false
[fifo] ar=3424 state
[devMouse] aA=6/6 cursor=(21,11) cam=(68,172) Q=725 aE=0 Y=0 sel=0
[devMouse] p0 unit 0 tile=(11,23) type=0 sel=false
[devMouse] p0 unit 1 tile=(33,3) type=0 sel=false
[devMouse] p0 unit 2 tile=(57,18) type=0 sel=false
[devMouse] p0 unit 3 tile=(20,6) type=3 sel=false
[devMouse] p0 unit 4 tile=(21,6) type=3 sel=false
[devMouse] p0 unit 5 tile=(21,5) type=3 sel=false
[devMouse] p0 unit 6 tile=(20,5) type=3 sel=false
[devMouse] p0 unit 7 tile=(23,9) type=5 sel=false
[devMouse] p0 unit 8 tile=(23,11) type=5 sel=false
[devMouse] p1 unit 0 tile=(16,28) type=3 sel=false
[devMouse] p1 unit 1 tile=(18,30) type=3 sel=false
[devMouse] p1 unit 2 tile=(18,39) type=4 sel=false
[devMouse] p1 unit 3 tile=(17,38) type=4 sel=false
[devMouse] p1 unit 4 tile=(29,9) type=3 sel=false
[devMouse] p1 unit 5 tile=(36,14) type=3 sel=false
[devMouse] p1 unit 6 tile=(59,42) type=3 sel=false
[devMouse] p1 unit 7 tile=(51,20) type=3 sel=false
[dbg] ar=3448 am=6 aA=6 aH=0 l=false j=false fullRedraw=false
[fifo] ar=3459 aistate
[devMouse] aistate written, ar=3459
[fifo] ar=3471 state
[devMouse] aA=6/6 cursor=(21,11) cam=(68,172) Q=725 aE=0 Y=0 sel=0
[devMouse] p0 unit 0 tile=(11,23) type=0 sel=false
[devMouse] p0 unit 1 tile=(33,3) type=0 sel=false
[devMouse] p0 unit 2 tile=(57,18) type=0 sel=false
[devMouse] p0 unit 3 tile=(20,6) type=3 sel=false
[devMouse] p0 unit 4 tile=(21,6) type=3 sel=false
[devMouse] p0 unit 5 tile=(21,5) type=3 sel=false
[devMouse] p0 unit 6 tile=(20,5) type=3 sel=false
[devMouse] p0 unit 7 tile=(23,9) type=5 sel=false
[devMouse] p0 unit 8 tile=(23,11) type=5 sel=false
[devMouse] p1 unit 0 tile=(16,28) type=3 sel=false
[devMouse] p1 unit 1 tile=(18,30) type=3 sel=false
[devMouse] p1 unit 2 tile=(18,39) type=4 sel=false
[devMouse] p1 unit 3 tile=(17,38) type=4 sel=false
[devMouse] p1 unit 4 tile=(29,9) type=3 sel=false
[devMouse] p1 unit 5 tile=(36,14) type=3 sel=false
[devMouse] p1 unit 6 tile=(59,42) type=3 sel=false
[devMouse] p1 unit 7 tile=(51,20) type=3 sel=false
[dbg] ar=3473 am=6 aA=6 aH=0 l=false j=false fullRedraw=false
[trace] g->8 (aA=6 am=6)
[dbg] ar=3498 am=6 aA=8 aH=0 l=false j=false fullRedraw=false
[trace] g->8 (aA=6 am=6)
[fifo] ar=3506 aistate
[devMouse] aistate written, ar=3506
[fifo] ar=3517 state
[devMouse] aA=6/6 cursor=(21,11) cam=(68,172) Q=725 aE=0 Y=0 sel=0
[devMouse] p0 unit 0 tile=(11,23) type=0 sel=false
[devMouse] p0 unit 1 tile=(33,3) type=0 sel=false
[devMouse] p0 unit 2 tile=(57,18) type=0 sel=false
[devMouse] p0 unit 3 tile=(20,6) type=3 sel=false
[devMouse] p0 unit 4 tile=(21,6) type=3 sel=false
[devMouse] p0 unit 5 tile=(21,5) type=3 sel=false
[devMouse] p0 unit 6 tile=(20,5) type=3 sel=false
[devMouse] p0 unit 7 tile=(23,9) type=5 sel=false
[devMouse] p0 unit 8 tile=(23,11) type=5 sel=false
[devMouse] p1 unit 0 tile=(16,28) type=3 sel=false
[devMouse] p1 unit 1 tile=(18,30) type=3 sel=false
[devMouse] p1 unit 2 tile=(18,39) type=4 sel=false
[devMouse] p1 unit 3 tile=(17,38) type=4 sel=false
[devMouse] p1 unit 4 tile=(29,9) type=3 sel=false
[devMouse] p1 unit 5 tile=(36,14) type=3 sel=false
[devMouse] p1 unit 6 tile=(59,42) type=3 sel=false
[devMouse] p1 unit 7 tile=(51,20) type=3 sel=false
[dbg] ar=3523 am=6 aA=6 aH=0 l=false j=false fullRedraw=false
[trace] g->8 (aA=6 am=6)
[dbg] ar=3548 am=6 aA=6 aH=0 l=false j=false fullRedraw=false
[fifo] ar=3551 aistate
[devMouse] aistate written, ar=3552
[fifo] ar=3563 state
[devMouse] aA=6/6 cursor=(21,11) cam=(68,172) Q=725 aE=0 Y=0 sel=0
[devMouse] p0 unit 0 tile=(11,23) type=0 sel=false
[devMouse] p0 unit 1 tile=(33,3) type=0 sel=false
[devMouse] p0 unit 2 tile=(57,18) type=0 sel=false
[devMouse] p0 unit 3 tile=(20,6) type=3 sel=false
[devMouse] p0 unit 4 tile=(21,6) type=3 sel=false
[devMouse] p0 unit 5 tile=(21,5) type=3 sel=false
[devMouse] p0 unit 6 tile=(20,5) type=3 sel=false
[devMouse] p0 unit 7 tile=(23,9) type=5 sel=false
[devMouse] p0 unit 8 tile=(23,11) type=5 sel=false
[devMouse] p1 unit 0 tile=(16,28) type=3 sel=false
[devMouse] p1 unit 1 tile=(18,30) type=3 sel=false
[devMouse] p1 unit 2 tile=(18,39) type=4 sel=false
[devMouse] p1 unit 3 tile=(17,38) type=4 sel=false
[devMouse] p1 unit 4 tile=(29,9) type=3 sel=false
[devMouse] p1 unit 5 tile=(36,14) type=3 sel=false
[devMouse] p1 unit 6 tile=(59,42) type=3 sel=false
[devMouse] p1 unit 7 tile=(51,20) type=3 sel=false
[fifoQ] ar=3573 build 18 12 11
[dbg] ar=3573 am=6 aA=6 aH=0 l=false j=false fullRedraw=false
[fifo] ar=3574 build 18 12 11
[devMouse] build OK type11 @(18,12) 施工中(约1.3s完工)
[trace] g->8 (aA=6 am=6)
[dbg] ar=3598 am=6 aA=6 aH=0 l=false j=false fullRedraw=false
[trace] g->8 (aA=6 am=6)
[fifo] ar=3601 aistate
[devMouse] aistate written, ar=3601
[trace] g->8 (aA=6 am=6)
[trace] g->8 (aA=6 am=6)
[fifo] ar=3614 state
[devMouse] aA=6/6 cursor=(21,11) cam=(68,172) Q=725 aE=0 Y=0 sel=0
[devMouse] p0 unit 0 tile=(11,23) type=0 sel=false
[devMouse] p0 unit 1 tile=(33,3) type=0 sel=false
[devMouse] p0 unit 2 tile=(57,18) type=0 sel=false
[devMouse] p0 unit 3 tile=(20,6) type=3 sel=false
[devMouse] p0 unit 4 tile=(21,6) type=3 sel=false
[devMouse] p0 unit 5 tile=(21,5) type=3 sel=false
[devMouse] p0 unit 6 tile=(20,5) type=3 sel=false
[devMouse] p0 unit 7 tile=(23,9) type=5 sel=false
[devMouse] p0 unit 8 tile=(23,11) type=5 sel=false
[devMouse] p1 unit 0 tile=(16,28) type=3 sel=false
[devMouse] p1 unit 1 tile=(18,30) type=3 sel=false
[devMouse] p1 unit 2 tile=(18,39) type=4 sel=false
[devMouse] p1 unit 3 tile=(17,38) type=4 sel=false
[devMouse] p1 unit 4 tile=(29,9) type=3 sel=false
[devMouse] p1 unit 5 tile=(36,14) type=3 sel=false
[devMouse] p1 unit 6 tile=(59,42) type=3 sel=false
[devMouse] p1 unit 7 tile=(51,20) type=3 sel=false
[dbg] ar=3623 am=6 aA=6 aH=0 l=false j=false fullRedraw=false
[trace] g->8 (aA=6 am=6)
[fifo] ar=3648 aistate
[devMouse] aistate written, ar=3648
[dbg] ar=3648 am=6 aA=6 aH=0 l=false j=false fullRedraw=false
[fifo] ar=3659 state
[devMouse] aA=6/6 cursor=(21,11) cam=(68,172) Q=725 aE=0 Y=0 sel=0
[devMouse] p0 unit 0 tile=(11,23) type=0 sel=false
[devMouse] p0 unit 1 tile=(33,3) type=0 sel=false
[devMouse] p0 unit 2 tile=(57,18) type=0 sel=false
[devMouse] p0 unit 3 tile=(20,6) type=3 sel=false
[devMouse] p0 unit 4 tile=(21,6) type=3 sel=false
[devMouse] p0 unit 5 tile=(21,5) type=3 sel=false
[devMouse] p0 unit 6 tile=(20,5) type=3 sel=false
[devMouse] p0 unit 7 tile=(23,9) type=5 sel=false
[devMouse] p0 unit 8 tile=(23,11) type=5 sel=false
[devMouse] p1 unit 0 tile=(16,28) type=3 sel=false
[devMouse] p1 unit 1 tile=(18,30) type=3 sel=false
[devMouse] p1 unit 2 tile=(18,39) type=4 sel=false
[devMouse] p1 unit 3 tile=(17,38) type=4 sel=false
[devMouse] p1 unit 4 tile=(29,9) type=3 sel=false
[devMouse] p1 unit 5 tile=(36,14) type=3 sel=false
[devMouse] p1 unit 6 tile=(59,42) type=3 sel=false
[devMouse] p1 unit 7 tile=(51,20) type=3 sel=false
[fifoQ] ar=3671 train 19 10 1
[fifo] ar=3671 train 19 10 1
[trace] g->7 (aA=6 am=6)
[devMouse] train OK 排队 1/1 aK=0 (aK=0村民 2/3步兵 4弓兵 5/6骑兵)
[dbg] ar=3673 am=6 aA=6 aH=0 l=false j=false fullRedraw=false
[fifo] ar=3697 aistate
[devMouse] aistate written, ar=3697
[dbg] ar=3698 am=6 aA=6 aH=0 l=false j=false fullRedraw=false
[trace] g->8 (aA=6 am=6)
[fifo] ar=3709 state
[devMouse] aA=6/6 cursor=(21,11) cam=(68,172) Q=725 aE=0 Y=0 sel=0
[devMouse] p0 unit 0 tile=(11,23) type=0 sel=false
[devMouse] p0 unit 1 tile=(33,3) type=0 sel=false
[devMouse] p0 unit 2 tile=(57,18) type=0 sel=false
[devMouse] p0 unit 3 tile=(20,6) type=3 sel=false
[devMouse] p0 unit 4 tile=(21,6) type=3 sel=false
[devMouse] p0 unit 5 tile=(21,5) type=3 sel=false
[devMouse] p0 unit 6 tile=(20,5) type=3 sel=false
[devMouse] p0 unit 7 tile=(23,9) type=5 sel=false
[devMouse] p0 unit 8 tile=(23,11) type=5 sel=false
[devMouse] p1 unit 0 tile=(16,28) type=3 sel=false
[devMouse] p1 unit 1 tile=(18,30) type=3 sel=false
[devMouse] p1 unit 2 tile=(18,39) type=4 sel=false
[devMouse] p1 unit 3 tile=(17,38) type=4 sel=false
[devMouse] p1 unit 4 tile=(29,9) type=3 sel=false
[devMouse] p1 unit 5 tile=(36,14) type=3 sel=false
[devMouse] p1 unit 6 tile=(59,42) type=3 sel=false
[devMouse] p1 unit 7 tile=(51,20) type=3 sel=false
[trace] g->8 (aA=6 am=6)
[dbg] ar=3723 am=6 aA=6 aH=0 l=false j=false fullRedraw=false
[trace] g->8 (aA=6 am=6)
[trace] g->8 (aA=6 am=8)
[fifo] ar=3740 aistate
[devMouse] aistate written, ar=3741
[dbg] ar=3748 am=6 aA=6 aH=0 l=false j=false fullRedraw=false
[fifo] ar=3752 state
[devMouse] aA=6/6 cursor=(21,11) cam=(68,172) Q=725 aE=0 Y=0 sel=0
[devMouse] p0 unit 0 tile=(11,23) type=0 sel=false
[devMouse] p0 unit 1 tile=(33,3) type=0 sel=false
[devMouse] p0 unit 2 tile=(57,18) type=0 sel=false
[devMouse] p0 unit 3 tile=(20,6) type=3 sel=false
[devMouse] p0 unit 4 tile=(21,6) type=3 sel=false
[devMouse] p0 unit 5 tile=(21,5) type=3 sel=false
[devMouse] p0 unit 6 tile=(20,5) type=3 sel=false
[devMouse] p0 unit 7 tile=(23,9) type=5 sel=false
[devMouse] p0 unit 8 tile=(23,11) type=5 sel=false
[devMouse] p0 unit 9 tile=(20,11) type=0 sel=false
[devMouse] p1 unit 0 tile=(16,28) type=3 sel=false
[devMouse] p1 unit 1 tile=(18,30) type=3 sel=false
[devMouse] p1 unit 2 tile=(18,39) type=4 sel=false
[devMouse] p1 unit 3 tile=(17,38) type=4 sel=false
[devMouse] p1 unit 4 tile=(29,9) type=3 sel=false
[devMouse] p1 unit 5 tile=(36,14) type=3 sel=false
[devMouse] p1 unit 6 tile=(59,42) type=3 sel=false
[devMouse] p1 unit 7 tile=(51,20) type=3 sel=false
[fifoQ] ar=3761 retask 9 32 4
[fifo] ar=3762 retask 9 32 4
[devMouse] retask slot9 (20,11)w0 -> (32,4)
[dbg] ar=3773 am=6 aA=6 aH=0 l=false j=false fullRedraw=false
[fifo] ar=3787 aistate
[devMouse] aistate written, ar=3787
[fifo] ar=3798 state
[devMouse] aA=6/6 cursor=(21,11) cam=(68,172) Q=725 aE=0 Y=0 sel=0
[devMouse] p0 unit 0 tile=(11,23) type=0 sel=false
[devMouse] p0 unit 1 tile=(33,3) type=0 sel=false
[devMouse] p0 unit 2 tile=(57,18) type=0 sel=false
[devMouse] p0 unit 3 tile=(20,6) type=3 sel=false
[devMouse] p0 unit 4 tile=(21,6) type=3 sel=false
[devMouse] p0 unit 5 tile=(21,5) type=3 sel=false
[devMouse] p0 unit 6 tile=(20,5) type=3 sel=false
[devMouse] p0 unit 7 tile=(23,9) type=5 sel=false
[devMouse] p0 unit 8 tile=(23,11) type=5 sel=false
[devMouse] p0 unit 9 tile=(25,10) type=0 sel=false
[devMouse] p1 unit 0 tile=(16,28) type=3 sel=false
[devMouse] p1 unit 1 tile=(18,30) type=3 sel=false
[devMouse] p1 unit 2 tile=(18,39) type=4 sel=false
[devMouse] p1 unit 3 tile=(17,38) type=4 sel=false
[devMouse] p1 unit 4 tile=(29,9) type=3 sel=false
[devMouse] p1 unit 5 tile=(36,14) type=3 sel=false
[devMouse] p1 unit 6 tile=(59,42) type=3 sel=false
[devMouse] p1 unit 7 tile=(51,20) type=3 sel=false
[dbg] ar=3798 am=6 aA=6 aH=0 l=false j=false fullRedraw=false
[trace] g->8 (aA=6 am=6)
[trace] g->8 (aA=6 am=6)
[trace] g->8 (aA=6 am=6)
[dbg] ar=3823 am=6 aA=6 aH=0 l=false j=false fullRedraw=false
[fifo] ar=3832 aistate
[devMouse] aistate written, ar=3832
[trace] g->8 (aA=6 am=6)
[fifo] ar=3844 state
[devMouse] aA=6/6 cursor=(21,11) cam=(68,172) Q=725 aE=0 Y=0 sel=0
[devMouse] p0 unit 0 tile=(11,23) type=0 sel=false
[devMouse] p0 unit 1 tile=(33,3) type=0 sel=false
[devMouse] p0 unit 2 tile=(57,18) type=0 sel=false
[devMouse] p0 unit 3 tile=(20,6) type=3 sel=false
[devMouse] p0 unit 4 tile=(21,6) type=3 sel=false
[devMouse] p0 unit 5 tile=(21,5) type=3 sel=false
[devMouse] p0 unit 6 tile=(20,5) type=3 sel=false
[devMouse] p0 unit 7 tile=(23,9) type=5 sel=false
[devMouse] p0 unit 8 tile=(23,11) type=5 sel=false
[devMouse] p0 unit 9 tile=(29,5) type=0 sel=false
[devMouse] p0 unit 10 tile=(20,11) type=0 sel=false
[devMouse] p1 unit 0 tile=(16,28) type=3 sel=false
[devMouse] p1 unit 1 tile=(18,30) type=3 sel=false
[devMouse] p1 unit 2 tile=(18,39) type=4 sel=false
[devMouse] p1 unit 3 tile=(17,38) type=4 sel=false
[devMouse] p1 unit 4 tile=(26,8) type=3 sel=false
[devMouse] p1 unit 5 tile=(36,14) type=3 sel=false
[devMouse] p1 unit 6 tile=(59,42) type=3 sel=false
[devMouse] p1 unit 7 tile=(51,20) type=3 sel=false
[dbg] ar=3848 am=6 aA=6 aH=0 l=false j=false fullRedraw=false
[fifoQ] ar=3854 train 19 10 1
[fifoQ] ar=3854 retask 10 34 7
[fifo] ar=3855 train 19 10 1
[trace] g->7 (aA=6 am=6)
[devMouse] train OK 排队 1/1 aK=0 (aK=0村民 2/3步兵 4弓兵 5/6骑兵)
[fifo] ar=3855 retask 10 34 7
[devMouse] retask slot10 (20,11)w0 -> (34,7)
[dbg] ar=3873 am=6 aA=6 aH=0 l=false j=false fullRedraw=false
[fifo] ar=3877 aistate
[devMouse] aistate written, ar=3877
[fifo] ar=3888 state
[devMouse] aA=6/6 cursor=(21,11) cam=(68,172) Q=725 aE=0 Y=0 sel=0
[devMouse] p0 unit 0 tile=(11,23) type=0 sel=false
[devMouse] p0 unit 1 tile=(33,3) type=0 sel=false
[devMouse] p0 unit 2 tile=(57,18) type=0 sel=false
[devMouse] p0 unit 3 tile=(20,6) type=3 sel=false
[devMouse] p0 unit 4 tile=(21,6) type=3 sel=false
[devMouse] p0 unit 5 tile=(21,5) type=3 sel=false
[devMouse] p0 unit 6 tile=(20,5) type=3 sel=false
[devMouse] p0 unit 7 tile=(25,9) type=5 sel=false
[devMouse] p0 unit 8 tile=(25,10) type=5 sel=false
[devMouse] p0 unit 9 tile=(31,3) type=0 sel=false
[devMouse] p0 unit 10 tile=(24,11) type=0 sel=false
[devMouse] p1 unit 0 tile=(16,28) type=3 sel=false
[devMouse] p1 unit 1 tile=(18,30) type=3 sel=false
[devMouse] p1 unit 2 tile=(18,39) type=4 sel=false
[devMouse] p1 unit 3 tile=(17,38) type=4 sel=false
[devMouse] p1 unit 4 tile=(26,9) type=3 sel=false
[devMouse] p1 unit 5 tile=(36,14) type=3 sel=false
[devMouse] p1 unit 6 tile=(59,42) type=3 sel=false
[devMouse] p1 unit 7 tile=(51,20) type=3 sel=false
[dbg] ar=3898 am=6 aA=6 aH=0 l=false j=false fullRedraw=false
[combat] p1 type3 died at (26,9) ar=3908 remaining=7
[trace] g->8 (aA=6 am=6)
[trace] g->8 (aA=6 am=6)
[trace] g->8 (aA=6 am=6)
[fifo] ar=3922 aistate
[devMouse] aistate written, ar=3922
[dbg] ar=3923 am=6 aA=8 aH=0 l=false j=false fullRedraw=false
[fifo] ar=3933 state
[devMouse] aA=6/6 cursor=(21,11) cam=(68,172) Q=725 aE=0 Y=0 sel=0
[devMouse] p0 unit 0 tile=(11,23) type=0 sel=false
[devMouse] p0 unit 1 tile=(33,3) type=0 sel=false
[devMouse] p0 unit 2 tile=(57,18) type=0 sel=false
[devMouse] p0 unit 3 tile=(20,6) type=3 sel=false
[devMouse] p0 unit 4 tile=(21,6) type=3 sel=false
[devMouse] p0 unit 5 tile=(21,5) type=3 sel=false
[devMouse] p0 unit 6 tile=(20,5) type=3 sel=false
[devMouse] p0 unit 7 tile=(25,9) type=5 sel=false
[devMouse] p0 unit 8 tile=(26,9) type=5 sel=false
[devMouse] p0 unit 9 tile=(31,3) type=0 sel=false
[devMouse] p0 unit 10 tile=(29,11) type=0 sel=false
[devMouse] p0 unit 11 tile=(20,11) type=0 sel=false
[devMouse] p1 unit 0 tile=(16,28) type=3 sel=false
[devMouse] p1 unit 1 tile=(18,30) type=3 sel=false
[devMouse] p1 unit 2 tile=(18,39) type=4 sel=false
[devMouse] p1 unit 3 tile=(17,38) type=4 sel=false
[devMouse] p1 unit 4 tile=(51,20) type=3 sel=false
[devMouse] p1 unit 5 tile=(36,14) type=3 sel=false
[devMouse] p1 unit 6 tile=(59,42) type=3 sel=false
[fifoQ] ar=3943 retask 11 34 7
[trace] g->8 (aA=6 am=6)
[fifo] ar=3944 retask 11 34 7
[devMouse] retask slot11 (20,11)w0 -> (34,7)
[dbg] ar=3948 am=6 aA=6 aH=0 l=false j=false fullRedraw=false
[fifo] ar=3971 aistate
[devMouse] aistate written, ar=3971
[dbg] ar=3973 am=6 aA=6 aH=0 l=false j=false fullRedraw=false
[fifo] ar=3983 state
[devMouse] aA=6/6 cursor=(21,11) cam=(68,172) Q=725 aE=0 Y=0 sel=0
[devMouse] p0 unit 0 tile=(11,24) type=0 sel=false
[devMouse] p0 unit 1 tile=(33,3) type=0 sel=false
[devMouse] p0 unit 2 tile=(57,18) type=0 sel=false
[devMouse] p0 unit 3 tile=(20,6) type=3 sel=false
[devMouse] p0 unit 4 tile=(21,6) type=3 sel=false
[devMouse] p0 unit 5 tile=(21,5) type=3 sel=false
[devMouse] p0 unit 6 tile=(20,5) type=3 sel=false
[devMouse] p0 unit 7 tile=(25,9) type=5 sel=false
[devMouse] p0 unit 8 tile=(26,9) type=5 sel=false
[devMouse] p0 unit 9 tile=(33,2) type=0 sel=false
[devMouse] p0 unit 10 tile=(35,8) type=0 sel=false
[devMouse] p0 unit 11 tile=(25,11) type=0 sel=false
[devMouse] p1 unit 0 tile=(16,28) type=3 sel=false
[devMouse] p1 unit 1 tile=(18,30) type=3 sel=false
[devMouse] p1 unit 2 tile=(18,39) type=4 sel=false
[devMouse] p1 unit 3 tile=(17,38) type=4 sel=false
[devMouse] p1 unit 4 tile=(51,20) type=3 sel=false
[devMouse] p1 unit 5 tile=(36,14) type=3 sel=false
[devMouse] p1 unit 6 tile=(59,42) type=3 sel=false
[trace] g->8 (aA=6 am=6)
[trace] g->8 (aA=6 am=6)
[dbg] ar=3998 am=6 aA=6 aH=0 l=false j=false fullRedraw=false
[fifo] ar=4017 aistate
[devMouse] aistate written, ar=4017
[trace] g->8 (aA=6 am=6)
[dbg] ar=4023 am=6 aA=6 aH=0 l=false j=false fullRedraw=false
[trace] g->8 (aA=6 am=6)
[fifo] ar=4029 state
[devMouse] aA=6/6 cursor=(21,11) cam=(68,172) Q=725 aE=0 Y=0 sel=0
[devMouse] p0 unit 0 tile=(11,24) type=0 sel=false
[devMouse] p0 unit 1 tile=(33,3) type=0 sel=false
[devMouse] p0 unit 2 tile=(57,18) type=0 sel=false
[devMouse] p0 unit 3 tile=(20,6) type=3 sel=false
[devMouse] p0 unit 4 tile=(21,6) type=3 sel=false
[devMouse] p0 unit 5 tile=(21,5) type=3 sel=false
[devMouse] p0 unit 6 tile=(20,5) type=3 sel=false
[devMouse] p0 unit 7 tile=(25,9) type=5 sel=false
[devMouse] p0 unit 8 tile=(26,9) type=5 sel=false
[devMouse] p0 unit 9 tile=(32,3) type=0 sel=false
[devMouse] p0 unit 10 tile=(35,8) type=0 sel=false
[devMouse] p0 unit 11 tile=(30,11) type=0 sel=false
[devMouse] p0 unit 12 tile=(20,11) type=0 sel=false
[devMouse] p1 unit 0 tile=(16,28) type=3 sel=false
[devMouse] p1 unit 1 tile=(18,30) type=3 sel=false
[devMouse] p1 unit 2 tile=(18,39) type=4 sel=false
[devMouse] p1 unit 3 tile=(17,38) type=4 sel=false
[devMouse] p1 unit 4 tile=(51,20) type=3 sel=false
[devMouse] p1 unit 5 tile=(36,14) type=3 sel=false
[devMouse] p1 unit 6 tile=(59,42) type=3 sel=false
[fifoQ] ar=4040 retask 12 34 7
[fifo] ar=4041 retask 12 34 7
[devMouse] retask slot12 (20,11)w0 -> (34,7)
[dbg] ar=4048 am=6 aA=6 aH=0 l=false j=false fullRedraw=false
[trace] g->8 (aA=6 am=6)
[fifo] ar=4067 aistate
[devMouse] aistate written, ar=4067
[dbg] ar=4073 am=6 aA=6 aH=0 l=false j=false fullRedraw=false
[fifo] ar=4079 state
[devMouse] aA=6/6 cursor=(21,11) cam=(68,172) Q=725 aE=0 Y=0 sel=0
[devMouse] p0 unit 0 tile=(11,24) type=0 sel=false
[devMouse] p0 unit 1 tile=(33,3) type=0 sel=false
[devMouse] p0 unit 2 tile=(57,18) type=0 sel=false
[devMouse] p0 unit 3 tile=(20,6) type=3 sel=false
[devMouse] p0 unit 4 tile=(21,6) type=3 sel=false
[devMouse] p0 unit 5 tile=(21,5) type=3 sel=false
[devMouse] p0 unit 6 tile=(20,5) type=3 sel=false
[devMouse] p0 unit 7 tile=(25,9) type=5 sel=false
[devMouse] p0 unit 8 tile=(26,9) type=5 sel=false
[devMouse] p0 unit 9 tile=(32,3) type=0 sel=false
[devMouse] p0 unit 10 tile=(35,8) type=0 sel=false
[devMouse] p0 unit 11 tile=(36,10) type=0 sel=false
[devMouse] p0 unit 12 tile=(25,11) type=0 sel=false
[devMouse] p1 unit 0 tile=(16,28) type=3 sel=false
[devMouse] p1 unit 1 tile=(18,30) type=3 sel=false
[devMouse] p1 unit 2 tile=(18,39) type=4 sel=false
[devMouse] p1 unit 3 tile=(17,38) type=4 sel=false
[devMouse] p1 unit 4 tile=(51,20) type=3 sel=false
[devMouse] p1 unit 5 tile=(36,14) type=3 sel=false
[devMouse] p1 unit 6 tile=(59,42) type=3 sel=false
[dbg] ar=4098 am=6 aA=6 aH=0 l=false j=false fullRedraw=false
[fifo] ar=4113 aistate
[devMouse] aistate written, ar=4113
[trace] g->8 (aA=6 am=6)
[dbg] ar=4123 am=8 aA=6 aH=0 l=true j=false fullRedraw=false
[fifo] ar=4124 state
[devMouse] aA=8/6 cursor=(21,11) cam=(68,172) Q=725 aE=0 Y=0 sel=0
[devMouse] p0 unit 0 tile=(11,24) type=0 sel=false
[devMouse] p0 unit 1 tile=(33,3) type=0 sel=false
[devMouse] p0 unit 2 tile=(57,18) type=0 sel=false
[devMouse] p0 unit 3 tile=(20,6) type=3 sel=false
[devMouse] p0 unit 4 tile=(21,6) type=3 sel=false
[devMouse] p0 unit 5 tile=(21,5) type=3 sel=false
[devMouse] p0 unit 6 tile=(20,5) type=3 sel=false
[devMouse] p0 unit 7 tile=(25,9) type=5 sel=false
[devMouse] p0 unit 8 tile=(26,9) type=5 sel=false
[devMouse] p0 unit 9 tile=(31,2) type=0 sel=false
[devMouse] p0 unit 10 tile=(35,4) type=0 sel=false
[devMouse] p0 unit 11 tile=(35,8) type=0 sel=false
[devMouse] p0 unit 12 tile=(30,11) type=0 sel=false
[devMouse] p1 unit 0 tile=(16,28) type=3 sel=false
[devMouse] p1 unit 1 tile=(18,30) type=3 sel=false
[devMouse] p1 unit 2 tile=(18,39) type=4 sel=false
[devMouse] p1 unit 3 tile=(17,38) type=4 sel=false
[devMouse] p1 unit 4 tile=(51,20) type=3 sel=false
[devMouse] p1 unit 5 tile=(36,14) type=3 sel=false
[devMouse] p1 unit 6 tile=(59,42) type=3 sel=false
[trace] g->8 (aA=6 am=6)
[fifo] ar=4133 key -6
[void_a] key=-6 ae=38 ak=19 ar=4133
[input] ar=4133 key -6
[dbg] ar=4148 am=6 aA=6 aH=0 l=false j=false fullRedraw=false
[trace] g->8 (aA=6 am=6)
[fifo] ar=4160 aistate
[devMouse] aistate written, ar=4160
[fifo] ar=4170 state
[devMouse] aA=6/6 cursor=(21,11) cam=(68,172) Q=725 aE=0 Y=0 sel=6
[devMouse] p0 unit 0 tile=(11,24) type=0 sel=false
[devMouse] p0 unit 1 tile=(33,3) type=0 sel=false
[devMouse] p0 unit 2 tile=(57,18) type=0 sel=false
[devMouse] p0 unit 3 tile=(20,6) type=3 sel=false
[devMouse] p0 unit 4 tile=(21,6) type=3 sel=false
[devMouse] p0 unit 5 tile=(21,5) type=3 sel=false
[devMouse] p0 unit 6 tile=(20,5) type=3 sel=false
[devMouse] p0 unit 7 tile=(25,9) type=5 sel=false
[devMouse] p0 unit 8 tile=(26,9) type=5 sel=false
[devMouse] p0 unit 9 tile=(32,3) type=0 sel=false
[devMouse] p0 unit 10 tile=(35,6) type=0 sel=false
[devMouse] p0 unit 11 tile=(35,8) type=0 sel=false
[devMouse] p0 unit 12 tile=(35,9) type=0 sel=false
[devMouse] p1 unit 0 tile=(16,28) type=3 sel=false
[devMouse] p1 unit 1 tile=(18,30) type=3 sel=false
[devMouse] p1 unit 2 tile=(18,39) type=4 sel=false
[devMouse] p1 unit 3 tile=(17,38) type=4 sel=false
[devMouse] p1 unit 4 tile=(51,20) type=3 sel=false
[devMouse] p1 unit 5 tile=(36,14) type=3 sel=false
[devMouse] p1 unit 6 tile=(59,42) type=3 sel=false
[dbg] ar=4173 am=6 aA=6 aH=0 l=false j=false fullRedraw=false
[fifoQ] ar=4179 retask 2 57 21
[fifo] ar=4180 retask 2 57 21
[devMouse] retask slot2 (57,18)w2e22 -> (57,21)
[trace] g->8 (aA=6 am=6)
[dbg] ar=4198 am=6 aA=6 aH=0 l=false j=false fullRedraw=false
[fifo] ar=4206 aistate
[devMouse] aistate written, ar=4206
[fifo] ar=4218 state
[devMouse] aA=6/6 cursor=(21,11) cam=(68,172) Q=725 aE=0 Y=0 sel=6
[devMouse] p0 unit 0 tile=(11,24) type=0 sel=false
[devMouse] p0 unit 1 tile=(33,3) type=0 sel=false
[devMouse] p0 unit 2 tile=(58,20) type=0 sel=false
[devMouse] p0 unit 3 tile=(20,6) type=3 sel=false
[devMouse] p0 unit 4 tile=(21,6) type=3 sel=false
[devMouse] p0 unit 5 tile=(21,5) type=3 sel=false
[devMouse] p0 unit 6 tile=(20,5) type=3 sel=false
[devMouse] p0 unit 7 tile=(25,9) type=5 sel=false
[devMouse] p0 unit 8 tile=(26,9) type=5 sel=false
[devMouse] p0 unit 9 tile=(32,3) type=0 sel=false
[devMouse] p0 unit 10 tile=(35,6) type=0 sel=false
[devMouse] p0 unit 11 tile=(36,7) type=0 sel=false
[devMouse] p0 unit 12 tile=(36,6) type=0 sel=false
[devMouse] p1 unit 0 tile=(16,28) type=3 sel=false
[devMouse] p1 unit 1 tile=(18,30) type=3 sel=false
[devMouse] p1 unit 2 tile=(18,39) type=4 sel=false
[devMouse] p1 unit 3 tile=(17,38) type=4 sel=false
[devMouse] p1 unit 4 tile=(51,20) type=3 sel=false
[devMouse] p1 unit 5 tile=(36,14) type=3 sel=false
[devMouse] p1 unit 6 tile=(59,42) type=3 sel=false
[dbg] ar=4223 am=6 aA=6 aH=0 l=false j=false fullRedraw=false
[trace] g->8 (aA=6 am=6)
[dbg] ar=4248 am=6 aA=6 aH=0 l=false j=false fullRedraw=false
[fifo] ar=4251 aistate
[devMouse] aistate written, ar=4251
[fifo] ar=4263 state
[devMouse] aA=6/6 cursor=(21,11) cam=(68,172) Q=725 aE=0 Y=0 sel=6
[devMouse] p0 unit 0 tile=(11,24) type=0 sel=false
[devMouse] p0 unit 1 tile=(33,3) type=0 sel=false
[devMouse] p0 unit 2 tile=(58,20) type=0 sel=false
[devMouse] p0 unit 3 tile=(20,6) type=3 sel=false
[devMouse] p0 unit 4 tile=(21,6) type=3 sel=false
[devMouse] p0 unit 5 tile=(21,5) type=3 sel=false
[devMouse] p0 unit 6 tile=(20,5) type=3 sel=false
[devMouse] p0 unit 7 tile=(25,9) type=5 sel=false
[devMouse] p0 unit 8 tile=(26,9) type=5 sel=false
[devMouse] p0 unit 9 tile=(31,3) type=0 sel=false
[devMouse] p0 unit 10 tile=(35,4) type=0 sel=false
[devMouse] p0 unit 11 tile=(35,3) type=0 sel=false
[devMouse] p0 unit 12 tile=(35,6) type=0 sel=false
[devMouse] p1 unit 0 tile=(16,28) type=3 sel=false
[devMouse] p1 unit 1 tile=(18,30) type=3 sel=false
[devMouse] p1 unit 2 tile=(18,39) type=4 sel=false
[devMouse] p1 unit 3 tile=(17,38) type=4 sel=false
[devMouse] p1 unit 4 tile=(51,20) type=3 sel=false
[devMouse] p1 unit 5 tile=(36,14) type=3 sel=false
[devMouse] p1 unit 6 tile=(59,42) type=3 sel=false
[trace] g->8 (aA=6 am=6)
[trace] g->8 (aA=6 am=6)
[dbg] ar=4273 am=8 aA=6 aH=0 l=true j=false fullRedraw=false
[fifo] ar=4297 aistate
[devMouse] aistate written, ar=4297
[dbg] ar=4298 am=6 aA=6 aH=0 l=false j=false fullRedraw=false
[fifo] ar=4308 state
[devMouse] aA=6/6 cursor=(21,11) cam=(68,172) Q=725 aE=0 Y=0 sel=6
[devMouse] p0 unit 0 tile=(12,23) type=0 sel=false
[devMouse] p0 unit 1 tile=(33,3) type=0 sel=false
[devMouse] p0 unit 2 tile=(59,19) type=0 sel=false
[devMouse] p0 unit 3 tile=(20,6) type=3 sel=false
[devMouse] p0 unit 4 tile=(21,6) type=3 sel=false
[devMouse] p0 unit 5 tile=(21,5) type=3 sel=false
[devMouse] p0 unit 6 tile=(20,5) type=3 sel=false
[devMouse] p0 unit 7 tile=(25,9) type=5 sel=false
[devMouse] p0 unit 8 tile=(26,9) type=5 sel=false
[devMouse] p0 unit 9 tile=(33,2) type=0 sel=false
[devMouse] p0 unit 10 tile=(35,8) type=0 sel=false
[devMouse] p0 unit 11 tile=(36,7) type=0 sel=false
[devMouse] p0 unit 12 tile=(35,6) type=0 sel=false
[devMouse] p1 unit 0 tile=(16,28) type=3 sel=false
[devMouse] p1 unit 1 tile=(18,30) type=3 sel=false
[devMouse] p1 unit 2 tile=(18,39) type=4 sel=false
[devMouse] p1 unit 3 tile=(17,38) type=4 sel=false
[devMouse] p1 unit 4 tile=(51,20) type=3 sel=false
[devMouse] p1 unit 5 tile=(36,14) type=3 sel=false
[devMouse] p1 unit 6 tile=(59,42) type=3 sel=false
[trace] g->8 (aA=6 am=6)
[trace] g->8 (aA=6 am=6)
[dbg] ar=4323 am=6 aA=6 aH=0 l=false j=false fullRedraw=false
[trace] g->8 (aA=6 am=6)
[fifo] ar=4341 aistate
[devMouse] aistate written, ar=4341
[dbg] ar=4348 am=6 aA=6 aH=0 l=false j=false fullRedraw=false
[fifo] ar=4352 state
[devMouse] aA=6/6 cursor=(21,11) cam=(68,172) Q=725 aE=0 Y=0 sel=6
[devMouse] p0 unit 0 tile=(11,24) type=0 sel=false
[devMouse] p0 unit 1 tile=(33,3) type=0 sel=false
[devMouse] p0 unit 2 tile=(58,20) type=0 sel=false
[devMouse] p0 unit 3 tile=(20,6) type=3 sel=false
[devMouse] p0 unit 4 tile=(21,6) type=3 sel=false
[devMouse] p0 unit 5 tile=(21,5) type=3 sel=false
[devMouse] p0 unit 6 tile=(20,5) type=3 sel=false
[devMouse] p0 unit 7 tile=(25,9) type=5 sel=false
[devMouse] p0 unit 8 tile=(26,9) type=5 sel=false
[devMouse] p0 unit 9 tile=(32,3) type=0 sel=false
[devMouse] p0 unit 10 tile=(35,8) type=0 sel=false
[devMouse] p0 unit 11 tile=(35,7) type=0 sel=false
[devMouse] p0 unit 12 tile=(35,6) type=0 sel=false
[devMouse] p1 unit 0 tile=(16,28) type=3 sel=false
[devMouse] p1 unit 1 tile=(18,30) type=3 sel=false
[devMouse] p1 unit 2 tile=(18,39) type=4 sel=false
[devMouse] p1 unit 3 tile=(17,38) type=4 sel=false
[devMouse] p1 unit 4 tile=(51,20) type=3 sel=false
[devMouse] p1 unit 5 tile=(36,14) type=3 sel=false
[devMouse] p1 unit 6 tile=(59,42) type=3 sel=false
[dbg] ar=4373 am=6 aA=6 aH=0 l=false j=false fullRedraw=false
[fifo] ar=4385 aistate
[devMouse] aistate written, ar=4385
[trace] g->8 (aA=6 am=6)
[fifo] ar=4396 state
[devMouse] aA=6/6 cursor=(21,11) cam=(68,172) Q=725 aE=0 Y=0 sel=6
[devMouse] p0 unit 0 tile=(11,24) type=0 sel=false
[devMouse] p0 unit 1 tile=(33,3) type=0 sel=false
[devMouse] p0 unit 2 tile=(58,20) type=0 sel=false
[devMouse] p0 unit 3 tile=(20,6) type=3 sel=false
[devMouse] p0 unit 4 tile=(21,6) type=3 sel=false
[devMouse] p0 unit 5 tile=(21,5) type=3 sel=false
[devMouse] p0 unit 6 tile=(20,5) type=3 sel=false
[devMouse] p0 unit 7 tile=(25,9) type=5 sel=false
[devMouse] p0 unit 8 tile=(26,9) type=5 sel=false
[devMouse] p0 unit 9 tile=(32,3) type=0 sel=false
[devMouse] p0 unit 10 tile=(35,8) type=0 sel=false
[devMouse] p0 unit 11 tile=(35,7) type=0 sel=false
[devMouse] p0 unit 12 tile=(35,5) type=0 sel=false
[devMouse] p1 unit 0 tile=(16,28) type=3 sel=false
[devMouse] p1 unit 1 tile=(18,30) type=3 sel=false
[devMouse] p1 unit 2 tile=(18,39) type=4 sel=false
[devMouse] p1 unit 3 tile=(17,38) type=4 sel=false
[devMouse] p1 unit 4 tile=(51,20) type=3 sel=false
[devMouse] p1 unit 5 tile=(36,14) type=3 sel=false
[devMouse] p1 unit 6 tile=(59,42) type=3 sel=false
[dbg] ar=4398 am=6 aA=6 aH=0 l=false j=false fullRedraw=false
[dbg] ar=4423 am=6 aA=6 aH=0 l=false j=false fullRedraw=false
[fifo] ar=4428 aistate
[devMouse] aistate written, ar=4428
[trace] g->8 (aA=6 am=6)
[fifo] ar=4439 state
[devMouse] aA=6/6 cursor=(21,11) cam=(68,172) Q=725 aE=0 Y=0 sel=6
[devMouse] p0 unit 0 tile=(11,24) type=0 sel=false
[devMouse] p0 unit 1 tile=(33,3) type=0 sel=false
[devMouse] p0 unit 2 tile=(58,20) type=0 sel=false
[devMouse] p0 unit 3 tile=(20,6) type=3 sel=false
[devMouse] p0 unit 4 tile=(21,6) type=3 sel=false
[devMouse] p0 unit 5 tile=(21,5) type=3 sel=false
[devMouse] p0 unit 6 tile=(20,5) type=3 sel=false
[devMouse] p0 unit 7 tile=(25,9) type=5 sel=false
[devMouse] p0 unit 8 tile=(26,9) type=5 sel=false
[devMouse] p0 unit 9 tile=(31,2) type=0 sel=false
[devMouse] p0 unit 10 tile=(35,4) type=0 sel=false
[devMouse] p0 unit 11 tile=(35,7) type=0 sel=false
[devMouse] p0 unit 12 tile=(35,6) type=0 sel=false
[devMouse] p1 unit 0 tile=(16,28) type=3 sel=false
[devMouse] p1 unit 1 tile=(18,30) type=3 sel=false
[devMouse] p1 unit 2 tile=(18,39) type=4 sel=false
[devMouse] p1 unit 3 tile=(17,38) type=4 sel=false
[devMouse] p1 unit 4 tile=(51,20) type=3 sel=false
[devMouse] p1 unit 5 tile=(36,14) type=3 sel=false
[devMouse] p1 unit 6 tile=(59,42) type=3 sel=false
[trace] g->8 (aA=6 am=6)
[trace] g->8 (aA=6 am=6)
[dbg] ar=4448 am=6 aA=8 aH=0 l=false j=false fullRedraw=false
[trace] g->8 (aA=6 am=6)
[trace] g->8 (aA=6 am=6)
[fifo] ar=4473 aistate
[devMouse] aistate written, ar=4473
[dbg] ar=4473 am=6 aA=6 aH=0 l=false j=false fullRedraw=false
[fifo] ar=4484 state
[devMouse] aA=6/6 cursor=(21,11) cam=(68,172) Q=725 aE=0 Y=0 sel=6
[devMouse] p0 unit 0 tile=(11,24) type=0 sel=false
[devMouse] p0 unit 1 tile=(33,3) type=0 sel=false
[devMouse] p0 unit 2 tile=(58,20) type=0 sel=false
[devMouse] p0 unit 3 tile=(20,6) type=3 sel=false
[devMouse] p0 unit 4 tile=(21,6) type=3 sel=false
[devMouse] p0 unit 5 tile=(21,5) type=3 sel=false
[devMouse] p0 unit 6 tile=(20,5) type=3 sel=false
[devMouse] p0 unit 7 tile=(25,9) type=5 sel=false
[devMouse] p0 unit 8 tile=(26,9) type=5 sel=false
[devMouse] p0 unit 9 tile=(32,3) type=0 sel=false
[devMouse] p0 unit 10 tile=(39,5) type=0 sel=false
[devMouse] p0 unit 11 tile=(35,4) type=0 sel=false
[devMouse] p0 unit 12 tile=(35,6) type=0 sel=false
[devMouse] p1 unit 0 tile=(16,28) type=3 sel=false
[devMouse] p1 unit 1 tile=(18,30) type=3 sel=false
[devMouse] p1 unit 2 tile=(18,39) type=4 sel=false
[devMouse] p1 unit 3 tile=(17,38) type=4 sel=false
[devMouse] p1 unit 4 tile=(51,20) type=3 sel=false
[devMouse] p1 unit 5 tile=(36,14) type=3 sel=false
[devMouse] p1 unit 6 tile=(59,42) type=3 sel=false
[trace] g->8 (aA=6 am=6)
[dbg] ar=4498 am=6 aA=6 aH=0 l=false j=false fullRedraw=false
[fifo] ar=4518 aistate
[devMouse] aistate written, ar=4519
[dbg] ar=4523 am=6 aA=6 aH=0 l=false j=false fullRedraw=false
[trace] g->8 (aA=6 am=6)
[fifo] ar=4530 state
[devMouse] aA=6/6 cursor=(21,11) cam=(68,172) Q=725 aE=0 Y=0 sel=6
[devMouse] p0 unit 0 tile=(11,24) type=0 sel=false
[devMouse] p0 unit 1 tile=(33,3) type=0 sel=false
[devMouse] p0 unit 2 tile=(58,20) type=0 sel=false
[devMouse] p0 unit 3 tile=(20,6) type=3 sel=false
[devMouse] p0 unit 4 tile=(21,6) type=3 sel=false
[devMouse] p0 unit 5 tile=(21,5) type=3 sel=false
[devMouse] p0 unit 6 tile=(20,5) type=3 sel=false
[devMouse] p0 unit 7 tile=(25,9) type=5 sel=false
[devMouse] p0 unit 8 tile=(26,9) type=5 sel=false
[devMouse] p0 unit 9 tile=(32,3) type=0 sel=false
[devMouse] p0 unit 10 tile=(35,5) type=0 sel=false
[devMouse] p0 unit 11 tile=(35,6) type=0 sel=false
[devMouse] p0 unit 12 tile=(35,3) type=0 sel=false
[devMouse] p1 unit 0 tile=(16,28) type=3 sel=false
[devMouse] p1 unit 1 tile=(18,30) type=3 sel=false
[devMouse] p1 unit 2 tile=(18,39) type=4 sel=false
[devMouse] p1 unit 3 tile=(17,38) type=4 sel=false
[devMouse] p1 unit 4 tile=(51,20) type=3 sel=false
[devMouse] p1 unit 5 tile=(36,14) type=3 sel=false
[devMouse] p1 unit 6 tile=(59,42) type=3 sel=false
[trace] g->8 (aA=6 am=6)
[dbg] ar=4548 am=6 aA=6 aH=0 l=false j=false fullRedraw=false
[trace] g->8 (aA=6 am=6)
[fifo] ar=4563 aistate
[devMouse] aistate written, ar=4563
[dbg] ar=4573 am=6 aA=6 aH=0 l=false j=false fullRedraw=false
[fifo] ar=4574 state
[devMouse] aA=6/6 cursor=(21,11) cam=(68,172) Q=725 aE=0 Y=0 sel=6
[devMouse] p0 unit 0 tile=(11,24) type=0 sel=false
[devMouse] p0 unit 1 tile=(33,3) type=0 sel=false
[devMouse] p0 unit 2 tile=(58,20) type=0 sel=false
[devMouse] p0 unit 3 tile=(20,6) type=3 sel=false
[devMouse] p0 unit 4 tile=(21,6) type=3 sel=false
[devMouse] p0 unit 5 tile=(21,5) type=3 sel=false
[devMouse] p0 unit 6 tile=(20,5) type=3 sel=false
[devMouse] p0 unit 7 tile=(25,9) type=5 sel=false
[devMouse] p0 unit 8 tile=(26,9) type=5 sel=false
[devMouse] p0 unit 9 tile=(32,3) type=0 sel=false
[devMouse] p0 unit 10 tile=(35,5) type=0 sel=false
[devMouse] p0 unit 11 tile=(35,6) type=0 sel=false
[devMouse] p0 unit 12 tile=(36,5) type=0 sel=false
[devMouse] p1 unit 0 tile=(16,28) type=3 sel=false
[devMouse] p1 unit 1 tile=(18,30) type=3 sel=false
[devMouse] p1 unit 2 tile=(18,39) type=4 sel=false
[devMouse] p1 unit 3 tile=(17,38) type=4 sel=false
[devMouse] p1 unit 4 tile=(51,20) type=3 sel=false
[devMouse] p1 unit 5 tile=(36,14) type=3 sel=false
[devMouse] p1 unit 6 tile=(59,42) type=3 sel=false
[dbg] ar=4598 am=6 aA=6 aH=0 l=false j=false fullRedraw=false
[trace] g->8 (aA=6 am=6)
[fifo] ar=4609 aistate
[devMouse] aistate written, ar=4609
[fifo] ar=4620 state
[devMouse] aA=6/6 cursor=(21,11) cam=(68,172) Q=725 aE=0 Y=0 sel=6
[devMouse] p0 unit 0 tile=(11,24) type=0 sel=false
[devMouse] p0 unit 1 tile=(33,3) type=0 sel=false
[devMouse] p0 unit 2 tile=(58,20) type=0 sel=false
[devMouse] p0 unit 3 tile=(20,6) type=3 sel=false
[devMouse] p0 unit 4 tile=(21,6) type=3 sel=false
[devMouse] p0 unit 5 tile=(21,5) type=3 sel=false
[devMouse] p0 unit 6 tile=(20,5) type=3 sel=false
[devMouse] p0 unit 7 tile=(25,9) type=5 sel=false
[devMouse] p0 unit 8 tile=(26,9) type=5 sel=false
[devMouse] p0 unit 9 tile=(33,2) type=0 sel=false
[devMouse] p0 unit 10 tile=(35,8) type=0 sel=false
[devMouse] p0 unit 11 tile=(35,6) type=0 sel=false
[devMouse] p0 unit 12 tile=(36,5) type=0 sel=false
[devMouse] p1 unit 0 tile=(16,28) type=3 sel=false
[devMouse] p1 unit 1 tile=(18,30) type=3 sel=false
[devMouse] p1 unit 2 tile=(18,39) type=4 sel=false
[devMouse] p1 unit 3 tile=(17,38) type=4 sel=false
[devMouse] p1 unit 4 tile=(51,20) type=3 sel=false
[devMouse] p1 unit 5 tile=(36,14) type=3 sel=false
[devMouse] p1 unit 6 tile=(59,42) type=3 sel=false
[dbg] ar=4623 am=6 aA=6 aH=0 l=false j=false fullRedraw=false
[trace] g->8 (aA=6 am=6)
[fifoQ] ar=4630 retask 1 32 4
[fifo] ar=4631 retask 1 32 4
[devMouse] retask slot1 (33,3)w1232 -> (32,4)
[dbg] ar=4648 am=6 aA=6 aH=0 l=false j=false fullRedraw=false
[fifo] ar=4657 aistate
[devMouse] aistate written, ar=4657
[trace] g->8 (aA=6 am=6)
[fifo] ar=4669 state
[devMouse] aA=6/6 cursor=(21,11) cam=(68,172) Q=725 aE=0 Y=0 sel=6
[devMouse] p0 unit 0 tile=(12,23) type=0 sel=false
[devMouse] p0 unit 1 tile=(33,3) type=0 sel=false
[devMouse] p0 unit 2 tile=(58,20) type=0 sel=false
[devMouse] p0 unit 3 tile=(20,6) type=3 sel=false
[devMouse] p0 unit 4 tile=(21,6) type=3 sel=false
[devMouse] p0 unit 5 tile=(21,5) type=3 sel=false
[devMouse] p0 unit 6 tile=(20,5) type=3 sel=false
[devMouse] p0 unit 7 tile=(25,9) type=5 sel=false
[devMouse] p0 unit 8 tile=(26,9) type=5 sel=false
[devMouse] p0 unit 9 tile=(32,3) type=0 sel=false
[devMouse] p0 unit 10 tile=(35,8) type=0 sel=false
[devMouse] p0 unit 11 tile=(35,5) type=0 sel=false
[devMouse] p0 unit 12 tile=(35,6) type=0 sel=false
[devMouse] p1 unit 0 tile=(16,28) type=3 sel=false
[devMouse] p1 unit 1 tile=(18,30) type=3 sel=false
[devMouse] p1 unit 2 tile=(18,39) type=4 sel=false
[devMouse] p1 unit 3 tile=(17,38) type=4 sel=false
[devMouse] p1 unit 4 tile=(51,20) type=3 sel=false
[devMouse] p1 unit 5 tile=(36,14) type=3 sel=false
[devMouse] p1 unit 6 tile=(59,42) type=3 sel=false
[dbg] ar=4673 am=6 aA=6 aH=0 l=false j=false fullRedraw=false
[trace] g->8 (aA=6 am=6)
[dbg] ar=4698 am=6 aA=6 aH=0 l=false j=false fullRedraw=false
[fifo] ar=4703 aistate
[devMouse] aistate written, ar=4703
[fifo] ar=4714 state
[devMouse] aA=6/6 cursor=(21,11) cam=(68,172) Q=725 aE=0 Y=0 sel=6
[devMouse] p0 unit 0 tile=(11,24) type=0 sel=false
[devMouse] p0 unit 1 tile=(33,3) type=0 sel=false
[devMouse] p0 unit 2 tile=(58,20) type=0 sel=false
[devMouse] p0 unit 3 tile=(20,6) type=3 sel=false
[devMouse] p0 unit 4 tile=(21,6) type=3 sel=false
[devMouse] p0 unit 5 tile=(21,5) type=3 sel=false
[devMouse] p0 unit 6 tile=(20,5) type=3 sel=false
[devMouse] p0 unit 7 tile=(25,9) type=5 sel=false
[devMouse] p0 unit 8 tile=(26,9) type=5 sel=false
[devMouse] p0 unit 9 tile=(32,3) type=0 sel=false
[devMouse] p0 unit 10 tile=(36,7) type=0 sel=false
[devMouse] p0 unit 11 tile=(36,8) type=0 sel=false
[devMouse] p0 unit 12 tile=(35,6) type=0 sel=false
[devMouse] p1 unit 0 tile=(16,28) type=3 sel=false
[devMouse] p1 unit 1 tile=(18,30) type=3 sel=false
[devMouse] p1 unit 2 tile=(18,39) type=4 sel=false
[devMouse] p1 unit 3 tile=(17,38) type=4 sel=false
[devMouse] p1 unit 4 tile=(51,20) type=3 sel=false
[devMouse] p1 unit 5 tile=(36,14) type=3 sel=false
[devMouse] p1 unit 6 tile=(59,42) type=3 sel=false
[dbg] ar=4723 am=6 aA=6 aH=0 l=false j=false fullRedraw=false
[trace] g->8 (aA=6 am=6)
[trace] g->8 (aA=6 am=6)
[fifo] ar=4747 aistate
[devMouse] aistate written, ar=4747
[dbg] ar=4748 am=6 aA=6 aH=0 l=true j=false fullRedraw=false
[trace] g->8 (aA=6 am=6)
[fifo] ar=4759 state
[devMouse] aA=6/6 cursor=(21,11) cam=(68,172) Q=725 aE=0 Y=0 sel=6
[devMouse] p0 unit 0 tile=(11,24) type=0 sel=false
[devMouse] p0 unit 1 tile=(33,3) type=0 sel=false
[devMouse] p0 unit 2 tile=(58,20) type=0 sel=false
[devMouse] p0 unit 3 tile=(20,6) type=3 sel=false
[devMouse] p0 unit 4 tile=(21,6) type=3 sel=false
[devMouse] p0 unit 5 tile=(21,5) type=3 sel=false
[devMouse] p0 unit 6 tile=(20,5) type=3 sel=false
[devMouse] p0 unit 7 tile=(25,9) type=5 sel=false
[devMouse] p0 unit 8 tile=(26,9) type=5 sel=false
[devMouse] p0 unit 9 tile=(31,2) type=0 sel=false
[devMouse] p0 unit 10 tile=(35,6) type=0 sel=false
[devMouse] p0 unit 11 tile=(35,7) type=0 sel=false
[devMouse] p0 unit 12 tile=(36,4) type=0 sel=false
[devMouse] p1 unit 0 tile=(16,28) type=3 sel=false
[devMouse] p1 unit 1 tile=(18,30) type=3 sel=false
[devMouse] p1 unit 2 tile=(18,39) type=4 sel=false
[devMouse] p1 unit 3 tile=(17,38) type=4 sel=false
[devMouse] p1 unit 4 tile=(51,20) type=3 sel=false
[devMouse] p1 unit 5 tile=(36,14) type=3 sel=false
[devMouse] p1 unit 6 tile=(59,42) type=3 sel=false
[dbg] ar=4773 am=6 aA=6 aH=0 l=false j=false fullRedraw=false
[trace] g->8 (aA=6 am=6)
[trace] g->8 (aA=6 am=6)
[fifo] ar=4793 aistate
[devMouse] aistate written, ar=4793
[trace] g->8 (aA=6 am=6)
[dbg] ar=4798 am=8 aA=6 aH=0 l=true j=false fullRedraw=false
[fifo] ar=4804 state
[devMouse] aA=6/6 cursor=(21,11) cam=(68,172) Q=725 aE=0 Y=0 sel=6
[devMouse] p0 unit 0 tile=(11,24) type=0 sel=false
[devMouse] p0 unit 1 tile=(33,3) type=0 sel=false
[devMouse] p0 unit 2 tile=(58,20) type=0 sel=false
[devMouse] p0 unit 3 tile=(20,6) type=3 sel=false
[devMouse] p0 unit 4 tile=(21,6) type=3 sel=false
[devMouse] p0 unit 5 tile=(21,5) type=3 sel=false
[devMouse] p0 unit 6 tile=(20,5) type=3 sel=false
[devMouse] p0 unit 7 tile=(25,9) type=5 sel=false
[devMouse] p0 unit 8 tile=(26,9) type=5 sel=false
[devMouse] p0 unit 9 tile=(32,3) type=0 sel=false
[devMouse] p0 unit 10 tile=(35,6) type=0 sel=false
[devMouse] p0 unit 11 tile=(35,7) type=0 sel=false
[devMouse] p0 unit 12 tile=(36,7) type=0 sel=false
[devMouse] p1 unit 0 tile=(16,28) type=3 sel=false
[devMouse] p1 unit 1 tile=(18,30) type=3 sel=false
[devMouse] p1 unit 2 tile=(18,39) type=4 sel=false
[devMouse] p1 unit 3 tile=(17,38) type=4 sel=false
[devMouse] p1 unit 4 tile=(51,20) type=3 sel=false
[devMouse] p1 unit 5 tile=(36,14) type=3 sel=false
[devMouse] p1 unit 6 tile=(59,42) type=3 sel=false
[dbg] ar=4823 am=6 aA=6 aH=0 l=false j=false fullRedraw=false
[fifo] ar=4837 aistate
[devMouse] aistate written, ar=4837
[trace] g->8 (aA=6 am=6)
[dbg] ar=4848 am=6 aA=6 aH=0 l=false j=false fullRedraw=false
[fifo] ar=4849 state
[devMouse] aA=6/6 cursor=(21,11) cam=(68,172) Q=725 aE=0 Y=0 sel=6
[devMouse] p0 unit 0 tile=(11,24) type=0 sel=false
[devMouse] p0 unit 1 tile=(33,3) type=0 sel=false
[devMouse] p0 unit 2 tile=(58,20) type=0 sel=false
[devMouse] p0 unit 3 tile=(20,6) type=3 sel=false
[devMouse] p0 unit 4 tile=(21,6) type=3 sel=false
[devMouse] p0 unit 5 tile=(21,5) type=3 sel=false
[devMouse] p0 unit 6 tile=(20,5) type=3 sel=false
[devMouse] p0 unit 7 tile=(25,9) type=5 sel=false
[devMouse] p0 unit 8 tile=(26,9) type=5 sel=false
[devMouse] p0 unit 9 tile=(32,3) type=0 sel=false
[devMouse] p0 unit 10 tile=(35,6) type=0 sel=false
[devMouse] p0 unit 11 tile=(35,4) type=0 sel=false
[devMouse] p0 unit 12 tile=(35,8) type=0 sel=false
[devMouse] p1 unit 0 tile=(16,28) type=3 sel=false
[devMouse] p1 unit 1 tile=(18,30) type=3 sel=false
[devMouse] p1 unit 2 tile=(18,39) type=4 sel=false
[devMouse] p1 unit 3 tile=(17,38) type=4 sel=false
[devMouse] p1 unit 4 tile=(51,20) type=3 sel=false
[devMouse] p1 unit 5 tile=(36,14) type=3 sel=false
[devMouse] p1 unit 6 tile=(59,42) type=3 sel=false
[trace] g->8 (aA=6 am=6)
[dbg] ar=4873 am=6 aA=6 aH=0 l=false j=false fullRedraw=false
[trace] g->8 (aA=6 am=6)
[fifo] ar=4882 aistate
[devMouse] aistate written, ar=4882
[trace] g->8 (aA=6 am=6)
[fifo] ar=4894 state
[devMouse] aA=6/6 cursor=(21,11) cam=(68,172) Q=725 aE=0 Y=0 sel=6
[devMouse] p0 unit 0 tile=(11,24) type=0 sel=false
[devMouse] p0 unit 1 tile=(33,3) type=0 sel=false
[devMouse] p0 unit 2 tile=(58,20) type=0 sel=false
[devMouse] p0 unit 3 tile=(20,6) type=3 sel=false
[devMouse] p0 unit 4 tile=(21,6) type=3 sel=false
[devMouse] p0 unit 5 tile=(21,5) type=3 sel=false
[devMouse] p0 unit 6 tile=(20,5) type=3 sel=false
[devMouse] p0 unit 7 tile=(25,9) type=5 sel=false
[devMouse] p0 unit 8 tile=(26,9) type=5 sel=false
[devMouse] p0 unit 9 tile=(32,3) type=0 sel=false
[devMouse] p0 unit 10 tile=(35,5) type=0 sel=false
[devMouse] p0 unit 11 tile=(35,6) type=0 sel=false
[devMouse] p0 unit 12 tile=(35,8) type=0 sel=false
[devMouse] p1 unit 0 tile=(16,28) type=3 sel=false
[devMouse] p1 unit 1 tile=(18,30) type=3 sel=false
[devMouse] p1 unit 2 tile=(18,39) type=4 sel=false
[devMouse] p1 unit 3 tile=(17,38) type=4 sel=false
[devMouse] p1 unit 4 tile=(51,20) type=3 sel=false
[devMouse] p1 unit 5 tile=(36,14) type=3 sel=false
[devMouse] p1 unit 6 tile=(59,42) type=3 sel=false
[dbg] ar=4898 am=6 aA=6 aH=0 l=false j=false fullRedraw=false
[trace] g->8 (aA=6 am=6)
[dbg] ar=4923 am=6 aA=6 aH=0 l=false j=false fullRedraw=false
[fifo] ar=4925 aistate
[devMouse] aistate written, ar=4925
[fifo] ar=4935 state
[devMouse] aA=6/6 cursor=(21,11) cam=(68,172) Q=725 aE=0 Y=0 sel=6
[devMouse] p0 unit 0 tile=(11,24) type=0 sel=false
[devMouse] p0 unit 1 tile=(33,3) type=0 sel=false
[devMouse] p0 unit 2 tile=(58,20) type=0 sel=false
[devMouse] p0 unit 3 tile=(20,6) type=3 sel=false
[devMouse] p0 unit 4 tile=(21,6) type=3 sel=false
[devMouse] p0 unit 5 tile=(21,5) type=3 sel=false
[devMouse] p0 unit 6 tile=(20,5) type=3 sel=false
[devMouse] p0 unit 7 tile=(25,9) type=5 sel=false
[devMouse] p0 unit 8 tile=(26,9) type=5 sel=false
[devMouse] p0 unit 9 tile=(33,2) type=0 sel=false
[devMouse] p0 unit 10 tile=(36,8) type=0 sel=false
[devMouse] p0 unit 11 tile=(35,6) type=0 sel=false
[devMouse] p0 unit 12 tile=(37,6) type=0 sel=false
[devMouse] p1 unit 0 tile=(16,28) type=3 sel=false
[devMouse] p1 unit 1 tile=(18,30) type=3 sel=false
[devMouse] p1 unit 2 tile=(18,39) type=4 sel=false
[devMouse] p1 unit 3 tile=(17,38) type=4 sel=false
[devMouse] p1 unit 4 tile=(51,20) type=3 sel=false
[devMouse] p1 unit 5 tile=(36,14) type=3 sel=false
[devMouse] p1 unit 6 tile=(59,42) type=3 sel=false
[trace] g->8 (aA=6 am=6)
[trace] g->8 (aA=6 am=6)
[dbg] ar=4948 am=6 aA=6 aH=0 l=false j=false fullRedraw=false
[trace] g->8 (aA=6 am=6)
[fifo] ar=4968 aistate
[devMouse] aistate written, ar=4968
[dbg] ar=4973 am=6 aA=6 aH=0 l=false j=false fullRedraw=false
[fifo] ar=4979 state
[devMouse] aA=6/6 cursor=(21,11) cam=(68,172) Q=725 aE=0 Y=0 sel=6
[devMouse] p0 unit 0 tile=(11,24) type=0 sel=false
[devMouse] p0 unit 1 tile=(33,3) type=0 sel=false
[devMouse] p0 unit 2 tile=(58,20) type=0 sel=false
[devMouse] p0 unit 3 tile=(20,6) type=3 sel=false
[devMouse] p0 unit 4 tile=(21,6) type=3 sel=false
[devMouse] p0 unit 5 tile=(21,5) type=3 sel=false
[devMouse] p0 unit 6 tile=(20,5) type=3 sel=false
[devMouse] p0 unit 7 tile=(25,9) type=5 sel=false
[devMouse] p0 unit 8 tile=(26,9) type=5 sel=false
[devMouse] p0 unit 9 tile=(32,3) type=0 sel=false
[devMouse] p0 unit 10 tile=(35,7) type=0 sel=false
[devMouse] p0 unit 11 tile=(35,6) type=0 sel=false
[devMouse] p0 unit 12 tile=(36,7) type=0 sel=false
[devMouse] p1 unit 0 tile=(16,28) type=3 sel=false
[devMouse] p1 unit 1 tile=(18,30) type=3 sel=false
[devMouse] p1 unit 2 tile=(18,39) type=4 sel=false
[devMouse] p1 unit 3 tile=(17,38) type=4 sel=false
[devMouse] p1 unit 4 tile=(51,20) type=3 sel=false
[devMouse] p1 unit 5 tile=(36,14) type=3 sel=false
[devMouse] p1 unit 6 tile=(59,42) type=3 sel=false
[dbg] ar=4998 am=6 aA=6 aH=0 l=false j=false fullRedraw=false
[trace] g->8 (aA=6 am=6)
[fifo] ar=5013 aistate
[devMouse] aistate written, ar=5013
[trace] g->8 (aA=6 am=6)
[dbg] ar=5023 am=6 aA=6 aH=0 l=false j=false fullRedraw=false
[fifo] ar=5024 state
[devMouse] aA=6/6 cursor=(21,11) cam=(68,172) Q=725 aE=0 Y=0 sel=6
[devMouse] p0 unit 0 tile=(11,24) type=0 sel=false
[devMouse] p0 unit 1 tile=(33,3) type=0 sel=false
[devMouse] p0 unit 2 tile=(58,19) type=0 sel=false
[devMouse] p0 unit 3 tile=(20,6) type=3 sel=false
[devMouse] p0 unit 4 tile=(21,6) type=3 sel=false
[devMouse] p0 unit 5 tile=(21,5) type=3 sel=false
[devMouse] p0 unit 6 tile=(20,5) type=3 sel=false
[devMouse] p0 unit 7 tile=(25,9) type=5 sel=false
[devMouse] p0 unit 8 tile=(26,9) type=5 sel=false
[devMouse] p0 unit 9 tile=(32,3) type=0 sel=false
[devMouse] p0 unit 10 tile=(35,7) type=0 sel=false
[devMouse] p0 unit 11 tile=(36,7) type=0 sel=false
[devMouse] p0 unit 12 tile=(35,6) type=0 sel=false
[devMouse] p1 unit 0 tile=(16,28) type=3 sel=false
[devMouse] p1 unit 1 tile=(18,30) type=3 sel=false
[devMouse] p1 unit 2 tile=(18,39) type=4 sel=false
[devMouse] p1 unit 3 tile=(17,38) type=4 sel=false
[devMouse] p1 unit 4 tile=(51,20) type=3 sel=false
[devMouse] p1 unit 5 tile=(36,14) type=3 sel=false
[devMouse] p1 unit 6 tile=(59,42) type=3 sel=false
[trace] g->8 (aA=6 am=6)
[trace] g->8 (aA=6 am=6)
[dbg] ar=5048 am=6 aA=8 aH=0 l=false j=false fullRedraw=false
[fifo] ar=5057 aistate
[devMouse] aistate written, ar=5057
[fifo] ar=5067 state
[devMouse] aA=6/6 cursor=(21,11) cam=(68,172) Q=725 aE=0 Y=0 sel=6
[devMouse] p0 unit 0 tile=(11,24) type=0 sel=false
[devMouse] p0 unit 1 tile=(33,3) type=0 sel=false
[devMouse] p0 unit 2 tile=(58,20) type=0 sel=false
[devMouse] p0 unit 3 tile=(20,6) type=3 sel=false
[devMouse] p0 unit 4 tile=(21,6) type=3 sel=false
[devMouse] p0 unit 5 tile=(21,5) type=3 sel=false
[devMouse] p0 unit 6 tile=(20,5) type=3 sel=false
[devMouse] p0 unit 7 tile=(25,9) type=5 sel=false
[devMouse] p0 unit 8 tile=(26,9) type=5 sel=false
[devMouse] p0 unit 9 tile=(30,2) type=0 sel=false
[devMouse] p0 unit 10 tile=(36,5) type=0 sel=false
[devMouse] p0 unit 11 tile=(35,8) type=0 sel=false
[devMouse] p0 unit 12 tile=(35,6) type=0 sel=false
[devMouse] p1 unit 0 tile=(16,28) type=3 sel=false
[devMouse] p1 unit 1 tile=(18,30) type=3 sel=false
[devMouse] p1 unit 2 tile=(18,39) type=4 sel=false
[devMouse] p1 unit 3 tile=(17,38) type=4 sel=false
[devMouse] p1 unit 4 tile=(51,20) type=3 sel=false
[devMouse] p1 unit 5 tile=(36,14) type=3 sel=false
[devMouse] p1 unit 6 tile=(59,42) type=3 sel=false
[dbg] ar=5073 am=6 aA=6 aH=0 l=false j=false fullRedraw=false
[trace] g->8 (aA=6 am=6)
[dbg] ar=5098 am=6 aA=6 aH=0 l=true j=false fullRedraw=false
[trace] g->8 (aA=6 am=6)
[fifo] ar=5101 aistate
[devMouse] aistate written, ar=5101
[fifo] ar=5111 state
[devMouse] aA=6/6 cursor=(21,11) cam=(68,172) Q=725 aE=0 Y=0 sel=6
[devMouse] p0 unit 0 tile=(11,24) type=0 sel=false
[devMouse] p0 unit 1 tile=(33,3) type=0 sel=false
[devMouse] p0 unit 2 tile=(58,20) type=0 sel=false
[devMouse] p0 unit 3 tile=(20,6) type=3 sel=false
[devMouse] p0 unit 4 tile=(21,6) type=3 sel=false
[devMouse] p0 unit 5 tile=(21,5) type=3 sel=false
[devMouse] p0 unit 6 tile=(20,5) type=3 sel=false
[devMouse] p0 unit 7 tile=(25,9) type=5 sel=false
[devMouse] p0 unit 8 tile=(26,9) type=5 sel=false
[devMouse] p0 unit 9 tile=(32,3) type=0 sel=false
[devMouse] p0 unit 10 tile=(35,6) type=0 sel=false
[devMouse] p0 unit 11 tile=(35,8) type=0 sel=false
[devMouse] p0 unit 12 tile=(35,4) type=0 sel=false
[devMouse] p1 unit 0 tile=(16,28) type=3 sel=false
[devMouse] p1 unit 1 tile=(18,30) type=3 sel=false
[devMouse] p1 unit 2 tile=(18,39) type=4 sel=false
[devMouse] p1 unit 3 tile=(17,38) type=4 sel=false
[devMouse] p1 unit 4 tile=(51,20) type=3 sel=false
[devMouse] p1 unit 5 tile=(36,14) type=3 sel=false
[devMouse] p1 unit 6 tile=(59,42) type=3 sel=false
[trace] g->8 (aA=6 am=6)
[dbg] ar=5123 am=6 aA=6 aH=0 l=false j=false fullRedraw=false
[fifo] ar=5144 aistate
[devMouse] aistate written, ar=5144
[dbg] ar=5148 am=6 aA=6 aH=0 l=false j=false fullRedraw=false
[trace] g->8 (aA=6 am=6)
[fifo] ar=5154 state
[devMouse] aA=6/6 cursor=(21,11) cam=(68,172) Q=725 aE=0 Y=0 sel=6
[devMouse] p0 unit 0 tile=(12,23) type=0 sel=false
[devMouse] p0 unit 1 tile=(33,3) type=0 sel=false
[devMouse] p0 unit 2 tile=(58,18) type=0 sel=false
[devMouse] p0 unit 3 tile=(20,6) type=3 sel=false
[devMouse] p0 unit 4 tile=(21,6) type=3 sel=false
[devMouse] p0 unit 5 tile=(21,5) type=3 sel=false
[devMouse] p0 unit 6 tile=(20,5) type=3 sel=false
[devMouse] p0 unit 7 tile=(25,9) type=5 sel=false
[devMouse] p0 unit 8 tile=(26,9) type=5 sel=false
[devMouse] p0 unit 9 tile=(32,3) type=0 sel=false
[devMouse] p0 unit 10 tile=(35,6) type=0 sel=false
[devMouse] p0 unit 11 tile=(36,6) type=0 sel=false
[devMouse] p0 unit 12 tile=(35,8) type=0 sel=false
[devMouse] p1 unit 0 tile=(16,28) type=3 sel=false
[devMouse] p1 unit 1 tile=(18,30) type=3 sel=false
[devMouse] p1 unit 2 tile=(18,39) type=4 sel=false
[devMouse] p1 unit 3 tile=(17,38) type=4 sel=false
[devMouse] p1 unit 4 tile=(51,20) type=3 sel=false
[devMouse] p1 unit 5 tile=(36,14) type=3 sel=false
[devMouse] p1 unit 6 tile=(59,42) type=3 sel=false
[trace] g->8 (aA=6 am=6)
[trace] g->8 (aA=6 am=6)
[dbg] ar=5173 am=6 aA=6 aH=0 l=false j=false fullRedraw=false
[trace] g->8 (aA=6 am=6)
[fifo] ar=5187 aistate
[devMouse] aistate written, ar=5187
[dbg] ar=5198 am=6 aA=6 aH=0 l=false j=false fullRedraw=false
[fifo] ar=5200 state
[devMouse] aA=6/6 cursor=(21,11) cam=(68,172) Q=725 aE=0 Y=0 sel=6
[devMouse] p0 unit 0 tile=(11,24) type=0 sel=false
[devMouse] p0 unit 1 tile=(33,3) type=0 sel=false
[devMouse] p0 unit 2 tile=(58,20) type=0 sel=false
[devMouse] p0 unit 3 tile=(20,6) type=3 sel=false
[devMouse] p0 unit 4 tile=(21,6) type=3 sel=false
[devMouse] p0 unit 5 tile=(21,5) type=3 sel=false
[devMouse] p0 unit 6 tile=(20,5) type=3 sel=false
[devMouse] p0 unit 7 tile=(25,9) type=5 sel=false
[devMouse] p0 unit 8 tile=(26,9) type=5 sel=false
[devMouse] p0 unit 9 tile=(32,3) type=0 sel=false
[devMouse] p0 unit 10 tile=(35,6) type=0 sel=false
[devMouse] p0 unit 11 tile=(36,7) type=0 sel=false
[devMouse] p0 unit 12 tile=(35,8) type=0 sel=false
[devMouse] p1 unit 0 tile=(16,28) type=3 sel=false
[devMouse] p1 unit 1 tile=(18,30) type=3 sel=false
[devMouse] p1 unit 2 tile=(18,39) type=4 sel=false
[devMouse] p1 unit 3 tile=(17,38) type=4 sel=false
[devMouse] p1 unit 4 tile=(51,20) type=3 sel=false
[devMouse] p1 unit 5 tile=(36,14) type=3 sel=false
[devMouse] p1 unit 6 tile=(59,42) type=3 sel=false
[dbg] ar=5223 am=6 aA=6 aH=0 l=false j=false fullRedraw=false
[trace] g->8 (aA=6 am=6)
[fifo] ar=5233 aistate
[devMouse] aistate written, ar=5233
[fifo] ar=5245 state
[devMouse] aA=6/6 cursor=(21,11) cam=(68,172) Q=725 aE=0 Y=0 sel=6
[devMouse] p0 unit 0 tile=(11,24) type=0 sel=false
[devMouse] p0 unit 1 tile=(33,3) type=0 sel=false
[devMouse] p0 unit 2 tile=(58,20) type=0 sel=false
[devMouse] p0 unit 3 tile=(20,6) type=3 sel=false
[devMouse] p0 unit 4 tile=(21,6) type=3 sel=false
[devMouse] p0 unit 5 tile=(21,5) type=3 sel=false
[devMouse] p0 unit 6 tile=(20,5) type=3 sel=false
[devMouse] p0 unit 7 tile=(25,9) type=5 sel=false
[devMouse] p0 unit 8 tile=(26,9) type=5 sel=false
[devMouse] p0 unit 9 tile=(32,2) type=0 sel=false
[devMouse] p0 unit 10 tile=(35,6) type=0 sel=false
[devMouse] p0 unit 11 tile=(35,7) type=0 sel=false
[devMouse] p0 unit 12 tile=(35,8) type=0 sel=false
[devMouse] p1 unit 0 tile=(16,28) type=3 sel=false
[devMouse] p1 unit 1 tile=(18,30) type=3 sel=false
[devMouse] p1 unit 2 tile=(18,39) type=4 sel=false
[devMouse] p1 unit 3 tile=(17,38) type=4 sel=false
[devMouse] p1 unit 4 tile=(51,20) type=3 sel=false
[devMouse] p1 unit 5 tile=(36,14) type=3 sel=false
[devMouse] p1 unit 6 tile=(59,42) type=3 sel=false
[dbg] ar=5248 am=6 aA=6 aH=0 l=false j=false fullRedraw=false
[trace] g->8 (aA=6 am=6)
[trace] g->8 (aA=6 am=6)
[dbg] ar=5273 am=6 aA=6 aH=0 l=false j=false fullRedraw=false
[fifo] ar=5278 aistate
[devMouse] aistate written, ar=5278
[trace] g->8 (aA=6 am=6)
[fifo] ar=5290 state
[devMouse] aA=6/6 cursor=(21,11) cam=(68,172) Q=725 aE=0 Y=0 sel=6
[devMouse] p0 unit 0 tile=(11,24) type=0 sel=false
[devMouse] p0 unit 1 tile=(33,3) type=0 sel=false
[devMouse] p0 unit 2 tile=(58,18) type=0 sel=false
[devMouse] p0 unit 3 tile=(20,6) type=3 sel=false
[devMouse] p0 unit 4 tile=(21,6) type=3 sel=false
[devMouse] p0 unit 5 tile=(21,5) type=3 sel=false
[devMouse] p0 unit 6 tile=(20,5) type=3 sel=false
[devMouse] p0 unit 7 tile=(25,9) type=5 sel=false
[devMouse] p0 unit 8 tile=(26,9) type=5 sel=false
[devMouse] p0 unit 9 tile=(32,3) type=0 sel=false
[devMouse] p0 unit 10 tile=(35,6) type=0 sel=false
[devMouse] p0 unit 11 tile=(35,7) type=0 sel=false
[devMouse] p0 unit 12 tile=(35,4) type=0 sel=false
[devMouse] p1 unit 0 tile=(16,28) type=3 sel=false
[devMouse] p1 unit 1 tile=(18,30) type=3 sel=false
[devMouse] p1 unit 2 tile=(18,39) type=4 sel=false
[devMouse] p1 unit 3 tile=(17,38) type=4 sel=false
[devMouse] p1 unit 4 tile=(51,20) type=3 sel=false
[devMouse] p1 unit 5 tile=(36,14) type=3 sel=false
[devMouse] p1 unit 6 tile=(59,42) type=3 sel=false
[trace] g->8 (aA=6 am=6)
[dbg] ar=5298 am=6 aA=6 aH=0 l=false j=false fullRedraw=false
[trace] g->8 (aA=6 am=6)
[fifo] ar=5323 aistate
[devMouse] aistate written, ar=5323
[dbg] ar=5323 am=6 aA=6 aH=0 l=false j=false fullRedraw=false
[fifo] ar=5333 state
[devMouse] aA=6/6 cursor=(21,11) cam=(68,172) Q=725 aE=0 Y=0 sel=6
[devMouse] p0 unit 0 tile=(11,24) type=0 sel=false
[devMouse] p0 unit 1 tile=(33,3) type=0 sel=false
[devMouse] p0 unit 2 tile=(58,20) type=0 sel=false
[devMouse] p0 unit 3 tile=(20,6) type=3 sel=false
[devMouse] p0 unit 4 tile=(21,6) type=3 sel=false
[devMouse] p0 unit 5 tile=(21,5) type=3 sel=false
[devMouse] p0 unit 6 tile=(20,5) type=3 sel=false
[devMouse] p0 unit 7 tile=(25,9) type=5 sel=false
[devMouse] p0 unit 8 tile=(26,9) type=5 sel=false
[devMouse] p0 unit 9 tile=(32,3) type=0 sel=false
[devMouse] p0 unit 10 tile=(35,6) type=0 sel=false
[devMouse] p0 unit 11 tile=(35,7) type=0 sel=false
[devMouse] p0 unit 12 tile=(35,8) type=0 sel=false
[devMouse] p1 unit 0 tile=(16,28) type=3 sel=false
[devMouse] p1 unit 1 tile=(18,30) type=3 sel=false
[devMouse] p1 unit 2 tile=(18,39) type=4 sel=false
[devMouse] p1 unit 3 tile=(17,38) type=4 sel=false
[devMouse] p1 unit 4 tile=(51,20) type=3 sel=false
[devMouse] p1 unit 5 tile=(36,14) type=3 sel=false
[devMouse] p1 unit 6 tile=(59,42) type=3 sel=false
[dbg] ar=5348 am=6 aA=6 aH=0 l=false j=false fullRedraw=false
[trace] g->8 (aA=6 am=6)
[fifo] ar=5366 aistate
[devMouse] aistate written, ar=5366
[trace] g->8 (aA=6 am=6)
[dbg] ar=5373 am=6 aA=8 aH=0 l=false j=false fullRedraw=false
[fifo] ar=5378 state
[devMouse] aA=6/6 cursor=(21,11) cam=(68,172) Q=725 aE=0 Y=0 sel=6
[devMouse] p0 unit 0 tile=(11,24) type=0 sel=false
[devMouse] p0 unit 1 tile=(33,3) type=0 sel=false
[devMouse] p0 unit 2 tile=(58,20) type=0 sel=false
[devMouse] p0 unit 3 tile=(20,6) type=3 sel=false
[devMouse] p0 unit 4 tile=(21,6) type=3 sel=false
[devMouse] p0 unit 5 tile=(21,5) type=3 sel=false
[devMouse] p0 unit 6 tile=(20,5) type=3 sel=false
[devMouse] p0 unit 7 tile=(25,9) type=5 sel=false
[devMouse] p0 unit 8 tile=(26,9) type=5 sel=false
[devMouse] p0 unit 9 tile=(30,2) type=0 sel=false
[devMouse] p0 unit 10 tile=(35,5) type=0 sel=false
[devMouse] p0 unit 11 tile=(35,4) type=0 sel=false
[devMouse] p0 unit 12 tile=(35,8) type=0 sel=false
[devMouse] p1 unit 0 tile=(16,28) type=3 sel=false
[devMouse] p1 unit 1 tile=(18,30) type=3 sel=false
[devMouse] p1 unit 2 tile=(18,39) type=4 sel=false
[devMouse] p1 unit 3 tile=(17,38) type=4 sel=false
[devMouse] p1 unit 4 tile=(51,20) type=3 sel=false
[devMouse] p1 unit 5 tile=(36,14) type=3 sel=false
[devMouse] p1 unit 6 tile=(59,42) type=3 sel=false
[trace] g->8 (aA=6 am=6)
[dbg] ar=5398 am=6 aA=6 aH=0 l=false j=false fullRedraw=false
[trace] g->8 (aA=6 am=6)
[fifo] ar=5409 aistate
[devMouse] aistate written, ar=5409
[trace] g->8 (aA=6 am=6)
[fifo] ar=5421 state
[devMouse] aA=6/6 cursor=(21,11) cam=(68,172) Q=725 aE=0 Y=0 sel=6
[devMouse] p0 unit 0 tile=(11,24) type=0 sel=false
[devMouse] p0 unit 1 tile=(33,3) type=0 sel=false
[devMouse] p0 unit 2 tile=(59,19) type=0 sel=false
[devMouse] p0 unit 3 tile=(20,6) type=3 sel=false
[devMouse] p0 unit 4 tile=(21,6) type=3 sel=false
[devMouse] p0 unit 5 tile=(21,5) type=3 sel=false
[devMouse] p0 unit 6 tile=(20,5) type=3 sel=false
[devMouse] p0 unit 7 tile=(25,9) type=5 sel=false
[devMouse] p0 unit 8 tile=(26,9) type=5 sel=false
[devMouse] p0 unit 9 tile=(32,3) type=0 sel=false
[devMouse] p0 unit 10 tile=(35,6) type=0 sel=false
[devMouse] p0 unit 11 tile=(37,9) type=0 sel=false
[devMouse] p0 unit 12 tile=(35,8) type=0 sel=false
[devMouse] p1 unit 0 tile=(16,28) type=3 sel=false
[devMouse] p1 unit 1 tile=(18,30) type=3 sel=false
[devMouse] p1 unit 2 tile=(18,39) type=4 sel=false
[devMouse] p1 unit 3 tile=(17,38) type=4 sel=false
[devMouse] p1 unit 4 tile=(51,20) type=3 sel=false
[devMouse] p1 unit 5 tile=(36,14) type=3 sel=false
[devMouse] p1 unit 6 tile=(59,42) type=3 sel=false
[dbg] ar=5423 am=6 aA=6 aH=0 l=false j=false fullRedraw=false
[trace] g->8 (aA=6 am=6)
[dbg] ar=5448 am=6 aA=6 aH=0 l=false j=false fullRedraw=false
[fifo] ar=5454 aistate
[devMouse] aistate written, ar=5455
[trace] g->8 (aA=6 am=6)
[fifo] ar=5465 state
[devMouse] aA=6/6 cursor=(21,11) cam=(68,172) Q=725 aE=0 Y=0 sel=6
[devMouse] p0 unit 0 tile=(11,24) type=0 sel=false
[devMouse] p0 unit 1 tile=(33,3) type=0 sel=false
[devMouse] p0 unit 2 tile=(58,20) type=0 sel=false
[devMouse] p0 unit 3 tile=(20,6) type=3 sel=false
[devMouse] p0 unit 4 tile=(21,6) type=3 sel=false
[devMouse] p0 unit 5 tile=(21,5) type=3 sel=false
[devMouse] p0 unit 6 tile=(20,5) type=3 sel=false
[devMouse] p0 unit 7 tile=(25,9) type=5 sel=false
[devMouse] p0 unit 8 tile=(26,9) type=5 sel=false
[devMouse] p0 unit 9 tile=(32,3) type=0 sel=false
[devMouse] p0 unit 10 tile=(35,6) type=0 sel=false
[devMouse] p0 unit 11 tile=(35,7) type=0 sel=false
[devMouse] p0 unit 12 tile=(35,4) type=0 sel=false
[devMouse] p1 unit 0 tile=(16,28) type=3 sel=false
[devMouse] p1 unit 1 tile=(18,30) type=3 sel=false
[devMouse] p1 unit 2 tile=(18,39) type=4 sel=false
[devMouse] p1 unit 3 tile=(17,38) type=4 sel=false
[devMouse] p1 unit 4 tile=(51,20) type=3 sel=false
[devMouse] p1 unit 5 tile=(36,14) type=3 sel=false
[devMouse] p1 unit 6 tile=(59,42) type=3 sel=false
[trace] g->8 (aA=6 am=6)
[dbg] ar=5473 am=6 aA=6 aH=0 l=false j=false fullRedraw=false
[fifo] ar=5498 aistate
[dbg] ar=5498 am=6 aA=6 aH=0 l=false j=false fullRedraw=false
[devMouse] aistate written, ar=5499
[fifo] ar=5509 state
[devMouse] aA=6/6 cursor=(21,11) cam=(68,172) Q=725 aE=0 Y=0 sel=6
[devMouse] p0 unit 0 tile=(11,24) type=0 sel=false
[devMouse] p0 unit 1 tile=(33,3) type=0 sel=false
[devMouse] p0 unit 2 tile=(58,20) type=0 sel=false
[devMouse] p0 unit 3 tile=(20,6) type=3 sel=false
[devMouse] p0 unit 4 tile=(21,6) type=3 sel=false
[devMouse] p0 unit 5 tile=(21,5) type=3 sel=false
[devMouse] p0 unit 6 tile=(20,5) type=3 sel=false
[devMouse] p0 unit 7 tile=(25,9) type=5 sel=false
[devMouse] p0 unit 8 tile=(26,9) type=5 sel=false
[devMouse] p0 unit 9 tile=(32,3) type=0 sel=false
[devMouse] p0 unit 10 tile=(35,4) type=0 sel=false
[devMouse] p0 unit 11 tile=(35,7) type=0 sel=false
[devMouse] p0 unit 12 tile=(35,6) type=0 sel=false
[devMouse] p1 unit 0 tile=(16,28) type=3 sel=false
[devMouse] p1 unit 1 tile=(18,30) type=3 sel=false
[devMouse] p1 unit 2 tile=(18,39) type=4 sel=false
[devMouse] p1 unit 3 tile=(17,38) type=4 sel=false
[devMouse] p1 unit 4 tile=(51,20) type=3 sel=false
[devMouse] p1 unit 5 tile=(36,14) type=3 sel=false
[devMouse] p1 unit 6 tile=(59,42) type=3 sel=false
[trace] g->8 (aA=6 am=6)
[dbg] ar=5523 am=6 aA=6 aH=0 l=false j=false fullRedraw=false
[trace] g->8 (aA=6 am=6)
[fifo] ar=5541 aistate
[devMouse] aistate written, ar=5541
[dbg] ar=5548 am=6 aA=6 aH=0 l=false j=false fullRedraw=false
[fifo] ar=5552 state
[devMouse] aA=6/6 cursor=(21,11) cam=(68,172) Q=725 aE=0 Y=0 sel=6
[devMouse] p0 unit 0 tile=(11,24) type=0 sel=false
[devMouse] p0 unit 1 tile=(33,3) type=0 sel=false
[devMouse] p0 unit 2 tile=(58,20) type=0 sel=false
[devMouse] p0 unit 3 tile=(20,6) type=3 sel=false
[devMouse] p0 unit 4 tile=(21,6) type=3 sel=false
[devMouse] p0 unit 5 tile=(21,5) type=3 sel=false
[devMouse] p0 unit 6 tile=(20,5) type=3 sel=false
[devMouse] p0 unit 7 tile=(25,9) type=5 sel=false
[devMouse] p0 unit 8 tile=(26,9) type=5 sel=false
[devMouse] p0 unit 9 tile=(31,2) type=0 sel=false
[devMouse] p0 unit 10 tile=(35,8) type=0 sel=false
[devMouse] p0 unit 11 tile=(36,6) type=0 sel=false
[devMouse] p0 unit 12 tile=(35,6) type=0 sel=false
[devMouse] p1 unit 0 tile=(16,28) type=3 sel=false
[devMouse] p1 unit 1 tile=(18,30) type=3 sel=false
[devMouse] p1 unit 2 tile=(18,39) type=4 sel=false
[devMouse] p1 unit 3 tile=(17,38) type=4 sel=false
[devMouse] p1 unit 4 tile=(51,20) type=3 sel=false
[devMouse] p1 unit 5 tile=(36,14) type=3 sel=false
[devMouse] p1 unit 6 tile=(59,42) type=3 sel=false
[trace] g->8 (aA=6 am=6)
[trace] g->8 (aA=6 am=6)
[dbg] ar=5573 am=8 aA=6 aH=0 l=true j=false fullRedraw=false
[trace] g->8 (aA=6 am=6)
[trace] g->8 (aA=6 am=6)
[fifo] ar=5584 aistate
[devMouse] aistate written, ar=5584
[fifo] ar=5595 state
[devMouse] aA=6/6 cursor=(21,11) cam=(68,172) Q=725 aE=0 Y=0 sel=6
[devMouse] p0 unit 0 tile=(11,24) type=0 sel=false
[devMouse] p0 unit 1 tile=(33,3) type=0 sel=false
[devMouse] p0 unit 2 tile=(58,20) type=0 sel=false
[devMouse] p0 unit 3 tile=(20,6) type=3 sel=false
[devMouse] p0 unit 4 tile=(21,6) type=3 sel=false
[devMouse] p0 unit 5 tile=(21,5) type=3 sel=false
[devMouse] p0 unit 6 tile=(20,5) type=3 sel=false
[devMouse] p0 unit 7 tile=(25,9) type=5 sel=false
[devMouse] p0 unit 8 tile=(26,9) type=5 sel=false
[devMouse] p0 unit 9 tile=(32,3) type=0 sel=false
[devMouse] p0 unit 10 tile=(35,8) type=0 sel=false
[devMouse] p0 unit 11 tile=(36,7) type=0 sel=false
[devMouse] p0 unit 12 tile=(35,6) type=0 sel=false
[devMouse] p1 unit 0 tile=(16,28) type=3 sel=false
[devMouse] p1 unit 1 tile=(18,30) type=3 sel=false
[devMouse] p1 unit 2 tile=(18,39) type=4 sel=false
[devMouse] p1 unit 3 tile=(17,38) type=4 sel=false
[devMouse] p1 unit 4 tile=(51,20) type=3 sel=false
[devMouse] p1 unit 5 tile=(36,14) type=3 sel=false
[devMouse] p1 unit 6 tile=(59,42) type=3 sel=false
[dbg] ar=5598 am=6 aA=6 aH=0 l=false j=false fullRedraw=false
[dbg] ar=5623 am=6 aA=6 aH=0 l=false j=false fullRedraw=false
[trace] g->8 (aA=6 am=6)
[fifo] ar=5629 aistate
[devMouse] aistate written, ar=5629
[fifo] ar=5639 state
[devMouse] aA=6/6 cursor=(21,11) cam=(68,172) Q=725 aE=0 Y=0 sel=6
[devMouse] p0 unit 0 tile=(11,24) type=0 sel=false
[devMouse] p0 unit 1 tile=(33,3) type=0 sel=false
[devMouse] p0 unit 2 tile=(58,20) type=0 sel=false
[devMouse] p0 unit 3 tile=(20,6) type=3 sel=false
[devMouse] p0 unit 4 tile=(21,6) type=3 sel=false
[devMouse] p0 unit 5 tile=(21,5) type=3 sel=false
[devMouse] p0 unit 6 tile=(20,5) type=3 sel=false
[devMouse] p0 unit 7 tile=(25,9) type=5 sel=false
[devMouse] p0 unit 8 tile=(26,9) type=5 sel=false
[devMouse] p0 unit 9 tile=(32,3) type=0 sel=false
[devMouse] p0 unit 10 tile=(35,8) type=0 sel=false
[devMouse] p0 unit 11 tile=(35,7) type=0 sel=false
[devMouse] p0 unit 12 tile=(35,6) type=0 sel=false
[devMouse] p1 unit 0 tile=(16,28) type=3 sel=false
[devMouse] p1 unit 1 tile=(18,30) type=3 sel=false
[devMouse] p1 unit 2 tile=(18,39) type=4 sel=false
[devMouse] p1 unit 3 tile=(17,38) type=4 sel=false
[devMouse] p1 unit 4 tile=(51,20) type=3 sel=false
[devMouse] p1 unit 5 tile=(36,14) type=3 sel=false
[devMouse] p1 unit 6 tile=(59,42) type=3 sel=false
[dbg] ar=5648 am=6 aA=6 aH=0 l=false j=false fullRedraw=false
[trace] g->8 (aA=6 am=6)
[trace] g->8 (aA=6 am=6)
[dbg] ar=5673 am=6 aA=6 aH=0 l=false j=false fullRedraw=false
[fifo] ar=5674 aistate
[devMouse] aistate written, ar=5674
[fifo] ar=5685 state
[devMouse] aA=6/6 cursor=(21,11) cam=(68,172) Q=725 aE=0 Y=0 sel=6
[devMouse] p0 unit 0 tile=(11,24) type=0 sel=false
[devMouse] p0 unit 1 tile=(33,3) type=0 sel=false
[devMouse] p0 unit 2 tile=(58,20) type=0 sel=false
[devMouse] p0 unit 3 tile=(20,6) type=3 sel=false
[devMouse] p0 unit 4 tile=(21,6) type=3 sel=false
[devMouse] p0 unit 5 tile=(21,5) type=3 sel=false
[devMouse] p0 unit 6 tile=(20,5) type=3 sel=false
[devMouse] p0 unit 7 tile=(25,9) type=5 sel=false
[devMouse] p0 unit 8 tile=(26,9) type=5 sel=false
[devMouse] p0 unit 9 tile=(31,3) type=0 sel=false
[devMouse] p0 unit 10 tile=(35,4) type=0 sel=false
[devMouse] p0 unit 11 tile=(35,7) type=0 sel=false
[devMouse] p0 unit 12 tile=(35,6) type=0 sel=false
[devMouse] p1 unit 0 tile=(16,28) type=3 sel=false
[devMouse] p1 unit 1 tile=(18,30) type=3 sel=false
[devMouse] p1 unit 2 tile=(18,39) type=4 sel=false
[devMouse] p1 unit 3 tile=(17,38) type=4 sel=false
[devMouse] p1 unit 4 tile=(51,20) type=3 sel=false
[devMouse] p1 unit 5 tile=(36,14) type=3 sel=false
[devMouse] p1 unit 6 tile=(59,42) type=3 sel=false
[trace] g->8 (aA=6 am=6)
[dbg] ar=5698 am=6 aA=6 aH=0 l=false j=false fullRedraw=false
[fifo] ar=5719 aistate
[devMouse] aistate written, ar=5719
[trace] g->8 (aA=6 am=6)
[dbg] ar=5723 am=6 aA=6 aH=0 l=false j=false fullRedraw=false
[trace] g->8 (aA=6 am=6)
[fifo] ar=5731 state
[devMouse] aA=6/8 cursor=(21,11) cam=(68,172) Q=725 aE=0 Y=0 sel=6
[devMouse] p0 unit 0 tile=(11,24) type=0 sel=false
[devMouse] p0 unit 1 tile=(33,3) type=0 sel=false
[devMouse] p0 unit 2 tile=(58,20) type=0 sel=false
[devMouse] p0 unit 3 tile=(20,6) type=3 sel=false
[devMouse] p0 unit 4 tile=(21,6) type=3 sel=false
[devMouse] p0 unit 5 tile=(21,5) type=3 sel=false
[devMouse] p0 unit 6 tile=(20,5) type=3 sel=false
[devMouse] p0 unit 7 tile=(25,9) type=5 sel=false
[devMouse] p0 unit 8 tile=(26,9) type=5 sel=false
[devMouse] p0 unit 9 tile=(32,3) type=0 sel=false
[devMouse] p0 unit 10 tile=(35,8) type=0 sel=false
[devMouse] p0 unit 11 tile=(35,7) type=0 sel=false
[devMouse] p0 unit 12 tile=(35,6) type=0 sel=false
[devMouse] p1 unit 0 tile=(16,28) type=3 sel=false
[devMouse] p1 unit 1 tile=(18,30) type=3 sel=false
[devMouse] p1 unit 2 tile=(18,39) type=4 sel=false
[devMouse] p1 unit 3 tile=(17,38) type=4 sel=false
[devMouse] p1 unit 4 tile=(51,20) type=3 sel=false
[devMouse] p1 unit 5 tile=(36,14) type=3 sel=false
[devMouse] p1 unit 6 tile=(59,42) type=3 sel=false
[dbg] ar=5748 am=6 aA=6 aH=0 l=false j=false fullRedraw=false
[fifo] ar=5765 aistate
[devMouse] aistate written, ar=5765
[trace] g->8 (aA=6 am=6)
[dbg] ar=5773 am=6 aA=6 aH=0 l=true j=false fullRedraw=false
[trace] g->8 (aA=6 am=6)
[fifo] ar=5776 state
[devMouse] aA=6/6 cursor=(21,11) cam=(68,172) Q=725 aE=0 Y=0 sel=6
[devMouse] p0 unit 0 tile=(11,24) type=0 sel=false
[devMouse] p0 unit 1 tile=(33,3) type=0 sel=false
[devMouse] p0 unit 2 tile=(58,20) type=0 sel=false
[devMouse] p0 unit 3 tile=(20,6) type=3 sel=false
[devMouse] p0 unit 4 tile=(21,6) type=3 sel=false
[devMouse] p0 unit 5 tile=(21,5) type=3 sel=false
[devMouse] p0 unit 6 tile=(20,5) type=3 sel=false
[devMouse] p0 unit 7 tile=(25,9) type=5 sel=false
[devMouse] p0 unit 8 tile=(26,9) type=5 sel=false
[devMouse] p0 unit 9 tile=(32,3) type=0 sel=false
[devMouse] p0 unit 10 tile=(35,8) type=0 sel=false
[devMouse] p0 unit 11 tile=(35,4) type=0 sel=false
[devMouse] p0 unit 12 tile=(35,5) type=0 sel=false
[devMouse] p1 unit 0 tile=(16,28) type=3 sel=false
[devMouse] p1 unit 1 tile=(18,30) type=3 sel=false
[devMouse] p1 unit 2 tile=(18,39) type=4 sel=false
[devMouse] p1 unit 3 tile=(17,38) type=4 sel=false
[devMouse] p1 unit 4 tile=(51,20) type=3 sel=false
[devMouse] p1 unit 5 tile=(36,14) type=3 sel=false
[devMouse] p1 unit 6 tile=(59,42) type=3 sel=false
[trace] g->8 (aA=6 am=6)
[dbg] ar=5798 am=6 aA=6 aH=0 l=false j=false fullRedraw=false
[fifo] ar=5809 aistate
[devMouse] aistate written, ar=5809
[fifo] ar=5821 state
[devMouse] aA=6/6 cursor=(21,11) cam=(68,172) Q=725 aE=0 Y=0 sel=6
[devMouse] p0 unit 0 tile=(11,24) type=0 sel=false
[devMouse] p0 unit 1 tile=(33,3) type=0 sel=false
[devMouse] p0 unit 2 tile=(58,20) type=0 sel=false
[devMouse] p0 unit 3 tile=(20,6) type=3 sel=false
[devMouse] p0 unit 4 tile=(21,6) type=3 sel=false
[devMouse] p0 unit 5 tile=(21,5) type=3 sel=false
[devMouse] p0 unit 6 tile=(20,5) type=3 sel=false
[devMouse] p0 unit 7 tile=(25,9) type=5 sel=false
[devMouse] p0 unit 8 tile=(26,9) type=5 sel=false
[devMouse] p0 unit 9 tile=(32,3) type=0 sel=false
[devMouse] p0 unit 10 tile=(35,8) type=0 sel=false
[devMouse] p0 unit 11 tile=(37,9) type=0 sel=false
[devMouse] p0 unit 12 tile=(35,6) type=0 sel=false
[devMouse] p1 unit 0 tile=(16,28) type=3 sel=false
[devMouse] p1 unit 1 tile=(18,30) type=3 sel=false
[devMouse] p1 unit 2 tile=(18,39) type=4 sel=false
[devMouse] p1 unit 3 tile=(17,38) type=4 sel=false
[devMouse] p1 unit 4 tile=(51,20) type=3 sel=false
[devMouse] p1 unit 5 tile=(36,14) type=3 sel=false
[devMouse] p1 unit 6 tile=(59,42) type=3 sel=false
[dbg] ar=5823 am=6 aA=6 aH=0 l=false j=false fullRedraw=false
[dbg] ar=5848 am=6 aA=6 aH=0 l=false j=false fullRedraw=false
[fifo] ar=5855 aistate
[devMouse] aistate written, ar=5855
[trace] g->8 (aA=6 am=6)
[trace] g->8 (aA=6 am=6)
[fifo] ar=5867 state
[devMouse] aA=6/6 cursor=(21,11) cam=(68,172) Q=725 aE=0 Y=0 sel=6
[devMouse] p0 unit 0 tile=(11,24) type=0 sel=false
[devMouse] p0 unit 1 tile=(33,3) type=0 sel=false
[devMouse] p0 unit 2 tile=(58,19) type=0 sel=false
[devMouse] p0 unit 3 tile=(20,6) type=3 sel=false
[devMouse] p0 unit 4 tile=(21,6) type=3 sel=false
[devMouse] p0 unit 5 tile=(21,5) type=3 sel=false
[devMouse] p0 unit 6 tile=(20,5) type=3 sel=false
[devMouse] p0 unit 7 tile=(25,9) type=5 sel=false
[devMouse] p0 unit 8 tile=(26,9) type=5 sel=false
[devMouse] p0 unit 9 tile=(31,2) type=0 sel=false
[devMouse] p0 unit 10 tile=(35,5) type=0 sel=false
[devMouse] p0 unit 11 tile=(35,7) type=0 sel=false
[devMouse] p0 unit 12 tile=(35,6) type=0 sel=false
[devMouse] p1 unit 0 tile=(16,28) type=3 sel=false
[devMouse] p1 unit 1 tile=(18,30) type=3 sel=false
[devMouse] p1 unit 2 tile=(18,39) type=4 sel=false
[devMouse] p1 unit 3 tile=(17,38) type=4 sel=false
[devMouse] p1 unit 4 tile=(51,20) type=3 sel=false
[devMouse] p1 unit 5 tile=(36,14) type=3 sel=false
[devMouse] p1 unit 6 tile=(59,42) type=3 sel=false
[dbg] ar=5873 am=6 aA=6 aH=0 l=false j=false fullRedraw=false
[trace] g->8 (aA=6 am=6)
[trace] g->8 (aA=6 am=6)
[trace] g->8 (aA=6 am=6)
[dbg] ar=5898 am=6 aA=6 aH=0 l=false j=false fullRedraw=false
[fifo] ar=5900 aistate
[devMouse] aistate written, ar=5900
[trace] g->8 (aA=6 am=6)
[fifo] ar=5911 state
[devMouse] aA=6/6 cursor=(21,11) cam=(68,172) Q=725 aE=0 Y=0 sel=6
[devMouse] p0 unit 0 tile=(11,24) type=0 sel=false
[devMouse] p0 unit 1 tile=(33,3) type=0 sel=false
[devMouse] p0 unit 2 tile=(58,20) type=0 sel=false
[devMouse] p0 unit 3 tile=(20,6) type=3 sel=false
[devMouse] p0 unit 4 tile=(21,6) type=3 sel=false
[devMouse] p0 unit 5 tile=(21,5) type=3 sel=false
[devMouse] p0 unit 6 tile=(20,5) type=3 sel=false
[devMouse] p0 unit 7 tile=(25,9) type=5 sel=false
[devMouse] p0 unit 8 tile=(26,9) type=5 sel=false
[devMouse] p0 unit 9 tile=(32,3) type=0 sel=false
[devMouse] p0 unit 10 tile=(35,6) type=0 sel=false
[devMouse] p0 unit 11 tile=(35,7) type=0 sel=false
[devMouse] p0 unit 12 tile=(35,5) type=0 sel=false
[devMouse] p1 unit 0 tile=(16,28) type=3 sel=false
[devMouse] p1 unit 1 tile=(18,30) type=3 sel=false
[devMouse] p1 unit 2 tile=(18,39) type=4 sel=false
[devMouse] p1 unit 3 tile=(17,38) type=4 sel=false
[devMouse] p1 unit 4 tile=(51,20) type=3 sel=false
[devMouse] p1 unit 5 tile=(36,14) type=3 sel=false
[devMouse] p1 unit 6 tile=(59,42) type=3 sel=false
[dbg] ar=5923 am=6 aA=6 aH=0 l=false j=false fullRedraw=false
[fifo] ar=5945 aistate
[devMouse] aistate written, ar=5945
[dbg] ar=5948 am=6 aA=6 aH=0 l=false j=false fullRedraw=false
[fifo] ar=5958 state
[devMouse] aA=6/6 cursor=(21,11) cam=(68,172) Q=725 aE=0 Y=0 sel=6
[devMouse] p0 unit 0 tile=(11,24) type=0 sel=false
[devMouse] p0 unit 1 tile=(33,3) type=0 sel=false
[devMouse] p0 unit 2 tile=(58,20) type=0 sel=false
[devMouse] p0 unit 3 tile=(20,6) type=3 sel=false
[devMouse] p0 unit 4 tile=(21,6) type=3 sel=false
[devMouse] p0 unit 5 tile=(21,5) type=3 sel=false
[devMouse] p0 unit 6 tile=(20,5) type=3 sel=false
[devMouse] p0 unit 7 tile=(25,9) type=5 sel=false
[devMouse] p0 unit 8 tile=(26,9) type=5 sel=false
[devMouse] p0 unit 9 tile=(32,3) type=0 sel=false
[devMouse] p0 unit 10 tile=(35,6) type=0 sel=false
[devMouse] p0 unit 11 tile=(36,5) type=0 sel=false
[devMouse] p0 unit 12 tile=(34,7) type=0 sel=false
[devMouse] p1 unit 0 tile=(16,28) type=3 sel=false
[devMouse] p1 unit 1 tile=(18,30) type=3 sel=false
[devMouse] p1 unit 2 tile=(18,39) type=4 sel=false
[devMouse] p1 unit 3 tile=(17,38) type=4 sel=false
[devMouse] p1 unit 4 tile=(51,20) type=3 sel=false
[devMouse] p1 unit 5 tile=(36,14) type=3 sel=false
[devMouse] p1 unit 6 tile=(59,42) type=3 sel=false
[dbg] ar=5973 am=6 aA=6 aH=0 l=true j=false fullRedraw=false
[trace] g->8 (aA=6 am=6)
[trace] g->8 (aA=6 am=6)
[fifo] ar=5992 aistate
[devMouse] aistate written, ar=5992
[dbg] ar=5998 am=6 aA=6 aH=0 l=false j=false fullRedraw=false
[trace] g->8 (aA=6 am=6)
[fifo] ar=6004 state
[devMouse] aA=6/6 cursor=(21,11) cam=(68,172) Q=725 aE=0 Y=0 sel=6
[devMouse] p0 unit 0 tile=(11,24) type=0 sel=false
[devMouse] p0 unit 1 tile=(33,3) type=0 sel=false
[devMouse] p0 unit 2 tile=(58,19) type=0 sel=false
[devMouse] p0 unit 3 tile=(20,6) type=3 sel=false
[devMouse] p0 unit 4 tile=(21,6) type=3 sel=false
[devMouse] p0 unit 5 tile=(21,5) type=3 sel=false
[devMouse] p0 unit 6 tile=(20,5) type=3 sel=false
[devMouse] p0 unit 7 tile=(25,9) type=5 sel=false
[devMouse] p0 unit 8 tile=(26,9) type=5 sel=false
[devMouse] p0 unit 9 tile=(31,3) type=0 sel=false
[devMouse] p0 unit 10 tile=(36,5) type=0 sel=false
[devMouse] p0 unit 11 tile=(35,7) type=0 sel=false
[devMouse] p0 unit 12 tile=(34,7) type=0 sel=false
[devMouse] p1 unit 0 tile=(16,28) type=3 sel=false
[devMouse] p1 unit 1 tile=(18,30) type=3 sel=false
[devMouse] p1 unit 2 tile=(18,39) type=4 sel=false
[devMouse] p1 unit 3 tile=(17,38) type=4 sel=false
[devMouse] p1 unit 4 tile=(51,20) type=3 sel=false
[devMouse] p1 unit 5 tile=(36,14) type=3 sel=false
[devMouse] p1 unit 6 tile=(59,42) type=3 sel=false
[trace] g->8 (aA=6 am=6)
[trace] g->8 (aA=6 am=6)
[dbg] ar=6023 am=6 aA=8 aH=0 l=false j=false fullRedraw=false
[fifo] ar=6036 aistate
[devMouse] aistate written, ar=6036
[trace] g(0,98,0) ac=32
[trace] g->2 (aA=6 am=6)
[result] WIN ticks=6037
