[devMouse] listening on /tmp/aoe-camp/m3/fifo
[fMenu] ao=5 Z=0 aR=187 tmpl=1029
[fMenu] ao=5 Z=0 aR=187 tmpl=1029
[fMenu] ao=5 Z=0 aR=187 tmpl=1029
[fMenu] ao=5 Z=0 aR=187 tmpl=1029
[fMenu] ao=5 Z=0 aR=187 tmpl=1029
[fMenu] ao=5 Z=0 aR=187 tmpl=1029
[fMenu] ao=5 Z=0 aR=187 tmpl=1029
[fMenu] ao=5 Z=0 aR=187 tmpl=1029
[fMenu] ao=5 Z=0 aR=187 tmpl=1029
[fMenu] ao=5 Z=0 aR=187 tmpl=1029
[fMenu] ao=5 Z=0 aR=187 tmpl=1029
[fMenu] ao=5 Z=0 aR=187 tmpl=1029
[k] node=218 mode=0 type=4 op=5
[menuGate] ax=0 ab=0
[fMenu] ao=5 Z=0 aR=187 tmpl=1029
[k] node=218 mode=0 type=4 op=5
[menuGate] ax=0 ab=0
[fMenu] ao=5 Z=0 aR=187 tmpl=1029
[k] node=218 mode=0 type=4 op=5
[menuGate] ax=0 ab=0
[fMenu] ao=5 Z=0 aR=187 tmpl=1029
[k] node=218 mode=0 type=4 op=5
[menuGate] ax=0 ab=0
[fMenu] ao=5 Z=0 aR=187 tmpl=1029
[k] node=218 mode=0 type=4 op=5
[menuGate] ax=0 ab=0
[fMenu] ao=5 Z=0 aR=187 tmpl=1029
[k] node=218 mode=0 type=4 op=5
[menuGate] ax=0 ab=0
[fMenu] ao=5 Z=0 aR=187 tmpl=1029
[k] node=218 mode=0 type=4 op=5
[menuGate] ax=0 ab=0
[fMenu] ao=5 Z=0 aR=187 tmpl=1029
[k] node=218 mode=0 type=4 op=5
[menuGate] ax=0 ab=0
[fMenu] ao=5 Z=0 aR=187 tmpl=1029
[k] node=218 mode=0 type=4 op=5
[menuGate] ax=0 ab=0
[fMenu] ao=5 Z=0 aR=187 tmpl=1029
[k] node=218 mode=0 type=4 op=5
[menuGate] ax=0 ab=0
[fMenu] ao=5 Z=0 aR=187 tmpl=1029
[k] node=218 mode=0 type=4 op=5
[k] node=231 mode=0 type=4 op=2
[trace] g->9 (aA=4 am=4)
[menuGate] ax=0 ab=0
[dbg] ar=23 am=9 aA=4 aH=0 l=false j=false fullRedraw=false
[fMenu] ao=6 Z=0 aR=254 tmpl=1029
[fMenu] ao=6 Z=0 aR=254 tmpl=1029
[fMenu] ao=6 Z=0 aR=254 tmpl=1029
[fMenu] ao=6 Z=0 aR=254 tmpl=1029
[fMenu] ao=6 Z=0 aR=254 tmpl=1029
[fMenu] ao=6 Z=0 aR=254 tmpl=1029
[fMenu] ao=6 Z=0 aR=254 tmpl=1029
[fMenu] ao=6 Z=0 aR=254 tmpl=1029
[fMenu] ao=6 Z=0 aR=254 tmpl=1029
[fMenu] ao=6 Z=0 aR=254 tmpl=1029
[fMenu] ao=6 Z=0 aR=254 tmpl=1029
[fMenu] ao=6 Z=0 aR=254 tmpl=1029
[k] node=297 mode=0 type=4 op=5
[menuGate] ax=0 ab=0
[fMenu] ao=6 Z=0 aR=254 tmpl=1029
[k] node=297 mode=0 type=4 op=5
[menuGate] ax=0 ab=0
[fMenu] ao=6 Z=0 aR=254 tmpl=1029
[k] node=297 mode=0 type=4 op=5
[menuGate] ax=0 ab=0
[fMenu] ao=6 Z=0 aR=254 tmpl=1029
[k] node=297 mode=0 type=4 op=5
[menuGate] ax=0 ab=0
[fMenu] ao=6 Z=0 aR=254 tmpl=1029
[k] node=297 mode=0 type=4 op=5
[menuGate] ax=0 ab=0
[fMenu] ao=6 Z=0 aR=254 tmpl=1029
[k] node=297 mode=0 type=4 op=5
[menuGate] ax=0 ab=0
[fMenu] ao=6 Z=0 aR=254 tmpl=1029
[k] node=297 mode=0 type=4 op=5
[menuGate] ax=0 ab=0
[fMenu] ao=6 Z=0 aR=254 tmpl=1029
[k] node=297 mode=0 type=4 op=5
[menuGate] ax=0 ab=0
[fMenu] ao=6 Z=0 aR=254 tmpl=1029
[k] node=297 mode=0 type=4 op=5
[menuGate] ax=0 ab=0
[fMenu] ao=6 Z=0 aR=254 tmpl=1029
[k] node=297 mode=0 type=4 op=5
[menuGate] ax=0 ab=0
[fMenu] ao=6 Z=0 aR=254 tmpl=1029
[k] node=297 mode=0 type=4 op=5
[k] node=310 mode=0 type=4 op=2
[trace] g->9 (aA=4 am=4)
[menuGate] ax=0 ab=0
[dbg] ar=48 am=4 aA=9 aH=0 l=false j=false fullRedraw=false
[fMenu] ao=5 Z=0 aR=333 tmpl=1029
[fMenu] ao=5 Z=0 aR=333 tmpl=1029
[fMenu] ao=5 Z=0 aR=333 tmpl=1029
[fMenu] ao=5 Z=0 aR=333 tmpl=1029
[fMenu] ao=5 Z=0 aR=333 tmpl=1029
[fMenu] ao=5 Z=0 aR=333 tmpl=1029
[fMenu] ao=5 Z=0 aR=333 tmpl=1029
[fMenu] ao=5 Z=0 aR=333 tmpl=1029
[fMenu] ao=5 Z=0 aR=333 tmpl=1029
[fMenu] ao=5 Z=0 aR=333 tmpl=1029
[fMenu] ao=5 Z=0 aR=333 tmpl=1029
[fMenu] ao=5 Z=0 aR=333 tmpl=1029
[k] node=364 mode=0 type=4 op=5
[menuGate] ax=0 ab=0
[fMenu] ao=5 Z=0 aR=333 tmpl=1029
[k] node=364 mode=0 type=4 op=5
[menuGate] ax=0 ab=0
[fMenu] ao=5 Z=0 aR=333 tmpl=1029
[k] node=364 mode=0 type=4 op=5
[menuGate] ax=0 ab=0
[fMenu] ao=5 Z=0 aR=333 tmpl=1029
[k] node=364 mode=0 type=4 op=5
[menuGate] ax=0 ab=0
[fMenu] ao=5 Z=0 aR=333 tmpl=1029
[k] node=364 mode=0 type=4 op=5
[menuGate] ax=0 ab=0
[fMenu] ao=5 Z=0 aR=333 tmpl=1029
[k] node=364 mode=0 type=4 op=5
[menuGate] ax=0 ab=0
[fMenu] ao=5 Z=0 aR=333 tmpl=1029
[k] node=364 mode=0 type=4 op=5
[menuGate] ax=0 ab=0
[fMenu] ao=5 Z=0 aR=333 tmpl=1029
[k] node=364 mode=0 type=4 op=5
[menuGate] ax=0 ab=0
[fMenu] ao=5 Z=0 aR=333 tmpl=1029
[k] node=364 mode=0 type=4 op=5
[menuGate] ax=0 ab=0
[fMenu] ao=5 Z=0 aR=333 tmpl=1029
[k] node=364 mode=0 type=4 op=5
[menuGate] ax=0 ab=0
[fMenu] ao=5 Z=0 aR=333 tmpl=1029
[k] node=364 mode=0 type=4 op=5
[k] node=377 mode=0 type=4 op=2
[trace] g->9 (aA=4 am=4)
[menuGate] ax=0 ab=0
[dbg] ar=73 am=4 aA=0 aH=1 l=false j=false fullRedraw=false
[fMenu] ao=9 Z=4 aR=0 tmpl=1029
[fMenu] ao=9 Z=4 aR=0 tmpl=1029
[fMenu] ao=9 Z=4 aR=0 tmpl=1029
[fMenu] ao=9 Z=4 aR=0 tmpl=1029
[fMenu] ao=9 Z=4 aR=0 tmpl=1029
[fMenu] ao=9 Z=4 aR=0 tmpl=1029
[fMenu] ao=9 Z=4 aR=0 tmpl=1029
[fMenu] ao=9 Z=4 aR=0 tmpl=1029
[fMenu] ao=9 Z=4 aR=0 tmpl=1029
[fMenu] ao=9 Z=4 aR=0 tmpl=1029
[fMenu] ao=9 Z=4 aR=0 tmpl=1029
[fMenu] ao=9 Z=4 aR=0 tmpl=1029
[fMenu] ao=9 Z=4 aR=0 tmpl=1029
[fMenu] ao=9 Z=4 aR=0 tmpl=1029
[fMenu] ao=9 Z=4 aR=0 tmpl=1029
[fMenu] ao=9 Z=4 aR=0 tmpl=1029
[fMenu] ao=9 Z=4 aR=0 tmpl=1029
[fMenu] ao=9 Z=4 aR=0 tmpl=1029
[fMenu] ao=9 Z=4 aR=0 tmpl=1029
[fMenu] ao=9 Z=4 aR=0 tmpl=1029
[fMenu] ao=9 Z=4 aR=0 tmpl=1029
[fMenu] ao=9 Z=4 aR=0 tmpl=1029
[fMenu] ao=9 Z=4 aR=0 tmpl=1029
[fMenu] ao=9 Z=4 aR=0 tmpl=1029
[fMenu] ao=9 Z=4 aR=0 tmpl=1029
[dbg] ar=98 am=4 aA=4 aH=0 l=false j=false fullRedraw=false
[fMenu] ao=9 Z=4 aR=0 tmpl=1029
[fMenu] ao=9 Z=4 aR=0 tmpl=1029
[fMenu] ao=9 Z=4 aR=0 tmpl=1029
[fMenu] ao=9 Z=4 aR=0 tmpl=1029
[fMenu] ao=9 Z=4 aR=0 tmpl=1029
[fMenu] ao=9 Z=4 aR=0 tmpl=1029
[fMenu] ao=9 Z=4 aR=0 tmpl=1029
[fMenu] ao=9 Z=4 aR=0 tmpl=1029
[fMenu] ao=9 Z=4 aR=0 tmpl=1029
[fMenu] ao=9 Z=4 aR=0 tmpl=1029
[fMenu] ao=9 Z=4 aR=0 tmpl=1029
[fMenu] ao=9 Z=4 aR=0 tmpl=1029
[fMenu] ao=9 Z=4 aR=0 tmpl=1029
[fMenu] ao=9 Z=4 aR=0 tmpl=1029
[fMenu] ao=9 Z=4 aR=0 tmpl=1029
[fMenu] ao=9 Z=4 aR=0 tmpl=1029
[fMenu] ao=9 Z=4 aR=0 tmpl=1029
[fMenu] ao=9 Z=4 aR=0 tmpl=1029
[fMenu] ao=9 Z=4 aR=0 tmpl=1029
[fMenu] ao=9 Z=4 aR=0 tmpl=1029
[fMenu] ao=9 Z=4 aR=0 tmpl=1029
[fMenu] ao=9 Z=4 aR=0 tmpl=1029
[fMenu] ao=9 Z=4 aR=0 tmpl=1029
[fMenu] ao=9 Z=4 aR=0 tmpl=1029
[fMenu] ao=9 Z=4 aR=0 tmpl=1029
[dbg] ar=123 am=4 aA=4 aH=0 l=false j=false fullRedraw=false
[fMenu] ao=9 Z=4 aR=0 tmpl=1029
[fMenu] ao=9 Z=4 aR=0 tmpl=1029
[fMenu] ao=9 Z=4 aR=0 tmpl=1029
[fMenu] ao=9 Z=4 aR=0 tmpl=1029
[fMenu] ao=9 Z=4 aR=0 tmpl=1029
[fMenu] ao=9 Z=4 aR=0 tmpl=1029
[fMenu] ao=9 Z=4 aR=0 tmpl=1029
[fMenu] ao=9 Z=4 aR=0 tmpl=1029
[fMenu] ao=9 Z=4 aR=0 tmpl=1029
[fMenu] ao=9 Z=4 aR=0 tmpl=1029
[fMenu] ao=9 Z=4 aR=0 tmpl=1029
[fMenu] ao=9 Z=4 aR=0 tmpl=1029
[fMenu] ao=9 Z=4 aR=0 tmpl=1029
[fMenu] ao=9 Z=4 aR=0 tmpl=1029
[fMenu] ao=9 Z=4 aR=0 tmpl=1029
[fMenu] ao=9 Z=4 aR=0 tmpl=1029
[fMenu] ao=9 Z=4 aR=0 tmpl=1029
[void_a] key=-5 ae=22 ak=19 ar=140
[input] ar=140 key -5
[fHead] ax=22
[fMenu] ao=9 Z=4 aR=0 tmpl=1029
[k] node=57 mode=1 type=16 op=2
[trace] g->9 (aA=4 am=4)
[fMenu] ao=5 Z=4 aR=116 tmpl=1029
[fMenu] ao=5 Z=4 aR=116 tmpl=1029
[fMenu] ao=5 Z=4 aR=116 tmpl=1029
[fMenu] ao=5 Z=4 aR=116 tmpl=1029
[fMenu] ao=5 Z=4 aR=116 tmpl=1029
[dbg] ar=148 am=4 aA=4 aH=0 l=false j=false fullRedraw=false
[fMenu] ao=5 Z=4 aR=116 tmpl=1029
[void_a] key=-4 ae=23 ak=19 ar=149
[input] ar=149 key -4
[fMenu] ao=5 Z=4 aR=116 tmpl=1029
[fMenu] ao=5 Z=4 aR=116 tmpl=1029
[fMenu] ao=5 Z=4 aR=116 tmpl=1029
[fMenu] ao=5 Z=4 aR=116 tmpl=1029
[fMenu] ao=5 Z=4 aR=116 tmpl=1029
[fMenu] ao=5 Z=4 aR=116 tmpl=1029
[fMenu] ao=5 Z=4 aR=116 tmpl=1029
[fMenu] ao=5 Z=4 aR=116 tmpl=1029
[fMenu] ao=5 Z=4 aR=116 tmpl=1029
[void_a] key=-4 ae=23 ak=19 ar=158
[input] ar=158 key -4
[fHead] ax=23
[fMenu] ao=5 Z=4 aR=116 tmpl=1029
[k] node=171 mode=0 type=2 op=3
[fMenu] ao=5 Z=4 aR=116 tmpl=1029
[fMenu] ao=5 Z=4 aR=116 tmpl=1029
[fMenu] ao=5 Z=4 aR=116 tmpl=1029
[fMenu] ao=5 Z=4 aR=116 tmpl=1029
[fMenu] ao=5 Z=4 aR=116 tmpl=1029
[fMenu] ao=5 Z=4 aR=116 tmpl=1029
[fMenu] ao=5 Z=4 aR=116 tmpl=1029
[void_a] key=-5 ae=22 ak=19 ar=166
[input] ar=166 key -5
[k] node=171 mode=1 type=2 op=3
[trace] g->9 (aA=4 am=4)
[k] node=171 mode=0 type=2 op=3
[fMenu] ao=5 Z=4 aR=881 tmpl=1029
[fMenu] ao=5 Z=4 aR=881 tmpl=1029
[fMenu] ao=5 Z=4 aR=881 tmpl=1029
[fMenu] ao=5 Z=4 aR=881 tmpl=1029
[fMenu] ao=5 Z=4 aR=881 tmpl=1029
[dbg] ar=173 am=4 aA=4 aH=0 l=false j=false fullRedraw=false
[fMenu] ao=5 Z=4 aR=881 tmpl=1029
[void_a] key=-4 ae=23 ak=19 ar=174
[input] ar=174 key -4
[fHead] ax=23
[fMenu] ao=5 Z=4 aR=881 tmpl=1029
[fMenu] ao=5 Z=4 aR=881 tmpl=1029
[fMenu] ao=5 Z=4 aR=881 tmpl=1029
[fMenu] ao=5 Z=4 aR=881 tmpl=1029
[fMenu] ao=5 Z=4 aR=881 tmpl=1029
[fMenu] ao=5 Z=4 aR=881 tmpl=1029
[fMenu] ao=5 Z=4 aR=881 tmpl=1029
[fMenu] ao=5 Z=4 aR=881 tmpl=1029
[fMenu] ao=5 Z=4 aR=881 tmpl=1029
[fMenu] ao=5 Z=4 aR=881 tmpl=1029
[void_a] key=-4 ae=23 ak=19 ar=184
[input] ar=184 key -4
[fHead] ax=23
[fMenu] ao=5 Z=4 aR=881 tmpl=1029
[k] node=936 mode=0 type=2 op=3
[fMenu] ao=5 Z=4 aR=881 tmpl=1029
[fMenu] ao=5 Z=4 aR=881 tmpl=1029
[fMenu] ao=5 Z=4 aR=881 tmpl=1029
[fMenu] ao=5 Z=4 aR=881 tmpl=1029
[fMenu] ao=5 Z=4 aR=881 tmpl=1029
[fMenu] ao=5 Z=4 aR=881 tmpl=1029
[fMenu] ao=5 Z=4 aR=881 tmpl=1029
[void_a] key=-4 ae=23 ak=19 ar=192
[input] ar=192 key -4
[k] node=936 mode=0 type=2 op=3
[fMenu] ao=5 Z=4 aR=881 tmpl=1029
[fMenu] ao=5 Z=4 aR=881 tmpl=1029
[fMenu] ao=5 Z=4 aR=881 tmpl=1029
[fMenu] ao=5 Z=4 aR=881 tmpl=1029
[fMenu] ao=5 Z=4 aR=881 tmpl=1029
[fMenu] ao=5 Z=4 aR=881 tmpl=1029
[dbg] ar=198 am=4 aA=4 aH=0 l=false j=false fullRedraw=false
[fMenu] ao=5 Z=4 aR=881 tmpl=1029
[fMenu] ao=5 Z=4 aR=881 tmpl=1029
[void_a] key=-4 ae=23 ak=19 ar=200
[input] ar=200 key -4
[fHead] ax=23
[fMenu] ao=5 Z=4 aR=881 tmpl=1029
[k] node=936 mode=0 type=2 op=3
[fMenu] ao=5 Z=4 aR=881 tmpl=1029
[fMenu] ao=5 Z=4 aR=881 tmpl=1029
[fMenu] ao=5 Z=4 aR=881 tmpl=1029
[fMenu] ao=5 Z=4 aR=881 tmpl=1029
[fMenu] ao=5 Z=4 aR=881 tmpl=1029
[fMenu] ao=5 Z=4 aR=881 tmpl=1029
[void_a] key=-5 ae=22 ak=19 ar=207
[input] ar=207 key -5
[fHead] ax=22
[fMenu] ao=5 Z=4 aR=881 tmpl=1029
[k] node=936 mode=1 type=2 op=3
[trace] g->5 (aA=4 am=4)
[k] node=936 mode=0 type=2 op=3
[trace] g->11 (aA=5 am=5)
[trace] boolean_c aH=0 ac=32 aC=3
[view] world rebuild with clipTop=0 -> var_boolean_l=true
[trace] g->8 (aA=6 am=6)
[trace] g(1,74,0) ac=32
[trace] g->2 (aA=6 am=6)
[view] dialog open z=74 overlayPrevState=6
[dlg-parse] z=74 v=0 strLen=216 str=The enemy has constructed camps near our home to feed their war machine. @ We must show them we will not stand and watch while they pillage our lands. @ Take an army of troops and smash all their buildings to pieces.
[dbg] ar=223 am=2 aA=2 aH=0 l=false j=false fullRedraw=false
[dbg] ar=248 am=2 aA=2 aH=0 l=false j=false fullRedraw=false
[void_a] key=-6 ae=38 ak=19 ar=254
[input] ar=254 key -6
[dbg] ar=273 am=6 aA=6 aH=0 l=false j=false fullRedraw=false
[save] wrote /tmp/aoe-camp/m3/saves/auto.aoesave (12238B) ar=280
[dbg] ar=298 am=6 aA=6 aH=0 l=false j=false fullRedraw=false
[dev] in mission, aA=6
[dbg] ar=323 am=6 aA=6 aH=0 l=false j=false fullRedraw=false
[dbg] ar=348 am=6 aA=6 aH=0 l=false j=false fullRedraw=false
[dbg] ar=373 am=6 aA=6 aH=0 l=false j=false fullRedraw=false
[dbg] ar=398 am=6 aA=6 aH=0 l=false j=false fullRedraw=false
[dbg] ar=423 am=6 aA=6 aH=0 l=false j=false fullRedraw=false
[dbg] ar=448 am=6 aA=6 aH=0 l=false j=false fullRedraw=false
[dbg] ar=473 am=6 aA=6 aH=0 l=false j=false fullRedraw=false
[dbg] ar=498 am=6 aA=6 aH=0 l=false j=false fullRedraw=false
[dbg] ar=523 am=6 aA=6 aH=0 l=false j=false fullRedraw=false
[dbg] ar=548 am=6 aA=6 aH=0 l=false j=false fullRedraw=false
[dbg] ar=573 am=6 aA=6 aH=0 l=false j=false fullRedraw=false
[dbg] ar=598 am=6 aA=6 aH=0 l=false j=false fullRedraw=false
[dbg] ar=623 am=6 aA=6 aH=0 l=false j=false fullRedraw=false
[dbg] ar=648 am=6 aA=6 aH=0 l=false j=false fullRedraw=false
[dbg] ar=673 am=6 aA=6 aH=0 l=false j=false fullRedraw=false
[dbg] ar=698 am=6 aA=6 aH=0 l=false j=false fullRedraw=false
[dbg] ar=723 am=6 aA=6 aH=0 l=false j=false fullRedraw=false
[dbg] ar=748 am=6 aA=6 aH=0 l=false j=false fullRedraw=false
[dbg] ar=773 am=6 aA=6 aH=0 l=false j=false fullRedraw=false
[dbg] ar=798 am=6 aA=6 aH=0 l=false j=false fullRedraw=false
[dbg] ar=823 am=6 aA=6 aH=0 l=false j=false fullRedraw=false
[dbg] ar=848 am=6 aA=6 aH=0 l=false j=false fullRedraw=false
[dbg] ar=873 am=6 aA=6 aH=0 l=false j=false fullRedraw=false
[dbg] ar=898 am=6 aA=6 aH=0 l=false j=false fullRedraw=false
[dbg] ar=923 am=6 aA=6 aH=0 l=false j=false fullRedraw=false
[dbg] ar=948 am=6 aA=6 aH=0 l=false j=false fullRedraw=false
[dbg] ar=973 am=6 aA=6 aH=0 l=false j=false fullRedraw=false
[dbg] ar=998 am=6 aA=6 aH=0 l=false j=false fullRedraw=false
[dbg] ar=1023 am=6 aA=6 aH=0 l=false j=false fullRedraw=false
[dbg] ar=1048 am=6 aA=6 aH=0 l=false j=false fullRedraw=false
[dbg] ar=1073 am=6 aA=6 aH=0 l=false j=false fullRedraw=false
[dbg] ar=1098 am=6 aA=6 aH=0 l=false j=false fullRedraw=false
[dbg] ar=1123 am=6 aA=6 aH=0 l=false j=false fullRedraw=false
[dbg] ar=1148 am=6 aA=6 aH=0 l=false j=false fullRedraw=false
[dbg] ar=1173 am=6 aA=6 aH=0 l=false j=false fullRedraw=false
[dbg] ar=1198 am=6 aA=6 aH=0 l=false j=false fullRedraw=false
[dbg] ar=1223 am=6 aA=6 aH=0 l=false j=false fullRedraw=false
[dbg] ar=1248 am=6 aA=6 aH=0 l=false j=false fullRedraw=false
[dbg] ar=1273 am=6 aA=6 aH=0 l=false j=false fullRedraw=false
[dbg] ar=1298 am=6 aA=6 aH=0 l=false j=false fullRedraw=false
[dbg] ar=1323 am=6 aA=6 aH=0 l=false j=false fullRedraw=false
[dbg] ar=1348 am=6 aA=6 aH=0 l=false j=false fullRedraw=false
[dbg] ar=1373 am=6 aA=6 aH=0 l=false j=false fullRedraw=false
[dbg] ar=1398 am=6 aA=6 aH=0 l=false j=false fullRedraw=false
[dbg] ar=1423 am=6 aA=6 aH=0 l=false j=false fullRedraw=false
[dbg] ar=1448 am=6 aA=6 aH=0 l=false j=false fullRedraw=false
[dbg] ar=1473 am=6 aA=6 aH=0 l=false j=false fullRedraw=false
[dbg] ar=1498 am=6 aA=6 aH=0 l=false j=false fullRedraw=false
[dbg] ar=1523 am=6 aA=6 aH=0 l=false j=false fullRedraw=false
[fifo] ar=1546 state
[devMouse] aA=6/6 cursor=(48,13) cam=(468,404) Q=880 aE=0 Y=0 sel=0
[devMouse] p0 unit 0 tile=(48,14) type=3 sel=false
[devMouse] p0 unit 1 tile=(48,13) type=3 sel=false
[devMouse] p0 unit 2 tile=(49,13) type=3 sel=false
[devMouse] p0 unit 3 tile=(49,14) type=3 sel=false
[devMouse] p0 unit 4 tile=(48,16) type=5 sel=false
[devMouse] p0 unit 5 tile=(48,17) type=5 sel=false
[devMouse] p0 unit 6 tile=(46,11) type=4 sel=false
[devMouse] p0 unit 7 tile=(47,11) type=4 sel=false
[devMouse] p1 unit 0 tile=(32,30) type=5 sel=false
[devMouse] p1 unit 1 tile=(30,30) type=5 sel=false
[devMouse] p1 unit 2 tile=(11,50) type=3 sel=false
[devMouse] p1 unit 3 tile=(11,49) type=3 sel=false
[devMouse] p1 unit 4 tile=(11,48) type=3 sel=false
[devMouse] p1 unit 5 tile=(34,55) type=4 sel=false
[devMouse] p1 unit 6 tile=(34,53) type=4 sel=false
[devMouse] p1 unit 7 tile=(34,51) type=4 sel=false
[dbg] ar=1548 am=6 aA=6 aH=0 l=false j=false fullRedraw=false
[dbg] ar=1573 am=6 aA=6 aH=0 l=false j=false fullRedraw=false
[dbg] ar=1598 am=6 aA=6 aH=0 l=false j=false fullRedraw=false
[dbg] ar=1623 am=6 aA=6 aH=0 l=false j=false fullRedraw=false
[dbg] ar=1648 am=6 aA=6 aH=0 l=false j=false fullRedraw=false
[watchdog] Timer 线程疑似卡死：同一任务帧已持续 6s+
[watchdog]   at java.desktop@17.0.20.1/sun.java2d.loops.MaskBlit.MaskBlit(Native Method)
[watchdog]   at java.desktop@17.0.20.1/sun.java2d.loops.Blit$GeneralMaskBlit.Blit(Blit.java:204)
[watchdog]   at java.desktop@17.0.20.1/sun.java2d.pipe.DrawImage.blitSurfaceData(DrawImage.java:993)
[watchdog]   at java.desktop@17.0.20.1/sun.java2d.pipe.DrawImage.renderImageCopy(DrawImage.java:590)
[watchdog]   at java.desktop@17.0.20.1/sun.java2d.pipe.DrawImage.tryCopyOrScale(DrawImage.java:312)
[watchdog]   at java.desktop@17.0.20.1/sun.java2d.pipe.DrawImage.transformImage(DrawImage.java:260)
[watchdog]   at java.desktop@17.0.20.1/sun.java2d.pipe.DrawImage.scaleImage(DrawImage.java:783)
[watchdog]   at java.desktop@17.0.20.1/sun.java2d.pipe.DrawImage.scaleImage(DrawImage.java:1102)
[watchdog]   at java.desktop@17.0.20.1/sun.java2d.SunGraphics2D.drawImage(SunGraphics2D.java:3519)
[watchdog]   at java.desktop@17.0.20.1/sun.java2d.SunGraphics2D.drawImage(SunGraphics2D.java:3460)
[watchdog]   at app//javax.microedition.lcdui.Graphics.drawImage(Graphics.java:275)
[watchdog]   at app//AgeOfEmpires.c.drawTileSprite(c.java:5071)
[watchdog]   at app//AgeOfEmpires.c.renderWorld(c.java:6555)
[watchdog]   at app//AgeOfEmpires.c.a(c.java:4264)
[watchdog]   at app//AgeOfEmpires.c.dispatchRender(c.java:2838)
[watchdog]   at app//AgeOfEmpires.c.onPaint(c.java:2615)
[watchdog]   at app//com.ulysseo.mad.b.paint(b.java:54)
[watchdog]   at app//javax.microedition.lcdui.Canvas.serviceRepaints(Canvas.java:140)
[watchdog]   at app//com.ulysseo.mad.e.run(e.java:34)
[watchdog]   at java.base@17.0.20.1/java.util.TimerThread.mainLoop(Timer.java:566)
[watchdog]   at java.base@17.0.20.1/java.util.TimerThread.run(Timer.java:516)
[dbg] ar=1673 am=6 aA=6 aH=0 l=false j=false fullRedraw=false
[dbg] ar=1698 am=6 aA=6 aH=0 l=false j=false fullRedraw=false
[dbg] ar=1723 am=6 aA=6 aH=0 l=false j=false fullRedraw=false
[dbg] ar=1748 am=6 aA=6 aH=0 l=false j=false fullRedraw=false
[dbg] ar=1773 am=6 aA=6 aH=0 l=false j=false fullRedraw=false
[dbg] ar=1798 am=6 aA=6 aH=0 l=false j=false fullRedraw=false
[dbg] ar=1823 am=6 aA=6 aH=0 l=false j=false fullRedraw=false
[dbg] ar=1848 am=6 aA=6 aH=0 l=false j=false fullRedraw=false
[dbg] ar=1873 am=6 aA=6 aH=0 l=false j=false fullRedraw=false
[dbg] ar=1898 am=6 aA=6 aH=0 l=false j=false fullRedraw=false
[dbg] ar=1923 am=6 aA=6 aH=0 l=false j=false fullRedraw=false
[dbg] ar=1948 am=6 aA=6 aH=0 l=false j=false fullRedraw=false
[dbg] ar=1973 am=6 aA=6 aH=0 l=false j=false fullRedraw=false
[dbg] ar=1998 am=6 aA=6 aH=0 l=false j=false fullRedraw=false
[dbg] ar=2023 am=6 aA=6 aH=0 l=false j=false fullRedraw=false
[dbg] ar=2048 am=6 aA=6 aH=0 l=false j=false fullRedraw=false
[dbg] ar=2073 am=6 aA=6 aH=0 l=false j=false fullRedraw=false
[dbg] ar=2098 am=6 aA=6 aH=0 l=false j=false fullRedraw=false
[dbg] ar=2123 am=6 aA=6 aH=0 l=false j=false fullRedraw=false
[dbg] ar=2148 am=6 aA=6 aH=0 l=false j=false fullRedraw=false
[dbg] ar=2173 am=6 aA=6 aH=0 l=false j=false fullRedraw=false
[dbg] ar=2198 am=6 aA=6 aH=0 l=false j=false fullRedraw=false
[dbg] ar=2223 am=6 aA=6 aH=0 l=false j=false fullRedraw=false
[dbg] ar=2248 am=6 aA=6 aH=0 l=false j=false fullRedraw=false
[dbg] ar=2273 am=6 aA=6 aH=0 l=false j=false fullRedraw=false
[dbg] ar=2298 am=6 aA=6 aH=0 l=false j=false fullRedraw=false
[dbg] ar=2323 am=6 aA=6 aH=0 l=false j=false fullRedraw=false
[dbg] ar=2348 am=6 aA=6 aH=0 l=false j=false fullRedraw=false
[dbg] ar=2373 am=6 aA=6 aH=0 l=false j=false fullRedraw=false
[dbg] ar=2398 am=6 aA=6 aH=0 l=false j=false fullRedraw=false
[dbg] ar=2423 am=6 aA=6 aH=0 l=false j=false fullRedraw=false
[dbg] ar=2448 am=6 aA=6 aH=0 l=false j=false fullRedraw=false
[dbg] ar=2473 am=6 aA=6 aH=0 l=false j=false fullRedraw=false
[dbg] ar=2498 am=6 aA=6 aH=0 l=false j=false fullRedraw=false
[dbg] ar=2523 am=6 aA=6 aH=0 l=false j=false fullRedraw=false
[dbg] ar=2548 am=6 aA=6 aH=0 l=false j=false fullRedraw=false
[dbg] ar=2573 am=6 aA=6 aH=0 l=false j=false fullRedraw=false
[dbg] ar=2598 am=6 aA=6 aH=0 l=false j=false fullRedraw=false
[dbg] ar=2623 am=6 aA=6 aH=0 l=false j=false fullRedraw=false
[dbg] ar=2648 am=6 aA=6 aH=0 l=false j=false fullRedraw=false
[dbg] ar=2673 am=6 aA=6 aH=0 l=false j=false fullRedraw=false
[fifo] ar=2691 save /tmp/aoe-camp/m3/base.aoesave
[save] wrote /tmp/aoe-camp/m3/base.aoesave (12238B) ar=2692
[dbg] ar=2698 am=6 aA=6 aH=0 l=false j=false fullRedraw=false
[dbg] ar=2723 am=6 aA=6 aH=0 l=false j=false fullRedraw=false
[dbg] ar=2748 am=6 aA=6 aH=0 l=false j=false fullRedraw=false
[dbg] ar=2773 am=6 aA=6 aH=0 l=false j=false fullRedraw=false
[dbg] ar=2798 am=6 aA=6 aH=0 l=false j=false fullRedraw=false
[dbg] ar=2823 am=6 aA=6 aH=0 l=false j=false fullRedraw=false
[dbg] ar=2848 am=6 aA=6 aH=0 l=false j=false fullRedraw=false
[dbg] ar=2873 am=6 aA=6 aH=0 l=false j=false fullRedraw=false
[dbg] ar=2898 am=6 aA=6 aH=0 l=false j=false fullRedraw=false
[dbg] ar=2923 am=6 aA=6 aH=0 l=false j=false fullRedraw=false
[dbg] ar=2948 am=6 aA=6 aH=0 l=false j=false fullRedraw=false
[dbg] ar=2973 am=6 aA=6 aH=0 l=false j=false fullRedraw=false
[dbg] ar=2998 am=6 aA=6 aH=0 l=false j=false fullRedraw=false
[dbg] ar=3023 am=6 aA=6 aH=0 l=false j=false fullRedraw=false
[dbg] ar=3048 am=6 aA=6 aH=0 l=false j=false fullRedraw=false
[dbg] ar=3073 am=6 aA=6 aH=0 l=false j=false fullRedraw=false
[dbg] ar=3098 am=6 aA=6 aH=0 l=false j=false fullRedraw=false
[dbg] ar=3123 am=6 aA=6 aH=0 l=false j=false fullRedraw=false
[dbg] ar=3148 am=6 aA=6 aH=0 l=false j=false fullRedraw=false
[dbg] ar=3173 am=6 aA=6 aH=0 l=false j=false fullRedraw=false
[dbg] ar=3198 am=6 aA=6 aH=0 l=false j=false fullRedraw=false
[dbg] ar=3223 am=6 aA=6 aH=0 l=false j=false fullRedraw=false
[dbg] ar=3248 am=6 aA=6 aH=0 l=false j=false fullRedraw=false
[dbg] ar=3273 am=6 aA=6 aH=0 l=false j=false fullRedraw=false
[dbg] ar=3298 am=6 aA=6 aH=0 l=false j=false fullRedraw=false
[dbg] ar=3323 am=6 aA=6 aH=0 l=false j=false fullRedraw=false
[dbg] ar=3348 am=6 aA=6 aH=0 l=false j=false fullRedraw=false
[dbg] ar=3373 am=6 aA=6 aH=0 l=false j=false fullRedraw=false
[dbg] ar=3398 am=6 aA=6 aH=0 l=false j=false fullRedraw=false
[dbg] ar=3423 am=6 aA=6 aH=0 l=false j=false fullRedraw=false
[dbg] ar=3448 am=6 aA=6 aH=0 l=false j=false fullRedraw=false
[dbg] ar=3473 am=6 aA=6 aH=0 l=false j=false fullRedraw=false
[dbg] ar=3498 am=6 aA=6 aH=0 l=false j=false fullRedraw=false
[dbg] ar=3523 am=6 aA=6 aH=0 l=false j=false fullRedraw=false
[dbg] ar=3548 am=6 aA=6 aH=0 l=false j=false fullRedraw=false
[dbg] ar=3573 am=6 aA=6 aH=0 l=false j=false fullRedraw=false
[dbg] ar=3598 am=6 aA=6 aH=0 l=false j=false fullRedraw=false
[dbg] ar=3623 am=6 aA=6 aH=0 l=false j=false fullRedraw=false
[dbg] ar=3648 am=6 aA=6 aH=0 l=false j=false fullRedraw=false
[dbg] ar=3673 am=6 aA=6 aH=0 l=false j=false fullRedraw=false
[dbg] ar=3698 am=6 aA=6 aH=0 l=false j=false fullRedraw=false
[dbg] ar=3723 am=6 aA=6 aH=0 l=false j=false fullRedraw=false
[dbg] ar=3748 am=6 aA=6 aH=0 l=false j=false fullRedraw=false
[dbg] ar=3773 am=6 aA=6 aH=0 l=false j=false fullRedraw=false
[dbg] ar=3798 am=6 aA=6 aH=0 l=false j=false fullRedraw=false
[dbg] ar=3823 am=6 aA=6 aH=0 l=false j=false fullRedraw=false
[dbg] ar=3848 am=6 aA=6 aH=0 l=false j=false fullRedraw=false
[dbg] ar=3873 am=6 aA=6 aH=0 l=false j=false fullRedraw=false
[dbg] ar=3898 am=6 aA=6 aH=0 l=false j=false fullRedraw=false
[dbg] ar=3923 am=6 aA=6 aH=0 l=false j=false fullRedraw=false
[dbg] ar=3948 am=6 aA=6 aH=0 l=false j=false fullRedraw=false
[dbg] ar=3973 am=6 aA=6 aH=0 l=false j=false fullRedraw=false
[dbg] ar=3998 am=6 aA=6 aH=0 l=false j=false fullRedraw=false
[dbg] ar=4023 am=6 aA=6 aH=0 l=false j=false fullRedraw=false
[dbg] ar=4048 am=6 aA=6 aH=0 l=false j=false fullRedraw=false
[dbg] ar=4073 am=6 aA=6 aH=0 l=false j=false fullRedraw=false
[dbg] ar=4098 am=6 aA=6 aH=0 l=false j=false fullRedraw=false
[dbg] ar=4123 am=6 aA=6 aH=0 l=false j=false fullRedraw=false
[dbg] ar=4148 am=6 aA=6 aH=0 l=false j=false fullRedraw=false
[dbg] ar=4173 am=6 aA=6 aH=0 l=false j=false fullRedraw=false
[dbg] ar=4198 am=6 aA=6 aH=0 l=false j=false fullRedraw=false
[dbg] ar=4223 am=6 aA=6 aH=0 l=false j=false fullRedraw=false
[dbg] ar=4248 am=6 aA=6 aH=0 l=false j=false fullRedraw=false
[dbg] ar=4273 am=6 aA=6 aH=0 l=false j=false fullRedraw=false
[dbg] ar=4298 am=6 aA=6 aH=0 l=false j=false fullRedraw=false
[dbg] ar=4323 am=6 aA=6 aH=0 l=false j=false fullRedraw=false
[dbg] ar=4348 am=6 aA=6 aH=0 l=false j=false fullRedraw=false
[dbg] ar=4373 am=6 aA=6 aH=0 l=false j=false fullRedraw=false
[dbg] ar=4398 am=6 aA=6 aH=0 l=false j=false fullRedraw=false
[dbg] ar=4423 am=6 aA=6 aH=0 l=false j=false fullRedraw=false
[dbg] ar=4448 am=6 aA=6 aH=0 l=false j=false fullRedraw=false
[dbg] ar=4473 am=6 aA=6 aH=0 l=false j=false fullRedraw=false
[dbg] ar=4498 am=6 aA=6 aH=0 l=false j=false fullRedraw=false
[dbg] ar=4523 am=6 aA=6 aH=0 l=false j=false fullRedraw=false
[dbg] ar=4548 am=6 aA=6 aH=0 l=false j=false fullRedraw=false
[dbg] ar=4573 am=6 aA=6 aH=0 l=false j=false fullRedraw=false
[dbg] ar=4598 am=6 aA=6 aH=0 l=false j=false fullRedraw=false
[dbg] ar=4623 am=6 aA=6 aH=0 l=false j=false fullRedraw=false
[dbg] ar=4648 am=6 aA=6 aH=0 l=false j=false fullRedraw=false
[dbg] ar=4673 am=6 aA=6 aH=0 l=false j=false fullRedraw=false
[dbg] ar=4698 am=6 aA=6 aH=0 l=false j=false fullRedraw=false
[dbg] ar=4723 am=6 aA=6 aH=0 l=false j=false fullRedraw=false
[dbg] ar=4748 am=6 aA=6 aH=0 l=false j=false fullRedraw=false
[dbg] ar=4773 am=6 aA=6 aH=0 l=false j=false fullRedraw=false
[dbg] ar=4798 am=6 aA=6 aH=0 l=false j=false fullRedraw=false
[dbg] ar=4823 am=6 aA=6 aH=0 l=false j=false fullRedraw=false
[dbg] ar=4848 am=6 aA=6 aH=0 l=false j=false fullRedraw=false
[dbg] ar=4873 am=6 aA=6 aH=0 l=false j=false fullRedraw=false
[dbg] ar=4898 am=6 aA=6 aH=0 l=false j=false fullRedraw=false
[dbg] ar=4923 am=6 aA=6 aH=0 l=false j=false fullRedraw=false
[dbg] ar=4948 am=6 aA=6 aH=0 l=false j=false fullRedraw=false
[dbg] ar=4973 am=6 aA=6 aH=0 l=false j=false fullRedraw=false
[dbg] ar=4998 am=6 aA=6 aH=0 l=false j=false fullRedraw=false
[dbg] ar=5023 am=6 aA=6 aH=0 l=false j=false fullRedraw=false
[dbg] ar=5048 am=6 aA=6 aH=0 l=false j=false fullRedraw=false
[dbg] ar=5073 am=6 aA=6 aH=0 l=false j=false fullRedraw=false
[dbg] ar=5098 am=6 aA=6 aH=0 l=false j=false fullRedraw=false
[dbg] ar=5123 am=6 aA=6 aH=0 l=false j=false fullRedraw=false
[dbg] ar=5148 am=6 aA=6 aH=0 l=false j=false fullRedraw=false
[dbg] ar=5173 am=6 aA=6 aH=0 l=false j=false fullRedraw=false
[dbg] ar=5198 am=6 aA=6 aH=0 l=false j=false fullRedraw=false
[dbg] ar=5223 am=6 aA=6 aH=0 l=false j=false fullRedraw=false
[dbg] ar=5248 am=6 aA=6 aH=0 l=false j=false fullRedraw=false
[dbg] ar=5273 am=6 aA=6 aH=0 l=false j=false fullRedraw=false
[dbg] ar=5298 am=6 aA=6 aH=0 l=false j=false fullRedraw=false
[dbg] ar=5323 am=6 aA=6 aH=0 l=false j=false fullRedraw=false
[dbg] ar=5348 am=6 aA=6 aH=0 l=false j=false fullRedraw=false
[dbg] ar=5373 am=6 aA=6 aH=0 l=false j=false fullRedraw=false
[dbg] ar=5398 am=6 aA=6 aH=0 l=false j=false fullRedraw=false
[dbg] ar=5423 am=6 aA=6 aH=0 l=false j=false fullRedraw=false
[dbg] ar=5448 am=6 aA=6 aH=0 l=false j=false fullRedraw=false
[dbg] ar=5473 am=6 aA=6 aH=0 l=false j=false fullRedraw=false
[dbg] ar=5498 am=6 aA=6 aH=0 l=false j=false fullRedraw=false
[dbg] ar=5523 am=6 aA=6 aH=0 l=false j=false fullRedraw=false
[dbg] ar=5548 am=6 aA=6 aH=0 l=false j=false fullRedraw=false
[dbg] ar=5573 am=6 aA=6 aH=0 l=false j=false fullRedraw=false
[dbg] ar=5598 am=6 aA=6 aH=0 l=false j=false fullRedraw=false
[dbg] ar=5623 am=6 aA=6 aH=0 l=false j=false fullRedraw=false
[dbg] ar=5648 am=6 aA=6 aH=0 l=false j=false fullRedraw=false
[dbg] ar=5673 am=6 aA=6 aH=0 l=false j=false fullRedraw=false
[dbg] ar=5698 am=6 aA=6 aH=0 l=false j=false fullRedraw=false
[dbg] ar=5723 am=6 aA=6 aH=0 l=false j=false fullRedraw=false
[dbg] ar=5748 am=6 aA=6 aH=0 l=false j=false fullRedraw=false
[dbg] ar=5773 am=6 aA=6 aH=0 l=false j=false fullRedraw=false
[dbg] ar=5798 am=6 aA=6 aH=0 l=false j=false fullRedraw=false
[dbg] ar=5823 am=6 aA=6 aH=0 l=false j=false fullRedraw=false
[dbg] ar=5848 am=6 aA=6 aH=0 l=false j=false fullRedraw=false
[dbg] ar=5873 am=6 aA=6 aH=0 l=false j=false fullRedraw=false
[dbg] ar=5898 am=6 aA=6 aH=0 l=false j=false fullRedraw=false
[dbg] ar=5923 am=6 aA=6 aH=0 l=false j=false fullRedraw=false
[dbg] ar=5948 am=6 aA=6 aH=0 l=false j=false fullRedraw=false
[dbg] ar=5973 am=6 aA=6 aH=0 l=false j=false fullRedraw=false
[dbg] ar=5998 am=6 aA=6 aH=0 l=false j=false fullRedraw=false
[dbg] ar=6023 am=6 aA=6 aH=0 l=false j=false fullRedraw=false
[dbg] ar=6048 am=6 aA=6 aH=0 l=false j=false fullRedraw=false
[dbg] ar=6073 am=6 aA=6 aH=0 l=false j=false fullRedraw=false
[dbg] ar=6098 am=6 aA=6 aH=0 l=false j=false fullRedraw=false
[dbg] ar=6123 am=6 aA=6 aH=0 l=false j=false fullRedraw=false
[dbg] ar=6148 am=6 aA=6 aH=0 l=false j=false fullRedraw=false
[dbg] ar=6173 am=6 aA=6 aH=0 l=false j=false fullRedraw=false
[dbg] ar=6198 am=6 aA=6 aH=0 l=false j=false fullRedraw=false
[dbg] ar=6223 am=6 aA=6 aH=0 l=false j=false fullRedraw=false
[dbg] ar=6248 am=6 aA=6 aH=0 l=false j=false fullRedraw=false
[dbg] ar=6273 am=6 aA=6 aH=0 l=false j=false fullRedraw=false
[dbg] ar=6298 am=6 aA=6 aH=0 l=false j=false fullRedraw=false
[dbg] ar=6323 am=6 aA=6 aH=0 l=false j=false fullRedraw=false
[dbg] ar=6348 am=6 aA=6 aH=0 l=false j=false fullRedraw=false
[dbg] ar=6373 am=6 aA=6 aH=0 l=false j=false fullRedraw=false
[dbg] ar=6398 am=6 aA=6 aH=0 l=false j=false fullRedraw=false
[dbg] ar=6423 am=6 aA=6 aH=0 l=false j=false fullRedraw=false
[dbg] ar=6448 am=6 aA=6 aH=0 l=false j=false fullRedraw=false
[dbg] ar=6473 am=6 aA=6 aH=0 l=false j=false fullRedraw=false
[dbg] ar=6498 am=6 aA=6 aH=0 l=false j=false fullRedraw=false
[dbg] ar=6523 am=6 aA=6 aH=0 l=false j=false fullRedraw=false
[dbg] ar=6548 am=6 aA=6 aH=0 l=false j=false fullRedraw=false
[dbg] ar=6573 am=6 aA=6 aH=0 l=false j=false fullRedraw=false
[dbg] ar=6598 am=6 aA=6 aH=0 l=false j=false fullRedraw=false
[dbg] ar=6623 am=6 aA=6 aH=0 l=false j=false fullRedraw=false
[dbg] ar=6648 am=6 aA=6 aH=0 l=false j=false fullRedraw=false
[dbg] ar=6673 am=6 aA=6 aH=0 l=false j=false fullRedraw=false
[dbg] ar=6698 am=6 aA=6 aH=0 l=false j=false fullRedraw=false
[dbg] ar=6723 am=6 aA=6 aH=0 l=false j=false fullRedraw=false
[dbg] ar=6748 am=6 aA=6 aH=0 l=false j=false fullRedraw=false
[dbg] ar=6773 am=6 aA=6 aH=0 l=false j=false fullRedraw=false
[dbg] ar=6798 am=6 aA=6 aH=0 l=false j=false fullRedraw=false
[dbg] ar=6823 am=6 aA=6 aH=0 l=false j=false fullRedraw=false
[dbg] ar=6848 am=6 aA=6 aH=0 l=false j=false fullRedraw=false
[dbg] ar=6873 am=6 aA=6 aH=0 l=false j=false fullRedraw=false
[dbg] ar=6898 am=6 aA=6 aH=0 l=false j=false fullRedraw=false
[dbg] ar=6923 am=6 aA=6 aH=0 l=false j=false fullRedraw=false
[dbg] ar=6948 am=6 aA=6 aH=0 l=false j=false fullRedraw=false
[dbg] ar=6973 am=6 aA=6 aH=0 l=false j=false fullRedraw=false
[dbg] ar=6998 am=6 aA=6 aH=0 l=false j=false fullRedraw=false
[dbg] ar=7023 am=6 aA=6 aH=0 l=false j=false fullRedraw=false
[dbg] ar=7048 am=6 aA=6 aH=0 l=false j=false fullRedraw=false
[dbg] ar=7073 am=6 aA=6 aH=0 l=false j=false fullRedraw=false
[dbg] ar=7098 am=6 aA=6 aH=0 l=false j=false fullRedraw=false
[dbg] ar=7123 am=6 aA=6 aH=0 l=false j=false fullRedraw=false
[dbg] ar=7148 am=6 aA=6 aH=0 l=false j=false fullRedraw=false
[dbg] ar=7173 am=6 aA=6 aH=0 l=false j=false fullRedraw=false
[dbg] ar=7198 am=6 aA=6 aH=0 l=false j=false fullRedraw=false
[dbg] ar=7223 am=6 aA=6 aH=0 l=false j=false fullRedraw=false
[dbg] ar=7248 am=6 aA=6 aH=0 l=false j=false fullRedraw=false
[dbg] ar=7273 am=6 aA=6 aH=0 l=false j=false fullRedraw=false
[dbg] ar=7298 am=6 aA=6 aH=0 l=false j=false fullRedraw=false
[dbg] ar=7323 am=6 aA=6 aH=0 l=false j=false fullRedraw=false
[dbg] ar=7348 am=6 aA=6 aH=0 l=false j=false fullRedraw=false
[dbg] ar=7373 am=6 aA=6 aH=0 l=false j=false fullRedraw=false
[dbg] ar=7398 am=6 aA=6 aH=0 l=false j=false fullRedraw=false
[dbg] ar=7423 am=6 aA=6 aH=0 l=false j=false fullRedraw=false
[dbg] ar=7448 am=6 aA=6 aH=0 l=false j=false fullRedraw=false
[dbg] ar=7473 am=6 aA=6 aH=0 l=false j=false fullRedraw=false
[dbg] ar=7498 am=6 aA=6 aH=0 l=false j=false fullRedraw=false
[dbg] ar=7523 am=6 aA=6 aH=0 l=false j=false fullRedraw=false
[dbg] ar=7548 am=6 aA=6 aH=0 l=false j=false fullRedraw=false
[dbg] ar=7573 am=6 aA=6 aH=0 l=false j=false fullRedraw=false
[dbg] ar=7598 am=6 aA=6 aH=0 l=false j=false fullRedraw=false
[dbg] ar=7623 am=6 aA=6 aH=0 l=false j=false fullRedraw=false
[dbg] ar=7648 am=6 aA=6 aH=0 l=false j=false fullRedraw=false
[dbg] ar=7673 am=6 aA=6 aH=0 l=false j=false fullRedraw=false
[dbg] ar=7698 am=6 aA=6 aH=0 l=false j=false fullRedraw=false
[dbg] ar=7723 am=6 aA=6 aH=0 l=false j=false fullRedraw=false
[dbg] ar=7748 am=6 aA=6 aH=0 l=false j=false fullRedraw=false
[dbg] ar=7773 am=6 aA=6 aH=0 l=false j=false fullRedraw=false
[dbg] ar=7798 am=6 aA=6 aH=0 l=false j=false fullRedraw=false
[dbg] ar=7823 am=6 aA=6 aH=0 l=false j=false fullRedraw=false
[dbg] ar=7848 am=6 aA=6 aH=0 l=false j=false fullRedraw=false
[dbg] ar=7873 am=6 aA=6 aH=0 l=false j=false fullRedraw=false
[dbg] ar=7898 am=6 aA=6 aH=0 l=false j=false fullRedraw=false
[dbg] ar=7923 am=6 aA=6 aH=0 l=false j=false fullRedraw=false
[dbg] ar=7948 am=6 aA=6 aH=0 l=false j=false fullRedraw=false
[dbg] ar=7973 am=6 aA=6 aH=0 l=false j=false fullRedraw=false
[dbg] ar=7998 am=6 aA=6 aH=0 l=false j=false fullRedraw=false
[dbg] ar=8023 am=6 aA=6 aH=0 l=false j=false fullRedraw=false
[dbg] ar=8048 am=6 aA=6 aH=0 l=false j=false fullRedraw=false
[dbg] ar=8073 am=6 aA=6 aH=0 l=false j=false fullRedraw=false
[dbg] ar=8098 am=6 aA=6 aH=0 l=false j=false fullRedraw=false
[dbg] ar=8123 am=6 aA=6 aH=0 l=false j=false fullRedraw=false
[dbg] ar=8148 am=6 aA=6 aH=0 l=false j=false fullRedraw=false
[dbg] ar=8173 am=6 aA=6 aH=0 l=false j=false fullRedraw=false
[dbg] ar=8198 am=6 aA=6 aH=0 l=false j=false fullRedraw=false
[dbg] ar=8223 am=6 aA=6 aH=0 l=false j=false fullRedraw=false
[dbg] ar=8248 am=6 aA=6 aH=0 l=false j=false fullRedraw=false
[dbg] ar=8273 am=6 aA=6 aH=0 l=false j=false fullRedraw=false
[dbg] ar=8298 am=6 aA=6 aH=0 l=false j=false fullRedraw=false
[dbg] ar=8323 am=6 aA=6 aH=0 l=false j=false fullRedraw=false
[dbg] ar=8348 am=6 aA=6 aH=0 l=false j=false fullRedraw=false
[dbg] ar=8373 am=6 aA=6 aH=0 l=false j=false fullRedraw=false
[dbg] ar=8398 am=6 aA=6 aH=0 l=false j=false fullRedraw=false
[dbg] ar=8423 am=6 aA=6 aH=0 l=false j=false fullRedraw=false
[dbg] ar=8448 am=6 aA=6 aH=0 l=false j=false fullRedraw=false
[dbg] ar=8473 am=6 aA=6 aH=0 l=false j=false fullRedraw=false
[dbg] ar=8498 am=6 aA=6 aH=0 l=false j=false fullRedraw=false
[dbg] ar=8523 am=6 aA=6 aH=0 l=false j=false fullRedraw=false
[dbg] ar=8548 am=6 aA=6 aH=0 l=false j=false fullRedraw=false
[dbg] ar=8573 am=6 aA=6 aH=0 l=false j=false fullRedraw=false
[dbg] ar=8598 am=6 aA=6 aH=0 l=false j=false fullRedraw=false
[dbg] ar=8623 am=6 aA=6 aH=0 l=false j=false fullRedraw=false
[dbg] ar=8648 am=6 aA=6 aH=0 l=false j=false fullRedraw=false
[dbg] ar=8673 am=6 aA=6 aH=0 l=false j=false fullRedraw=false
[dbg] ar=8698 am=6 aA=6 aH=0 l=false j=false fullRedraw=false
[dbg] ar=8723 am=6 aA=6 aH=0 l=false j=false fullRedraw=false
[dbg] ar=8748 am=6 aA=6 aH=0 l=false j=false fullRedraw=false
[dbg] ar=8773 am=6 aA=6 aH=0 l=false j=false fullRedraw=false
[dbg] ar=8798 am=6 aA=6 aH=0 l=false j=false fullRedraw=false
[dbg] ar=8823 am=6 aA=6 aH=0 l=false j=false fullRedraw=false
[dbg] ar=8848 am=6 aA=6 aH=0 l=false j=false fullRedraw=false
[dbg] ar=8873 am=6 aA=6 aH=0 l=false j=false fullRedraw=false
[dbg] ar=8898 am=6 aA=6 aH=0 l=false j=false fullRedraw=false
[dbg] ar=8923 am=6 aA=6 aH=0 l=false j=false fullRedraw=false
[dbg] ar=8948 am=6 aA=6 aH=0 l=false j=false fullRedraw=false
[dbg] ar=8973 am=6 aA=6 aH=0 l=false j=false fullRedraw=false
[dbg] ar=8998 am=6 aA=6 aH=0 l=false j=false fullRedraw=false
[dbg] ar=9023 am=6 aA=6 aH=0 l=false j=false fullRedraw=false
[dbg] ar=9048 am=6 aA=6 aH=0 l=false j=false fullRedraw=false
[dbg] ar=9073 am=6 aA=6 aH=0 l=false j=false fullRedraw=false
[dbg] ar=9098 am=6 aA=6 aH=0 l=false j=false fullRedraw=false
[dbg] ar=9123 am=6 aA=6 aH=0 l=false j=false fullRedraw=false
[dbg] ar=9148 am=6 aA=6 aH=0 l=false j=false fullRedraw=false
[dbg] ar=9173 am=6 aA=6 aH=0 l=false j=false fullRedraw=false
[dbg] ar=9198 am=6 aA=6 aH=0 l=false j=false fullRedraw=false
[dbg] ar=9223 am=6 aA=6 aH=0 l=false j=false fullRedraw=false
[dbg] ar=9248 am=6 aA=6 aH=0 l=false j=false fullRedraw=false
[dbg] ar=9273 am=6 aA=6 aH=0 l=false j=false fullRedraw=false
[dbg] ar=9298 am=6 aA=6 aH=0 l=false j=false fullRedraw=false
[dbg] ar=9323 am=6 aA=6 aH=0 l=false j=false fullRedraw=false
[dbg] ar=9348 am=6 aA=6 aH=0 l=false j=false fullRedraw=false
[dbg] ar=9373 am=6 aA=6 aH=0 l=false j=false fullRedraw=false
[dbg] ar=9398 am=6 aA=6 aH=0 l=false j=false fullRedraw=false
[dbg] ar=9423 am=6 aA=6 aH=0 l=false j=false fullRedraw=false
[dbg] ar=9448 am=6 aA=6 aH=0 l=false j=false fullRedraw=false
[dbg] ar=9473 am=6 aA=6 aH=0 l=false j=false fullRedraw=false
[dbg] ar=9498 am=6 aA=6 aH=0 l=false j=false fullRedraw=false
[dbg] ar=9523 am=6 aA=6 aH=0 l=false j=false fullRedraw=false
[dbg] ar=9548 am=6 aA=6 aH=0 l=false j=false fullRedraw=false
[dbg] ar=9573 am=6 aA=6 aH=0 l=false j=false fullRedraw=false
[dbg] ar=9598 am=6 aA=6 aH=0 l=false j=false fullRedraw=false
[dbg] ar=9623 am=6 aA=6 aH=0 l=false j=false fullRedraw=false
[dbg] ar=9648 am=6 aA=6 aH=0 l=false j=false fullRedraw=false
[dbg] ar=9673 am=6 aA=6 aH=0 l=false j=false fullRedraw=false
[dbg] ar=9698 am=6 aA=6 aH=0 l=false j=false fullRedraw=false
[dbg] ar=9723 am=6 aA=6 aH=0 l=false j=false fullRedraw=false
[dbg] ar=9748 am=6 aA=6 aH=0 l=false j=false fullRedraw=false
[dbg] ar=9773 am=6 aA=6 aH=0 l=false j=false fullRedraw=false
[dbg] ar=9798 am=6 aA=6 aH=0 l=false j=false fullRedraw=false
[dbg] ar=9823 am=6 aA=6 aH=0 l=false j=false fullRedraw=false
[dbg] ar=9848 am=6 aA=6 aH=0 l=false j=false fullRedraw=false
[dbg] ar=9873 am=6 aA=6 aH=0 l=false j=false fullRedraw=false
[dbg] ar=9898 am=6 aA=6 aH=0 l=false j=false fullRedraw=false
[dbg] ar=9923 am=6 aA=6 aH=0 l=false j=false fullRedraw=false
[dbg] ar=9948 am=6 aA=6 aH=0 l=false j=false fullRedraw=false
[dbg] ar=9973 am=6 aA=6 aH=0 l=false j=false fullRedraw=false
[dbg] ar=9998 am=6 aA=6 aH=0 l=false j=false fullRedraw=false
[dbg] ar=10023 am=6 aA=6 aH=0 l=false j=false fullRedraw=false
[dbg] ar=10048 am=6 aA=6 aH=0 l=false j=false fullRedraw=false
[dbg] ar=10073 am=6 aA=6 aH=0 l=false j=false fullRedraw=false
[dbg] ar=10098 am=6 aA=6 aH=0 l=false j=false fullRedraw=false
[dbg] ar=10123 am=6 aA=6 aH=0 l=false j=false fullRedraw=false
[dbg] ar=10148 am=6 aA=6 aH=0 l=false j=false fullRedraw=false
[dbg] ar=10173 am=6 aA=6 aH=0 l=false j=false fullRedraw=false
[dbg] ar=10198 am=6 aA=6 aH=0 l=false j=false fullRedraw=false
[dbg] ar=10223 am=6 aA=6 aH=0 l=false j=false fullRedraw=false
[dbg] ar=10248 am=6 aA=6 aH=0 l=false j=false fullRedraw=false
[dbg] ar=10273 am=6 aA=6 aH=0 l=false j=false fullRedraw=false
[dbg] ar=10298 am=6 aA=6 aH=0 l=false j=false fullRedraw=false
[dbg] ar=10323 am=6 aA=6 aH=0 l=false j=false fullRedraw=false
[dbg] ar=10348 am=6 aA=6 aH=0 l=false j=false fullRedraw=false
[dbg] ar=10373 am=6 aA=6 aH=0 l=false j=false fullRedraw=false
[dbg] ar=10398 am=6 aA=6 aH=0 l=false j=false fullRedraw=false
[dbg] ar=10423 am=6 aA=6 aH=0 l=false j=false fullRedraw=false
[dbg] ar=10448 am=6 aA=6 aH=0 l=false j=false fullRedraw=false
[dbg] ar=10473 am=6 aA=6 aH=0 l=false j=false fullRedraw=false
[dbg] ar=10498 am=6 aA=6 aH=0 l=false j=false fullRedraw=false
[dbg] ar=10523 am=6 aA=6 aH=0 l=false j=false fullRedraw=false
[dbg] ar=10548 am=6 aA=6 aH=0 l=false j=false fullRedraw=false
[dbg] ar=10573 am=6 aA=6 aH=0 l=false j=false fullRedraw=false
[dbg] ar=10598 am=6 aA=6 aH=0 l=false j=false fullRedraw=false
[dbg] ar=10623 am=6 aA=6 aH=0 l=false j=false fullRedraw=false
[dbg] ar=10648 am=6 aA=6 aH=0 l=false j=false fullRedraw=false
[dbg] ar=10673 am=6 aA=6 aH=0 l=false j=false fullRedraw=false
[dbg] ar=10698 am=6 aA=6 aH=0 l=false j=false fullRedraw=false
[dbg] ar=10723 am=6 aA=6 aH=0 l=false j=false fullRedraw=false
[dbg] ar=10748 am=6 aA=6 aH=0 l=false j=false fullRedraw=false
[dbg] ar=10773 am=6 aA=6 aH=0 l=false j=false fullRedraw=false
[dbg] ar=10798 am=6 aA=6 aH=0 l=false j=false fullRedraw=false
[dbg] ar=10823 am=6 aA=6 aH=0 l=false j=false fullRedraw=false
[dbg] ar=10848 am=6 aA=6 aH=0 l=false j=false fullRedraw=false
[dbg] ar=10873 am=6 aA=6 aH=0 l=false j=false fullRedraw=false
[dbg] ar=10898 am=6 aA=6 aH=0 l=false j=false fullRedraw=false
[dbg] ar=10923 am=6 aA=6 aH=0 l=false j=false fullRedraw=false
[dbg] ar=10948 am=6 aA=6 aH=0 l=false j=false fullRedraw=false
[dbg] ar=10973 am=6 aA=6 aH=0 l=false j=false fullRedraw=false
[dbg] ar=10998 am=6 aA=6 aH=0 l=false j=false fullRedraw=false
[dbg] ar=11023 am=6 aA=6 aH=0 l=false j=false fullRedraw=false
[dbg] ar=11048 am=6 aA=6 aH=0 l=false j=false fullRedraw=false
[dbg] ar=11073 am=6 aA=6 aH=0 l=false j=false fullRedraw=false
[dbg] ar=11098 am=6 aA=6 aH=0 l=false j=false fullRedraw=false
[dbg] ar=11123 am=6 aA=6 aH=0 l=false j=false fullRedraw=false
[dbg] ar=11148 am=6 aA=6 aH=0 l=false j=false fullRedraw=false
[dbg] ar=11173 am=6 aA=6 aH=0 l=false j=false fullRedraw=false
[dbg] ar=11198 am=6 aA=6 aH=0 l=false j=false fullRedraw=false
[dbg] ar=11223 am=6 aA=6 aH=0 l=false j=false fullRedraw=false
[dbg] ar=11248 am=6 aA=6 aH=0 l=false j=false fullRedraw=false
[dbg] ar=11273 am=6 aA=6 aH=0 l=false j=false fullRedraw=false
[dbg] ar=11298 am=6 aA=6 aH=0 l=false j=false fullRedraw=false
[dbg] ar=11323 am=6 aA=6 aH=0 l=false j=false fullRedraw=false
[dbg] ar=11348 am=6 aA=6 aH=0 l=false j=false fullRedraw=false
[dbg] ar=11373 am=6 aA=6 aH=0 l=false j=false fullRedraw=false
[dbg] ar=11398 am=6 aA=6 aH=0 l=false j=false fullRedraw=false
[dbg] ar=11423 am=6 aA=6 aH=0 l=false j=false fullRedraw=false
[dbg] ar=11448 am=6 aA=6 aH=0 l=false j=false fullRedraw=false
[dbg] ar=11473 am=6 aA=6 aH=0 l=false j=false fullRedraw=false
[dbg] ar=11498 am=6 aA=6 aH=0 l=false j=false fullRedraw=false
[dbg] ar=11523 am=6 aA=6 aH=0 l=false j=false fullRedraw=false
[dbg] ar=11548 am=6 aA=6 aH=0 l=false j=false fullRedraw=false
[dbg] ar=11573 am=6 aA=6 aH=0 l=false j=false fullRedraw=false
[dbg] ar=11598 am=6 aA=6 aH=0 l=false j=false fullRedraw=false
[dbg] ar=11623 am=6 aA=6 aH=0 l=false j=false fullRedraw=false
[dbg] ar=11648 am=6 aA=6 aH=0 l=false j=false fullRedraw=false
[dbg] ar=11673 am=6 aA=6 aH=0 l=false j=false fullRedraw=false
[dbg] ar=11698 am=6 aA=6 aH=0 l=false j=false fullRedraw=false
[dbg] ar=11723 am=6 aA=6 aH=0 l=false j=false fullRedraw=false
[dbg] ar=11748 am=6 aA=6 aH=0 l=false j=false fullRedraw=false
[dbg] ar=11773 am=6 aA=6 aH=0 l=false j=false fullRedraw=false
[dbg] ar=11798 am=6 aA=6 aH=0 l=false j=false fullRedraw=false
[dbg] ar=11823 am=6 aA=6 aH=0 l=false j=false fullRedraw=false
[dbg] ar=11848 am=6 aA=6 aH=0 l=false j=false fullRedraw=false
[dbg] ar=11873 am=6 aA=6 aH=0 l=false j=false fullRedraw=false
[dbg] ar=11898 am=6 aA=6 aH=0 l=false j=false fullRedraw=false
[dbg] ar=11923 am=6 aA=6 aH=0 l=false j=false fullRedraw=false
[dbg] ar=11948 am=6 aA=6 aH=0 l=false j=false fullRedraw=false
[dbg] ar=11973 am=6 aA=6 aH=0 l=false j=false fullRedraw=false
[dbg] ar=11998 am=6 aA=6 aH=0 l=false j=false fullRedraw=false
[dbg] ar=12023 am=6 aA=6 aH=0 l=false j=false fullRedraw=false
[dbg] ar=12048 am=6 aA=6 aH=0 l=false j=false fullRedraw=false
[dbg] ar=12073 am=6 aA=6 aH=0 l=false j=false fullRedraw=false
[dbg] ar=12098 am=6 aA=6 aH=0 l=false j=false fullRedraw=false
[dbg] ar=12123 am=6 aA=6 aH=0 l=false j=false fullRedraw=false
[dbg] ar=12148 am=6 aA=6 aH=0 l=false j=false fullRedraw=false
[dbg] ar=12173 am=6 aA=6 aH=0 l=false j=false fullRedraw=false
[dbg] ar=12198 am=6 aA=6 aH=0 l=false j=false fullRedraw=false
[dbg] ar=12223 am=6 aA=6 aH=0 l=false j=false fullRedraw=false
[dbg] ar=12248 am=6 aA=6 aH=0 l=false j=false fullRedraw=false
[dbg] ar=12273 am=6 aA=6 aH=0 l=false j=false fullRedraw=false
[dbg] ar=12298 am=6 aA=6 aH=0 l=false j=false fullRedraw=false
[dbg] ar=12323 am=6 aA=6 aH=0 l=false j=false fullRedraw=false
[dbg] ar=12348 am=6 aA=6 aH=0 l=false j=false fullRedraw=false
[dbg] ar=12373 am=6 aA=6 aH=0 l=false j=false fullRedraw=false
[dbg] ar=12398 am=6 aA=6 aH=0 l=false j=false fullRedraw=false
[dbg] ar=12423 am=6 aA=6 aH=0 l=false j=false fullRedraw=false
[dbg] ar=12448 am=6 aA=6 aH=0 l=false j=false fullRedraw=false
[dbg] ar=12473 am=6 aA=6 aH=0 l=false j=false fullRedraw=false
[dbg] ar=12498 am=6 aA=6 aH=0 l=false j=false fullRedraw=false
[dbg] ar=12523 am=6 aA=6 aH=0 l=false j=false fullRedraw=false
[dbg] ar=12548 am=6 aA=6 aH=0 l=false j=false fullRedraw=false
[dbg] ar=12573 am=6 aA=6 aH=0 l=false j=false fullRedraw=false
[dbg] ar=12598 am=6 aA=6 aH=0 l=false j=false fullRedraw=false
[dbg] ar=12623 am=6 aA=6 aH=0 l=false j=false fullRedraw=false
[dbg] ar=12648 am=6 aA=6 aH=0 l=false j=false fullRedraw=false
[dbg] ar=12673 am=6 aA=6 aH=0 l=false j=false fullRedraw=false
[dbg] ar=12698 am=6 aA=6 aH=0 l=false j=false fullRedraw=false
[dbg] ar=12723 am=6 aA=6 aH=0 l=false j=false fullRedraw=false
[dbg] ar=12748 am=6 aA=6 aH=0 l=false j=false fullRedraw=false
[dbg] ar=12773 am=6 aA=6 aH=0 l=false j=false fullRedraw=false
[dbg] ar=12798 am=6 aA=6 aH=0 l=false j=false fullRedraw=false
[dbg] ar=12823 am=6 aA=6 aH=0 l=false j=false fullRedraw=false
[dbg] ar=12848 am=6 aA=6 aH=0 l=false j=false fullRedraw=false
[dbg] ar=12873 am=6 aA=6 aH=0 l=false j=false fullRedraw=false
[dbg] ar=12898 am=6 aA=6 aH=0 l=false j=false fullRedraw=false
[dbg] ar=12923 am=6 aA=6 aH=0 l=false j=false fullRedraw=false
[dbg] ar=12948 am=6 aA=6 aH=0 l=false j=false fullRedraw=false
[dbg] ar=12973 am=6 aA=6 aH=0 l=false j=false fullRedraw=false
[dbg] ar=12998 am=6 aA=6 aH=0 l=false j=false fullRedraw=false
[dbg] ar=13023 am=6 aA=6 aH=0 l=false j=false fullRedraw=false
[dbg] ar=13048 am=6 aA=6 aH=0 l=false j=false fullRedraw=false
[dbg] ar=13073 am=6 aA=6 aH=0 l=false j=false fullRedraw=false
[dbg] ar=13098 am=6 aA=6 aH=0 l=false j=false fullRedraw=false
[dbg] ar=13123 am=6 aA=6 aH=0 l=false j=false fullRedraw=false
[dbg] ar=13148 am=6 aA=6 aH=0 l=false j=false fullRedraw=false
[dbg] ar=13173 am=6 aA=6 aH=0 l=false j=false fullRedraw=false
[dbg] ar=13198 am=6 aA=6 aH=0 l=false j=false fullRedraw=false
[dbg] ar=13223 am=6 aA=6 aH=0 l=false j=false fullRedraw=false
[dbg] ar=13248 am=6 aA=6 aH=0 l=false j=false fullRedraw=false
[dbg] ar=13273 am=6 aA=6 aH=0 l=false j=false fullRedraw=false
[dbg] ar=13298 am=6 aA=6 aH=0 l=false j=false fullRedraw=false
[dbg] ar=13323 am=6 aA=6 aH=0 l=false j=false fullRedraw=false
[dbg] ar=13348 am=6 aA=6 aH=0 l=false j=false fullRedraw=false
[dbg] ar=13373 am=6 aA=6 aH=0 l=false j=false fullRedraw=false
[dbg] ar=13398 am=6 aA=6 aH=0 l=false j=false fullRedraw=false
[dbg] ar=13423 am=6 aA=6 aH=0 l=false j=false fullRedraw=false
[dbg] ar=13448 am=6 aA=6 aH=0 l=false j=false fullRedraw=false
[dbg] ar=13473 am=6 aA=6 aH=0 l=false j=false fullRedraw=false
[dbg] ar=13498 am=6 aA=6 aH=0 l=false j=false fullRedraw=false
[dbg] ar=13523 am=6 aA=6 aH=0 l=false j=false fullRedraw=false
[dbg] ar=13548 am=6 aA=6 aH=0 l=false j=false fullRedraw=false
[dbg] ar=13573 am=6 aA=6 aH=0 l=false j=false fullRedraw=false
[dbg] ar=13598 am=6 aA=6 aH=0 l=false j=false fullRedraw=false
[dbg] ar=13623 am=6 aA=6 aH=0 l=false j=false fullRedraw=false
[dbg] ar=13648 am=6 aA=6 aH=0 l=false j=false fullRedraw=false
[dbg] ar=13673 am=6 aA=6 aH=0 l=false j=false fullRedraw=false
[dbg] ar=13698 am=6 aA=6 aH=0 l=false j=false fullRedraw=false
[dbg] ar=13723 am=6 aA=6 aH=0 l=false j=false fullRedraw=false
[dbg] ar=13748 am=6 aA=6 aH=0 l=false j=false fullRedraw=false
[dbg] ar=13773 am=6 aA=6 aH=0 l=false j=false fullRedraw=false
[dbg] ar=13798 am=6 aA=6 aH=0 l=false j=false fullRedraw=false
[dbg] ar=13823 am=6 aA=6 aH=0 l=false j=false fullRedraw=false
[dbg] ar=13848 am=6 aA=6 aH=0 l=false j=false fullRedraw=false
[dbg] ar=13873 am=6 aA=6 aH=0 l=false j=false fullRedraw=false
[dbg] ar=13898 am=6 aA=6 aH=0 l=false j=false fullRedraw=false
[dbg] ar=13923 am=6 aA=6 aH=0 l=false j=false fullRedraw=false
[dbg] ar=13948 am=6 aA=6 aH=0 l=false j=false fullRedraw=false
[dbg] ar=13973 am=6 aA=6 aH=0 l=false j=false fullRedraw=false
[dbg] ar=13998 am=6 aA=6 aH=0 l=false j=false fullRedraw=false
[dbg] ar=14023 am=6 aA=6 aH=0 l=false j=false fullRedraw=false
[dbg] ar=14048 am=6 aA=6 aH=0 l=false j=false fullRedraw=false
[dbg] ar=14073 am=6 aA=6 aH=0 l=false j=false fullRedraw=false
[dbg] ar=14098 am=6 aA=6 aH=0 l=false j=false fullRedraw=false
[dbg] ar=14123 am=6 aA=6 aH=0 l=false j=false fullRedraw=false
[dbg] ar=14148 am=6 aA=6 aH=0 l=false j=false fullRedraw=false
[dbg] ar=14173 am=6 aA=6 aH=0 l=false j=false fullRedraw=false
[dbg] ar=14198 am=6 aA=6 aH=0 l=false j=false fullRedraw=false
[dbg] ar=14223 am=6 aA=6 aH=0 l=false j=false fullRedraw=false
[dbg] ar=14248 am=6 aA=6 aH=0 l=false j=false fullRedraw=false
[dbg] ar=14273 am=6 aA=6 aH=0 l=false j=false fullRedraw=false
[dbg] ar=14298 am=6 aA=6 aH=0 l=false j=false fullRedraw=false
[dbg] ar=14323 am=6 aA=6 aH=0 l=false j=false fullRedraw=false
[dbg] ar=14348 am=6 aA=6 aH=0 l=false j=false fullRedraw=false
[dbg] ar=14373 am=6 aA=6 aH=0 l=false j=false fullRedraw=false
[dbg] ar=14398 am=6 aA=6 aH=0 l=false j=false fullRedraw=false
[dbg] ar=14423 am=6 aA=6 aH=0 l=false j=false fullRedraw=false
[dbg] ar=14448 am=6 aA=6 aH=0 l=false j=false fullRedraw=false
[dbg] ar=14473 am=6 aA=6 aH=0 l=false j=false fullRedraw=false
[dbg] ar=14498 am=6 aA=6 aH=0 l=false j=false fullRedraw=false
[dbg] ar=14523 am=6 aA=6 aH=0 l=false j=false fullRedraw=false
[dbg] ar=14548 am=6 aA=6 aH=0 l=false j=false fullRedraw=false
[dbg] ar=14573 am=6 aA=6 aH=0 l=false j=false fullRedraw=false
[dbg] ar=14598 am=6 aA=6 aH=0 l=false j=false fullRedraw=false
[dbg] ar=14623 am=6 aA=6 aH=0 l=false j=false fullRedraw=false
[dbg] ar=14648 am=6 aA=6 aH=0 l=false j=false fullRedraw=false
[dbg] ar=14673 am=6 aA=6 aH=0 l=false j=false fullRedraw=false
[dbg] ar=14698 am=6 aA=6 aH=0 l=false j=false fullRedraw=false
[dbg] ar=14723 am=6 aA=6 aH=0 l=false j=false fullRedraw=false
[dbg] ar=14748 am=6 aA=6 aH=0 l=false j=false fullRedraw=false
[dbg] ar=14773 am=6 aA=6 aH=0 l=false j=false fullRedraw=false
[dbg] ar=14798 am=6 aA=6 aH=0 l=false j=false fullRedraw=false
[dbg] ar=14823 am=6 aA=6 aH=0 l=false j=false fullRedraw=false
[dbg] ar=14848 am=6 aA=6 aH=0 l=false j=false fullRedraw=false
[dbg] ar=14873 am=6 aA=6 aH=0 l=false j=false fullRedraw=false
[dbg] ar=14898 am=6 aA=6 aH=0 l=false j=false fullRedraw=false
[dbg] ar=14923 am=6 aA=6 aH=0 l=false j=false fullRedraw=false
[dbg] ar=14948 am=6 aA=6 aH=0 l=false j=false fullRedraw=false
[dbg] ar=14973 am=6 aA=6 aH=0 l=false j=false fullRedraw=false
[dbg] ar=14998 am=6 aA=6 aH=0 l=false j=false fullRedraw=false
[dbg] ar=15023 am=6 aA=6 aH=0 l=false j=false fullRedraw=false
[dbg] ar=15048 am=6 aA=6 aH=0 l=false j=false fullRedraw=false
[dbg] ar=15073 am=6 aA=6 aH=0 l=false j=false fullRedraw=false
[dbg] ar=15098 am=6 aA=6 aH=0 l=false j=false fullRedraw=false
[dbg] ar=15123 am=6 aA=6 aH=0 l=false j=false fullRedraw=false
[dbg] ar=15148 am=6 aA=6 aH=0 l=false j=false fullRedraw=false
[dbg] ar=15173 am=6 aA=6 aH=0 l=false j=false fullRedraw=false
[dbg] ar=15198 am=6 aA=6 aH=0 l=false j=false fullRedraw=false
[dbg] ar=15223 am=6 aA=6 aH=0 l=false j=false fullRedraw=false
[dbg] ar=15248 am=6 aA=6 aH=0 l=false j=false fullRedraw=false
[dbg] ar=15273 am=6 aA=6 aH=0 l=false j=false fullRedraw=false
[dbg] ar=15298 am=6 aA=6 aH=0 l=false j=false fullRedraw=false
[dbg] ar=15323 am=6 aA=6 aH=0 l=false j=false fullRedraw=false
[dbg] ar=15348 am=6 aA=6 aH=0 l=false j=false fullRedraw=false
[dbg] ar=15373 am=6 aA=6 aH=0 l=false j=false fullRedraw=false
[dbg] ar=15398 am=6 aA=6 aH=0 l=false j=false fullRedraw=false
[dbg] ar=15423 am=6 aA=6 aH=0 l=false j=false fullRedraw=false
[dbg] ar=15448 am=6 aA=6 aH=0 l=false j=false fullRedraw=false
[dbg] ar=15473 am=6 aA=6 aH=0 l=false j=false fullRedraw=false
[dbg] ar=15498 am=6 aA=6 aH=0 l=false j=false fullRedraw=false
[dbg] ar=15523 am=6 aA=6 aH=0 l=false j=false fullRedraw=false
[dbg] ar=15548 am=6 aA=6 aH=0 l=false j=false fullRedraw=false
[dbg] ar=15573 am=6 aA=6 aH=0 l=false j=false fullRedraw=false
[dbg] ar=15598 am=6 aA=6 aH=0 l=false j=false fullRedraw=false
[dbg] ar=15623 am=6 aA=6 aH=0 l=false j=false fullRedraw=false
[dbg] ar=15648 am=6 aA=6 aH=0 l=false j=false fullRedraw=false
[dbg] ar=15673 am=6 aA=6 aH=0 l=false j=false fullRedraw=false
[dbg] ar=15698 am=6 aA=6 aH=0 l=false j=false fullRedraw=false
[dbg] ar=15723 am=6 aA=6 aH=0 l=false j=false fullRedraw=false
[dbg] ar=15748 am=6 aA=6 aH=0 l=false j=false fullRedraw=false
[dbg] ar=15773 am=6 aA=6 aH=0 l=false j=false fullRedraw=false
[dbg] ar=15798 am=6 aA=6 aH=0 l=false j=false fullRedraw=false
[dbg] ar=15823 am=6 aA=6 aH=0 l=false j=false fullRedraw=false
[dbg] ar=15848 am=6 aA=6 aH=0 l=false j=false fullRedraw=false
[dbg] ar=15873 am=6 aA=6 aH=0 l=false j=false fullRedraw=false
[dbg] ar=15898 am=6 aA=6 aH=0 l=false j=false fullRedraw=false
[dbg] ar=15923 am=6 aA=6 aH=0 l=false j=false fullRedraw=false
[dbg] ar=15948 am=6 aA=6 aH=0 l=false j=false fullRedraw=false
[dbg] ar=15973 am=6 aA=6 aH=0 l=false j=false fullRedraw=false
[dbg] ar=15998 am=6 aA=6 aH=0 l=false j=false fullRedraw=false
[dbg] ar=16023 am=6 aA=6 aH=0 l=false j=false fullRedraw=false
[dbg] ar=16048 am=6 aA=6 aH=0 l=false j=false fullRedraw=false
[dbg] ar=16073 am=6 aA=6 aH=0 l=false j=false fullRedraw=false
[dbg] ar=16098 am=6 aA=6 aH=0 l=false j=false fullRedraw=false
[dbg] ar=16123 am=6 aA=6 aH=0 l=false j=false fullRedraw=false
[dbg] ar=16148 am=6 aA=6 aH=0 l=false j=false fullRedraw=false
[dbg] ar=16173 am=6 aA=6 aH=0 l=false j=false fullRedraw=false
[dbg] ar=16198 am=6 aA=6 aH=0 l=false j=false fullRedraw=false
[dbg] ar=16223 am=6 aA=6 aH=0 l=false j=false fullRedraw=false
[dbg] ar=16248 am=6 aA=6 aH=0 l=false j=false fullRedraw=false
[dbg] ar=16273 am=6 aA=6 aH=0 l=false j=false fullRedraw=false
[dbg] ar=16298 am=6 aA=6 aH=0 l=false j=false fullRedraw=false
[dbg] ar=16323 am=6 aA=6 aH=0 l=false j=false fullRedraw=false
[dbg] ar=16348 am=6 aA=6 aH=0 l=false j=false fullRedraw=false
[dbg] ar=16373 am=6 aA=6 aH=0 l=false j=false fullRedraw=false
[dbg] ar=16398 am=6 aA=6 aH=0 l=false j=false fullRedraw=false
[dbg] ar=16423 am=6 aA=6 aH=0 l=false j=false fullRedraw=false
[dbg] ar=16448 am=6 aA=6 aH=0 l=false j=false fullRedraw=false
[dbg] ar=16473 am=6 aA=6 aH=0 l=false j=false fullRedraw=false
[dbg] ar=16498 am=6 aA=6 aH=0 l=false j=false fullRedraw=false
[dbg] ar=16523 am=6 aA=6 aH=0 l=false j=false fullRedraw=false
[dbg] ar=16548 am=6 aA=6 aH=0 l=false j=false fullRedraw=false
[dbg] ar=16573 am=6 aA=6 aH=0 l=false j=false fullRedraw=false
[dbg] ar=16598 am=6 aA=6 aH=0 l=false j=false fullRedraw=false
[dbg] ar=16623 am=6 aA=6 aH=0 l=false j=false fullRedraw=false
[dbg] ar=16648 am=6 aA=6 aH=0 l=false j=false fullRedraw=false
[dbg] ar=16673 am=6 aA=6 aH=0 l=false j=false fullRedraw=false
[dbg] ar=16698 am=6 aA=6 aH=0 l=false j=false fullRedraw=false
[dbg] ar=16723 am=6 aA=6 aH=0 l=false j=false fullRedraw=false
[dbg] ar=16748 am=6 aA=6 aH=0 l=false j=false fullRedraw=false
[dbg] ar=16773 am=6 aA=6 aH=0 l=false j=false fullRedraw=false
[dbg] ar=16798 am=6 aA=6 aH=0 l=false j=false fullRedraw=false
[dbg] ar=16823 am=6 aA=6 aH=0 l=false j=false fullRedraw=false
[dbg] ar=16848 am=6 aA=6 aH=0 l=false j=false fullRedraw=false
[dbg] ar=16873 am=6 aA=6 aH=0 l=false j=false fullRedraw=false
[dbg] ar=16898 am=6 aA=6 aH=0 l=false j=false fullRedraw=false
[dbg] ar=16923 am=6 aA=6 aH=0 l=false j=false fullRedraw=false
[dbg] ar=16948 am=6 aA=6 aH=0 l=false j=false fullRedraw=false
[dbg] ar=16973 am=6 aA=6 aH=0 l=false j=false fullRedraw=false
[dbg] ar=16998 am=6 aA=6 aH=0 l=false j=false fullRedraw=false
[dbg] ar=17023 am=6 aA=6 aH=0 l=false j=false fullRedraw=false
[dbg] ar=17048 am=6 aA=6 aH=0 l=false j=false fullRedraw=false
[dbg] ar=17073 am=6 aA=6 aH=0 l=false j=false fullRedraw=false
[dbg] ar=17098 am=6 aA=6 aH=0 l=false j=false fullRedraw=false
[dbg] ar=17123 am=6 aA=6 aH=0 l=false j=false fullRedraw=false
[dbg] ar=17148 am=6 aA=6 aH=0 l=false j=false fullRedraw=false
[dbg] ar=17173 am=6 aA=6 aH=0 l=false j=false fullRedraw=false
[dbg] ar=17198 am=6 aA=6 aH=0 l=false j=false fullRedraw=false
[dbg] ar=17223 am=6 aA=6 aH=0 l=false j=false fullRedraw=false
[dbg] ar=17248 am=6 aA=6 aH=0 l=false j=false fullRedraw=false
[dbg] ar=17273 am=6 aA=6 aH=0 l=false j=false fullRedraw=false
[dbg] ar=17298 am=6 aA=6 aH=0 l=false j=false fullRedraw=false
[dbg] ar=17323 am=6 aA=6 aH=0 l=false j=false fullRedraw=false
[dbg] ar=17348 am=6 aA=6 aH=0 l=false j=false fullRedraw=false
[dbg] ar=17373 am=6 aA=6 aH=0 l=false j=false fullRedraw=false
[dbg] ar=17398 am=6 aA=6 aH=0 l=false j=false fullRedraw=false
[dbg] ar=17423 am=6 aA=6 aH=0 l=false j=false fullRedraw=false
[dbg] ar=17448 am=6 aA=6 aH=0 l=false j=false fullRedraw=false
[dbg] ar=17473 am=6 aA=6 aH=0 l=false j=false fullRedraw=false
[dbg] ar=17498 am=6 aA=6 aH=0 l=false j=false fullRedraw=false
[dbg] ar=17523 am=6 aA=6 aH=0 l=false j=false fullRedraw=false
[dbg] ar=17548 am=6 aA=6 aH=0 l=false j=false fullRedraw=false
[dbg] ar=17573 am=6 aA=6 aH=0 l=false j=false fullRedraw=false
[dbg] ar=17598 am=6 aA=6 aH=0 l=false j=false fullRedraw=false
[dbg] ar=17623 am=6 aA=6 aH=0 l=false j=false fullRedraw=false
[dbg] ar=17648 am=6 aA=6 aH=0 l=false j=false fullRedraw=false
[dbg] ar=17673 am=6 aA=6 aH=0 l=false j=false fullRedraw=false
[dbg] ar=17698 am=6 aA=6 aH=0 l=false j=false fullRedraw=false
[dbg] ar=17723 am=6 aA=6 aH=0 l=false j=false fullRedraw=false
[dbg] ar=17748 am=6 aA=6 aH=0 l=false j=false fullRedraw=false
[dbg] ar=17773 am=6 aA=6 aH=0 l=false j=false fullRedraw=false
[dbg] ar=17798 am=6 aA=6 aH=0 l=false j=false fullRedraw=false
[dbg] ar=17823 am=6 aA=6 aH=0 l=false j=false fullRedraw=false
[dbg] ar=17848 am=6 aA=6 aH=0 l=false j=false fullRedraw=false
[dbg] ar=17873 am=6 aA=6 aH=0 l=false j=false fullRedraw=false
[dbg] ar=17898 am=6 aA=6 aH=0 l=false j=false fullRedraw=false
[dbg] ar=17923 am=6 aA=6 aH=0 l=false j=false fullRedraw=false
[dbg] ar=17948 am=6 aA=6 aH=0 l=false j=false fullRedraw=false
[dbg] ar=17973 am=6 aA=6 aH=0 l=false j=false fullRedraw=false
[dbg] ar=17998 am=6 aA=6 aH=0 l=false j=false fullRedraw=false
[dbg] ar=18023 am=6 aA=6 aH=0 l=false j=false fullRedraw=false
[dbg] ar=18048 am=6 aA=6 aH=0 l=false j=false fullRedraw=false
[dbg] ar=18073 am=6 aA=6 aH=0 l=false j=false fullRedraw=false
[dbg] ar=18098 am=6 aA=6 aH=0 l=false j=false fullRedraw=false
[dbg] ar=18123 am=6 aA=6 aH=0 l=false j=false fullRedraw=false
[dbg] ar=18148 am=6 aA=6 aH=0 l=false j=false fullRedraw=false
[dbg] ar=18173 am=6 aA=6 aH=0 l=false j=false fullRedraw=false
[dbg] ar=18198 am=6 aA=6 aH=0 l=false j=false fullRedraw=false
[dbg] ar=18223 am=6 aA=6 aH=0 l=false j=false fullRedraw=false
[dbg] ar=18248 am=6 aA=6 aH=0 l=false j=false fullRedraw=false
[dbg] ar=18273 am=6 aA=6 aH=0 l=false j=false fullRedraw=false
[dbg] ar=18298 am=6 aA=6 aH=0 l=false j=false fullRedraw=false
[dbg] ar=18323 am=6 aA=6 aH=0 l=false j=false fullRedraw=false
[dbg] ar=18348 am=6 aA=6 aH=0 l=false j=false fullRedraw=false
[dbg] ar=18373 am=6 aA=6 aH=0 l=false j=false fullRedraw=false
[dbg] ar=18398 am=6 aA=6 aH=0 l=false j=false fullRedraw=false
[dbg] ar=18423 am=6 aA=6 aH=0 l=false j=false fullRedraw=false
[dbg] ar=18448 am=6 aA=6 aH=0 l=false j=false fullRedraw=false
[dbg] ar=18473 am=6 aA=6 aH=0 l=false j=false fullRedraw=false
[dbg] ar=18498 am=6 aA=6 aH=0 l=false j=false fullRedraw=false
[dbg] ar=18523 am=6 aA=6 aH=0 l=false j=false fullRedraw=false
[dbg] ar=18548 am=6 aA=6 aH=0 l=false j=false fullRedraw=false
[dbg] ar=18573 am=6 aA=6 aH=0 l=false j=false fullRedraw=false
[dbg] ar=18598 am=6 aA=6 aH=0 l=false j=false fullRedraw=false
[dbg] ar=18623 am=6 aA=6 aH=0 l=false j=false fullRedraw=false
[dbg] ar=18648 am=6 aA=6 aH=0 l=false j=false fullRedraw=false
[dbg] ar=18673 am=6 aA=6 aH=0 l=false j=false fullRedraw=false
[dbg] ar=18698 am=6 aA=6 aH=0 l=false j=false fullRedraw=false
[dbg] ar=18723 am=6 aA=6 aH=0 l=false j=false fullRedraw=false
[dbg] ar=18748 am=6 aA=6 aH=0 l=false j=false fullRedraw=false
[dbg] ar=18773 am=6 aA=6 aH=0 l=false j=false fullRedraw=false
[dbg] ar=18798 am=6 aA=6 aH=0 l=false j=false fullRedraw=false
[dbg] ar=18823 am=6 aA=6 aH=0 l=false j=false fullRedraw=false
[dbg] ar=18848 am=6 aA=6 aH=0 l=false j=false fullRedraw=false
[dbg] ar=18873 am=6 aA=6 aH=0 l=false j=false fullRedraw=false
[dbg] ar=18898 am=6 aA=6 aH=0 l=false j=false fullRedraw=false
[dbg] ar=18923 am=6 aA=6 aH=0 l=false j=false fullRedraw=false
[dbg] ar=18948 am=6 aA=6 aH=0 l=false j=false fullRedraw=false
[dbg] ar=18973 am=6 aA=6 aH=0 l=false j=false fullRedraw=false
[dbg] ar=18998 am=6 aA=6 aH=0 l=false j=false fullRedraw=false
[dbg] ar=19023 am=6 aA=6 aH=0 l=false j=false fullRedraw=false
[dbg] ar=19048 am=6 aA=6 aH=0 l=false j=false fullRedraw=false
[dbg] ar=19073 am=6 aA=6 aH=0 l=false j=false fullRedraw=false
[dbg] ar=19098 am=6 aA=6 aH=0 l=false j=false fullRedraw=false
[dbg] ar=19123 am=6 aA=6 aH=0 l=false j=false fullRedraw=false
[dbg] ar=19148 am=6 aA=6 aH=0 l=false j=false fullRedraw=false
[dbg] ar=19173 am=6 aA=6 aH=0 l=false j=false fullRedraw=false
[dbg] ar=19198 am=6 aA=6 aH=0 l=false j=false fullRedraw=false
[dbg] ar=19223 am=6 aA=6 aH=0 l=false j=false fullRedraw=false
[dbg] ar=19248 am=6 aA=6 aH=0 l=false j=false fullRedraw=false
[dbg] ar=19273 am=6 aA=6 aH=0 l=false j=false fullRedraw=false
[dbg] ar=19298 am=6 aA=6 aH=0 l=false j=false fullRedraw=false
[dbg] ar=19323 am=6 aA=6 aH=0 l=false j=false fullRedraw=false
[dbg] ar=19348 am=6 aA=6 aH=0 l=false j=false fullRedraw=false
[dbg] ar=19373 am=6 aA=6 aH=0 l=false j=false fullRedraw=false
[dbg] ar=19398 am=6 aA=6 aH=0 l=false j=false fullRedraw=false
[dbg] ar=19423 am=6 aA=6 aH=0 l=false j=false fullRedraw=false
[dbg] ar=19448 am=6 aA=6 aH=0 l=false j=false fullRedraw=false
[dbg] ar=19473 am=6 aA=6 aH=0 l=false j=false fullRedraw=false
[dbg] ar=19498 am=6 aA=6 aH=0 l=false j=false fullRedraw=false
[dbg] ar=19523 am=6 aA=6 aH=0 l=false j=false fullRedraw=false
[dbg] ar=19548 am=6 aA=6 aH=0 l=false j=false fullRedraw=false
[dbg] ar=19573 am=6 aA=6 aH=0 l=false j=false fullRedraw=false
[dbg] ar=19598 am=6 aA=6 aH=0 l=false j=false fullRedraw=false
[dbg] ar=19623 am=6 aA=6 aH=0 l=false j=false fullRedraw=false
[dbg] ar=19648 am=6 aA=6 aH=0 l=false j=false fullRedraw=false
[dbg] ar=19673 am=6 aA=6 aH=0 l=false j=false fullRedraw=false
[dbg] ar=19698 am=6 aA=6 aH=0 l=false j=false fullRedraw=false
[dbg] ar=19723 am=6 aA=6 aH=0 l=false j=false fullRedraw=false
[dbg] ar=19748 am=6 aA=6 aH=0 l=false j=false fullRedraw=false
[dbg] ar=19773 am=6 aA=6 aH=0 l=false j=false fullRedraw=false
[dbg] ar=19798 am=6 aA=6 aH=0 l=false j=false fullRedraw=false
[dbg] ar=19823 am=6 aA=6 aH=0 l=false j=false fullRedraw=false
[dbg] ar=19848 am=6 aA=6 aH=0 l=false j=false fullRedraw=false
[dbg] ar=19873 am=6 aA=6 aH=0 l=false j=false fullRedraw=false
[dbg] ar=19898 am=6 aA=6 aH=0 l=false j=false fullRedraw=false
[dbg] ar=19923 am=6 aA=6 aH=0 l=false j=false fullRedraw=false
[dbg] ar=19948 am=6 aA=6 aH=0 l=false j=false fullRedraw=false
[dbg] ar=19973 am=6 aA=6 aH=0 l=false j=false fullRedraw=false
[dbg] ar=19998 am=6 aA=6 aH=0 l=false j=false fullRedraw=false
[dbg] ar=20023 am=6 aA=6 aH=0 l=false j=false fullRedraw=false
[dbg] ar=20048 am=6 aA=6 aH=0 l=false j=false fullRedraw=false
[dbg] ar=20073 am=6 aA=6 aH=0 l=false j=false fullRedraw=false
[dbg] ar=20098 am=6 aA=6 aH=0 l=false j=false fullRedraw=false
[dbg] ar=20123 am=6 aA=6 aH=0 l=false j=false fullRedraw=false
[dbg] ar=20148 am=6 aA=6 aH=0 l=false j=false fullRedraw=false
[dbg] ar=20173 am=6 aA=6 aH=0 l=false j=false fullRedraw=false
[dbg] ar=20198 am=6 aA=6 aH=0 l=false j=false fullRedraw=false
[dbg] ar=20223 am=6 aA=6 aH=0 l=false j=false fullRedraw=false
[dbg] ar=20248 am=6 aA=6 aH=0 l=false j=false fullRedraw=false
[dbg] ar=20273 am=6 aA=6 aH=0 l=false j=false fullRedraw=false
[dbg] ar=20298 am=6 aA=6 aH=0 l=false j=false fullRedraw=false
[dbg] ar=20323 am=6 aA=6 aH=0 l=false j=false fullRedraw=false
[dbg] ar=20348 am=6 aA=6 aH=0 l=false j=false fullRedraw=false
[dbg] ar=20373 am=6 aA=6 aH=0 l=false j=false fullRedraw=false
[dbg] ar=20398 am=6 aA=6 aH=0 l=false j=false fullRedraw=false
[dbg] ar=20423 am=6 aA=6 aH=0 l=false j=false fullRedraw=false
[dbg] ar=20448 am=6 aA=6 aH=0 l=false j=false fullRedraw=false
[dbg] ar=20473 am=6 aA=6 aH=0 l=false j=false fullRedraw=false
[dbg] ar=20498 am=6 aA=6 aH=0 l=false j=false fullRedraw=false
[dbg] ar=20523 am=6 aA=6 aH=0 l=false j=false fullRedraw=false
[dbg] ar=20548 am=6 aA=6 aH=0 l=false j=false fullRedraw=false
[dbg] ar=20573 am=6 aA=6 aH=0 l=false j=false fullRedraw=false
[dbg] ar=20598 am=6 aA=6 aH=0 l=false j=false fullRedraw=false
[dbg] ar=20623 am=6 aA=6 aH=0 l=false j=false fullRedraw=false
[dbg] ar=20648 am=6 aA=6 aH=0 l=false j=false fullRedraw=false
[dbg] ar=20673 am=6 aA=6 aH=0 l=false j=false fullRedraw=false
[dbg] ar=20698 am=6 aA=6 aH=0 l=false j=false fullRedraw=false
[dbg] ar=20723 am=6 aA=6 aH=0 l=false j=false fullRedraw=false
[dbg] ar=20748 am=6 aA=6 aH=0 l=false j=false fullRedraw=false
[dbg] ar=20773 am=6 aA=6 aH=0 l=false j=false fullRedraw=false
[dbg] ar=20798 am=6 aA=6 aH=0 l=false j=false fullRedraw=false
[dbg] ar=20823 am=6 aA=6 aH=0 l=false j=false fullRedraw=false
[dbg] ar=20848 am=6 aA=6 aH=0 l=false j=false fullRedraw=false
[dbg] ar=20873 am=6 aA=6 aH=0 l=false j=false fullRedraw=false
[dbg] ar=20898 am=6 aA=6 aH=0 l=false j=false fullRedraw=false
[dbg] ar=20923 am=6 aA=6 aH=0 l=false j=false fullRedraw=false
[dbg] ar=20948 am=6 aA=6 aH=0 l=false j=false fullRedraw=false
[dbg] ar=20973 am=6 aA=6 aH=0 l=false j=false fullRedraw=false
[dbg] ar=20998 am=6 aA=6 aH=0 l=false j=false fullRedraw=false
[dbg] ar=21023 am=6 aA=6 aH=0 l=false j=false fullRedraw=false
[dbg] ar=21048 am=6 aA=6 aH=0 l=false j=false fullRedraw=false
[dbg] ar=21073 am=6 aA=6 aH=0 l=false j=false fullRedraw=false
[dbg] ar=21098 am=6 aA=6 aH=0 l=false j=false fullRedraw=false
[dbg] ar=21123 am=6 aA=6 aH=0 l=false j=false fullRedraw=false
[dbg] ar=21148 am=6 aA=6 aH=0 l=false j=false fullRedraw=false
[dbg] ar=21173 am=6 aA=6 aH=0 l=false j=false fullRedraw=false
[dbg] ar=21198 am=6 aA=6 aH=0 l=false j=false fullRedraw=false
[dbg] ar=21223 am=6 aA=6 aH=0 l=false j=false fullRedraw=false
[dbg] ar=21248 am=6 aA=6 aH=0 l=false j=false fullRedraw=false
[dbg] ar=21273 am=6 aA=6 aH=0 l=false j=false fullRedraw=false
[dbg] ar=21298 am=6 aA=6 aH=0 l=false j=false fullRedraw=false
[dbg] ar=21323 am=6 aA=6 aH=0 l=false j=false fullRedraw=false
[dbg] ar=21348 am=6 aA=6 aH=0 l=false j=false fullRedraw=false
[dbg] ar=21373 am=6 aA=6 aH=0 l=false j=false fullRedraw=false
[dbg] ar=21398 am=6 aA=6 aH=0 l=false j=false fullRedraw=false
[dbg] ar=21423 am=6 aA=6 aH=0 l=false j=false fullRedraw=false
[dbg] ar=21448 am=6 aA=6 aH=0 l=false j=false fullRedraw=false
[dbg] ar=21473 am=6 aA=6 aH=0 l=false j=false fullRedraw=false
[dbg] ar=21498 am=6 aA=6 aH=0 l=false j=false fullRedraw=false
[dbg] ar=21523 am=6 aA=6 aH=0 l=false j=false fullRedraw=false
[dbg] ar=21548 am=6 aA=6 aH=0 l=false j=false fullRedraw=false
[dbg] ar=21573 am=6 aA=6 aH=0 l=false j=false fullRedraw=false
[dbg] ar=21598 am=6 aA=6 aH=0 l=false j=false fullRedraw=false
[dbg] ar=21623 am=6 aA=6 aH=0 l=false j=false fullRedraw=false
[dbg] ar=21648 am=6 aA=6 aH=0 l=false j=false fullRedraw=false
[dbg] ar=21673 am=6 aA=6 aH=0 l=false j=false fullRedraw=false
[dbg] ar=21698 am=6 aA=6 aH=0 l=false j=false fullRedraw=false
[dbg] ar=21723 am=6 aA=6 aH=0 l=false j=false fullRedraw=false
[dbg] ar=21748 am=6 aA=6 aH=0 l=false j=false fullRedraw=false
[dbg] ar=21773 am=6 aA=6 aH=0 l=false j=false fullRedraw=false
[dbg] ar=21798 am=6 aA=6 aH=0 l=false j=false fullRedraw=false
[dbg] ar=21823 am=6 aA=6 aH=0 l=false j=false fullRedraw=false
[dbg] ar=21848 am=6 aA=6 aH=0 l=false j=false fullRedraw=false
[dbg] ar=21873 am=6 aA=6 aH=0 l=false j=false fullRedraw=false
[dbg] ar=21898 am=6 aA=6 aH=0 l=false j=false fullRedraw=false
[dbg] ar=21923 am=6 aA=6 aH=0 l=false j=false fullRedraw=false
[dbg] ar=21948 am=6 aA=6 aH=0 l=false j=false fullRedraw=false
[dbg] ar=21973 am=6 aA=6 aH=0 l=false j=false fullRedraw=false
[dbg] ar=21998 am=6 aA=6 aH=0 l=false j=false fullRedraw=false
[dbg] ar=22023 am=6 aA=6 aH=0 l=false j=false fullRedraw=false
[dbg] ar=22048 am=6 aA=6 aH=0 l=false j=false fullRedraw=false
[dbg] ar=22073 am=6 aA=6 aH=0 l=false j=false fullRedraw=false
[dbg] ar=22098 am=6 aA=6 aH=0 l=false j=false fullRedraw=false
[dbg] ar=22123 am=6 aA=6 aH=0 l=false j=false fullRedraw=false
[dbg] ar=22148 am=6 aA=6 aH=0 l=false j=false fullRedraw=false
[dbg] ar=22173 am=6 aA=6 aH=0 l=false j=false fullRedraw=false
[dbg] ar=22198 am=6 aA=6 aH=0 l=false j=false fullRedraw=false
[dbg] ar=22223 am=6 aA=6 aH=0 l=false j=false fullRedraw=false
[dbg] ar=22248 am=6 aA=6 aH=0 l=false j=false fullRedraw=false
[dbg] ar=22273 am=6 aA=6 aH=0 l=false j=false fullRedraw=false
[dbg] ar=22298 am=6 aA=6 aH=0 l=false j=false fullRedraw=false
[dbg] ar=22323 am=6 aA=6 aH=0 l=false j=false fullRedraw=false
[dbg] ar=22348 am=6 aA=6 aH=0 l=false j=false fullRedraw=false
[dbg] ar=22373 am=6 aA=6 aH=0 l=false j=false fullRedraw=false
[dbg] ar=22398 am=6 aA=6 aH=0 l=false j=false fullRedraw=false
[dbg] ar=22423 am=6 aA=6 aH=0 l=false j=false fullRedraw=false
[dbg] ar=22448 am=6 aA=6 aH=0 l=false j=false fullRedraw=false
[dbg] ar=22473 am=6 aA=6 aH=0 l=false j=false fullRedraw=false
[dbg] ar=22498 am=6 aA=6 aH=0 l=false j=false fullRedraw=false
[dbg] ar=22523 am=6 aA=6 aH=0 l=false j=false fullRedraw=false
[dbg] ar=22548 am=6 aA=6 aH=0 l=false j=false fullRedraw=false
[dbg] ar=22573 am=6 aA=6 aH=0 l=false j=false fullRedraw=false
[dbg] ar=22598 am=6 aA=6 aH=0 l=false j=false fullRedraw=false
[dbg] ar=22623 am=6 aA=6 aH=0 l=false j=false fullRedraw=false
[dbg] ar=22648 am=6 aA=6 aH=0 l=false j=false fullRedraw=false
[dbg] ar=22673 am=6 aA=6 aH=0 l=false j=false fullRedraw=false
[dbg] ar=22698 am=6 aA=6 aH=0 l=false j=false fullRedraw=false
[dbg] ar=22723 am=6 aA=6 aH=0 l=false j=false fullRedraw=false
[dbg] ar=22748 am=6 aA=6 aH=0 l=false j=false fullRedraw=false
[dbg] ar=22773 am=6 aA=6 aH=0 l=false j=false fullRedraw=false
[dbg] ar=22798 am=6 aA=6 aH=0 l=false j=false fullRedraw=false
[dbg] ar=22823 am=6 aA=6 aH=0 l=false j=false fullRedraw=false
[dbg] ar=22848 am=6 aA=6 aH=0 l=false j=false fullRedraw=false
[dbg] ar=22873 am=6 aA=6 aH=0 l=false j=false fullRedraw=false
[dbg] ar=22898 am=6 aA=6 aH=0 l=false j=false fullRedraw=false
[dbg] ar=22923 am=6 aA=6 aH=0 l=false j=false fullRedraw=false
[dbg] ar=22948 am=6 aA=6 aH=0 l=false j=false fullRedraw=false
[dbg] ar=22973 am=6 aA=6 aH=0 l=false j=false fullRedraw=false
[dbg] ar=22998 am=6 aA=6 aH=0 l=false j=false fullRedraw=false
[dbg] ar=23023 am=6 aA=6 aH=0 l=false j=false fullRedraw=false
[dbg] ar=23048 am=6 aA=6 aH=0 l=false j=false fullRedraw=false
[dbg] ar=23073 am=6 aA=6 aH=0 l=false j=false fullRedraw=false
[dbg] ar=23098 am=6 aA=6 aH=0 l=false j=false fullRedraw=false
[dbg] ar=23123 am=6 aA=6 aH=0 l=false j=false fullRedraw=false
[dbg] ar=23148 am=6 aA=6 aH=0 l=false j=false fullRedraw=false
[dbg] ar=23173 am=6 aA=6 aH=0 l=false j=false fullRedraw=false
[dbg] ar=23198 am=6 aA=6 aH=0 l=false j=false fullRedraw=false
[dbg] ar=23223 am=6 aA=6 aH=0 l=false j=false fullRedraw=false
[dbg] ar=23248 am=6 aA=6 aH=0 l=false j=false fullRedraw=false
[dbg] ar=23273 am=6 aA=6 aH=0 l=false j=false fullRedraw=false
[dbg] ar=23298 am=6 aA=6 aH=0 l=false j=false fullRedraw=false
[dbg] ar=23323 am=6 aA=6 aH=0 l=false j=false fullRedraw=false
[dbg] ar=23348 am=6 aA=6 aH=0 l=false j=false fullRedraw=false
[dbg] ar=23373 am=6 aA=6 aH=0 l=false j=false fullRedraw=false
[dbg] ar=23398 am=6 aA=6 aH=0 l=false j=false fullRedraw=false
[dbg] ar=23423 am=6 aA=6 aH=0 l=false j=false fullRedraw=false
[dbg] ar=23448 am=6 aA=6 aH=0 l=false j=false fullRedraw=false
[dbg] ar=23473 am=6 aA=6 aH=0 l=false j=false fullRedraw=false
[dbg] ar=23498 am=6 aA=6 aH=0 l=false j=false fullRedraw=false
[dbg] ar=23523 am=6 aA=6 aH=0 l=false j=false fullRedraw=false
[dbg] ar=23548 am=6 aA=6 aH=0 l=false j=false fullRedraw=false
[dbg] ar=23573 am=6 aA=6 aH=0 l=false j=false fullRedraw=false
[dbg] ar=23598 am=6 aA=6 aH=0 l=false j=false fullRedraw=false
[dbg] ar=23623 am=6 aA=6 aH=0 l=false j=false fullRedraw=false
[dbg] ar=23648 am=6 aA=6 aH=0 l=false j=false fullRedraw=false
[dbg] ar=23673 am=6 aA=6 aH=0 l=false j=false fullRedraw=false
[dbg] ar=23698 am=6 aA=6 aH=0 l=false j=false fullRedraw=false
[dbg] ar=23723 am=6 aA=6 aH=0 l=false j=false fullRedraw=false
[dbg] ar=23748 am=6 aA=6 aH=0 l=false j=false fullRedraw=false
[dbg] ar=23773 am=6 aA=6 aH=0 l=false j=false fullRedraw=false
[dbg] ar=23798 am=6 aA=6 aH=0 l=false j=false fullRedraw=false
[dbg] ar=23823 am=6 aA=6 aH=0 l=false j=false fullRedraw=false
[dbg] ar=23848 am=6 aA=6 aH=0 l=false j=false fullRedraw=false
[dbg] ar=23873 am=6 aA=6 aH=0 l=false j=false fullRedraw=false
[dbg] ar=23898 am=6 aA=6 aH=0 l=false j=false fullRedraw=false
[dbg] ar=23923 am=6 aA=6 aH=0 l=false j=false fullRedraw=false
[dbg] ar=23948 am=6 aA=6 aH=0 l=false j=false fullRedraw=false
[dbg] ar=23973 am=6 aA=6 aH=0 l=false j=false fullRedraw=false
[dbg] ar=23998 am=6 aA=6 aH=0 l=false j=false fullRedraw=false
[dbg] ar=24023 am=6 aA=6 aH=0 l=false j=false fullRedraw=false
[dbg] ar=24048 am=6 aA=6 aH=0 l=false j=false fullRedraw=false
[dbg] ar=24073 am=6 aA=6 aH=0 l=false j=false fullRedraw=false
[dbg] ar=24098 am=6 aA=6 aH=0 l=false j=false fullRedraw=false
[dbg] ar=24123 am=6 aA=6 aH=0 l=false j=false fullRedraw=false
[dbg] ar=24148 am=6 aA=6 aH=0 l=false j=false fullRedraw=false
[dbg] ar=24173 am=6 aA=6 aH=0 l=false j=false fullRedraw=false
[dbg] ar=24198 am=6 aA=6 aH=0 l=false j=false fullRedraw=false
[dbg] ar=24223 am=6 aA=6 aH=0 l=false j=false fullRedraw=false
[dbg] ar=24248 am=6 aA=6 aH=0 l=false j=false fullRedraw=false
[dbg] ar=24273 am=6 aA=6 aH=0 l=false j=false fullRedraw=false
[dbg] ar=24298 am=6 aA=6 aH=0 l=false j=false fullRedraw=false
[dbg] ar=24323 am=6 aA=6 aH=0 l=false j=false fullRedraw=false
[dbg] ar=24348 am=6 aA=6 aH=0 l=false j=false fullRedraw=false
[dbg] ar=24373 am=6 aA=6 aH=0 l=false j=false fullRedraw=false
[dbg] ar=24398 am=6 aA=6 aH=0 l=false j=false fullRedraw=false
[dbg] ar=24423 am=6 aA=6 aH=0 l=false j=false fullRedraw=false
[dbg] ar=24448 am=6 aA=6 aH=0 l=false j=false fullRedraw=false
[dbg] ar=24473 am=6 aA=6 aH=0 l=false j=false fullRedraw=false
[dbg] ar=24498 am=6 aA=6 aH=0 l=false j=false fullRedraw=false
[dbg] ar=24523 am=6 aA=6 aH=0 l=false j=false fullRedraw=false
[dbg] ar=24548 am=6 aA=6 aH=0 l=false j=false fullRedraw=false
[dbg] ar=24573 am=6 aA=6 aH=0 l=false j=false fullRedraw=false
[dbg] ar=24598 am=6 aA=6 aH=0 l=false j=false fullRedraw=false
[dbg] ar=24623 am=6 aA=6 aH=0 l=false j=false fullRedraw=false
[dbg] ar=24648 am=6 aA=6 aH=0 l=false j=false fullRedraw=false
[dbg] ar=24673 am=6 aA=6 aH=0 l=false j=false fullRedraw=false
[dbg] ar=24698 am=6 aA=6 aH=0 l=false j=false fullRedraw=false
[dbg] ar=24723 am=6 aA=6 aH=0 l=false j=false fullRedraw=false
[dbg] ar=24748 am=6 aA=6 aH=0 l=false j=false fullRedraw=false
[dbg] ar=24773 am=6 aA=6 aH=0 l=false j=false fullRedraw=false
[dbg] ar=24798 am=6 aA=6 aH=0 l=false j=false fullRedraw=false
[dbg] ar=24823 am=6 aA=6 aH=0 l=false j=false fullRedraw=false
[dbg] ar=24848 am=6 aA=6 aH=0 l=false j=false fullRedraw=false
[dbg] ar=24873 am=6 aA=6 aH=0 l=false j=false fullRedraw=false
[dbg] ar=24898 am=6 aA=6 aH=0 l=false j=false fullRedraw=false
[dbg] ar=24923 am=6 aA=6 aH=0 l=false j=false fullRedraw=false
[dbg] ar=24948 am=6 aA=6 aH=0 l=false j=false fullRedraw=false
[dbg] ar=24973 am=6 aA=6 aH=0 l=false j=false fullRedraw=false
[dbg] ar=24998 am=6 aA=6 aH=0 l=false j=false fullRedraw=false
[dbg] ar=25023 am=6 aA=6 aH=0 l=false j=false fullRedraw=false
[dbg] ar=25048 am=6 aA=6 aH=0 l=false j=false fullRedraw=false
[dbg] ar=25073 am=6 aA=6 aH=0 l=false j=false fullRedraw=false
[dbg] ar=25098 am=6 aA=6 aH=0 l=false j=false fullRedraw=false
[dbg] ar=25123 am=6 aA=6 aH=0 l=false j=false fullRedraw=false
[dbg] ar=25148 am=6 aA=6 aH=0 l=false j=false fullRedraw=false
[dbg] ar=25173 am=6 aA=6 aH=0 l=false j=false fullRedraw=false
[dbg] ar=25198 am=6 aA=6 aH=0 l=false j=false fullRedraw=false
[dbg] ar=25223 am=6 aA=6 aH=0 l=false j=false fullRedraw=false
[dbg] ar=25248 am=6 aA=6 aH=0 l=false j=false fullRedraw=false
[dbg] ar=25273 am=6 aA=6 aH=0 l=false j=false fullRedraw=false
[dbg] ar=25298 am=6 aA=6 aH=0 l=false j=false fullRedraw=false
[dbg] ar=25323 am=6 aA=6 aH=0 l=false j=false fullRedraw=false
[dbg] ar=25348 am=6 aA=6 aH=0 l=false j=false fullRedraw=false
[dbg] ar=25373 am=6 aA=6 aH=0 l=false j=false fullRedraw=false
[dbg] ar=25398 am=6 aA=6 aH=0 l=false j=false fullRedraw=false
[dbg] ar=25423 am=6 aA=6 aH=0 l=false j=false fullRedraw=false
[dbg] ar=25448 am=6 aA=6 aH=0 l=false j=false fullRedraw=false
[dbg] ar=25473 am=6 aA=6 aH=0 l=false j=false fullRedraw=false
[dbg] ar=25498 am=6 aA=6 aH=0 l=false j=false fullRedraw=false
[dbg] ar=25523 am=6 aA=6 aH=0 l=false j=false fullRedraw=false
[dbg] ar=25548 am=6 aA=6 aH=0 l=false j=false fullRedraw=false
[dbg] ar=25573 am=6 aA=6 aH=0 l=false j=false fullRedraw=false
[dbg] ar=25598 am=6 aA=6 aH=0 l=false j=false fullRedraw=false
[dbg] ar=25623 am=6 aA=6 aH=0 l=false j=false fullRedraw=false
[dbg] ar=25648 am=6 aA=6 aH=0 l=false j=false fullRedraw=false
[dbg] ar=25673 am=6 aA=6 aH=0 l=false j=false fullRedraw=false
[dbg] ar=25698 am=6 aA=6 aH=0 l=false j=false fullRedraw=false
[dbg] ar=25723 am=6 aA=6 aH=0 l=false j=false fullRedraw=false
[dbg] ar=25748 am=6 aA=6 aH=0 l=false j=false fullRedraw=false
[dbg] ar=25773 am=6 aA=6 aH=0 l=false j=false fullRedraw=false
[dbg] ar=25798 am=6 aA=6 aH=0 l=false j=false fullRedraw=false
[dbg] ar=25823 am=6 aA=6 aH=0 l=false j=false fullRedraw=false
[dbg] ar=25848 am=6 aA=6 aH=0 l=false j=false fullRedraw=false
[dbg] ar=25873 am=6 aA=6 aH=0 l=false j=false fullRedraw=false
[dbg] ar=25898 am=6 aA=6 aH=0 l=false j=false fullRedraw=false
[dbg] ar=25923 am=6 aA=6 aH=0 l=false j=false fullRedraw=false
[dbg] ar=25948 am=6 aA=6 aH=0 l=false j=false fullRedraw=false
[dbg] ar=25973 am=6 aA=6 aH=0 l=false j=false fullRedraw=false
[dbg] ar=25998 am=6 aA=6 aH=0 l=false j=false fullRedraw=false
[dbg] ar=26023 am=6 aA=6 aH=0 l=false j=false fullRedraw=false
[dbg] ar=26048 am=6 aA=6 aH=0 l=false j=false fullRedraw=false
[dbg] ar=26073 am=6 aA=6 aH=0 l=false j=false fullRedraw=false
[dbg] ar=26098 am=6 aA=6 aH=0 l=false j=false fullRedraw=false
[dbg] ar=26123 am=6 aA=6 aH=0 l=false j=false fullRedraw=false
[dbg] ar=26148 am=6 aA=6 aH=0 l=false j=false fullRedraw=false
[dbg] ar=26173 am=6 aA=6 aH=0 l=false j=false fullRedraw=false
[dbg] ar=26198 am=6 aA=6 aH=0 l=false j=false fullRedraw=false
[dbg] ar=26223 am=6 aA=6 aH=0 l=false j=false fullRedraw=false
[dbg] ar=26248 am=6 aA=6 aH=0 l=false j=false fullRedraw=false
[dbg] ar=26273 am=6 aA=6 aH=0 l=false j=false fullRedraw=false
[dbg] ar=26298 am=6 aA=6 aH=0 l=false j=false fullRedraw=false
[dbg] ar=26323 am=6 aA=6 aH=0 l=false j=false fullRedraw=false
[dbg] ar=26348 am=6 aA=6 aH=0 l=false j=false fullRedraw=false
[dbg] ar=26373 am=6 aA=6 aH=0 l=false j=false fullRedraw=false
[dbg] ar=26398 am=6 aA=6 aH=0 l=false j=false fullRedraw=false
[dbg] ar=26423 am=6 aA=6 aH=0 l=false j=false fullRedraw=false
[dbg] ar=26448 am=6 aA=6 aH=0 l=false j=false fullRedraw=false
[dbg] ar=26473 am=6 aA=6 aH=0 l=false j=false fullRedraw=false
[dbg] ar=26498 am=6 aA=6 aH=0 l=false j=false fullRedraw=false
[dbg] ar=26523 am=6 aA=6 aH=0 l=false j=false fullRedraw=false
[dbg] ar=26548 am=6 aA=6 aH=0 l=false j=false fullRedraw=false
[dbg] ar=26573 am=6 aA=6 aH=0 l=false j=false fullRedraw=false
[dbg] ar=26598 am=6 aA=6 aH=0 l=false j=false fullRedraw=false
[dbg] ar=26623 am=6 aA=6 aH=0 l=false j=false fullRedraw=false
[dbg] ar=26648 am=6 aA=6 aH=0 l=false j=false fullRedraw=false
[dbg] ar=26673 am=6 aA=6 aH=0 l=false j=false fullRedraw=false
[dbg] ar=26698 am=6 aA=6 aH=0 l=false j=false fullRedraw=false
[dbg] ar=26723 am=6 aA=6 aH=0 l=false j=false fullRedraw=false
[dbg] ar=26748 am=6 aA=6 aH=0 l=false j=false fullRedraw=false
[dbg] ar=26773 am=6 aA=6 aH=0 l=false j=false fullRedraw=false
[dbg] ar=26798 am=6 aA=6 aH=0 l=false j=false fullRedraw=false
[dbg] ar=26823 am=6 aA=6 aH=0 l=false j=false fullRedraw=false
[dbg] ar=26848 am=6 aA=6 aH=0 l=false j=false fullRedraw=false
[dbg] ar=26873 am=6 aA=6 aH=0 l=false j=false fullRedraw=false
[dbg] ar=26898 am=6 aA=6 aH=0 l=false j=false fullRedraw=false
[dbg] ar=26923 am=6 aA=6 aH=0 l=false j=false fullRedraw=false
[dbg] ar=26948 am=6 aA=6 aH=0 l=false j=false fullRedraw=false
[dbg] ar=26973 am=6 aA=6 aH=0 l=false j=false fullRedraw=false
[dbg] ar=26998 am=6 aA=6 aH=0 l=false j=false fullRedraw=false
[dbg] ar=27023 am=6 aA=6 aH=0 l=false j=false fullRedraw=false
[dbg] ar=27048 am=6 aA=6 aH=0 l=false j=false fullRedraw=false
[dbg] ar=27073 am=6 aA=6 aH=0 l=false j=false fullRedraw=false
[dbg] ar=27098 am=6 aA=6 aH=0 l=false j=false fullRedraw=false
[dbg] ar=27123 am=6 aA=6 aH=0 l=false j=false fullRedraw=false
[dbg] ar=27148 am=6 aA=6 aH=0 l=false j=false fullRedraw=false
[dbg] ar=27173 am=6 aA=6 aH=0 l=false j=false fullRedraw=false
[dbg] ar=27198 am=6 aA=6 aH=0 l=false j=false fullRedraw=false
[dbg] ar=27223 am=6 aA=6 aH=0 l=false j=false fullRedraw=false
[dbg] ar=27248 am=6 aA=6 aH=0 l=false j=false fullRedraw=false
[dbg] ar=27273 am=6 aA=6 aH=0 l=false j=false fullRedraw=false
[dbg] ar=27298 am=6 aA=6 aH=0 l=false j=false fullRedraw=false
[dbg] ar=27323 am=6 aA=6 aH=0 l=false j=false fullRedraw=false
[dbg] ar=27348 am=6 aA=6 aH=0 l=false j=false fullRedraw=false
[dbg] ar=27373 am=6 aA=6 aH=0 l=false j=false fullRedraw=false
[dbg] ar=27398 am=6 aA=6 aH=0 l=false j=false fullRedraw=false
[dbg] ar=27423 am=6 aA=6 aH=0 l=false j=false fullRedraw=false
[dbg] ar=27448 am=6 aA=6 aH=0 l=false j=false fullRedraw=false
[dbg] ar=27473 am=6 aA=6 aH=0 l=false j=false fullRedraw=false
[dbg] ar=27498 am=6 aA=6 aH=0 l=false j=false fullRedraw=false
[dbg] ar=27523 am=6 aA=6 aH=0 l=false j=false fullRedraw=false
[dbg] ar=27548 am=6 aA=6 aH=0 l=false j=false fullRedraw=false
[dbg] ar=27573 am=6 aA=6 aH=0 l=false j=false fullRedraw=false
[dbg] ar=27598 am=6 aA=6 aH=0 l=false j=false fullRedraw=false
[dbg] ar=27623 am=6 aA=6 aH=0 l=false j=false fullRedraw=false
[dbg] ar=27648 am=6 aA=6 aH=0 l=false j=false fullRedraw=false
[dbg] ar=27673 am=6 aA=6 aH=0 l=false j=false fullRedraw=false
[dbg] ar=27698 am=6 aA=6 aH=0 l=false j=false fullRedraw=false
[dbg] ar=27723 am=6 aA=6 aH=0 l=false j=false fullRedraw=false
[dbg] ar=27748 am=6 aA=6 aH=0 l=false j=false fullRedraw=false
[dbg] ar=27773 am=6 aA=6 aH=0 l=false j=false fullRedraw=false
[dbg] ar=27798 am=6 aA=6 aH=0 l=false j=false fullRedraw=false
[dbg] ar=27823 am=6 aA=6 aH=0 l=false j=false fullRedraw=false
[dbg] ar=27848 am=6 aA=6 aH=0 l=false j=false fullRedraw=false
[dbg] ar=27873 am=6 aA=6 aH=0 l=false j=false fullRedraw=false
[dbg] ar=27898 am=6 aA=6 aH=0 l=false j=false fullRedraw=false
[dbg] ar=27923 am=6 aA=6 aH=0 l=false j=false fullRedraw=false
[dbg] ar=27948 am=6 aA=6 aH=0 l=false j=false fullRedraw=false
[dbg] ar=27973 am=6 aA=6 aH=0 l=false j=false fullRedraw=false
[dbg] ar=27998 am=6 aA=6 aH=0 l=false j=false fullRedraw=false
[dbg] ar=28023 am=6 aA=6 aH=0 l=false j=false fullRedraw=false
[dbg] ar=28048 am=6 aA=6 aH=0 l=false j=false fullRedraw=false
[dbg] ar=28073 am=6 aA=6 aH=0 l=false j=false fullRedraw=false
[dbg] ar=28098 am=6 aA=6 aH=0 l=false j=false fullRedraw=false
[dbg] ar=28123 am=6 aA=6 aH=0 l=false j=false fullRedraw=false
[dbg] ar=28148 am=6 aA=6 aH=0 l=false j=false fullRedraw=false
[dbg] ar=28173 am=6 aA=6 aH=0 l=false j=false fullRedraw=false
[dbg] ar=28198 am=6 aA=6 aH=0 l=false j=false fullRedraw=false
[dbg] ar=28223 am=6 aA=6 aH=0 l=false j=false fullRedraw=false
[dbg] ar=28248 am=6 aA=6 aH=0 l=false j=false fullRedraw=false
[dbg] ar=28273 am=6 aA=6 aH=0 l=false j=false fullRedraw=false
[dbg] ar=28298 am=6 aA=6 aH=0 l=false j=false fullRedraw=false
[dbg] ar=28323 am=6 aA=6 aH=0 l=false j=false fullRedraw=false
[dbg] ar=28348 am=6 aA=6 aH=0 l=false j=false fullRedraw=false
[dbg] ar=28373 am=6 aA=6 aH=0 l=false j=false fullRedraw=false
[dbg] ar=28398 am=6 aA=6 aH=0 l=false j=false fullRedraw=false
[dbg] ar=28423 am=6 aA=6 aH=0 l=false j=false fullRedraw=false
[dbg] ar=28448 am=6 aA=6 aH=0 l=false j=false fullRedraw=false
[dbg] ar=28473 am=6 aA=6 aH=0 l=false j=false fullRedraw=false
[dbg] ar=28498 am=6 aA=6 aH=0 l=false j=false fullRedraw=false
[dbg] ar=28523 am=6 aA=6 aH=0 l=false j=false fullRedraw=false
[dbg] ar=28548 am=6 aA=6 aH=0 l=false j=false fullRedraw=false
[dbg] ar=28573 am=6 aA=6 aH=0 l=false j=false fullRedraw=false
[dbg] ar=28598 am=6 aA=6 aH=0 l=false j=false fullRedraw=false
[dbg] ar=28623 am=6 aA=6 aH=0 l=false j=false fullRedraw=false
[dbg] ar=28648 am=6 aA=6 aH=0 l=false j=false fullRedraw=false
[dbg] ar=28673 am=6 aA=6 aH=0 l=false j=false fullRedraw=false
[dbg] ar=28698 am=6 aA=6 aH=0 l=false j=false fullRedraw=false
[dbg] ar=28723 am=6 aA=6 aH=0 l=false j=false fullRedraw=false
[dbg] ar=28748 am=6 aA=6 aH=0 l=false j=false fullRedraw=false
[dbg] ar=28773 am=6 aA=6 aH=0 l=false j=false fullRedraw=false
[dbg] ar=28798 am=6 aA=6 aH=0 l=false j=false fullRedraw=false
[dbg] ar=28823 am=6 aA=6 aH=0 l=false j=false fullRedraw=false
[dbg] ar=28848 am=6 aA=6 aH=0 l=false j=false fullRedraw=false
[dbg] ar=28873 am=6 aA=6 aH=0 l=false j=false fullRedraw=false
[dbg] ar=28898 am=6 aA=6 aH=0 l=false j=false fullRedraw=false
[dbg] ar=28923 am=6 aA=6 aH=0 l=false j=false fullRedraw=false
[dbg] ar=28948 am=6 aA=6 aH=0 l=false j=false fullRedraw=false
[dbg] ar=28973 am=6 aA=6 aH=0 l=false j=false fullRedraw=false
[dbg] ar=28998 am=6 aA=6 aH=0 l=false j=false fullRedraw=false
[dbg] ar=29023 am=6 aA=6 aH=0 l=false j=false fullRedraw=false
[dbg] ar=29048 am=6 aA=6 aH=0 l=false j=false fullRedraw=false
[dbg] ar=29073 am=6 aA=6 aH=0 l=false j=false fullRedraw=false
[dbg] ar=29098 am=6 aA=6 aH=0 l=false j=false fullRedraw=false
[dbg] ar=29123 am=6 aA=6 aH=0 l=false j=false fullRedraw=false
[dbg] ar=29148 am=6 aA=6 aH=0 l=false j=false fullRedraw=false
[dbg] ar=29173 am=6 aA=6 aH=0 l=false j=false fullRedraw=false
[dbg] ar=29198 am=6 aA=6 aH=0 l=false j=false fullRedraw=false
[dbg] ar=29223 am=6 aA=6 aH=0 l=false j=false fullRedraw=false
[dbg] ar=29248 am=6 aA=6 aH=0 l=false j=false fullRedraw=false
[dbg] ar=29273 am=6 aA=6 aH=0 l=false j=false fullRedraw=false
[dbg] ar=29298 am=6 aA=6 aH=0 l=false j=false fullRedraw=false
[dbg] ar=29323 am=6 aA=6 aH=0 l=false j=false fullRedraw=false
[dbg] ar=29348 am=6 aA=6 aH=0 l=false j=false fullRedraw=false
[dbg] ar=29373 am=6 aA=6 aH=0 l=false j=false fullRedraw=false
[dbg] ar=29398 am=6 aA=6 aH=0 l=false j=false fullRedraw=false
[dbg] ar=29423 am=6 aA=6 aH=0 l=false j=false fullRedraw=false
[dbg] ar=29448 am=6 aA=6 aH=0 l=false j=false fullRedraw=false
[dbg] ar=29473 am=6 aA=6 aH=0 l=false j=false fullRedraw=false
[dbg] ar=29498 am=6 aA=6 aH=0 l=false j=false fullRedraw=false
[dbg] ar=29523 am=6 aA=6 aH=0 l=false j=false fullRedraw=false
[dbg] ar=29548 am=6 aA=6 aH=0 l=false j=false fullRedraw=false
[dbg] ar=29573 am=6 aA=6 aH=0 l=false j=false fullRedraw=false
[dbg] ar=29598 am=6 aA=6 aH=0 l=false j=false fullRedraw=false
[dbg] ar=29623 am=6 aA=6 aH=0 l=false j=false fullRedraw=false
[dbg] ar=29648 am=6 aA=6 aH=0 l=false j=false fullRedraw=false
[dbg] ar=29673 am=6 aA=6 aH=0 l=false j=false fullRedraw=false
[dbg] ar=29698 am=6 aA=6 aH=0 l=false j=false fullRedraw=false
[dbg] ar=29723 am=6 aA=6 aH=0 l=false j=false fullRedraw=false
[dbg] ar=29748 am=6 aA=6 aH=0 l=false j=false fullRedraw=false
[dbg] ar=29773 am=6 aA=6 aH=0 l=false j=false fullRedraw=false
[dbg] ar=29798 am=6 aA=6 aH=0 l=false j=false fullRedraw=false
[dbg] ar=29823 am=6 aA=6 aH=0 l=false j=false fullRedraw=false
[dbg] ar=29848 am=6 aA=6 aH=0 l=false j=false fullRedraw=false
[dbg] ar=29873 am=6 aA=6 aH=0 l=false j=false fullRedraw=false
[dbg] ar=29898 am=6 aA=6 aH=0 l=false j=false fullRedraw=false
[dbg] ar=29923 am=6 aA=6 aH=0 l=false j=false fullRedraw=false
[dbg] ar=29948 am=6 aA=6 aH=0 l=false j=false fullRedraw=false
[dbg] ar=29973 am=6 aA=6 aH=0 l=false j=false fullRedraw=false
[dbg] ar=29998 am=6 aA=6 aH=0 l=false j=false fullRedraw=false
[dbg] ar=30023 am=6 aA=6 aH=0 l=false j=false fullRedraw=false
[dbg] ar=30048 am=6 aA=6 aH=0 l=false j=false fullRedraw=false
[dbg] ar=30073 am=6 aA=6 aH=0 l=false j=false fullRedraw=false
[dbg] ar=30098 am=6 aA=6 aH=0 l=false j=false fullRedraw=false
[dbg] ar=30123 am=6 aA=6 aH=0 l=false j=false fullRedraw=false
[dbg] ar=30148 am=6 aA=6 aH=0 l=false j=false fullRedraw=false
[dbg] ar=30173 am=6 aA=6 aH=0 l=false j=false fullRedraw=false
[dbg] ar=30198 am=6 aA=6 aH=0 l=false j=false fullRedraw=false
[dbg] ar=30223 am=6 aA=6 aH=0 l=false j=false fullRedraw=false
[dbg] ar=30248 am=6 aA=6 aH=0 l=false j=false fullRedraw=false
[dbg] ar=30273 am=6 aA=6 aH=0 l=false j=false fullRedraw=false
[dbg] ar=30298 am=6 aA=6 aH=0 l=false j=false fullRedraw=false
[dbg] ar=30323 am=6 aA=6 aH=0 l=false j=false fullRedraw=false
[dbg] ar=30348 am=6 aA=6 aH=0 l=false j=false fullRedraw=false
[dbg] ar=30373 am=6 aA=6 aH=0 l=false j=false fullRedraw=false
[dbg] ar=30398 am=6 aA=6 aH=0 l=false j=false fullRedraw=false
[dbg] ar=30423 am=6 aA=6 aH=0 l=false j=false fullRedraw=false
[dbg] ar=30448 am=6 aA=6 aH=0 l=false j=false fullRedraw=false
[dbg] ar=30473 am=6 aA=6 aH=0 l=false j=false fullRedraw=false
[dbg] ar=30498 am=6 aA=6 aH=0 l=false j=false fullRedraw=false
[dbg] ar=30523 am=6 aA=6 aH=0 l=false j=false fullRedraw=false
[dbg] ar=30548 am=6 aA=6 aH=0 l=false j=false fullRedraw=false
[dbg] ar=30573 am=6 aA=6 aH=0 l=false j=false fullRedraw=false
[dbg] ar=30598 am=6 aA=6 aH=0 l=false j=false fullRedraw=false
[dbg] ar=30623 am=6 aA=6 aH=0 l=false j=false fullRedraw=false
[dbg] ar=30648 am=6 aA=6 aH=0 l=false j=false fullRedraw=false
[dbg] ar=30673 am=6 aA=6 aH=0 l=false j=false fullRedraw=false
[dbg] ar=30698 am=6 aA=6 aH=0 l=false j=false fullRedraw=false
[dbg] ar=30723 am=6 aA=6 aH=0 l=false j=false fullRedraw=false
[dbg] ar=30748 am=6 aA=6 aH=0 l=false j=false fullRedraw=false
[dbg] ar=30773 am=6 aA=6 aH=0 l=false j=false fullRedraw=false
[dbg] ar=30798 am=6 aA=6 aH=0 l=false j=false fullRedraw=false
[dbg] ar=30823 am=6 aA=6 aH=0 l=false j=false fullRedraw=false
[dbg] ar=30848 am=6 aA=6 aH=0 l=false j=false fullRedraw=false
[dbg] ar=30873 am=6 aA=6 aH=0 l=false j=false fullRedraw=false
[dbg] ar=30898 am=6 aA=6 aH=0 l=false j=false fullRedraw=false
[dbg] ar=30923 am=6 aA=6 aH=0 l=false j=false fullRedraw=false
[dbg] ar=30948 am=6 aA=6 aH=0 l=false j=false fullRedraw=false
[dbg] ar=30973 am=6 aA=6 aH=0 l=false j=false fullRedraw=false
[dbg] ar=30998 am=6 aA=6 aH=0 l=false j=false fullRedraw=false
[dbg] ar=31023 am=6 aA=6 aH=0 l=false j=false fullRedraw=false
[dbg] ar=31048 am=6 aA=6 aH=0 l=false j=false fullRedraw=false
[dbg] ar=31073 am=6 aA=6 aH=0 l=false j=false fullRedraw=false
[dbg] ar=31098 am=6 aA=6 aH=0 l=false j=false fullRedraw=false
[dbg] ar=31123 am=6 aA=6 aH=0 l=false j=false fullRedraw=false
[dbg] ar=31148 am=6 aA=6 aH=0 l=false j=false fullRedraw=false
[dbg] ar=31173 am=6 aA=6 aH=0 l=false j=false fullRedraw=false
[dbg] ar=31198 am=6 aA=6 aH=0 l=false j=false fullRedraw=false
[dbg] ar=31223 am=6 aA=6 aH=0 l=false j=false fullRedraw=false
[dbg] ar=31248 am=6 aA=6 aH=0 l=false j=false fullRedraw=false
[dbg] ar=31273 am=6 aA=6 aH=0 l=false j=false fullRedraw=false
[dbg] ar=31298 am=6 aA=6 aH=0 l=false j=false fullRedraw=false
[dbg] ar=31323 am=6 aA=6 aH=0 l=false j=false fullRedraw=false
[dbg] ar=31348 am=6 aA=6 aH=0 l=false j=false fullRedraw=false
[dbg] ar=31373 am=6 aA=6 aH=0 l=false j=false fullRedraw=false
[dbg] ar=31398 am=6 aA=6 aH=0 l=false j=false fullRedraw=false
[dbg] ar=31423 am=6 aA=6 aH=0 l=false j=false fullRedraw=false
[dbg] ar=31448 am=6 aA=6 aH=0 l=false j=false fullRedraw=false
[dbg] ar=31473 am=6 aA=6 aH=0 l=false j=false fullRedraw=false
[dbg] ar=31498 am=6 aA=6 aH=0 l=false j=false fullRedraw=false
[dbg] ar=31523 am=6 aA=6 aH=0 l=false j=false fullRedraw=false
[dbg] ar=31548 am=6 aA=6 aH=0 l=false j=false fullRedraw=false
[dbg] ar=31573 am=6 aA=6 aH=0 l=false j=false fullRedraw=false
[dbg] ar=31598 am=6 aA=6 aH=0 l=false j=false fullRedraw=false
[dbg] ar=31623 am=6 aA=6 aH=0 l=false j=false fullRedraw=false
[dbg] ar=31648 am=6 aA=6 aH=0 l=false j=false fullRedraw=false
[dbg] ar=31673 am=6 aA=6 aH=0 l=false j=false fullRedraw=false
[dbg] ar=31698 am=6 aA=6 aH=0 l=false j=false fullRedraw=false
[dbg] ar=31723 am=6 aA=6 aH=0 l=false j=false fullRedraw=false
[fifo] ar=31745 slots 0
[slots] p0 n=8 0:t3@(48,14)w0 1:t3@(48,13)w0 2:t3@(49,13)w0 3:t3@(49,14)w0 4:t5@(48,16)w0 5:t5@(48,17)w0 6:t4@(46,11)w0 7:t4@(47,11)w0
[dbg] ar=31748 am=6 aA=6 aH=0 l=false j=false fullRedraw=false
[dbg] ar=31773 am=6 aA=6 aH=0 l=false j=false fullRedraw=false
[fifo] ar=31791 slots 1
[slots] p1 n=8 0:t5@(32,30)w0 1:t5@(30,30)w0 2:t3@(11,50)w0 3:t3@(11,49)w0 4:t3@(11,48)w0 5:t4@(34,55)w0 6:t4@(34,53)w0 7:t4@(34,51)w0
[dbg] ar=31798 am=6 aA=6 aH=0 l=false j=false fullRedraw=false
[fifo] ar=31817 state
[devMouse] aA=6/6 cursor=(48,13) cam=(468,404) Q=880 aE=0 Y=0 sel=0
[devMouse] p0 unit 0 tile=(48,14) type=3 sel=false
[devMouse] p0 unit 1 tile=(48,13) type=3 sel=false
[devMouse] p0 unit 2 tile=(49,13) type=3 sel=false
[devMouse] p0 unit 3 tile=(49,14) type=3 sel=false
[devMouse] p0 unit 4 tile=(48,16) type=5 sel=false
[devMouse] p0 unit 5 tile=(48,17) type=5 sel=false
[devMouse] p0 unit 6 tile=(46,11) type=4 sel=false
[devMouse] p0 unit 7 tile=(47,11) type=4 sel=false
[devMouse] p1 unit 0 tile=(32,30) type=5 sel=false
[devMouse] p1 unit 1 tile=(30,30) type=5 sel=false
[devMouse] p1 unit 2 tile=(11,50) type=3 sel=false
[devMouse] p1 unit 3 tile=(11,49) type=3 sel=false
[devMouse] p1 unit 4 tile=(11,48) type=3 sel=false
[devMouse] p1 unit 5 tile=(34,55) type=4 sel=false
[devMouse] p1 unit 6 tile=(34,53) type=4 sel=false
[devMouse] p1 unit 7 tile=(34,51) type=4 sel=false
[dbg] ar=31823 am=6 aA=6 aH=0 l=false j=false fullRedraw=false
[dbg] ar=31848 am=6 aA=6 aH=0 l=false j=false fullRedraw=false
[dbg] ar=31873 am=6 aA=6 aH=0 l=false j=false fullRedraw=false
[dbg] ar=31898 am=6 aA=6 aH=0 l=false j=false fullRedraw=false
[dbg] ar=31923 am=6 aA=6 aH=0 l=false j=false fullRedraw=false
[dbg] ar=31948 am=6 aA=6 aH=0 l=false j=false fullRedraw=false
[dbg] ar=31973 am=6 aA=6 aH=0 l=false j=false fullRedraw=false
[dbg] ar=31998 am=6 aA=6 aH=0 l=false j=false fullRedraw=false
[dbg] ar=32023 am=6 aA=6 aH=0 l=false j=false fullRedraw=false
[dbg] ar=32048 am=6 aA=6 aH=0 l=false j=false fullRedraw=false
[dbg] ar=32073 am=6 aA=6 aH=0 l=false j=false fullRedraw=false
[fifo] ar=32098 slots 0
[slots] p0 n=8 0:t3@(48,14)w0 1:t3@(48,13)w0 2:t3@(49,13)w0 3:t3@(49,14)w0 4:t5@(48,16)w0 5:t5@(48,17)w0 6:t4@(46,11)w0 7:t4@(47,11)w0
[dbg] ar=32098 am=6 aA=6 aH=0 l=false j=false fullRedraw=false
[dbg] ar=32123 am=6 aA=6 aH=0 l=false j=false fullRedraw=false
[fifo] ar=32144 slots 1
[slots] p1 n=8 0:t5@(32,30)w0 1:t5@(30,30)w0 2:t3@(11,50)w0 3:t3@(11,49)w0 4:t3@(11,48)w0 5:t4@(34,55)w0 6:t4@(34,53)w0 7:t4@(34,51)w0
[dbg] ar=32148 am=6 aA=6 aH=0 l=false j=false fullRedraw=false
[dbg] ar=32173 am=6 aA=6 aH=0 l=false j=false fullRedraw=false
[fifo] ar=32174 state
[devMouse] aA=6/6 cursor=(48,13) cam=(468,404) Q=880 aE=0 Y=0 sel=0
[devMouse] p0 unit 0 tile=(48,14) type=3 sel=false
[devMouse] p0 unit 1 tile=(48,13) type=3 sel=false
[devMouse] p0 unit 2 tile=(49,13) type=3 sel=false
[devMouse] p0 unit 3 tile=(49,14) type=3 sel=false
[devMouse] p0 unit 4 tile=(48,16) type=5 sel=false
[devMouse] p0 unit 5 tile=(48,17) type=5 sel=false
[devMouse] p0 unit 6 tile=(46,11) type=4 sel=false
[devMouse] p0 unit 7 tile=(47,11) type=4 sel=false
[devMouse] p1 unit 0 tile=(32,30) type=5 sel=false
[devMouse] p1 unit 1 tile=(30,30) type=5 sel=false
[devMouse] p1 unit 2 tile=(11,50) type=3 sel=false
[devMouse] p1 unit 3 tile=(11,49) type=3 sel=false
[devMouse] p1 unit 4 tile=(11,48) type=3 sel=false
[devMouse] p1 unit 5 tile=(34,55) type=4 sel=false
[devMouse] p1 unit 6 tile=(34,53) type=4 sel=false
[devMouse] p1 unit 7 tile=(34,51) type=4 sel=false
[dbg] ar=32198 am=6 aA=6 aH=0 l=false j=false fullRedraw=false
[dbg] ar=32223 am=6 aA=6 aH=0 l=false j=false fullRedraw=false
[dbg] ar=32248 am=6 aA=6 aH=0 l=false j=false fullRedraw=false
[dbg] ar=32273 am=6 aA=6 aH=0 l=false j=false fullRedraw=false
[dbg] ar=32298 am=6 aA=6 aH=0 l=false j=false fullRedraw=false
[dbg] ar=32323 am=6 aA=6 aH=0 l=false j=false fullRedraw=false
[dbg] ar=32348 am=6 aA=6 aH=0 l=false j=false fullRedraw=false
[dbg] ar=32373 am=6 aA=6 aH=0 l=false j=false fullRedraw=false
[dbg] ar=32398 am=6 aA=6 aH=0 l=false j=false fullRedraw=false
[dbg] ar=32423 am=6 aA=6 aH=0 l=false j=false fullRedraw=false
[dbg] ar=32448 am=6 aA=6 aH=0 l=false j=false fullRedraw=false
[fifo] ar=32452 slots 0
[slots] p0 n=8 0:t3@(48,14)w0 1:t3@(48,13)w0 2:t3@(49,13)w0 3:t3@(49,14)w0 4:t5@(48,16)w0 5:t5@(48,17)w0 6:t4@(46,11)w0 7:t4@(47,11)w0
[dbg] ar=32473 am=6 aA=6 aH=0 l=false j=false fullRedraw=false
[fifo] ar=32497 slots 1
[slots] p1 n=8 0:t5@(32,30)w0 1:t5@(30,30)w0 2:t3@(11,50)w0 3:t3@(11,49)w0 4:t3@(11,48)w0 5:t4@(34,55)w0 6:t4@(34,53)w0 7:t4@(34,51)w0
[dbg] ar=32498 am=6 aA=6 aH=0 l=false j=false fullRedraw=false
[dbg] ar=32523 am=6 aA=6 aH=0 l=false j=false fullRedraw=false
[fifo] ar=32527 state
[devMouse] aA=6/6 cursor=(48,13) cam=(468,404) Q=880 aE=0 Y=0 sel=0
[devMouse] p0 unit 0 tile=(48,14) type=3 sel=false
[devMouse] p0 unit 1 tile=(48,13) type=3 sel=false
[devMouse] p0 unit 2 tile=(49,13) type=3 sel=false
[devMouse] p0 unit 3 tile=(49,14) type=3 sel=false
[devMouse] p0 unit 4 tile=(48,16) type=5 sel=false
[devMouse] p0 unit 5 tile=(48,17) type=5 sel=false
[devMouse] p0 unit 6 tile=(46,11) type=4 sel=false
[devMouse] p0 unit 7 tile=(47,11) type=4 sel=false
[devMouse] p1 unit 0 tile=(32,30) type=5 sel=false
[devMouse] p1 unit 1 tile=(30,30) type=5 sel=false
[devMouse] p1 unit 2 tile=(11,50) type=3 sel=false
[devMouse] p1 unit 3 tile=(11,49) type=3 sel=false
[devMouse] p1 unit 4 tile=(11,48) type=3 sel=false
[devMouse] p1 unit 5 tile=(34,55) type=4 sel=false
[devMouse] p1 unit 6 tile=(34,53) type=4 sel=false
[devMouse] p1 unit 7 tile=(34,51) type=4 sel=false
[dbg] ar=32548 am=6 aA=6 aH=0 l=false j=false fullRedraw=false
[dbg] ar=32573 am=6 aA=6 aH=0 l=false j=false fullRedraw=false
[dbg] ar=32598 am=6 aA=6 aH=0 l=false j=false fullRedraw=false
[dbg] ar=32623 am=6 aA=6 aH=0 l=false j=false fullRedraw=false
[dbg] ar=32648 am=6 aA=6 aH=0 l=false j=false fullRedraw=false
[dbg] ar=32673 am=6 aA=6 aH=0 l=false j=false fullRedraw=false
[fifoQ] ar=32678 sel 48 13
[fifo] ar=32679 sel 48 13
[trace] g->7 (aA=6 am=6)
[devMouse] sel OK p0 unit type=3 at (48,13)
[dbg] ar=32698 am=6 aA=6 aH=0 l=false j=false fullRedraw=false
[fifoQ] ar=32710 goto 48 21
[fifo] ar=32711 goto 48 21
[devMouse] goto OK (48,21) type=3
[dbg] ar=32723 am=6 aA=6 aH=0 l=false j=false fullRedraw=false
[dbg] ar=32748 am=6 aA=6 aH=0 l=false j=false fullRedraw=false
[dbg] ar=32773 am=6 aA=6 aH=0 l=false j=false fullRedraw=false
[dbg] ar=32798 am=6 aA=6 aH=0 l=false j=false fullRedraw=false
[fifo] ar=32807 slots 0
[slots] p0 n=8 0:t3@(48,14)w0 1:t3@(48,21)w0 2:t3@(49,13)w0 3:t3@(49,14)w0 4:t5@(48,16)w0 5:t5@(48,17)w0 6:t4@(46,11)w0 7:t4@(47,11)w0
[dbg] ar=32823 am=6 aA=6 aH=0 l=false j=false fullRedraw=false
[dbg] ar=32848 am=6 aA=6 aH=0 l=false j=false fullRedraw=false
[fifo] ar=32853 slots 1
[slots] p1 n=8 0:t5@(32,30)w0 1:t5@(30,30)w0 2:t3@(11,50)w0 3:t3@(11,49)w0 4:t3@(11,48)w0 5:t4@(34,55)w0 6:t4@(34,53)w0 7:t4@(34,51)w0
[dbg] ar=32873 am=6 aA=6 aH=0 l=false j=false fullRedraw=false
[fifo] ar=32883 state
[devMouse] aA=6/6 cursor=(48,13) cam=(468,404) Q=880 aE=512 Y=0 sel=6
[devMouse] p0 unit 0 tile=(48,14) type=3 sel=false
[devMouse] p0 unit 1 tile=(48,21) type=3 sel=true
[devMouse] p0 unit 2 tile=(49,13) type=3 sel=false
[devMouse] p0 unit 3 tile=(49,14) type=3 sel=false
[devMouse] p0 unit 4 tile=(48,16) type=5 sel=false
[devMouse] p0 unit 5 tile=(48,17) type=5 sel=false
[devMouse] p0 unit 6 tile=(46,11) type=4 sel=false
[devMouse] p0 unit 7 tile=(47,11) type=4 sel=false
[devMouse] p1 unit 0 tile=(32,30) type=5 sel=false
[devMouse] p1 unit 1 tile=(30,30) type=5 sel=false
[devMouse] p1 unit 2 tile=(11,50) type=3 sel=false
[devMouse] p1 unit 3 tile=(11,49) type=3 sel=false
[devMouse] p1 unit 4 tile=(11,48) type=3 sel=false
[devMouse] p1 unit 5 tile=(34,55) type=4 sel=false
[devMouse] p1 unit 6 tile=(34,53) type=4 sel=false
[devMouse] p1 unit 7 tile=(34,51) type=4 sel=false
[dbg] ar=32898 am=6 aA=6 aH=0 l=false j=false fullRedraw=false
[dbg] ar=32923 am=6 aA=6 aH=0 l=false j=false fullRedraw=false
[dbg] ar=32948 am=6 aA=6 aH=0 l=false j=false fullRedraw=false
[dbg] ar=32973 am=6 aA=6 aH=0 l=false j=false fullRedraw=false
[dbg] ar=32998 am=6 aA=6 aH=0 l=false j=false fullRedraw=false
[dbg] ar=33023 am=6 aA=6 aH=0 l=false j=false fullRedraw=false
[dbg] ar=33048 am=6 aA=6 aH=0 l=false j=false fullRedraw=false
[dbg] ar=33073 am=6 aA=6 aH=0 l=false j=false fullRedraw=false
[dbg] ar=33098 am=6 aA=6 aH=0 l=false j=false fullRedraw=false
[dbg] ar=33123 am=6 aA=6 aH=0 l=false j=false fullRedraw=false
[dbg] ar=33148 am=6 aA=6 aH=0 l=false j=false fullRedraw=false
[fifo] ar=33160 slots 0
[slots] p0 n=8 0:t3@(48,14)w0 1:t3@(48,21)w0 2:t3@(49,13)w0 3:t3@(49,14)w0 4:t5@(48,16)w0 5:t5@(48,17)w0 6:t4@(46,11)w0 7:t4@(47,11)w0
[dbg] ar=33173 am=6 aA=6 aH=0 l=false j=false fullRedraw=false
[dbg] ar=33198 am=6 aA=6 aH=0 l=false j=false fullRedraw=false
[fifo] ar=33201 slots 0
[slots] p0 n=8 0:t3@(48,14)w0 1:t3@(48,21)w0 2:t3@(49,13)w0 3:t3@(49,14)w0 4:t5@(48,16)w0 5:t5@(48,17)w0 6:t4@(46,11)w0 7:t4@(47,11)w0
[fifo] ar=33210 slots 1
[slots] p1 n=8 0:t5@(32,30)w0 1:t5@(30,30)w0 2:t3@(11,50)w0 3:t3@(11,49)w0 4:t3@(11,48)w0 5:t4@(34,55)w0 6:t4@(34,53)w0 7:t4@(34,51)w0
[dbg] ar=33223 am=6 aA=6 aH=0 l=false j=false fullRedraw=false
[fifo] ar=33239 state
[devMouse] aA=6/6 cursor=(48,13) cam=(468,404) Q=880 aE=512 Y=0 sel=6
[devMouse] p0 unit 0 tile=(48,14) type=3 sel=false
[devMouse] p0 unit 1 tile=(48,21) type=3 sel=true
[devMouse] p0 unit 2 tile=(49,13) type=3 sel=false
[devMouse] p0 unit 3 tile=(49,14) type=3 sel=false
[devMouse] p0 unit 4 tile=(48,16) type=5 sel=false
[devMouse] p0 unit 5 tile=(48,17) type=5 sel=false
[devMouse] p0 unit 6 tile=(46,11) type=4 sel=false
[devMouse] p0 unit 7 tile=(47,11) type=4 sel=false
[devMouse] p1 unit 0 tile=(32,30) type=5 sel=false
[devMouse] p1 unit 1 tile=(30,30) type=5 sel=false
[devMouse] p1 unit 2 tile=(11,50) type=3 sel=false
[devMouse] p1 unit 3 tile=(11,49) type=3 sel=false
[devMouse] p1 unit 4 tile=(11,48) type=3 sel=false
[devMouse] p1 unit 5 tile=(34,55) type=4 sel=false
[devMouse] p1 unit 6 tile=(34,53) type=4 sel=false
[devMouse] p1 unit 7 tile=(34,51) type=4 sel=false
[dbg] ar=33248 am=6 aA=6 aH=0 l=false j=false fullRedraw=false
[dbg] ar=33273 am=6 aA=6 aH=0 l=false j=false fullRedraw=false
[dbg] ar=33298 am=6 aA=6 aH=0 l=false j=false fullRedraw=false
[dbg] ar=33323 am=6 aA=6 aH=0 l=false j=false fullRedraw=false
[dbg] ar=33348 am=6 aA=6 aH=0 l=false j=false fullRedraw=false
[dbg] ar=33373 am=6 aA=6 aH=0 l=false j=false fullRedraw=false
[dbg] ar=33398 am=6 aA=6 aH=0 l=false j=false fullRedraw=false
[dbg] ar=33423 am=6 aA=6 aH=0 l=false j=false fullRedraw=false
[dbg] ar=33448 am=6 aA=6 aH=0 l=false j=false fullRedraw=false
[dbg] ar=33473 am=6 aA=6 aH=0 l=false j=false fullRedraw=false
[dbg] ar=33498 am=6 aA=6 aH=0 l=false j=false fullRedraw=false
[fifo] ar=33519 slots 0
[slots] p0 n=8 0:t3@(48,14)w0 1:t3@(48,21)w0 2:t3@(49,13)w0 3:t3@(49,14)w0 4:t5@(48,16)w0 5:t5@(48,17)w0 6:t4@(46,11)w0 7:t4@(47,11)w0
[dbg] ar=33523 am=6 aA=6 aH=0 l=false j=false fullRedraw=false
[fifo] ar=33527 slots 0
[slots] p0 n=8 0:t3@(48,14)w0 1:t3@(48,21)w0 2:t3@(49,13)w0 3:t3@(49,14)w0 4:t5@(48,16)w0 5:t5@(48,17)w0 6:t4@(46,11)w0 7:t4@(47,11)w0
[dbg] ar=33548 am=6 aA=6 aH=0 l=false j=false fullRedraw=false
[fifo] ar=33564 slots 1
[slots] p1 n=8 0:t5@(32,30)w0 1:t5@(30,30)w0 2:t3@(11,50)w0 3:t3@(11,49)w0 4:t3@(11,48)w0 5:t4@(34,55)w0 6:t4@(34,53)w0 7:t4@(34,51)w0
[dbg] ar=33573 am=6 aA=6 aH=0 l=false j=false fullRedraw=false
[fifo] ar=33593 state
[devMouse] aA=6/6 cursor=(48,13) cam=(468,404) Q=880 aE=512 Y=0 sel=6
[devMouse] p0 unit 0 tile=(48,14) type=3 sel=false
[devMouse] p0 unit 1 tile=(48,21) type=3 sel=true
[devMouse] p0 unit 2 tile=(49,13) type=3 sel=false
[devMouse] p0 unit 3 tile=(49,14) type=3 sel=false
[devMouse] p0 unit 4 tile=(48,16) type=5 sel=false
[devMouse] p0 unit 5 tile=(48,17) type=5 sel=false
[devMouse] p0 unit 6 tile=(46,11) type=4 sel=false
[devMouse] p0 unit 7 tile=(47,11) type=4 sel=false
[devMouse] p1 unit 0 tile=(32,30) type=5 sel=false
[devMouse] p1 unit 1 tile=(30,30) type=5 sel=false
[devMouse] p1 unit 2 tile=(11,50) type=3 sel=false
[devMouse] p1 unit 3 tile=(11,49) type=3 sel=false
[devMouse] p1 unit 4 tile=(11,48) type=3 sel=false
[devMouse] p1 unit 5 tile=(34,55) type=4 sel=false
[devMouse] p1 unit 6 tile=(34,53) type=4 sel=false
[devMouse] p1 unit 7 tile=(34,51) type=4 sel=false
[dbg] ar=33598 am=6 aA=6 aH=0 l=false j=false fullRedraw=false
[dbg] ar=33623 am=6 aA=6 aH=0 l=false j=false fullRedraw=false
[dbg] ar=33648 am=6 aA=6 aH=0 l=false j=false fullRedraw=false
[dbg] ar=33673 am=6 aA=6 aH=0 l=false j=false fullRedraw=false
[dbg] ar=33698 am=6 aA=6 aH=0 l=false j=false fullRedraw=false
[dbg] ar=33723 am=6 aA=6 aH=0 l=false j=false fullRedraw=false
[dbg] ar=33748 am=6 aA=6 aH=0 l=false j=false fullRedraw=false
[dbg] ar=33773 am=6 aA=6 aH=0 l=false j=false fullRedraw=false
[dbg] ar=33798 am=6 aA=6 aH=0 l=false j=false fullRedraw=false
[dbg] ar=33823 am=6 aA=6 aH=0 l=false j=false fullRedraw=false
[dbg] ar=33848 am=6 aA=6 aH=0 l=false j=false fullRedraw=false
[fifo] ar=33872 slots 0
[slots] p0 n=8 0:t3@(48,14)w0 1:t3@(48,21)w0 2:t3@(49,13)w0 3:t3@(49,14)w0 4:t5@(48,16)w0 5:t5@(48,17)w0 6:t4@(46,11)w0 7:t4@(47,11)w0
[dbg] ar=33873 am=6 aA=6 aH=0 l=false j=false fullRedraw=false
[dbg] ar=33898 am=6 aA=6 aH=0 l=false j=false fullRedraw=false
[fifo] ar=33918 slots 1
[slots] p1 n=8 0:t5@(32,30)w0 1:t5@(30,30)w0 2:t3@(11,50)w0 3:t3@(11,49)w0 4:t3@(11,48)w0 5:t4@(34,55)w0 6:t4@(34,53)w0 7:t4@(34,51)w0
[dbg] ar=33923 am=6 aA=6 aH=0 l=false j=false fullRedraw=false
[dbg] ar=33948 am=6 aA=6 aH=0 l=false j=false fullRedraw=false
[fifo] ar=33950 state
[devMouse] aA=6/6 cursor=(48,13) cam=(468,404) Q=880 aE=512 Y=0 sel=6
[devMouse] p0 unit 0 tile=(48,14) type=3 sel=false
[devMouse] p0 unit 1 tile=(48,21) type=3 sel=true
[devMouse] p0 unit 2 tile=(49,13) type=3 sel=false
[devMouse] p0 unit 3 tile=(49,14) type=3 sel=false
[devMouse] p0 unit 4 tile=(48,16) type=5 sel=false
[devMouse] p0 unit 5 tile=(48,17) type=5 sel=false
[devMouse] p0 unit 6 tile=(46,11) type=4 sel=false
[devMouse] p0 unit 7 tile=(47,11) type=4 sel=false
[devMouse] p1 unit 0 tile=(32,30) type=5 sel=false
[devMouse] p1 unit 1 tile=(30,30) type=5 sel=false
[devMouse] p1 unit 2 tile=(11,50) type=3 sel=false
[devMouse] p1 unit 3 tile=(11,49) type=3 sel=false
[devMouse] p1 unit 4 tile=(11,48) type=3 sel=false
[devMouse] p1 unit 5 tile=(34,55) type=4 sel=false
[devMouse] p1 unit 6 tile=(34,53) type=4 sel=false
[devMouse] p1 unit 7 tile=(34,51) type=4 sel=false
[dbg] ar=33973 am=6 aA=6 aH=0 l=false j=false fullRedraw=false
[dbg] ar=33998 am=6 aA=6 aH=0 l=false j=false fullRedraw=false
[dbg] ar=34023 am=6 aA=6 aH=0 l=false j=false fullRedraw=false
[dbg] ar=34048 am=6 aA=6 aH=0 l=false j=false fullRedraw=false
[dbg] ar=34073 am=6 aA=6 aH=0 l=false j=false fullRedraw=false
[dbg] ar=34098 am=6 aA=6 aH=0 l=false j=false fullRedraw=false
[dbg] ar=34123 am=6 aA=6 aH=0 l=false j=false fullRedraw=false
[dbg] ar=34148 am=6 aA=6 aH=0 l=false j=false fullRedraw=false
[dbg] ar=34173 am=6 aA=6 aH=0 l=false j=false fullRedraw=false
[dbg] ar=34198 am=6 aA=6 aH=0 l=false j=false fullRedraw=false
[fifo] ar=34223 slots 0
[slots] p0 n=8 0:t3@(48,14)w0 1:t3@(48,21)w0 2:t3@(49,13)w0 3:t3@(49,14)w0 4:t5@(48,16)w0 5:t5@(48,17)w0 6:t4@(46,11)w0 7:t4@(47,11)w0
[dbg] ar=34223 am=6 aA=6 aH=0 l=false j=false fullRedraw=false
[dbg] ar=34248 am=6 aA=6 aH=0 l=false j=false fullRedraw=false
[fifo] ar=34270 slots 1
[slots] p1 n=8 0:t5@(32,30)w0 1:t5@(30,30)w0 2:t3@(11,50)w0 3:t3@(11,49)w0 4:t3@(11,48)w0 5:t4@(34,55)w0 6:t4@(34,53)w0 7:t4@(34,51)w0
[dbg] ar=34273 am=6 aA=6 aH=0 l=false j=false fullRedraw=false
[dbg] ar=34298 am=6 aA=6 aH=0 l=false j=false fullRedraw=false
[fifo] ar=34301 state
[devMouse] aA=6/6 cursor=(48,13) cam=(468,404) Q=880 aE=512 Y=0 sel=6
[devMouse] p0 unit 0 tile=(48,14) type=3 sel=false
[devMouse] p0 unit 1 tile=(48,21) type=3 sel=true
[devMouse] p0 unit 2 tile=(49,13) type=3 sel=false
[devMouse] p0 unit 3 tile=(49,14) type=3 sel=false
[devMouse] p0 unit 4 tile=(48,16) type=5 sel=false
[devMouse] p0 unit 5 tile=(48,17) type=5 sel=false
[devMouse] p0 unit 6 tile=(46,11) type=4 sel=false
[devMouse] p0 unit 7 tile=(47,11) type=4 sel=false
[devMouse] p1 unit 0 tile=(32,30) type=5 sel=false
[devMouse] p1 unit 1 tile=(30,30) type=5 sel=false
[devMouse] p1 unit 2 tile=(11,50) type=3 sel=false
[devMouse] p1 unit 3 tile=(11,49) type=3 sel=false
[devMouse] p1 unit 4 tile=(11,48) type=3 sel=false
[devMouse] p1 unit 5 tile=(34,55) type=4 sel=false
[devMouse] p1 unit 6 tile=(34,53) type=4 sel=false
[devMouse] p1 unit 7 tile=(34,51) type=4 sel=false
[dbg] ar=34323 am=6 aA=6 aH=0 l=false j=false fullRedraw=false
[dbg] ar=34348 am=6 aA=6 aH=0 l=false j=false fullRedraw=false
[dbg] ar=34373 am=6 aA=6 aH=0 l=false j=false fullRedraw=false
[dbg] ar=34398 am=6 aA=6 aH=0 l=false j=false fullRedraw=false
[dbg] ar=34423 am=6 aA=6 aH=0 l=false j=false fullRedraw=false
[dbg] ar=34448 am=6 aA=6 aH=0 l=false j=false fullRedraw=false
[dbg] ar=34473 am=6 aA=6 aH=0 l=false j=false fullRedraw=false
[dbg] ar=34498 am=6 aA=6 aH=0 l=false j=false fullRedraw=false
[dbg] ar=34523 am=6 aA=6 aH=0 l=false j=false fullRedraw=false
[dbg] ar=34548 am=6 aA=6 aH=0 l=false j=false fullRedraw=false
[dbg] ar=34573 am=6 aA=6 aH=0 l=false j=false fullRedraw=false
[fifo] ar=34581 slots 0
[slots] p0 n=8 0:t3@(48,14)w0 1:t3@(48,21)w0 2:t3@(49,13)w0 3:t3@(49,14)w0 4:t5@(48,16)w0 5:t5@(48,17)w0 6:t4@(46,11)w0 7:t4@(47,11)w0
[dbg] ar=34598 am=6 aA=6 aH=0 l=false j=false fullRedraw=false
[dbg] ar=34623 am=6 aA=6 aH=0 l=false j=false fullRedraw=false
[fifo] ar=34626 slots 1
[slots] p1 n=8 0:t5@(32,30)w0 1:t5@(30,30)w0 2:t3@(11,50)w0 3:t3@(11,49)w0 4:t3@(11,48)w0 5:t4@(34,55)w0 6:t4@(34,53)w0 7:t4@(34,51)w0
[dbg] ar=34648 am=6 aA=6 aH=0 l=false j=false fullRedraw=false
[fifo] ar=34656 state
[devMouse] aA=6/6 cursor=(48,13) cam=(468,404) Q=880 aE=512 Y=0 sel=6
[devMouse] p0 unit 0 tile=(48,14) type=3 sel=false
[devMouse] p0 unit 1 tile=(48,21) type=3 sel=true
[devMouse] p0 unit 2 tile=(49,13) type=3 sel=false
[devMouse] p0 unit 3 tile=(49,14) type=3 sel=false
[devMouse] p0 unit 4 tile=(48,16) type=5 sel=false
[devMouse] p0 unit 5 tile=(48,17) type=5 sel=false
[devMouse] p0 unit 6 tile=(46,11) type=4 sel=false
[devMouse] p0 unit 7 tile=(47,11) type=4 sel=false
[devMouse] p1 unit 0 tile=(32,30) type=5 sel=false
[devMouse] p1 unit 1 tile=(30,30) type=5 sel=false
[devMouse] p1 unit 2 tile=(11,50) type=3 sel=false
[devMouse] p1 unit 3 tile=(11,49) type=3 sel=false
[devMouse] p1 unit 4 tile=(11,48) type=3 sel=false
[devMouse] p1 unit 5 tile=(34,55) type=4 sel=false
[devMouse] p1 unit 6 tile=(34,53) type=4 sel=false
[devMouse] p1 unit 7 tile=(34,51) type=4 sel=false
[dbg] ar=34673 am=6 aA=6 aH=0 l=false j=false fullRedraw=false
[dbg] ar=34698 am=6 aA=6 aH=0 l=false j=false fullRedraw=false
[dbg] ar=34723 am=6 aA=6 aH=0 l=false j=false fullRedraw=false
[dbg] ar=34748 am=6 aA=6 aH=0 l=false j=false fullRedraw=false
[dbg] ar=34773 am=6 aA=6 aH=0 l=false j=false fullRedraw=false
[dbg] ar=34798 am=6 aA=6 aH=0 l=false j=false fullRedraw=false
[dbg] ar=34823 am=6 aA=6 aH=0 l=false j=false fullRedraw=false
[dbg] ar=34848 am=6 aA=6 aH=0 l=false j=false fullRedraw=false
[dbg] ar=34873 am=6 aA=6 aH=0 l=false j=false fullRedraw=false
[dbg] ar=34898 am=6 aA=6 aH=0 l=false j=false fullRedraw=false
[dbg] ar=34923 am=6 aA=6 aH=0 l=false j=false fullRedraw=false
[fifo] ar=34936 slots 0
[slots] p0 n=8 0:t3@(48,14)w0 1:t3@(48,21)w0 2:t3@(49,13)w0 3:t3@(49,14)w0 4:t5@(48,16)w0 5:t5@(48,17)w0 6:t4@(46,11)w0 7:t4@(47,11)w0
[dbg] ar=34948 am=6 aA=6 aH=0 l=false j=false fullRedraw=false
[dbg] ar=34973 am=6 aA=6 aH=0 l=false j=false fullRedraw=false
[fifo] ar=34984 slots 1
[slots] p1 n=8 0:t5@(32,30)w0 1:t5@(30,30)w0 2:t3@(11,50)w0 3:t3@(11,49)w0 4:t3@(11,48)w0 5:t4@(34,55)w0 6:t4@(34,53)w0 7:t4@(34,51)w0
[dbg] ar=34998 am=6 aA=6 aH=0 l=false j=false fullRedraw=false
[fifo] ar=35014 state
[devMouse] aA=6/6 cursor=(48,13) cam=(468,404) Q=880 aE=512 Y=0 sel=6
[devMouse] p0 unit 0 tile=(48,14) type=3 sel=false
[devMouse] p0 unit 1 tile=(48,21) type=3 sel=true
[devMouse] p0 unit 2 tile=(49,13) type=3 sel=false
[devMouse] p0 unit 3 tile=(49,14) type=3 sel=false
[devMouse] p0 unit 4 tile=(48,16) type=5 sel=false
[devMouse] p0 unit 5 tile=(48,17) type=5 sel=false
[devMouse] p0 unit 6 tile=(46,11) type=4 sel=false
[devMouse] p0 unit 7 tile=(47,11) type=4 sel=false
[devMouse] p1 unit 0 tile=(32,30) type=5 sel=false
[devMouse] p1 unit 1 tile=(30,30) type=5 sel=false
[devMouse] p1 unit 2 tile=(11,50) type=3 sel=false
[devMouse] p1 unit 3 tile=(11,49) type=3 sel=false
[devMouse] p1 unit 4 tile=(11,48) type=3 sel=false
[devMouse] p1 unit 5 tile=(34,55) type=4 sel=false
[devMouse] p1 unit 6 tile=(34,53) type=4 sel=false
[devMouse] p1 unit 7 tile=(34,51) type=4 sel=false
[dbg] ar=35023 am=6 aA=6 aH=0 l=false j=false fullRedraw=false
[dbg] ar=35048 am=6 aA=6 aH=0 l=false j=false fullRedraw=false
[dbg] ar=35073 am=6 aA=6 aH=0 l=false j=false fullRedraw=false
[dbg] ar=35098 am=6 aA=6 aH=0 l=false j=false fullRedraw=false
[dbg] ar=35123 am=6 aA=6 aH=0 l=false j=false fullRedraw=false
[dbg] ar=35148 am=6 aA=6 aH=0 l=false j=false fullRedraw=false
[dbg] ar=35173 am=6 aA=6 aH=0 l=false j=false fullRedraw=false
[dbg] ar=35198 am=6 aA=6 aH=0 l=false j=false fullRedraw=false
[dbg] ar=35223 am=6 aA=6 aH=0 l=false j=false fullRedraw=false
[dbg] ar=35248 am=6 aA=6 aH=0 l=false j=false fullRedraw=false
[dbg] ar=35273 am=6 aA=6 aH=0 l=false j=false fullRedraw=false
[fifo] ar=35294 slots 0
[slots] p0 n=8 0:t3@(48,14)w0 1:t3@(48,21)w0 2:t3@(49,13)w0 3:t3@(49,14)w0 4:t5@(48,16)w0 5:t5@(48,17)w0 6:t4@(46,11)w0 7:t4@(47,11)w0
[dbg] ar=35298 am=6 aA=6 aH=0 l=false j=false fullRedraw=false
[dbg] ar=35323 am=6 aA=6 aH=0 l=false j=false fullRedraw=false
[fifo] ar=35342 slots 1
[slots] p1 n=8 0:t5@(32,30)w0 1:t5@(30,30)w0 2:t3@(11,50)w0 3:t3@(11,49)w0 4:t3@(11,48)w0 5:t4@(34,55)w0 6:t4@(34,53)w0 7:t4@(34,51)w0
[dbg] ar=35348 am=6 aA=6 aH=0 l=false j=false fullRedraw=false
[fifo] ar=35373 state
[devMouse] aA=6/6 cursor=(48,13) cam=(468,404) Q=880 aE=512 Y=0 sel=6
[devMouse] p0 unit 0 tile=(48,14) type=3 sel=false
[devMouse] p0 unit 1 tile=(48,21) type=3 sel=true
[devMouse] p0 unit 2 tile=(49,13) type=3 sel=false
[devMouse] p0 unit 3 tile=(49,14) type=3 sel=false
[devMouse] p0 unit 4 tile=(48,16) type=5 sel=false
[devMouse] p0 unit 5 tile=(48,17) type=5 sel=false
[devMouse] p0 unit 6 tile=(46,11) type=4 sel=false
[devMouse] p0 unit 7 tile=(47,11) type=4 sel=false
[devMouse] p1 unit 0 tile=(32,30) type=5 sel=false
[devMouse] p1 unit 1 tile=(30,30) type=5 sel=false
[devMouse] p1 unit 2 tile=(11,50) type=3 sel=false
[devMouse] p1 unit 3 tile=(11,49) type=3 sel=false
[devMouse] p1 unit 4 tile=(11,48) type=3 sel=false
[devMouse] p1 unit 5 tile=(34,55) type=4 sel=false
[devMouse] p1 unit 6 tile=(34,53) type=4 sel=false
[devMouse] p1 unit 7 tile=(34,51) type=4 sel=false
[dbg] ar=35373 am=6 aA=6 aH=0 l=false j=false fullRedraw=false
[dbg] ar=35398 am=6 aA=6 aH=0 l=false j=false fullRedraw=false
[dbg] ar=35423 am=6 aA=6 aH=0 l=false j=false fullRedraw=false
[dbg] ar=35448 am=6 aA=6 aH=0 l=false j=false fullRedraw=false
[dbg] ar=35473 am=6 aA=6 aH=0 l=false j=false fullRedraw=false
[dbg] ar=35498 am=6 aA=6 aH=0 l=false j=false fullRedraw=false
[dbg] ar=35523 am=6 aA=6 aH=0 l=false j=false fullRedraw=false
[dbg] ar=35548 am=6 aA=6 aH=0 l=false j=false fullRedraw=false
[dbg] ar=35573 am=6 aA=6 aH=0 l=false j=false fullRedraw=false
[dbg] ar=35598 am=6 aA=6 aH=0 l=false j=false fullRedraw=false
[dbg] ar=35623 am=6 aA=6 aH=0 l=false j=false fullRedraw=false
[fifo] ar=35645 slots 0
[slots] p0 n=8 0:t3@(48,14)w0 1:t3@(48,21)w0 2:t3@(49,13)w0 3:t3@(49,14)w0 4:t5@(48,16)w0 5:t5@(48,17)w0 6:t4@(46,11)w0 7:t4@(47,11)w0
[dbg] ar=35648 am=6 aA=6 aH=0 l=false j=false fullRedraw=false
[dbg] ar=35673 am=6 aA=6 aH=0 l=false j=false fullRedraw=false
[fifo] ar=35692 slots 1
[slots] p1 n=8 0:t5@(32,30)w0 1:t5@(30,30)w0 2:t3@(11,50)w0 3:t3@(11,49)w0 4:t3@(11,48)w0 5:t4@(34,55)w0 6:t4@(34,53)w0 7:t4@(34,51)w0
[dbg] ar=35698 am=6 aA=6 aH=0 l=false j=false fullRedraw=false
[fifo] ar=35721 state
[devMouse] aA=6/6 cursor=(48,13) cam=(468,404) Q=880 aE=512 Y=0 sel=6
[devMouse] p0 unit 0 tile=(48,14) type=3 sel=false
[devMouse] p0 unit 1 tile=(48,21) type=3 sel=true
[devMouse] p0 unit 2 tile=(49,13) type=3 sel=false
[devMouse] p0 unit 3 tile=(49,14) type=3 sel=false
[devMouse] p0 unit 4 tile=(48,16) type=5 sel=false
[devMouse] p0 unit 5 tile=(48,17) type=5 sel=false
[devMouse] p0 unit 6 tile=(46,11) type=4 sel=false
[devMouse] p0 unit 7 tile=(47,11) type=4 sel=false
[devMouse] p1 unit 0 tile=(32,30) type=5 sel=false
[devMouse] p1 unit 1 tile=(30,30) type=5 sel=false
[devMouse] p1 unit 2 tile=(11,50) type=3 sel=false
[devMouse] p1 unit 3 tile=(11,49) type=3 sel=false
[devMouse] p1 unit 4 tile=(11,48) type=3 sel=false
[devMouse] p1 unit 5 tile=(34,55) type=4 sel=false
[devMouse] p1 unit 6 tile=(34,53) type=4 sel=false
[devMouse] p1 unit 7 tile=(34,51) type=4 sel=false
[dbg] ar=35723 am=6 aA=6 aH=0 l=false j=false fullRedraw=false
[dbg] ar=35748 am=6 aA=6 aH=0 l=false j=false fullRedraw=false
[dbg] ar=35773 am=6 aA=6 aH=0 l=false j=false fullRedraw=false
[dbg] ar=35798 am=6 aA=6 aH=0 l=false j=false fullRedraw=false
[dbg] ar=35823 am=6 aA=6 aH=0 l=false j=false fullRedraw=false
[dbg] ar=35848 am=6 aA=6 aH=0 l=false j=false fullRedraw=false
[dbg] ar=35873 am=6 aA=6 aH=0 l=false j=false fullRedraw=false
[dbg] ar=35898 am=6 aA=6 aH=0 l=false j=false fullRedraw=false
[dbg] ar=35923 am=6 aA=6 aH=0 l=false j=false fullRedraw=false
[dbg] ar=35948 am=6 aA=6 aH=0 l=false j=false fullRedraw=false
[dbg] ar=35973 am=6 aA=6 aH=0 l=false j=false fullRedraw=false
[dbg] ar=35998 am=6 aA=6 aH=0 l=false j=false fullRedraw=false
[fifo] ar=36006 slots 0
[slots] p0 n=8 0:t3@(48,14)w0 1:t3@(48,21)w0 2:t3@(49,13)w0 3:t3@(49,14)w0 4:t5@(48,16)w0 5:t5@(48,17)w0 6:t4@(46,11)w0 7:t4@(47,11)w0
[dbg] ar=36023 am=6 aA=6 aH=0 l=false j=false fullRedraw=false
[dbg] ar=36048 am=6 aA=6 aH=0 l=false j=false fullRedraw=false
[fifo] ar=36052 slots 1
[slots] p1 n=8 0:t5@(32,30)w0 1:t5@(30,30)w0 2:t3@(11,50)w0 3:t3@(11,49)w0 4:t3@(11,48)w0 5:t4@(34,55)w0 6:t4@(34,53)w0 7:t4@(34,51)w0
[dbg] ar=36073 am=6 aA=6 aH=0 l=false j=false fullRedraw=false
[fifo] ar=36083 state
[devMouse] aA=6/6 cursor=(48,13) cam=(468,404) Q=880 aE=512 Y=0 sel=6
[devMouse] p0 unit 0 tile=(48,14) type=3 sel=false
[devMouse] p0 unit 1 tile=(48,21) type=3 sel=true
[devMouse] p0 unit 2 tile=(49,13) type=3 sel=false
[devMouse] p0 unit 3 tile=(49,14) type=3 sel=false
[devMouse] p0 unit 4 tile=(48,16) type=5 sel=false
[devMouse] p0 unit 5 tile=(48,17) type=5 sel=false
[devMouse] p0 unit 6 tile=(46,11) type=4 sel=false
[devMouse] p0 unit 7 tile=(47,11) type=4 sel=false
[devMouse] p1 unit 0 tile=(32,30) type=5 sel=false
[devMouse] p1 unit 1 tile=(30,30) type=5 sel=false
[devMouse] p1 unit 2 tile=(11,50) type=3 sel=false
[devMouse] p1 unit 3 tile=(11,49) type=3 sel=false
[devMouse] p1 unit 4 tile=(11,48) type=3 sel=false
[devMouse] p1 unit 5 tile=(34,55) type=4 sel=false
[devMouse] p1 unit 6 tile=(34,53) type=4 sel=false
[devMouse] p1 unit 7 tile=(34,51) type=4 sel=false
[dbg] ar=36098 am=6 aA=6 aH=0 l=false j=false fullRedraw=false
[dbg] ar=36123 am=6 aA=6 aH=0 l=false j=false fullRedraw=false
[dbg] ar=36148 am=6 aA=6 aH=0 l=false j=false fullRedraw=false
[dbg] ar=36173 am=6 aA=6 aH=0 l=false j=false fullRedraw=false
[dbg] ar=36198 am=6 aA=6 aH=0 l=false j=false fullRedraw=false
[dbg] ar=36223 am=6 aA=6 aH=0 l=false j=false fullRedraw=false
[dbg] ar=36248 am=6 aA=6 aH=0 l=false j=false fullRedraw=false
[dbg] ar=36273 am=6 aA=6 aH=0 l=false j=false fullRedraw=false
[dbg] ar=36298 am=6 aA=6 aH=0 l=false j=false fullRedraw=false
[dbg] ar=36323 am=6 aA=6 aH=0 l=false j=false fullRedraw=false
[dbg] ar=36348 am=6 aA=6 aH=0 l=false j=false fullRedraw=false
[fifo] ar=36363 slots 0
[slots] p0 n=8 0:t3@(48,14)w0 1:t3@(48,21)w0 2:t3@(49,13)w0 3:t3@(49,14)w0 4:t5@(48,16)w0 5:t5@(48,17)w0 6:t4@(46,11)w0 7:t4@(47,11)w0
[dbg] ar=36373 am=6 aA=6 aH=0 l=false j=false fullRedraw=false
[dbg] ar=36398 am=6 aA=6 aH=0 l=false j=false fullRedraw=false
[fifo] ar=36410 slots 1
[slots] p1 n=8 0:t5@(32,30)w0 1:t5@(30,30)w0 2:t3@(11,50)w0 3:t3@(11,49)w0 4:t3@(11,48)w0 5:t4@(34,55)w0 6:t4@(34,53)w0 7:t4@(34,51)w0
[dbg] ar=36423 am=6 aA=6 aH=0 l=false j=false fullRedraw=false
[fifo] ar=36440 state
[devMouse] aA=6/6 cursor=(48,13) cam=(468,404) Q=880 aE=512 Y=0 sel=6
[devMouse] p0 unit 0 tile=(48,14) type=3 sel=false
[devMouse] p0 unit 1 tile=(48,21) type=3 sel=true
[devMouse] p0 unit 2 tile=(49,13) type=3 sel=false
[devMouse] p0 unit 3 tile=(49,14) type=3 sel=false
[devMouse] p0 unit 4 tile=(48,16) type=5 sel=false
[devMouse] p0 unit 5 tile=(48,17) type=5 sel=false
[devMouse] p0 unit 6 tile=(46,11) type=4 sel=false
[devMouse] p0 unit 7 tile=(47,11) type=4 sel=false
[devMouse] p1 unit 0 tile=(32,30) type=5 sel=false
[devMouse] p1 unit 1 tile=(30,30) type=5 sel=false
[devMouse] p1 unit 2 tile=(11,50) type=3 sel=false
[devMouse] p1 unit 3 tile=(11,49) type=3 sel=false
[devMouse] p1 unit 4 tile=(11,48) type=3 sel=false
[devMouse] p1 unit 5 tile=(34,55) type=4 sel=false
[devMouse] p1 unit 6 tile=(34,53) type=4 sel=false
[devMouse] p1 unit 7 tile=(34,51) type=4 sel=false
[dbg] ar=36448 am=6 aA=6 aH=0 l=false j=false fullRedraw=false
[dbg] ar=36473 am=6 aA=6 aH=0 l=false j=false fullRedraw=false
[dbg] ar=36498 am=6 aA=6 aH=0 l=false j=false fullRedraw=false
[dbg] ar=36523 am=6 aA=6 aH=0 l=false j=false fullRedraw=false
[dbg] ar=36548 am=6 aA=6 aH=0 l=false j=false fullRedraw=false
[dbg] ar=36573 am=6 aA=6 aH=0 l=false j=false fullRedraw=false
[dbg] ar=36598 am=6 aA=6 aH=0 l=false j=false fullRedraw=false
[dbg] ar=36623 am=6 aA=6 aH=0 l=false j=false fullRedraw=false
[dbg] ar=36648 am=6 aA=6 aH=0 l=false j=false fullRedraw=false
[dbg] ar=36673 am=6 aA=6 aH=0 l=false j=false fullRedraw=false
[dbg] ar=36698 am=6 aA=6 aH=0 l=false j=false fullRedraw=false
[fifo] ar=36722 slots 0
[slots] p0 n=8 0:t3@(48,14)w0 1:t3@(48,21)w0 2:t3@(49,13)w0 3:t3@(49,14)w0 4:t5@(48,16)w0 5:t5@(48,17)w0 6:t4@(46,11)w0 7:t4@(47,11)w0
[dbg] ar=36723 am=6 aA=6 aH=0 l=false j=false fullRedraw=false
[dbg] ar=36748 am=6 aA=6 aH=0 l=false j=false fullRedraw=false
[fifo] ar=36768 slots 1
[slots] p1 n=8 0:t5@(32,30)w0 1:t5@(30,30)w0 2:t3@(11,50)w0 3:t3@(11,49)w0 4:t3@(11,48)w0 5:t4@(34,55)w0 6:t4@(34,53)w0 7:t4@(34,51)w0
[dbg] ar=36773 am=6 aA=6 aH=0 l=false j=false fullRedraw=false
[dbg] ar=36798 am=6 aA=6 aH=0 l=false j=false fullRedraw=false
[fifo] ar=36799 state
[devMouse] aA=6/6 cursor=(48,13) cam=(468,404) Q=880 aE=512 Y=0 sel=6
[devMouse] p0 unit 0 tile=(48,14) type=3 sel=false
[devMouse] p0 unit 1 tile=(48,21) type=3 sel=true
[devMouse] p0 unit 2 tile=(49,13) type=3 sel=false
[devMouse] p0 unit 3 tile=(49,14) type=3 sel=false
[devMouse] p0 unit 4 tile=(48,16) type=5 sel=false
[devMouse] p0 unit 5 tile=(48,17) type=5 sel=false
[devMouse] p0 unit 6 tile=(46,11) type=4 sel=false
[devMouse] p0 unit 7 tile=(47,11) type=4 sel=false
[devMouse] p1 unit 0 tile=(32,30) type=5 sel=false
[devMouse] p1 unit 1 tile=(30,30) type=5 sel=false
[devMouse] p1 unit 2 tile=(11,50) type=3 sel=false
[devMouse] p1 unit 3 tile=(11,49) type=3 sel=false
[devMouse] p1 unit 4 tile=(11,48) type=3 sel=false
[devMouse] p1 unit 5 tile=(34,55) type=4 sel=false
[devMouse] p1 unit 6 tile=(34,53) type=4 sel=false
[devMouse] p1 unit 7 tile=(34,51) type=4 sel=false
[dbg] ar=36823 am=6 aA=6 aH=0 l=false j=false fullRedraw=false
[dbg] ar=36848 am=6 aA=6 aH=0 l=false j=false fullRedraw=false
[dbg] ar=36873 am=6 aA=6 aH=0 l=false j=false fullRedraw=false
[dbg] ar=36898 am=6 aA=6 aH=0 l=false j=false fullRedraw=false
[dbg] ar=36923 am=6 aA=6 aH=0 l=false j=false fullRedraw=false
[dbg] ar=36948 am=6 aA=6 aH=0 l=false j=false fullRedraw=false
[dbg] ar=36973 am=6 aA=6 aH=0 l=false j=false fullRedraw=false
[dbg] ar=36998 am=6 aA=6 aH=0 l=false j=false fullRedraw=false
[dbg] ar=37023 am=6 aA=6 aH=0 l=false j=false fullRedraw=false
[dbg] ar=37048 am=6 aA=6 aH=0 l=false j=false fullRedraw=false
[dbg] ar=37073 am=6 aA=6 aH=0 l=false j=false fullRedraw=false
[fifo] ar=37079 slots 0
[slots] p0 n=8 0:t3@(48,14)w0 1:t3@(48,21)w0 2:t3@(49,13)w0 3:t3@(49,14)w0 4:t5@(48,16)w0 5:t5@(48,17)w0 6:t4@(46,11)w0 7:t4@(47,11)w0
[dbg] ar=37098 am=6 aA=6 aH=0 l=false j=false fullRedraw=false
[dbg] ar=37123 am=6 aA=6 aH=0 l=false j=false fullRedraw=false
[fifo] ar=37125 slots 1
[slots] p1 n=8 0:t5@(32,30)w0 1:t5@(30,30)w0 2:t3@(11,50)w0 3:t3@(11,49)w0 4:t3@(11,48)w0 5:t4@(34,55)w0 6:t4@(34,53)w0 7:t4@(34,51)w0
[dbg] ar=37148 am=6 aA=6 aH=0 l=false j=false fullRedraw=false
[fifo] ar=37155 state
[devMouse] aA=6/6 cursor=(48,13) cam=(468,404) Q=880 aE=512 Y=0 sel=6
[devMouse] p0 unit 0 tile=(48,14) type=3 sel=false
[devMouse] p0 unit 1 tile=(48,21) type=3 sel=true
[devMouse] p0 unit 2 tile=(49,13) type=3 sel=false
[devMouse] p0 unit 3 tile=(49,14) type=3 sel=false
[devMouse] p0 unit 4 tile=(48,16) type=5 sel=false
[devMouse] p0 unit 5 tile=(48,17) type=5 sel=false
[devMouse] p0 unit 6 tile=(46,11) type=4 sel=false
[devMouse] p0 unit 7 tile=(47,11) type=4 sel=false
[devMouse] p1 unit 0 tile=(32,30) type=5 sel=false
[devMouse] p1 unit 1 tile=(30,30) type=5 sel=false
[devMouse] p1 unit 2 tile=(11,50) type=3 sel=false
[devMouse] p1 unit 3 tile=(11,49) type=3 sel=false
[devMouse] p1 unit 4 tile=(11,48) type=3 sel=false
[devMouse] p1 unit 5 tile=(34,55) type=4 sel=false
[devMouse] p1 unit 6 tile=(34,53) type=4 sel=false
[devMouse] p1 unit 7 tile=(34,51) type=4 sel=false
[dbg] ar=37173 am=6 aA=6 aH=0 l=false j=false fullRedraw=false
[dbg] ar=37198 am=6 aA=6 aH=0 l=false j=false fullRedraw=false
[dbg] ar=37223 am=6 aA=6 aH=0 l=false j=false fullRedraw=false
[dbg] ar=37248 am=6 aA=6 aH=0 l=false j=false fullRedraw=false
[dbg] ar=37273 am=6 aA=6 aH=0 l=false j=false fullRedraw=false
[dbg] ar=37298 am=6 aA=6 aH=0 l=false j=false fullRedraw=false
[dbg] ar=37323 am=6 aA=6 aH=0 l=false j=false fullRedraw=false
[dbg] ar=37348 am=6 aA=6 aH=0 l=false j=false fullRedraw=false
[dbg] ar=37373 am=6 aA=6 aH=0 l=false j=false fullRedraw=false
[dbg] ar=37398 am=6 aA=6 aH=0 l=false j=false fullRedraw=false
[dbg] ar=37423 am=6 aA=6 aH=0 l=false j=false fullRedraw=false
[fifo] ar=37432 slots 0
[slots] p0 n=8 0:t3@(48,14)w0 1:t3@(48,21)w0 2:t3@(49,13)w0 3:t3@(49,14)w0 4:t5@(48,16)w0 5:t5@(48,17)w0 6:t4@(46,11)w0 7:t4@(47,11)w0
[dbg] ar=37448 am=6 aA=6 aH=0 l=false j=false fullRedraw=false
[dbg] ar=37473 am=6 aA=6 aH=0 l=false j=false fullRedraw=false
[fifo] ar=37477 slots 1
[slots] p1 n=8 0:t5@(32,30)w0 1:t5@(30,30)w0 2:t3@(11,50)w0 3:t3@(11,49)w0 4:t3@(11,48)w0 5:t4@(34,55)w0 6:t4@(34,53)w0 7:t4@(34,51)w0
[dbg] ar=37498 am=6 aA=6 aH=0 l=false j=false fullRedraw=false
[fifo] ar=37506 state
[devMouse] aA=6/6 cursor=(48,13) cam=(468,404) Q=880 aE=512 Y=0 sel=6
[devMouse] p0 unit 0 tile=(48,14) type=3 sel=false
[devMouse] p0 unit 1 tile=(48,21) type=3 sel=true
[devMouse] p0 unit 2 tile=(49,13) type=3 sel=false
[devMouse] p0 unit 3 tile=(49,14) type=3 sel=false
[devMouse] p0 unit 4 tile=(48,16) type=5 sel=false
[devMouse] p0 unit 5 tile=(48,17) type=5 sel=false
[devMouse] p0 unit 6 tile=(46,11) type=4 sel=false
[devMouse] p0 unit 7 tile=(47,11) type=4 sel=false
[devMouse] p1 unit 0 tile=(32,30) type=5 sel=false
[devMouse] p1 unit 1 tile=(30,30) type=5 sel=false
[devMouse] p1 unit 2 tile=(11,50) type=3 sel=false
[devMouse] p1 unit 3 tile=(11,49) type=3 sel=false
[devMouse] p1 unit 4 tile=(11,48) type=3 sel=false
[devMouse] p1 unit 5 tile=(34,55) type=4 sel=false
[devMouse] p1 unit 6 tile=(34,53) type=4 sel=false
[devMouse] p1 unit 7 tile=(34,51) type=4 sel=false
[dbg] ar=37523 am=6 aA=6 aH=0 l=false j=false fullRedraw=false
[dbg] ar=37548 am=6 aA=6 aH=0 l=false j=false fullRedraw=false
[dbg] ar=37573 am=6 aA=6 aH=0 l=false j=false fullRedraw=false
[dbg] ar=37598 am=6 aA=6 aH=0 l=false j=false fullRedraw=false
[dbg] ar=37623 am=6 aA=6 aH=0 l=false j=false fullRedraw=false
[dbg] ar=37648 am=6 aA=6 aH=0 l=false j=false fullRedraw=false
[dbg] ar=37673 am=6 aA=6 aH=0 l=false j=false fullRedraw=false
[dbg] ar=37698 am=6 aA=6 aH=0 l=false j=false fullRedraw=false
[dbg] ar=37723 am=6 aA=6 aH=0 l=false j=false fullRedraw=false
[dbg] ar=37748 am=6 aA=6 aH=0 l=false j=false fullRedraw=false
[dbg] ar=37773 am=6 aA=6 aH=0 l=false j=false fullRedraw=false
[fifo] ar=37784 slots 0
[slots] p0 n=8 0:t3@(48,14)w0 1:t3@(48,21)w0 2:t3@(49,13)w0 3:t3@(49,14)w0 4:t5@(48,16)w0 5:t5@(48,17)w0 6:t4@(46,11)w0 7:t4@(47,11)w0
[dbg] ar=37798 am=6 aA=6 aH=0 l=false j=false fullRedraw=false
[dbg] ar=37823 am=6 aA=6 aH=0 l=false j=false fullRedraw=false
[fifo] ar=37827 slots 1
[slots] p1 n=8 0:t5@(32,30)w0 1:t5@(30,30)w0 2:t3@(11,50)w0 3:t3@(11,49)w0 4:t3@(11,48)w0 5:t4@(34,55)w0 6:t4@(34,53)w0 7:t4@(34,51)w0
[dbg] ar=37848 am=6 aA=6 aH=0 l=false j=false fullRedraw=false
[fifo] ar=37857 state
[devMouse] aA=6/6 cursor=(48,13) cam=(468,404) Q=880 aE=512 Y=0 sel=6
[devMouse] p0 unit 0 tile=(48,14) type=3 sel=false
[devMouse] p0 unit 1 tile=(48,21) type=3 sel=true
[devMouse] p0 unit 2 tile=(49,13) type=3 sel=false
[devMouse] p0 unit 3 tile=(49,14) type=3 sel=false
[devMouse] p0 unit 4 tile=(48,16) type=5 sel=false
[devMouse] p0 unit 5 tile=(48,17) type=5 sel=false
[devMouse] p0 unit 6 tile=(46,11) type=4 sel=false
[devMouse] p0 unit 7 tile=(47,11) type=4 sel=false
[devMouse] p1 unit 0 tile=(32,30) type=5 sel=false
[devMouse] p1 unit 1 tile=(30,30) type=5 sel=false
[devMouse] p1 unit 2 tile=(11,50) type=3 sel=false
[devMouse] p1 unit 3 tile=(11,49) type=3 sel=false
[devMouse] p1 unit 4 tile=(11,48) type=3 sel=false
[devMouse] p1 unit 5 tile=(34,55) type=4 sel=false
[devMouse] p1 unit 6 tile=(34,53) type=4 sel=false
[devMouse] p1 unit 7 tile=(34,51) type=4 sel=false
[dbg] ar=37873 am=6 aA=6 aH=0 l=false j=false fullRedraw=false
[dbg] ar=37898 am=6 aA=6 aH=0 l=false j=false fullRedraw=false
[dbg] ar=37923 am=6 aA=6 aH=0 l=false j=false fullRedraw=false
[dbg] ar=37948 am=6 aA=6 aH=0 l=false j=false fullRedraw=false
[dbg] ar=37973 am=6 aA=6 aH=0 l=false j=false fullRedraw=false
[dbg] ar=37998 am=6 aA=6 aH=0 l=false j=false fullRedraw=false
[dbg] ar=38023 am=6 aA=6 aH=0 l=false j=false fullRedraw=false
[dbg] ar=38048 am=6 aA=6 aH=0 l=false j=false fullRedraw=false
[dbg] ar=38073 am=6 aA=6 aH=0 l=false j=false fullRedraw=false
[dbg] ar=38098 am=6 aA=6 aH=0 l=false j=false fullRedraw=false
[dbg] ar=38123 am=6 aA=6 aH=0 l=false j=false fullRedraw=false
[fifo] ar=38137 slots 0
[slots] p0 n=8 0:t3@(48,14)w0 1:t3@(48,21)w0 2:t3@(49,13)w0 3:t3@(49,14)w0 4:t5@(48,16)w0 5:t5@(48,17)w0 6:t4@(46,11)w0 7:t4@(47,11)w0
[dbg] ar=38148 am=6 aA=6 aH=0 l=false j=false fullRedraw=false
[dbg] ar=38173 am=6 aA=6 aH=0 l=false j=false fullRedraw=false
[fifo] ar=38178 slots 1
[slots] p1 n=8 0:t5@(32,30)w0 1:t5@(30,30)w0 2:t3@(11,50)w0 3:t3@(11,49)w0 4:t3@(11,48)w0 5:t4@(34,55)w0 6:t4@(34,53)w0 7:t4@(34,51)w0
[dbg] ar=38198 am=6 aA=6 aH=0 l=false j=false fullRedraw=false
[fifo] ar=38209 state
[devMouse] aA=6/6 cursor=(48,13) cam=(468,404) Q=880 aE=512 Y=0 sel=6
[devMouse] p0 unit 0 tile=(48,14) type=3 sel=false
[devMouse] p0 unit 1 tile=(48,21) type=3 sel=true
[devMouse] p0 unit 2 tile=(49,13) type=3 sel=false
[devMouse] p0 unit 3 tile=(49,14) type=3 sel=false
[devMouse] p0 unit 4 tile=(48,16) type=5 sel=false
[devMouse] p0 unit 5 tile=(48,17) type=5 sel=false
[devMouse] p0 unit 6 tile=(46,11) type=4 sel=false
[devMouse] p0 unit 7 tile=(47,11) type=4 sel=false
[devMouse] p1 unit 0 tile=(32,30) type=5 sel=false
[devMouse] p1 unit 1 tile=(30,30) type=5 sel=false
[devMouse] p1 unit 2 tile=(11,50) type=3 sel=false
[devMouse] p1 unit 3 tile=(11,49) type=3 sel=false
[devMouse] p1 unit 4 tile=(11,48) type=3 sel=false
[devMouse] p1 unit 5 tile=(34,55) type=4 sel=false
[devMouse] p1 unit 6 tile=(34,53) type=4 sel=false
[devMouse] p1 unit 7 tile=(34,51) type=4 sel=false
[dbg] ar=38223 am=6 aA=6 aH=0 l=false j=false fullRedraw=false
[dbg] ar=38248 am=6 aA=6 aH=0 l=false j=false fullRedraw=false
[dbg] ar=38273 am=6 aA=6 aH=0 l=false j=false fullRedraw=false
[dbg] ar=38298 am=6 aA=6 aH=0 l=false j=false fullRedraw=false
[dbg] ar=38323 am=6 aA=6 aH=0 l=false j=false fullRedraw=false
[dbg] ar=38348 am=6 aA=6 aH=0 l=false j=false fullRedraw=false
[dbg] ar=38373 am=6 aA=6 aH=0 l=false j=false fullRedraw=false
[dbg] ar=38398 am=6 aA=6 aH=0 l=false j=false fullRedraw=false
[dbg] ar=38423 am=6 aA=6 aH=0 l=false j=false fullRedraw=false
[dbg] ar=38448 am=6 aA=6 aH=0 l=false j=false fullRedraw=false
[dbg] ar=38473 am=6 aA=6 aH=0 l=false j=false fullRedraw=false
[fifo] ar=38488 slots 0
[slots] p0 n=8 0:t3@(48,14)w0 1:t3@(48,21)w0 2:t3@(49,13)w0 3:t3@(49,14)w0 4:t5@(48,16)w0 5:t5@(48,17)w0 6:t4@(46,11)w0 7:t4@(47,11)w0
[dbg] ar=38498 am=6 aA=6 aH=0 l=false j=false fullRedraw=false
[dbg] ar=38523 am=6 aA=6 aH=0 l=false j=false fullRedraw=false
[fifo] ar=38535 slots 1
[slots] p1 n=8 0:t5@(32,30)w0 1:t5@(30,30)w0 2:t3@(11,50)w0 3:t3@(11,49)w0 4:t3@(11,48)w0 5:t4@(34,55)w0 6:t4@(34,53)w0 7:t4@(34,51)w0
[dbg] ar=38548 am=6 aA=6 aH=0 l=false j=false fullRedraw=false
[fifo] ar=38566 state
[devMouse] aA=6/6 cursor=(48,13) cam=(468,404) Q=880 aE=512 Y=0 sel=6
[devMouse] p0 unit 0 tile=(48,14) type=3 sel=false
[devMouse] p0 unit 1 tile=(48,21) type=3 sel=true
[devMouse] p0 unit 2 tile=(49,13) type=3 sel=false
[devMouse] p0 unit 3 tile=(49,14) type=3 sel=false
[devMouse] p0 unit 4 tile=(48,16) type=5 sel=false
[devMouse] p0 unit 5 tile=(48,17) type=5 sel=false
[devMouse] p0 unit 6 tile=(46,11) type=4 sel=false
[devMouse] p0 unit 7 tile=(47,11) type=4 sel=false
[devMouse] p1 unit 0 tile=(32,30) type=5 sel=false
[devMouse] p1 unit 1 tile=(30,30) type=5 sel=false
[devMouse] p1 unit 2 tile=(11,50) type=3 sel=false
[devMouse] p1 unit 3 tile=(11,49) type=3 sel=false
[devMouse] p1 unit 4 tile=(11,48) type=3 sel=false
[devMouse] p1 unit 5 tile=(34,55) type=4 sel=false
[devMouse] p1 unit 6 tile=(34,53) type=4 sel=false
[devMouse] p1 unit 7 tile=(34,51) type=4 sel=false
[dbg] ar=38573 am=6 aA=6 aH=0 l=false j=false fullRedraw=false
[dbg] ar=38598 am=6 aA=6 aH=0 l=false j=false fullRedraw=false
[dbg] ar=38623 am=6 aA=6 aH=0 l=false j=false fullRedraw=false
[dbg] ar=38648 am=6 aA=6 aH=0 l=false j=false fullRedraw=false
[dbg] ar=38673 am=6 aA=6 aH=0 l=false j=false fullRedraw=false
[dbg] ar=38698 am=6 aA=6 aH=0 l=false j=false fullRedraw=false
[dbg] ar=38723 am=6 aA=6 aH=0 l=false j=false fullRedraw=false
[dbg] ar=38748 am=6 aA=6 aH=0 l=false j=false fullRedraw=false
[dbg] ar=38773 am=6 aA=6 aH=0 l=false j=false fullRedraw=false
[dbg] ar=38798 am=6 aA=6 aH=0 l=false j=false fullRedraw=false
[dbg] ar=38823 am=6 aA=6 aH=0 l=false j=false fullRedraw=false
[fifo] ar=38846 slots 0
[slots] p0 n=8 0:t3@(48,14)w0 1:t3@(48,21)w0 2:t3@(49,13)w0 3:t3@(49,14)w0 4:t5@(48,16)w0 5:t5@(48,17)w0 6:t4@(46,11)w0 7:t4@(47,11)w0
[dbg] ar=38848 am=6 aA=6 aH=0 l=false j=false fullRedraw=false
[dbg] ar=38873 am=6 aA=6 aH=0 l=false j=false fullRedraw=false
[fifo] ar=38893 slots 1
[slots] p1 n=8 0:t5@(32,30)w0 1:t5@(30,30)w0 2:t3@(11,50)w0 3:t3@(11,49)w0 4:t3@(11,48)w0 5:t4@(34,55)w0 6:t4@(34,53)w0 7:t4@(34,51)w0
[dbg] ar=38898 am=6 aA=6 aH=0 l=false j=false fullRedraw=false
[fifo] ar=38923 state
[devMouse] aA=6/6 cursor=(48,13) cam=(468,404) Q=880 aE=512 Y=0 sel=6
[devMouse] p0 unit 0 tile=(48,14) type=3 sel=false
[devMouse] p0 unit 1 tile=(48,21) type=3 sel=true
[devMouse] p0 unit 2 tile=(49,13) type=3 sel=false
[devMouse] p0 unit 3 tile=(49,14) type=3 sel=false
[devMouse] p0 unit 4 tile=(48,16) type=5 sel=false
[devMouse] p0 unit 5 tile=(48,17) type=5 sel=false
[devMouse] p0 unit 6 tile=(46,11) type=4 sel=false
[devMouse] p0 unit 7 tile=(47,11) type=4 sel=false
[devMouse] p1 unit 0 tile=(32,30) type=5 sel=false
[devMouse] p1 unit 1 tile=(30,30) type=5 sel=false
[devMouse] p1 unit 2 tile=(11,50) type=3 sel=false
[devMouse] p1 unit 3 tile=(11,49) type=3 sel=false
[devMouse] p1 unit 4 tile=(11,48) type=3 sel=false
[devMouse] p1 unit 5 tile=(34,55) type=4 sel=false
[devMouse] p1 unit 6 tile=(34,53) type=4 sel=false
[devMouse] p1 unit 7 tile=(34,51) type=4 sel=false
[dbg] ar=38923 am=6 aA=6 aH=0 l=false j=false fullRedraw=false
[dbg] ar=38948 am=6 aA=6 aH=0 l=false j=false fullRedraw=false
[dbg] ar=38973 am=6 aA=6 aH=0 l=false j=false fullRedraw=false
[dbg] ar=38998 am=6 aA=6 aH=0 l=false j=false fullRedraw=false
[dbg] ar=39023 am=6 aA=6 aH=0 l=false j=false fullRedraw=false
[dbg] ar=39048 am=6 aA=6 aH=0 l=false j=false fullRedraw=false
[dbg] ar=39073 am=6 aA=6 aH=0 l=false j=false fullRedraw=false
[dbg] ar=39098 am=6 aA=6 aH=0 l=false j=false fullRedraw=false
[dbg] ar=39123 am=6 aA=6 aH=0 l=false j=false fullRedraw=false
[dbg] ar=39148 am=6 aA=6 aH=0 l=false j=false fullRedraw=false
[dbg] ar=39173 am=6 aA=6 aH=0 l=false j=false fullRedraw=false
[dbg] ar=39198 am=6 aA=6 aH=0 l=false j=false fullRedraw=false
[fifo] ar=39202 slots 0
[slots] p0 n=8 0:t3@(48,14)w0 1:t3@(48,21)w0 2:t3@(49,13)w0 3:t3@(49,14)w0 4:t5@(48,16)w0 5:t5@(48,17)w0 6:t4@(46,11)w0 7:t4@(47,11)w0
[dbg] ar=39223 am=6 aA=6 aH=0 l=false j=false fullRedraw=false
[fifo] ar=39247 slots 1
[slots] p1 n=8 0:t5@(32,30)w0 1:t5@(30,30)w0 2:t3@(11,50)w0 3:t3@(11,49)w0 4:t3@(11,48)w0 5:t4@(34,55)w0 6:t4@(34,53)w0 7:t4@(34,51)w0
[dbg] ar=39248 am=6 aA=6 aH=0 l=false j=false fullRedraw=false
[dbg] ar=39273 am=6 aA=6 aH=0 l=false j=false fullRedraw=false
[fifo] ar=39276 state
[devMouse] aA=6/6 cursor=(48,13) cam=(468,404) Q=880 aE=512 Y=0 sel=6
[devMouse] p0 unit 0 tile=(48,14) type=3 sel=false
[devMouse] p0 unit 1 tile=(48,21) type=3 sel=true
[devMouse] p0 unit 2 tile=(49,13) type=3 sel=false
[devMouse] p0 unit 3 tile=(49,14) type=3 sel=false
[devMouse] p0 unit 4 tile=(48,16) type=5 sel=false
[devMouse] p0 unit 5 tile=(48,17) type=5 sel=false
[devMouse] p0 unit 6 tile=(46,11) type=4 sel=false
[devMouse] p0 unit 7 tile=(47,11) type=4 sel=false
[devMouse] p1 unit 0 tile=(32,30) type=5 sel=false
[devMouse] p1 unit 1 tile=(30,30) type=5 sel=false
[devMouse] p1 unit 2 tile=(11,50) type=3 sel=false
[devMouse] p1 unit 3 tile=(11,49) type=3 sel=false
[devMouse] p1 unit 4 tile=(11,48) type=3 sel=false
[devMouse] p1 unit 5 tile=(34,55) type=4 sel=false
[devMouse] p1 unit 6 tile=(34,53) type=4 sel=false
[devMouse] p1 unit 7 tile=(34,51) type=4 sel=false
[dbg] ar=39298 am=6 aA=6 aH=0 l=false j=false fullRedraw=false
[dbg] ar=39323 am=6 aA=6 aH=0 l=false j=false fullRedraw=false
[dbg] ar=39348 am=6 aA=6 aH=0 l=false j=false fullRedraw=false
[dbg] ar=39373 am=6 aA=6 aH=0 l=false j=false fullRedraw=false
[dbg] ar=39398 am=6 aA=6 aH=0 l=false j=false fullRedraw=false
[dbg] ar=39423 am=6 aA=6 aH=0 l=false j=false fullRedraw=false
[dbg] ar=39448 am=6 aA=6 aH=0 l=false j=false fullRedraw=false
[dbg] ar=39473 am=6 aA=6 aH=0 l=false j=false fullRedraw=false
[dbg] ar=39498 am=6 aA=6 aH=0 l=false j=false fullRedraw=false
[dbg] ar=39523 am=6 aA=6 aH=0 l=false j=false fullRedraw=false
[dbg] ar=39548 am=6 aA=6 aH=0 l=false j=false fullRedraw=false
[fifo] ar=39557 slots 0
[slots] p0 n=8 0:t3@(48,14)w0 1:t3@(48,21)w0 2:t3@(49,13)w0 3:t3@(49,14)w0 4:t5@(48,16)w0 5:t5@(48,17)w0 6:t4@(46,11)w0 7:t4@(47,11)w0
[dbg] ar=39573 am=6 aA=6 aH=0 l=false j=false fullRedraw=false
[dbg] ar=39598 am=6 aA=6 aH=0 l=false j=false fullRedraw=false
[fifo] ar=39601 slots 1
[slots] p1 n=8 0:t5@(32,30)w0 1:t5@(30,30)w0 2:t3@(11,50)w0 3:t3@(11,49)w0 4:t3@(11,48)w0 5:t4@(34,55)w0 6:t4@(34,53)w0 7:t4@(34,51)w0
[dbg] ar=39623 am=6 aA=6 aH=0 l=false j=false fullRedraw=false
[fifo] ar=39632 state
[devMouse] aA=6/6 cursor=(48,13) cam=(468,404) Q=880 aE=512 Y=0 sel=6
[devMouse] p0 unit 0 tile=(48,14) type=3 sel=false
[devMouse] p0 unit 1 tile=(48,21) type=3 sel=true
[devMouse] p0 unit 2 tile=(49,13) type=3 sel=false
[devMouse] p0 unit 3 tile=(49,14) type=3 sel=false
[devMouse] p0 unit 4 tile=(48,16) type=5 sel=false
[devMouse] p0 unit 5 tile=(48,17) type=5 sel=false
[devMouse] p0 unit 6 tile=(46,11) type=4 sel=false
[devMouse] p0 unit 7 tile=(47,11) type=4 sel=false
[devMouse] p1 unit 0 tile=(32,30) type=5 sel=false
[devMouse] p1 unit 1 tile=(30,30) type=5 sel=false
[devMouse] p1 unit 2 tile=(11,50) type=3 sel=false
[devMouse] p1 unit 3 tile=(11,49) type=3 sel=false
[devMouse] p1 unit 4 tile=(11,48) type=3 sel=false
[devMouse] p1 unit 5 tile=(34,55) type=4 sel=false
[devMouse] p1 unit 6 tile=(34,53) type=4 sel=false
[devMouse] p1 unit 7 tile=(34,51) type=4 sel=false
[dbg] ar=39648 am=6 aA=6 aH=0 l=false j=false fullRedraw=false
[dbg] ar=39673 am=6 aA=6 aH=0 l=false j=false fullRedraw=false
[dbg] ar=39698 am=6 aA=6 aH=0 l=false j=false fullRedraw=false
[dbg] ar=39723 am=6 aA=6 aH=0 l=false j=false fullRedraw=false
[dbg] ar=39748 am=6 aA=6 aH=0 l=false j=false fullRedraw=false
[dbg] ar=39773 am=6 aA=6 aH=0 l=false j=false fullRedraw=false
[dbg] ar=39798 am=6 aA=6 aH=0 l=false j=false fullRedraw=false
[dbg] ar=39823 am=6 aA=6 aH=0 l=false j=false fullRedraw=false
[dbg] ar=39848 am=6 aA=6 aH=0 l=false j=false fullRedraw=false
[dbg] ar=39873 am=6 aA=6 aH=0 l=false j=false fullRedraw=false
[dbg] ar=39898 am=6 aA=6 aH=0 l=false j=false fullRedraw=false
[fifo] ar=39908 slots 0
[slots] p0 n=8 0:t3@(48,14)w0 1:t3@(48,21)w0 2:t3@(49,13)w0 3:t3@(49,14)w0 4:t5@(48,16)w0 5:t5@(48,17)w0 6:t4@(46,11)w0 7:t4@(47,11)w0
[dbg] ar=39923 am=6 aA=6 aH=0 l=false j=false fullRedraw=false
[dbg] ar=39948 am=6 aA=6 aH=0 l=false j=false fullRedraw=false
[fifo] ar=39954 slots 1
[slots] p1 n=8 0:t5@(32,30)w0 1:t5@(30,30)w0 2:t3@(11,50)w0 3:t3@(11,49)w0 4:t3@(11,48)w0 5:t4@(34,55)w0 6:t4@(34,53)w0 7:t4@(34,51)w0
[dbg] ar=39973 am=6 aA=6 aH=0 l=false j=false fullRedraw=false
[fifo] ar=39985 state
[devMouse] aA=6/6 cursor=(48,13) cam=(468,404) Q=880 aE=512 Y=0 sel=6
[devMouse] p0 unit 0 tile=(48,14) type=3 sel=false
[devMouse] p0 unit 1 tile=(48,21) type=3 sel=true
[devMouse] p0 unit 2 tile=(49,13) type=3 sel=false
[devMouse] p0 unit 3 tile=(49,14) type=3 sel=false
[devMouse] p0 unit 4 tile=(48,16) type=5 sel=false
[devMouse] p0 unit 5 tile=(48,17) type=5 sel=false
[devMouse] p0 unit 6 tile=(46,11) type=4 sel=false
[devMouse] p0 unit 7 tile=(47,11) type=4 sel=false
[devMouse] p1 unit 0 tile=(32,30) type=5 sel=false
[devMouse] p1 unit 1 tile=(30,30) type=5 sel=false
[devMouse] p1 unit 2 tile=(11,50) type=3 sel=false
[devMouse] p1 unit 3 tile=(11,49) type=3 sel=false
[devMouse] p1 unit 4 tile=(11,48) type=3 sel=false
[devMouse] p1 unit 5 tile=(34,55) type=4 sel=false
[devMouse] p1 unit 6 tile=(34,53) type=4 sel=false
[devMouse] p1 unit 7 tile=(34,51) type=4 sel=false
[dbg] ar=39998 am=6 aA=6 aH=0 l=false j=false fullRedraw=false
[dbg] ar=40023 am=6 aA=6 aH=0 l=false j=false fullRedraw=false
[dbg] ar=40048 am=6 aA=6 aH=0 l=false j=false fullRedraw=false
[dbg] ar=40073 am=6 aA=6 aH=0 l=false j=false fullRedraw=false
[dbg] ar=40098 am=6 aA=6 aH=0 l=false j=false fullRedraw=false
[dbg] ar=40123 am=6 aA=6 aH=0 l=false j=false fullRedraw=false
[dbg] ar=40148 am=6 aA=6 aH=0 l=false j=false fullRedraw=false
[dbg] ar=40173 am=6 aA=6 aH=0 l=false j=false fullRedraw=false
[dbg] ar=40198 am=6 aA=6 aH=0 l=false j=false fullRedraw=false
[dbg] ar=40223 am=6 aA=6 aH=0 l=false j=false fullRedraw=false
[dbg] ar=40248 am=6 aA=6 aH=0 l=false j=false fullRedraw=false
[fifo] ar=40264 slots 0
[slots] p0 n=8 0:t3@(48,14)w0 1:t3@(48,21)w0 2:t3@(49,13)w0 3:t3@(49,14)w0 4:t5@(48,16)w0 5:t5@(48,17)w0 6:t4@(46,11)w0 7:t4@(47,11)w0
[dbg] ar=40273 am=6 aA=6 aH=0 l=false j=false fullRedraw=false
[dbg] ar=40298 am=6 aA=6 aH=0 l=false j=false fullRedraw=false
[fifo] ar=40310 slots 1
[slots] p1 n=8 0:t5@(32,30)w0 1:t5@(30,30)w0 2:t3@(11,50)w0 3:t3@(11,49)w0 4:t3@(11,48)w0 5:t4@(34,55)w0 6:t4@(34,53)w0 7:t4@(34,51)w0
[dbg] ar=40323 am=6 aA=6 aH=0 l=false j=false fullRedraw=false
[fifo] ar=40340 state
[devMouse] aA=6/6 cursor=(48,13) cam=(468,404) Q=880 aE=512 Y=0 sel=6
[devMouse] p0 unit 0 tile=(48,14) type=3 sel=false
[devMouse] p0 unit 1 tile=(48,21) type=3 sel=true
[devMouse] p0 unit 2 tile=(49,13) type=3 sel=false
[devMouse] p0 unit 3 tile=(49,14) type=3 sel=false
[devMouse] p0 unit 4 tile=(48,16) type=5 sel=false
[devMouse] p0 unit 5 tile=(48,17) type=5 sel=false
[devMouse] p0 unit 6 tile=(46,11) type=4 sel=false
[devMouse] p0 unit 7 tile=(47,11) type=4 sel=false
[devMouse] p1 unit 0 tile=(32,30) type=5 sel=false
[devMouse] p1 unit 1 tile=(30,30) type=5 sel=false
[devMouse] p1 unit 2 tile=(11,50) type=3 sel=false
[devMouse] p1 unit 3 tile=(11,49) type=3 sel=false
[devMouse] p1 unit 4 tile=(11,48) type=3 sel=false
[devMouse] p1 unit 5 tile=(34,55) type=4 sel=false
[devMouse] p1 unit 6 tile=(34,53) type=4 sel=false
[devMouse] p1 unit 7 tile=(34,51) type=4 sel=false
[dbg] ar=40348 am=6 aA=6 aH=0 l=false j=false fullRedraw=false
[dbg] ar=40373 am=6 aA=6 aH=0 l=false j=false fullRedraw=false
[dbg] ar=40398 am=6 aA=6 aH=0 l=false j=false fullRedraw=false
[dbg] ar=40423 am=6 aA=6 aH=0 l=false j=false fullRedraw=false
[dbg] ar=40448 am=6 aA=6 aH=0 l=false j=false fullRedraw=false
[dbg] ar=40473 am=6 aA=6 aH=0 l=false j=false fullRedraw=false
[dbg] ar=40498 am=6 aA=6 aH=0 l=false j=false fullRedraw=false
[dbg] ar=40523 am=6 aA=6 aH=0 l=false j=false fullRedraw=false
[dbg] ar=40548 am=6 aA=6 aH=0 l=false j=false fullRedraw=false
[dbg] ar=40573 am=6 aA=6 aH=0 l=false j=false fullRedraw=false
[dbg] ar=40598 am=6 aA=6 aH=0 l=false j=false fullRedraw=false
[fifo] ar=40619 slots 0
[slots] p0 n=8 0:t3@(48,14)w0 1:t3@(48,21)w0 2:t3@(49,13)w0 3:t3@(49,14)w0 4:t5@(48,16)w0 5:t5@(48,17)w0 6:t4@(46,11)w0 7:t4@(47,11)w0
[dbg] ar=40623 am=6 aA=6 aH=0 l=false j=false fullRedraw=false
[dbg] ar=40648 am=6 aA=6 aH=0 l=false j=false fullRedraw=false
[fifo] ar=40664 slots 1
[slots] p1 n=8 0:t5@(32,30)w0 1:t5@(30,30)w0 2:t3@(11,50)w0 3:t3@(11,49)w0 4:t3@(11,48)w0 5:t4@(34,55)w0 6:t4@(34,53)w0 7:t4@(34,51)w0
[dbg] ar=40673 am=6 aA=6 aH=0 l=false j=false fullRedraw=false
[fifo] ar=40695 state
[devMouse] aA=6/6 cursor=(48,13) cam=(468,404) Q=880 aE=512 Y=0 sel=6
[devMouse] p0 unit 0 tile=(48,14) type=3 sel=false
[devMouse] p0 unit 1 tile=(48,21) type=3 sel=true
[devMouse] p0 unit 2 tile=(49,13) type=3 sel=false
[devMouse] p0 unit 3 tile=(49,14) type=3 sel=false
[devMouse] p0 unit 4 tile=(48,16) type=5 sel=false
[devMouse] p0 unit 5 tile=(48,17) type=5 sel=false
[devMouse] p0 unit 6 tile=(46,11) type=4 sel=false
[devMouse] p0 unit 7 tile=(47,11) type=4 sel=false
[devMouse] p1 unit 0 tile=(32,30) type=5 sel=false
[devMouse] p1 unit 1 tile=(30,30) type=5 sel=false
[devMouse] p1 unit 2 tile=(11,50) type=3 sel=false
[devMouse] p1 unit 3 tile=(11,49) type=3 sel=false
[devMouse] p1 unit 4 tile=(11,48) type=3 sel=false
[devMouse] p1 unit 5 tile=(34,55) type=4 sel=false
[devMouse] p1 unit 6 tile=(34,53) type=4 sel=false
[devMouse] p1 unit 7 tile=(34,51) type=4 sel=false
[dbg] ar=40698 am=6 aA=6 aH=0 l=false j=false fullRedraw=false
[dbg] ar=40723 am=6 aA=6 aH=0 l=false j=false fullRedraw=false
[dbg] ar=40748 am=6 aA=6 aH=0 l=false j=false fullRedraw=false
[dbg] ar=40773 am=6 aA=6 aH=0 l=false j=false fullRedraw=false
[dbg] ar=40798 am=6 aA=6 aH=0 l=false j=false fullRedraw=false
[dbg] ar=40823 am=6 aA=6 aH=0 l=false j=false fullRedraw=false
[dbg] ar=40848 am=6 aA=6 aH=0 l=false j=false fullRedraw=false
[dbg] ar=40873 am=6 aA=6 aH=0 l=false j=false fullRedraw=false
[dbg] ar=40898 am=6 aA=6 aH=0 l=false j=false fullRedraw=false
[dbg] ar=40923 am=6 aA=6 aH=0 l=false j=false fullRedraw=false
[dbg] ar=40948 am=6 aA=6 aH=0 l=false j=false fullRedraw=false
[fifo] ar=40973 slots 0
[slots] p0 n=8 0:t3@(48,14)w0 1:t3@(48,21)w0 2:t3@(49,13)w0 3:t3@(49,14)w0 4:t5@(48,16)w0 5:t5@(48,17)w0 6:t4@(46,11)w0 7:t4@(47,11)w0
[dbg] ar=40973 am=6 aA=6 aH=0 l=false j=false fullRedraw=false
[dbg] ar=40998 am=6 aA=6 aH=0 l=false j=false fullRedraw=false
[fifo] ar=41019 slots 1
[slots] p1 n=8 0:t5@(32,30)w0 1:t5@(30,30)w0 2:t3@(11,50)w0 3:t3@(11,49)w0 4:t3@(11,48)w0 5:t4@(34,55)w0 6:t4@(34,53)w0 7:t4@(34,51)w0
[dbg] ar=41023 am=6 aA=6 aH=0 l=false j=false fullRedraw=false
[dbg] ar=41048 am=6 aA=6 aH=0 l=false j=false fullRedraw=false
[fifo] ar=41050 state
[devMouse] aA=6/6 cursor=(48,13) cam=(468,404) Q=880 aE=512 Y=0 sel=6
[devMouse] p0 unit 0 tile=(48,14) type=3 sel=false
[devMouse] p0 unit 1 tile=(48,21) type=3 sel=true
[devMouse] p0 unit 2 tile=(49,13) type=3 sel=false
[devMouse] p0 unit 3 tile=(49,14) type=3 sel=false
[devMouse] p0 unit 4 tile=(48,16) type=5 sel=false
[devMouse] p0 unit 5 tile=(48,17) type=5 sel=false
[devMouse] p0 unit 6 tile=(46,11) type=4 sel=false
[devMouse] p0 unit 7 tile=(47,11) type=4 sel=false
[devMouse] p1 unit 0 tile=(32,30) type=5 sel=false
[devMouse] p1 unit 1 tile=(30,30) type=5 sel=false
[devMouse] p1 unit 2 tile=(11,50) type=3 sel=false
[devMouse] p1 unit 3 tile=(11,49) type=3 sel=false
[devMouse] p1 unit 4 tile=(11,48) type=3 sel=false
[devMouse] p1 unit 5 tile=(34,55) type=4 sel=false
[devMouse] p1 unit 6 tile=(34,53) type=4 sel=false
[devMouse] p1 unit 7 tile=(34,51) type=4 sel=false
[dbg] ar=41073 am=6 aA=6 aH=0 l=false j=false fullRedraw=false
[dbg] ar=41098 am=6 aA=6 aH=0 l=false j=false fullRedraw=false
[dbg] ar=41123 am=6 aA=6 aH=0 l=false j=false fullRedraw=false
[dbg] ar=41148 am=6 aA=6 aH=0 l=false j=false fullRedraw=false
[dbg] ar=41173 am=6 aA=6 aH=0 l=false j=false fullRedraw=false
[dbg] ar=41198 am=6 aA=6 aH=0 l=false j=false fullRedraw=false
[dbg] ar=41223 am=6 aA=6 aH=0 l=false j=false fullRedraw=false
[dbg] ar=41248 am=6 aA=6 aH=0 l=false j=false fullRedraw=false
[dbg] ar=41273 am=6 aA=6 aH=0 l=false j=false fullRedraw=false
[dbg] ar=41298 am=6 aA=6 aH=0 l=false j=false fullRedraw=false
[dbg] ar=41323 am=6 aA=6 aH=0 l=false j=false fullRedraw=false
[fifo] ar=41328 slots 0
[slots] p0 n=8 0:t3@(48,14)w0 1:t3@(48,21)w0 2:t3@(49,13)w0 3:t3@(49,14)w0 4:t5@(48,16)w0 5:t5@(48,17)w0 6:t4@(46,11)w0 7:t4@(47,11)w0
[dbg] ar=41348 am=6 aA=6 aH=0 l=false j=false fullRedraw=false
[dbg] ar=41373 am=6 aA=6 aH=0 l=false j=false fullRedraw=false
[fifo] ar=41374 slots 1
[slots] p1 n=8 0:t5@(32,30)w0 1:t5@(30,30)w0 2:t3@(11,50)w0 3:t3@(11,49)w0 4:t3@(11,48)w0 5:t4@(34,55)w0 6:t4@(34,53)w0 7:t4@(34,51)w0
[dbg] ar=41398 am=6 aA=6 aH=0 l=false j=false fullRedraw=false
[fifo] ar=41405 state
[devMouse] aA=6/6 cursor=(48,13) cam=(468,404) Q=880 aE=512 Y=0 sel=6
[devMouse] p0 unit 0 tile=(48,14) type=3 sel=false
[devMouse] p0 unit 1 tile=(48,21) type=3 sel=true
[devMouse] p0 unit 2 tile=(49,13) type=3 sel=false
[devMouse] p0 unit 3 tile=(49,14) type=3 sel=false
[devMouse] p0 unit 4 tile=(48,16) type=5 sel=false
[devMouse] p0 unit 5 tile=(48,17) type=5 sel=false
[devMouse] p0 unit 6 tile=(46,11) type=4 sel=false
[devMouse] p0 unit 7 tile=(47,11) type=4 sel=false
[devMouse] p1 unit 0 tile=(32,30) type=5 sel=false
[devMouse] p1 unit 1 tile=(30,30) type=5 sel=false
[devMouse] p1 unit 2 tile=(11,50) type=3 sel=false
[devMouse] p1 unit 3 tile=(11,49) type=3 sel=false
[devMouse] p1 unit 4 tile=(11,48) type=3 sel=false
[devMouse] p1 unit 5 tile=(34,55) type=4 sel=false
[devMouse] p1 unit 6 tile=(34,53) type=4 sel=false
[devMouse] p1 unit 7 tile=(34,51) type=4 sel=false
[dbg] ar=41423 am=6 aA=6 aH=0 l=false j=false fullRedraw=false
[dbg] ar=41448 am=6 aA=6 aH=0 l=false j=false fullRedraw=false
[dbg] ar=41473 am=6 aA=6 aH=0 l=false j=false fullRedraw=false
[dbg] ar=41498 am=6 aA=6 aH=0 l=false j=false fullRedraw=false
[dbg] ar=41523 am=6 aA=6 aH=0 l=false j=false fullRedraw=false
[dbg] ar=41548 am=6 aA=6 aH=0 l=false j=false fullRedraw=false
[dbg] ar=41573 am=6 aA=6 aH=0 l=false j=false fullRedraw=false
[dbg] ar=41598 am=6 aA=6 aH=0 l=false j=false fullRedraw=false
[dbg] ar=41623 am=6 aA=6 aH=0 l=false j=false fullRedraw=false
[dbg] ar=41648 am=6 aA=6 aH=0 l=false j=false fullRedraw=false
[dbg] ar=41673 am=6 aA=6 aH=0 l=false j=false fullRedraw=false
[fifo] ar=41685 slots 0
[slots] p0 n=8 0:t3@(48,14)w0 1:t3@(48,21)w0 2:t3@(49,13)w0 3:t3@(49,14)w0 4:t5@(48,16)w0 5:t5@(48,17)w0 6:t4@(46,11)w0 7:t4@(47,11)w0
[dbg] ar=41698 am=6 aA=6 aH=0 l=false j=false fullRedraw=false
[dbg] ar=41723 am=6 aA=6 aH=0 l=false j=false fullRedraw=false
[fifo] ar=41732 slots 1
[slots] p1 n=8 0:t5@(32,30)w0 1:t5@(30,30)w0 2:t3@(11,50)w0 3:t3@(11,49)w0 4:t3@(11,48)w0 5:t4@(34,55)w0 6:t4@(34,53)w0 7:t4@(34,51)w0
[dbg] ar=41748 am=6 aA=6 aH=0 l=false j=false fullRedraw=false
[fifo] ar=41763 state
[devMouse] aA=6/6 cursor=(48,13) cam=(468,404) Q=880 aE=512 Y=0 sel=6
[devMouse] p0 unit 0 tile=(48,14) type=3 sel=false
[devMouse] p0 unit 1 tile=(48,21) type=3 sel=true
[devMouse] p0 unit 2 tile=(49,13) type=3 sel=false
[devMouse] p0 unit 3 tile=(49,14) type=3 sel=false
[devMouse] p0 unit 4 tile=(48,16) type=5 sel=false
[devMouse] p0 unit 5 tile=(48,17) type=5 sel=false
[devMouse] p0 unit 6 tile=(46,11) type=4 sel=false
[devMouse] p0 unit 7 tile=(47,11) type=4 sel=false
[devMouse] p1 unit 0 tile=(32,30) type=5 sel=false
[devMouse] p1 unit 1 tile=(30,30) type=5 sel=false
[devMouse] p1 unit 2 tile=(11,50) type=3 sel=false
[devMouse] p1 unit 3 tile=(11,49) type=3 sel=false
[devMouse] p1 unit 4 tile=(11,48) type=3 sel=false
[devMouse] p1 unit 5 tile=(34,55) type=4 sel=false
[devMouse] p1 unit 6 tile=(34,53) type=4 sel=false
[devMouse] p1 unit 7 tile=(34,51) type=4 sel=false
[dbg] ar=41773 am=6 aA=6 aH=0 l=false j=false fullRedraw=false
[dbg] ar=41798 am=6 aA=6 aH=0 l=false j=false fullRedraw=false
[dbg] ar=41823 am=6 aA=6 aH=0 l=false j=false fullRedraw=false
[dbg] ar=41848 am=6 aA=6 aH=0 l=false j=false fullRedraw=false
[dbg] ar=41873 am=6 aA=6 aH=0 l=false j=false fullRedraw=false
[dbg] ar=41898 am=6 aA=6 aH=0 l=false j=false fullRedraw=false
[dbg] ar=41923 am=6 aA=6 aH=0 l=false j=false fullRedraw=false
[dbg] ar=41948 am=6 aA=6 aH=0 l=false j=false fullRedraw=false
[dbg] ar=41973 am=6 aA=6 aH=0 l=false j=false fullRedraw=false
[dbg] ar=41998 am=6 aA=6 aH=0 l=false j=false fullRedraw=false
[dbg] ar=42023 am=6 aA=6 aH=0 l=false j=false fullRedraw=false
[fifo] ar=42040 slots 0
[slots] p0 n=8 0:t3@(48,14)w0 1:t3@(48,21)w0 2:t3@(49,13)w0 3:t3@(49,14)w0 4:t5@(48,16)w0 5:t5@(48,17)w0 6:t4@(46,11)w0 7:t4@(47,11)w0
[dbg] ar=42048 am=6 aA=6 aH=0 l=false j=false fullRedraw=false
[dbg] ar=42073 am=6 aA=6 aH=0 l=false j=false fullRedraw=false
[fifo] ar=42079 slots 1
[slots] p1 n=8 0:t5@(32,30)w0 1:t5@(30,30)w0 2:t3@(11,50)w0 3:t3@(11,49)w0 4:t3@(11,48)w0 5:t4@(34,55)w0 6:t4@(34,53)w0 7:t4@(34,51)w0
[dbg] ar=42098 am=6 aA=6 aH=0 l=false j=false fullRedraw=false
[fifo] ar=42111 state
[devMouse] aA=6/6 cursor=(48,13) cam=(468,404) Q=880 aE=512 Y=0 sel=6
[devMouse] p0 unit 0 tile=(48,14) type=3 sel=false
[devMouse] p0 unit 1 tile=(48,21) type=3 sel=true
[devMouse] p0 unit 2 tile=(49,13) type=3 sel=false
[devMouse] p0 unit 3 tile=(49,14) type=3 sel=false
[devMouse] p0 unit 4 tile=(48,16) type=5 sel=false
[devMouse] p0 unit 5 tile=(48,17) type=5 sel=false
[devMouse] p0 unit 6 tile=(46,11) type=4 sel=false
[devMouse] p0 unit 7 tile=(47,11) type=4 sel=false
[devMouse] p1 unit 0 tile=(32,30) type=5 sel=false
[devMouse] p1 unit 1 tile=(30,30) type=5 sel=false
[devMouse] p1 unit 2 tile=(11,50) type=3 sel=false
[devMouse] p1 unit 3 tile=(11,49) type=3 sel=false
[devMouse] p1 unit 4 tile=(11,48) type=3 sel=false
[devMouse] p1 unit 5 tile=(34,55) type=4 sel=false
[devMouse] p1 unit 6 tile=(34,53) type=4 sel=false
[devMouse] p1 unit 7 tile=(34,51) type=4 sel=false
[dbg] ar=42123 am=6 aA=6 aH=0 l=false j=false fullRedraw=false
[dbg] ar=42148 am=6 aA=6 aH=0 l=false j=false fullRedraw=false
[dbg] ar=42173 am=6 aA=6 aH=0 l=false j=false fullRedraw=false
[dbg] ar=42198 am=6 aA=6 aH=0 l=false j=false fullRedraw=false
[dbg] ar=42223 am=6 aA=6 aH=0 l=false j=false fullRedraw=false
[dbg] ar=42248 am=6 aA=6 aH=0 l=false j=false fullRedraw=false
[dbg] ar=42273 am=6 aA=6 aH=0 l=false j=false fullRedraw=false
[dbg] ar=42298 am=6 aA=6 aH=0 l=false j=false fullRedraw=false
[dbg] ar=42323 am=6 aA=6 aH=0 l=false j=false fullRedraw=false
[dbg] ar=42348 am=6 aA=6 aH=0 l=false j=false fullRedraw=false
[dbg] ar=42373 am=6 aA=6 aH=0 l=false j=false fullRedraw=false
[fifo] ar=42391 slots 0
[slots] p0 n=8 0:t3@(48,14)w0 1:t3@(48,21)w0 2:t3@(49,13)w0 3:t3@(49,14)w0 4:t5@(48,16)w0 5:t5@(48,17)w0 6:t4@(46,11)w0 7:t4@(47,11)w0
[dbg] ar=42398 am=6 aA=6 aH=0 l=false j=false fullRedraw=false
[dbg] ar=42423 am=6 aA=6 aH=0 l=false j=false fullRedraw=false
[fifo] ar=42436 slots 1
[slots] p1 n=8 0:t5@(32,30)w0 1:t5@(30,30)w0 2:t3@(11,50)w0 3:t3@(11,49)w0 4:t3@(11,48)w0 5:t4@(34,55)w0 6:t4@(34,53)w0 7:t4@(34,51)w0
[dbg] ar=42448 am=6 aA=6 aH=0 l=false j=false fullRedraw=false
[fifo] ar=42466 state
[devMouse] aA=6/6 cursor=(48,13) cam=(468,404) Q=880 aE=512 Y=0 sel=6
[devMouse] p0 unit 0 tile=(48,14) type=3 sel=false
[devMouse] p0 unit 1 tile=(48,21) type=3 sel=true
[devMouse] p0 unit 2 tile=(49,13) type=3 sel=false
[devMouse] p0 unit 3 tile=(49,14) type=3 sel=false
[devMouse] p0 unit 4 tile=(48,16) type=5 sel=false
[devMouse] p0 unit 5 tile=(48,17) type=5 sel=false
[devMouse] p0 unit 6 tile=(46,11) type=4 sel=false
[devMouse] p0 unit 7 tile=(47,11) type=4 sel=false
[devMouse] p1 unit 0 tile=(32,30) type=5 sel=false
[devMouse] p1 unit 1 tile=(30,30) type=5 sel=false
[devMouse] p1 unit 2 tile=(11,50) type=3 sel=false
[devMouse] p1 unit 3 tile=(11,49) type=3 sel=false
[devMouse] p1 unit 4 tile=(11,48) type=3 sel=false
[devMouse] p1 unit 5 tile=(34,55) type=4 sel=false
[devMouse] p1 unit 6 tile=(34,53) type=4 sel=false
[devMouse] p1 unit 7 tile=(34,51) type=4 sel=false
[dbg] ar=42473 am=6 aA=6 aH=0 l=false j=false fullRedraw=false
[dbg] ar=42498 am=6 aA=6 aH=0 l=false j=false fullRedraw=false
[dbg] ar=42523 am=6 aA=6 aH=0 l=false j=false fullRedraw=false
[dbg] ar=42548 am=6 aA=6 aH=0 l=false j=false fullRedraw=false
[dbg] ar=42573 am=6 aA=6 aH=0 l=false j=false fullRedraw=false
[dbg] ar=42598 am=6 aA=6 aH=0 l=false j=false fullRedraw=false
[dbg] ar=42623 am=6 aA=6 aH=0 l=false j=false fullRedraw=false
[dbg] ar=42648 am=6 aA=6 aH=0 l=false j=false fullRedraw=false
[dbg] ar=42673 am=6 aA=6 aH=0 l=false j=false fullRedraw=false
[dbg] ar=42698 am=6 aA=6 aH=0 l=false j=false fullRedraw=false
[dbg] ar=42723 am=6 aA=6 aH=0 l=false j=false fullRedraw=false
[fifo] ar=42748 slots 0
[slots] p0 n=8 0:t3@(48,14)w0 1:t3@(48,21)w0 2:t3@(49,13)w0 3:t3@(49,14)w0 4:t5@(48,16)w0 5:t5@(48,17)w0 6:t4@(46,11)w0 7:t4@(47,11)w0
[dbg] ar=42748 am=6 aA=6 aH=0 l=false j=false fullRedraw=false
[dbg] ar=42773 am=6 aA=6 aH=0 l=false j=false fullRedraw=false
[fifo] ar=42794 slots 1
[slots] p1 n=8 0:t5@(32,30)w0 1:t5@(30,30)w0 2:t3@(11,50)w0 3:t3@(11,49)w0 4:t3@(11,48)w0 5:t4@(34,55)w0 6:t4@(34,53)w0 7:t4@(34,51)w0
[dbg] ar=42798 am=6 aA=6 aH=0 l=false j=false fullRedraw=false
[dbg] ar=42823 am=6 aA=6 aH=0 l=false j=false fullRedraw=false
[fifo] ar=42824 state
[devMouse] aA=6/6 cursor=(48,13) cam=(468,404) Q=880 aE=512 Y=0 sel=6
[devMouse] p0 unit 0 tile=(48,14) type=3 sel=false
[devMouse] p0 unit 1 tile=(48,21) type=3 sel=true
[devMouse] p0 unit 2 tile=(49,13) type=3 sel=false
[devMouse] p0 unit 3 tile=(49,14) type=3 sel=false
[devMouse] p0 unit 4 tile=(48,16) type=5 sel=false
[devMouse] p0 unit 5 tile=(48,17) type=5 sel=false
[devMouse] p0 unit 6 tile=(46,11) type=4 sel=false
[devMouse] p0 unit 7 tile=(47,11) type=4 sel=false
[devMouse] p1 unit 0 tile=(32,30) type=5 sel=false
[devMouse] p1 unit 1 tile=(30,30) type=5 sel=false
[devMouse] p1 unit 2 tile=(11,50) type=3 sel=false
[devMouse] p1 unit 3 tile=(11,49) type=3 sel=false
[devMouse] p1 unit 4 tile=(11,48) type=3 sel=false
[devMouse] p1 unit 5 tile=(34,55) type=4 sel=false
[devMouse] p1 unit 6 tile=(34,53) type=4 sel=false
[devMouse] p1 unit 7 tile=(34,51) type=4 sel=false
[dbg] ar=42848 am=6 aA=6 aH=0 l=false j=false fullRedraw=false
[dbg] ar=42873 am=6 aA=6 aH=0 l=false j=false fullRedraw=false
[dbg] ar=42898 am=6 aA=6 aH=0 l=false j=false fullRedraw=false
[dbg] ar=42923 am=6 aA=6 aH=0 l=false j=false fullRedraw=false
[dbg] ar=42948 am=6 aA=6 aH=0 l=false j=false fullRedraw=false
[dbg] ar=42973 am=6 aA=6 aH=0 l=false j=false fullRedraw=false
[dbg] ar=42998 am=6 aA=6 aH=0 l=false j=false fullRedraw=false
[dbg] ar=43023 am=6 aA=6 aH=0 l=false j=false fullRedraw=false
[dbg] ar=43048 am=6 aA=6 aH=0 l=false j=false fullRedraw=false
[dbg] ar=43073 am=6 aA=6 aH=0 l=false j=false fullRedraw=false
[dbg] ar=43098 am=6 aA=6 aH=0 l=false j=false fullRedraw=false
[fifo] ar=43109 slots 0
[slots] p0 n=8 0:t3@(48,14)w0 1:t3@(48,21)w0 2:t3@(49,13)w0 3:t3@(49,14)w0 4:t5@(48,16)w0 5:t5@(48,17)w0 6:t4@(46,11)w0 7:t4@(47,11)w0
[dbg] ar=43123 am=6 aA=6 aH=0 l=false j=false fullRedraw=false
[dbg] ar=43148 am=6 aA=6 aH=0 l=false j=false fullRedraw=false
[fifo] ar=43157 slots 1
[slots] p1 n=8 0:t5@(32,30)w0 1:t5@(30,30)w0 2:t3@(11,50)w0 3:t3@(11,49)w0 4:t3@(11,48)w0 5:t4@(34,55)w0 6:t4@(34,53)w0 7:t4@(34,51)w0
[dbg] ar=43173 am=6 aA=6 aH=0 l=false j=false fullRedraw=false
[fifo] ar=43188 state
[devMouse] aA=6/6 cursor=(48,13) cam=(468,404) Q=880 aE=512 Y=0 sel=6
[devMouse] p0 unit 0 tile=(48,14) type=3 sel=false
[devMouse] p0 unit 1 tile=(48,21) type=3 sel=true
[devMouse] p0 unit 2 tile=(49,13) type=3 sel=false
[devMouse] p0 unit 3 tile=(49,14) type=3 sel=false
[devMouse] p0 unit 4 tile=(48,16) type=5 sel=false
[devMouse] p0 unit 5 tile=(48,17) type=5 sel=false
[devMouse] p0 unit 6 tile=(46,11) type=4 sel=false
[devMouse] p0 unit 7 tile=(47,11) type=4 sel=false
[devMouse] p1 unit 0 tile=(32,30) type=5 sel=false
[devMouse] p1 unit 1 tile=(30,30) type=5 sel=false
[devMouse] p1 unit 2 tile=(11,50) type=3 sel=false
[devMouse] p1 unit 3 tile=(11,49) type=3 sel=false
[devMouse] p1 unit 4 tile=(11,48) type=3 sel=false
[devMouse] p1 unit 5 tile=(34,55) type=4 sel=false
[devMouse] p1 unit 6 tile=(34,53) type=4 sel=false
[devMouse] p1 unit 7 tile=(34,51) type=4 sel=false
[dbg] ar=43198 am=6 aA=6 aH=0 l=false j=false fullRedraw=false
[dbg] ar=43223 am=6 aA=6 aH=0 l=false j=false fullRedraw=false
[dbg] ar=43248 am=6 aA=6 aH=0 l=false j=false fullRedraw=false
[dbg] ar=43273 am=6 aA=6 aH=0 l=false j=false fullRedraw=false
[dbg] ar=43298 am=6 aA=6 aH=0 l=false j=false fullRedraw=false
[dbg] ar=43323 am=6 aA=6 aH=0 l=false j=false fullRedraw=false
[dbg] ar=43348 am=6 aA=6 aH=0 l=false j=false fullRedraw=false
[dbg] ar=43373 am=6 aA=6 aH=0 l=false j=false fullRedraw=false
[dbg] ar=43398 am=6 aA=6 aH=0 l=false j=false fullRedraw=false
[dbg] ar=43423 am=6 aA=6 aH=0 l=false j=false fullRedraw=false
[dbg] ar=43448 am=6 aA=6 aH=0 l=false j=false fullRedraw=false
[fifo] ar=43464 slots 0
[slots] p0 n=8 0:t3@(48,14)w0 1:t3@(48,21)w0 2:t3@(49,13)w0 3:t3@(49,14)w0 4:t5@(48,16)w0 5:t5@(48,17)w0 6:t4@(46,11)w0 7:t4@(47,11)w0
[dbg] ar=43473 am=6 aA=6 aH=0 l=false j=false fullRedraw=false
[dbg] ar=43498 am=6 aA=6 aH=0 l=false j=false fullRedraw=false
[fifo] ar=43509 slots 1
[slots] p1 n=8 0:t5@(32,30)w0 1:t5@(30,30)w0 2:t3@(11,50)w0 3:t3@(11,49)w0 4:t3@(11,48)w0 5:t4@(34,55)w0 6:t4@(34,53)w0 7:t4@(34,51)w0
[dbg] ar=43523 am=6 aA=6 aH=0 l=false j=false fullRedraw=false
[fifo] ar=43539 state
[devMouse] aA=6/6 cursor=(48,13) cam=(468,404) Q=880 aE=512 Y=0 sel=6
[devMouse] p0 unit 0 tile=(48,14) type=3 sel=false
[devMouse] p0 unit 1 tile=(48,21) type=3 sel=true
[devMouse] p0 unit 2 tile=(49,13) type=3 sel=false
[devMouse] p0 unit 3 tile=(49,14) type=3 sel=false
[devMouse] p0 unit 4 tile=(48,16) type=5 sel=false
[devMouse] p0 unit 5 tile=(48,17) type=5 sel=false
[devMouse] p0 unit 6 tile=(46,11) type=4 sel=false
[devMouse] p0 unit 7 tile=(47,11) type=4 sel=false
[devMouse] p1 unit 0 tile=(32,30) type=5 sel=false
[devMouse] p1 unit 1 tile=(30,30) type=5 sel=false
[devMouse] p1 unit 2 tile=(11,50) type=3 sel=false
[devMouse] p1 unit 3 tile=(11,49) type=3 sel=false
[devMouse] p1 unit 4 tile=(11,48) type=3 sel=false
[devMouse] p1 unit 5 tile=(34,55) type=4 sel=false
[devMouse] p1 unit 6 tile=(34,53) type=4 sel=false
[devMouse] p1 unit 7 tile=(34,51) type=4 sel=false
[dbg] ar=43548 am=6 aA=6 aH=0 l=false j=false fullRedraw=false
[dbg] ar=43573 am=6 aA=6 aH=0 l=false j=false fullRedraw=false
[dbg] ar=43598 am=6 aA=6 aH=0 l=false j=false fullRedraw=false
[dbg] ar=43623 am=6 aA=6 aH=0 l=false j=false fullRedraw=false
[dbg] ar=43648 am=6 aA=6 aH=0 l=false j=false fullRedraw=false
[dbg] ar=43673 am=6 aA=6 aH=0 l=false j=false fullRedraw=false
[dbg] ar=43698 am=6 aA=6 aH=0 l=false j=false fullRedraw=false
[dbg] ar=43723 am=6 aA=6 aH=0 l=false j=false fullRedraw=false
[dbg] ar=43748 am=6 aA=6 aH=0 l=false j=false fullRedraw=false
[dbg] ar=43773 am=6 aA=6 aH=0 l=false j=false fullRedraw=false
[dbg] ar=43798 am=6 aA=6 aH=0 l=false j=false fullRedraw=false
[fifo] ar=43820 slots 0
[slots] p0 n=8 0:t3@(48,14)w0 1:t3@(48,21)w0 2:t3@(49,13)w0 3:t3@(49,14)w0 4:t5@(48,16)w0 5:t5@(48,17)w0 6:t4@(46,11)w0 7:t4@(47,11)w0
[dbg] ar=43823 am=6 aA=6 aH=0 l=false j=false fullRedraw=false
[dbg] ar=43848 am=6 aA=6 aH=0 l=false j=false fullRedraw=false
[fifo] ar=43866 slots 1
[slots] p1 n=8 0:t5@(32,30)w0 1:t5@(30,30)w0 2:t3@(11,50)w0 3:t3@(11,49)w0 4:t3@(11,48)w0 5:t4@(34,55)w0 6:t4@(34,53)w0 7:t4@(34,51)w0
[dbg] ar=43873 am=6 aA=6 aH=0 l=false j=false fullRedraw=false
[fifo] ar=43897 state
[devMouse] aA=6/6 cursor=(48,13) cam=(468,404) Q=880 aE=512 Y=0 sel=6
[devMouse] p0 unit 0 tile=(48,14) type=3 sel=false
[devMouse] p0 unit 1 tile=(48,21) type=3 sel=true
[devMouse] p0 unit 2 tile=(49,13) type=3 sel=false
[devMouse] p0 unit 3 tile=(49,14) type=3 sel=false
[devMouse] p0 unit 4 tile=(48,16) type=5 sel=false
[devMouse] p0 unit 5 tile=(48,17) type=5 sel=false
[devMouse] p0 unit 6 tile=(46,11) type=4 sel=false
[devMouse] p0 unit 7 tile=(47,11) type=4 sel=false
[devMouse] p1 unit 0 tile=(32,30) type=5 sel=false
[devMouse] p1 unit 1 tile=(30,30) type=5 sel=false
[devMouse] p1 unit 2 tile=(11,50) type=3 sel=false
[devMouse] p1 unit 3 tile=(11,49) type=3 sel=false
[devMouse] p1 unit 4 tile=(11,48) type=3 sel=false
[devMouse] p1 unit 5 tile=(34,55) type=4 sel=false
[devMouse] p1 unit 6 tile=(34,53) type=4 sel=false
[devMouse] p1 unit 7 tile=(34,51) type=4 sel=false
[dbg] ar=43898 am=6 aA=6 aH=0 l=false j=false fullRedraw=false
[dbg] ar=43923 am=6 aA=6 aH=0 l=false j=false fullRedraw=false
[dbg] ar=43948 am=6 aA=6 aH=0 l=false j=false fullRedraw=false
[dbg] ar=43973 am=6 aA=6 aH=0 l=false j=false fullRedraw=false
[dbg] ar=43998 am=6 aA=6 aH=0 l=false j=false fullRedraw=false
[dbg] ar=44023 am=6 aA=6 aH=0 l=false j=false fullRedraw=false
[dbg] ar=44048 am=6 aA=6 aH=0 l=false j=false fullRedraw=false
[dbg] ar=44073 am=6 aA=6 aH=0 l=false j=false fullRedraw=false
[dbg] ar=44098 am=6 aA=6 aH=0 l=false j=false fullRedraw=false
[dbg] ar=44123 am=6 aA=6 aH=0 l=false j=false fullRedraw=false
[dbg] ar=44148 am=6 aA=6 aH=0 l=false j=false fullRedraw=false
[dbg] ar=44173 am=6 aA=6 aH=0 l=false j=false fullRedraw=false
[fifo] ar=44179 slots 0
[slots] p0 n=8 0:t3@(48,14)w0 1:t3@(48,21)w0 2:t3@(49,13)w0 3:t3@(49,14)w0 4:t5@(48,16)w0 5:t5@(48,17)w0 6:t4@(46,11)w0 7:t4@(47,11)w0
[dbg] ar=44198 am=6 aA=6 aH=0 l=false j=false fullRedraw=false
[dbg] ar=44223 am=6 aA=6 aH=0 l=false j=false fullRedraw=false
[fifo] ar=44226 slots 1
[slots] p1 n=8 0:t5@(32,30)w0 1:t5@(30,30)w0 2:t3@(11,50)w0 3:t3@(11,49)w0 4:t3@(11,48)w0 5:t4@(34,55)w0 6:t4@(34,53)w0 7:t4@(34,51)w0
[dbg] ar=44248 am=6 aA=6 aH=0 l=false j=false fullRedraw=false
[fifo] ar=44256 state
[devMouse] aA=6/6 cursor=(48,13) cam=(468,404) Q=880 aE=512 Y=0 sel=6
[devMouse] p0 unit 0 tile=(48,14) type=3 sel=false
[devMouse] p0 unit 1 tile=(48,21) type=3 sel=true
[devMouse] p0 unit 2 tile=(49,13) type=3 sel=false
[devMouse] p0 unit 3 tile=(49,14) type=3 sel=false
[devMouse] p0 unit 4 tile=(48,16) type=5 sel=false
[devMouse] p0 unit 5 tile=(48,17) type=5 sel=false
[devMouse] p0 unit 6 tile=(46,11) type=4 sel=false
[devMouse] p0 unit 7 tile=(47,11) type=4 sel=false
[devMouse] p1 unit 0 tile=(32,30) type=5 sel=false
[devMouse] p1 unit 1 tile=(30,30) type=5 sel=false
[devMouse] p1 unit 2 tile=(11,50) type=3 sel=false
[devMouse] p1 unit 3 tile=(11,49) type=3 sel=false
[devMouse] p1 unit 4 tile=(11,48) type=3 sel=false
[devMouse] p1 unit 5 tile=(34,55) type=4 sel=false
[devMouse] p1 unit 6 tile=(34,53) type=4 sel=false
[devMouse] p1 unit 7 tile=(34,51) type=4 sel=false
[dbg] ar=44273 am=6 aA=6 aH=0 l=false j=false fullRedraw=false
[dbg] ar=44298 am=6 aA=6 aH=0 l=false j=false fullRedraw=false
[dbg] ar=44323 am=6 aA=6 aH=0 l=false j=false fullRedraw=false
[dbg] ar=44348 am=6 aA=6 aH=0 l=false j=false fullRedraw=false
[dbg] ar=44373 am=6 aA=6 aH=0 l=false j=false fullRedraw=false
[dbg] ar=44398 am=6 aA=6 aH=0 l=false j=false fullRedraw=false
[dbg] ar=44423 am=6 aA=6 aH=0 l=false j=false fullRedraw=false
[dbg] ar=44448 am=6 aA=6 aH=0 l=false j=false fullRedraw=false
[dbg] ar=44473 am=6 aA=6 aH=0 l=false j=false fullRedraw=false
[dbg] ar=44498 am=6 aA=6 aH=0 l=false j=false fullRedraw=false
[dbg] ar=44523 am=6 aA=6 aH=0 l=false j=false fullRedraw=false
[fifo] ar=44537 slots 0
[slots] p0 n=8 0:t3@(48,14)w0 1:t3@(48,21)w0 2:t3@(49,13)w0 3:t3@(49,14)w0 4:t5@(48,16)w0 5:t5@(48,17)w0 6:t4@(46,11)w0 7:t4@(47,11)w0
[dbg] ar=44548 am=6 aA=6 aH=0 l=false j=false fullRedraw=false
[dbg] ar=44573 am=6 aA=6 aH=0 l=false j=false fullRedraw=false
[fifo] ar=44584 slots 1
[slots] p1 n=8 0:t5@(32,30)w0 1:t5@(30,30)w0 2:t3@(11,50)w0 3:t3@(11,49)w0 4:t3@(11,48)w0 5:t4@(34,55)w0 6:t4@(34,53)w0 7:t4@(34,51)w0
[dbg] ar=44598 am=6 aA=6 aH=0 l=false j=false fullRedraw=false
[fifo] ar=44614 state
[devMouse] aA=6/6 cursor=(48,13) cam=(468,404) Q=880 aE=512 Y=0 sel=6
[devMouse] p0 unit 0 tile=(48,14) type=3 sel=false
[devMouse] p0 unit 1 tile=(48,21) type=3 sel=true
[devMouse] p0 unit 2 tile=(49,13) type=3 sel=false
[devMouse] p0 unit 3 tile=(49,14) type=3 sel=false
[devMouse] p0 unit 4 tile=(48,16) type=5 sel=false
[devMouse] p0 unit 5 tile=(48,17) type=5 sel=false
[devMouse] p0 unit 6 tile=(46,11) type=4 sel=false
[devMouse] p0 unit 7 tile=(47,11) type=4 sel=false
[devMouse] p1 unit 0 tile=(32,30) type=5 sel=false
[devMouse] p1 unit 1 tile=(30,30) type=5 sel=false
[devMouse] p1 unit 2 tile=(11,50) type=3 sel=false
[devMouse] p1 unit 3 tile=(11,49) type=3 sel=false
[devMouse] p1 unit 4 tile=(11,48) type=3 sel=false
[devMouse] p1 unit 5 tile=(34,55) type=4 sel=false
[devMouse] p1 unit 6 tile=(34,53) type=4 sel=false
[devMouse] p1 unit 7 tile=(34,51) type=4 sel=false
[dbg] ar=44623 am=6 aA=6 aH=0 l=false j=false fullRedraw=false
[dbg] ar=44648 am=6 aA=6 aH=0 l=false j=false fullRedraw=false
[dbg] ar=44673 am=6 aA=6 aH=0 l=false j=false fullRedraw=false
[dbg] ar=44698 am=6 aA=6 aH=0 l=false j=false fullRedraw=false
[dbg] ar=44723 am=6 aA=6 aH=0 l=false j=false fullRedraw=false
[dbg] ar=44748 am=6 aA=6 aH=0 l=false j=false fullRedraw=false
[dbg] ar=44773 am=6 aA=6 aH=0 l=false j=false fullRedraw=false
[dbg] ar=44798 am=6 aA=6 aH=0 l=false j=false fullRedraw=false
[dbg] ar=44823 am=6 aA=6 aH=0 l=false j=false fullRedraw=false
[dbg] ar=44848 am=6 aA=6 aH=0 l=false j=false fullRedraw=false
[dbg] ar=44873 am=6 aA=6 aH=0 l=false j=false fullRedraw=false
[fifo] ar=44894 slots 0
[slots] p0 n=8 0:t3@(48,14)w0 1:t3@(48,21)w0 2:t3@(49,13)w0 3:t3@(49,14)w0 4:t5@(48,16)w0 5:t5@(48,17)w0 6:t4@(46,11)w0 7:t4@(47,11)w0
[dbg] ar=44898 am=6 aA=6 aH=0 l=false j=false fullRedraw=false
[dbg] ar=44923 am=6 aA=6 aH=0 l=false j=false fullRedraw=false
[fifo] ar=44940 slots 1
[slots] p1 n=8 0:t5@(32,30)w0 1:t5@(30,30)w0 2:t3@(11,50)w0 3:t3@(11,49)w0 4:t3@(11,48)w0 5:t4@(34,55)w0 6:t4@(34,53)w0 7:t4@(34,51)w0
[dbg] ar=44948 am=6 aA=6 aH=0 l=false j=false fullRedraw=false
[fifo] ar=44969 state
[devMouse] aA=6/6 cursor=(48,13) cam=(468,404) Q=880 aE=512 Y=0 sel=6
[devMouse] p0 unit 0 tile=(48,14) type=3 sel=false
[devMouse] p0 unit 1 tile=(48,21) type=3 sel=true
[devMouse] p0 unit 2 tile=(49,13) type=3 sel=false
[devMouse] p0 unit 3 tile=(49,14) type=3 sel=false
[devMouse] p0 unit 4 tile=(48,16) type=5 sel=false
[devMouse] p0 unit 5 tile=(48,17) type=5 sel=false
[devMouse] p0 unit 6 tile=(46,11) type=4 sel=false
[devMouse] p0 unit 7 tile=(47,11) type=4 sel=false
[devMouse] p1 unit 0 tile=(32,30) type=5 sel=false
[devMouse] p1 unit 1 tile=(30,30) type=5 sel=false
[devMouse] p1 unit 2 tile=(11,50) type=3 sel=false
[devMouse] p1 unit 3 tile=(11,49) type=3 sel=false
[devMouse] p1 unit 4 tile=(11,48) type=3 sel=false
[devMouse] p1 unit 5 tile=(34,55) type=4 sel=false
[devMouse] p1 unit 6 tile=(34,53) type=4 sel=false
[devMouse] p1 unit 7 tile=(34,51) type=4 sel=false
[dbg] ar=44973 am=6 aA=6 aH=0 l=false j=false fullRedraw=false
[dbg] ar=44998 am=6 aA=6 aH=0 l=false j=false fullRedraw=false
[dbg] ar=45023 am=6 aA=6 aH=0 l=false j=false fullRedraw=false
[dbg] ar=45048 am=6 aA=6 aH=0 l=false j=false fullRedraw=false
[dbg] ar=45073 am=6 aA=6 aH=0 l=false j=false fullRedraw=false
[dbg] ar=45098 am=6 aA=6 aH=0 l=false j=false fullRedraw=false
[dbg] ar=45123 am=6 aA=6 aH=0 l=false j=false fullRedraw=false
[dbg] ar=45148 am=6 aA=6 aH=0 l=false j=false fullRedraw=false
[dbg] ar=45173 am=6 aA=6 aH=0 l=false j=false fullRedraw=false
[dbg] ar=45198 am=6 aA=6 aH=0 l=false j=false fullRedraw=false
[dbg] ar=45223 am=6 aA=6 aH=0 l=false j=false fullRedraw=false
[dbg] ar=45248 am=6 aA=6 aH=0 l=false j=false fullRedraw=false
[fifo] ar=45249 slots 0
[slots] p0 n=8 0:t3@(48,14)w0 1:t3@(48,21)w0 2:t3@(49,13)w0 3:t3@(49,14)w0 4:t5@(48,16)w0 5:t5@(48,17)w0 6:t4@(46,11)w0 7:t4@(47,11)w0
[dbg] ar=45273 am=6 aA=6 aH=0 l=false j=false fullRedraw=false
[fifo] ar=45296 slots 1
[slots] p1 n=8 0:t5@(32,30)w0 1:t5@(30,30)w0 2:t3@(11,50)w0 3:t3@(11,49)w0 4:t3@(11,48)w0 5:t4@(34,55)w0 6:t4@(34,53)w0 7:t4@(34,51)w0
[dbg] ar=45298 am=6 aA=6 aH=0 l=false j=false fullRedraw=false
[dbg] ar=45323 am=6 aA=6 aH=0 l=false j=false fullRedraw=false
[fifo] ar=45325 state
[devMouse] aA=6/6 cursor=(48,13) cam=(468,404) Q=880 aE=512 Y=0 sel=6
[devMouse] p0 unit 0 tile=(48,14) type=3 sel=false
[devMouse] p0 unit 1 tile=(48,21) type=3 sel=true
[devMouse] p0 unit 2 tile=(49,13) type=3 sel=false
[devMouse] p0 unit 3 tile=(49,14) type=3 sel=false
[devMouse] p0 unit 4 tile=(48,16) type=5 sel=false
[devMouse] p0 unit 5 tile=(48,17) type=5 sel=false
[devMouse] p0 unit 6 tile=(46,11) type=4 sel=false
[devMouse] p0 unit 7 tile=(47,11) type=4 sel=false
[devMouse] p1 unit 0 tile=(32,30) type=5 sel=false
[devMouse] p1 unit 1 tile=(30,30) type=5 sel=false
[devMouse] p1 unit 2 tile=(11,50) type=3 sel=false
[devMouse] p1 unit 3 tile=(11,49) type=3 sel=false
[devMouse] p1 unit 4 tile=(11,48) type=3 sel=false
[devMouse] p1 unit 5 tile=(34,55) type=4 sel=false
[devMouse] p1 unit 6 tile=(34,53) type=4 sel=false
[devMouse] p1 unit 7 tile=(34,51) type=4 sel=false
[dbg] ar=45348 am=6 aA=6 aH=0 l=false j=false fullRedraw=false
[dbg] ar=45373 am=6 aA=6 aH=0 l=false j=false fullRedraw=false
[dbg] ar=45398 am=6 aA=6 aH=0 l=false j=false fullRedraw=false
[dbg] ar=45423 am=6 aA=6 aH=0 l=false j=false fullRedraw=false
[dbg] ar=45448 am=6 aA=6 aH=0 l=false j=false fullRedraw=false
[dbg] ar=45473 am=6 aA=6 aH=0 l=false j=false fullRedraw=false
[dbg] ar=45498 am=6 aA=6 aH=0 l=false j=false fullRedraw=false
[dbg] ar=45523 am=6 aA=6 aH=0 l=false j=false fullRedraw=false
[dbg] ar=45548 am=6 aA=6 aH=0 l=false j=false fullRedraw=false
[dbg] ar=45573 am=6 aA=6 aH=0 l=false j=false fullRedraw=false
[dbg] ar=45598 am=6 aA=6 aH=0 l=false j=false fullRedraw=false
[fifo] ar=45603 slots 0
[slots] p0 n=8 0:t3@(48,14)w0 1:t3@(48,21)w0 2:t3@(49,13)w0 3:t3@(49,14)w0 4:t5@(48,16)w0 5:t5@(48,17)w0 6:t4@(46,11)w0 7:t4@(47,11)w0
[dbg] ar=45623 am=6 aA=6 aH=0 l=false j=false fullRedraw=false
[dbg] ar=45648 am=6 aA=6 aH=0 l=false j=false fullRedraw=false
[fifo] ar=45649 slots 1
[slots] p1 n=8 0:t5@(32,30)w0 1:t5@(30,30)w0 2:t3@(11,50)w0 3:t3@(11,49)w0 4:t3@(11,48)w0 5:t4@(34,55)w0 6:t4@(34,53)w0 7:t4@(34,51)w0
[dbg] ar=45673 am=6 aA=6 aH=0 l=false j=false fullRedraw=false
[fifo] ar=45680 state
[devMouse] aA=6/6 cursor=(48,13) cam=(468,404) Q=880 aE=512 Y=0 sel=6
[devMouse] p0 unit 0 tile=(48,14) type=3 sel=false
[devMouse] p0 unit 1 tile=(48,21) type=3 sel=true
[devMouse] p0 unit 2 tile=(49,13) type=3 sel=false
[devMouse] p0 unit 3 tile=(49,14) type=3 sel=false
[devMouse] p0 unit 4 tile=(48,16) type=5 sel=false
[devMouse] p0 unit 5 tile=(48,17) type=5 sel=false
[devMouse] p0 unit 6 tile=(46,11) type=4 sel=false
[devMouse] p0 unit 7 tile=(47,11) type=4 sel=false
[devMouse] p1 unit 0 tile=(32,30) type=5 sel=false
[devMouse] p1 unit 1 tile=(30,30) type=5 sel=false
[devMouse] p1 unit 2 tile=(11,50) type=3 sel=false
[devMouse] p1 unit 3 tile=(11,49) type=3 sel=false
[devMouse] p1 unit 4 tile=(11,48) type=3 sel=false
[devMouse] p1 unit 5 tile=(34,55) type=4 sel=false
[devMouse] p1 unit 6 tile=(34,53) type=4 sel=false
[devMouse] p1 unit 7 tile=(34,51) type=4 sel=false
[dbg] ar=45698 am=6 aA=6 aH=0 l=false j=false fullRedraw=false
[dbg] ar=45723 am=6 aA=6 aH=0 l=false j=false fullRedraw=false
[dbg] ar=45748 am=6 aA=6 aH=0 l=false j=false fullRedraw=false
[dbg] ar=45773 am=6 aA=6 aH=0 l=false j=false fullRedraw=false
[dbg] ar=45798 am=6 aA=6 aH=0 l=false j=false fullRedraw=false
[dbg] ar=45823 am=6 aA=6 aH=0 l=false j=false fullRedraw=false
[dbg] ar=45848 am=6 aA=6 aH=0 l=false j=false fullRedraw=false
[dbg] ar=45873 am=6 aA=6 aH=0 l=false j=false fullRedraw=false
[dbg] ar=45898 am=6 aA=6 aH=0 l=false j=false fullRedraw=false
[dbg] ar=45923 am=6 aA=6 aH=0 l=false j=false fullRedraw=false
[dbg] ar=45948 am=6 aA=6 aH=0 l=false j=false fullRedraw=false
[fifo] ar=45962 slots 0
[slots] p0 n=8 0:t3@(48,14)w0 1:t3@(48,21)w0 2:t3@(49,13)w0 3:t3@(49,14)w0 4:t5@(48,16)w0 5:t5@(48,17)w0 6:t4@(46,11)w0 7:t4@(47,11)w0
[dbg] ar=45973 am=6 aA=6 aH=0 l=false j=false fullRedraw=false
[dbg] ar=45998 am=6 aA=6 aH=0 l=false j=false fullRedraw=false
[fifo] ar=46008 slots 1
[slots] p1 n=8 0:t5@(32,30)w0 1:t5@(30,30)w0 2:t3@(11,50)w0 3:t3@(11,49)w0 4:t3@(11,48)w0 5:t4@(34,55)w0 6:t4@(34,53)w0 7:t4@(34,51)w0
[dbg] ar=46023 am=6 aA=6 aH=0 l=false j=false fullRedraw=false
[fifo] ar=46039 state
[devMouse] aA=6/6 cursor=(48,13) cam=(468,404) Q=880 aE=512 Y=0 sel=6
[devMouse] p0 unit 0 tile=(48,14) type=3 sel=false
[devMouse] p0 unit 1 tile=(48,21) type=3 sel=true
[devMouse] p0 unit 2 tile=(49,13) type=3 sel=false
[devMouse] p0 unit 3 tile=(49,14) type=3 sel=false
[devMouse] p0 unit 4 tile=(48,16) type=5 sel=false
[devMouse] p0 unit 5 tile=(48,17) type=5 sel=false
[devMouse] p0 unit 6 tile=(46,11) type=4 sel=false
[devMouse] p0 unit 7 tile=(47,11) type=4 sel=false
[devMouse] p1 unit 0 tile=(32,30) type=5 sel=false
[devMouse] p1 unit 1 tile=(30,30) type=5 sel=false
[devMouse] p1 unit 2 tile=(11,50) type=3 sel=false
[devMouse] p1 unit 3 tile=(11,49) type=3 sel=false
[devMouse] p1 unit 4 tile=(11,48) type=3 sel=false
[devMouse] p1 unit 5 tile=(34,55) type=4 sel=false
[devMouse] p1 unit 6 tile=(34,53) type=4 sel=false
[devMouse] p1 unit 7 tile=(34,51) type=4 sel=false
[dbg] ar=46048 am=6 aA=6 aH=0 l=false j=false fullRedraw=false
[dbg] ar=46073 am=6 aA=6 aH=0 l=false j=false fullRedraw=false
[dbg] ar=46098 am=6 aA=6 aH=0 l=false j=false fullRedraw=false
[dbg] ar=46123 am=6 aA=6 aH=0 l=false j=false fullRedraw=false
[dbg] ar=46148 am=6 aA=6 aH=0 l=false j=false fullRedraw=false
[dbg] ar=46173 am=6 aA=6 aH=0 l=false j=false fullRedraw=false
[dbg] ar=46198 am=6 aA=6 aH=0 l=false j=false fullRedraw=false
[dbg] ar=46223 am=6 aA=6 aH=0 l=false j=false fullRedraw=false
[dbg] ar=46248 am=6 aA=6 aH=0 l=false j=false fullRedraw=false
[dbg] ar=46273 am=6 aA=6 aH=0 l=false j=false fullRedraw=false
[dbg] ar=46298 am=6 aA=6 aH=0 l=false j=false fullRedraw=false
[fifo] ar=46323 slots 0
[slots] p0 n=8 0:t3@(48,14)w0 1:t3@(48,21)w0 2:t3@(49,13)w0 3:t3@(49,14)w0 4:t5@(48,16)w0 5:t5@(48,17)w0 6:t4@(46,11)w0 7:t4@(47,11)w0
[dbg] ar=46323 am=6 aA=6 aH=0 l=false j=false fullRedraw=false
[dbg] ar=46348 am=6 aA=6 aH=0 l=false j=false fullRedraw=false
[fifo] ar=46369 slots 1
[slots] p1 n=8 0:t5@(32,30)w0 1:t5@(30,30)w0 2:t3@(11,50)w0 3:t3@(11,49)w0 4:t3@(11,48)w0 5:t4@(34,55)w0 6:t4@(34,53)w0 7:t4@(34,51)w0
[dbg] ar=46373 am=6 aA=6 aH=0 l=false j=false fullRedraw=false
[dbg] ar=46398 am=6 aA=6 aH=0 l=false j=false fullRedraw=false
[fifo] ar=46401 state
[devMouse] aA=6/6 cursor=(48,13) cam=(468,404) Q=880 aE=512 Y=0 sel=6
[devMouse] p0 unit 0 tile=(48,14) type=3 sel=false
[devMouse] p0 unit 1 tile=(48,21) type=3 sel=true
[devMouse] p0 unit 2 tile=(49,13) type=3 sel=false
[devMouse] p0 unit 3 tile=(49,14) type=3 sel=false
[devMouse] p0 unit 4 tile=(48,16) type=5 sel=false
[devMouse] p0 unit 5 tile=(48,17) type=5 sel=false
[devMouse] p0 unit 6 tile=(46,11) type=4 sel=false
[devMouse] p0 unit 7 tile=(47,11) type=4 sel=false
[devMouse] p1 unit 0 tile=(32,30) type=5 sel=false
[devMouse] p1 unit 1 tile=(30,30) type=5 sel=false
[devMouse] p1 unit 2 tile=(11,50) type=3 sel=false
[devMouse] p1 unit 3 tile=(11,49) type=3 sel=false
[devMouse] p1 unit 4 tile=(11,48) type=3 sel=false
[devMouse] p1 unit 5 tile=(34,55) type=4 sel=false
[devMouse] p1 unit 6 tile=(34,53) type=4 sel=false
[devMouse] p1 unit 7 tile=(34,51) type=4 sel=false
[dbg] ar=46423 am=6 aA=6 aH=0 l=false j=false fullRedraw=false
[dbg] ar=46448 am=6 aA=6 aH=0 l=false j=false fullRedraw=false
[dbg] ar=46473 am=6 aA=6 aH=0 l=false j=false fullRedraw=false
[dbg] ar=46498 am=6 aA=6 aH=0 l=false j=false fullRedraw=false
[dbg] ar=46523 am=6 aA=6 aH=0 l=false j=false fullRedraw=false
[dbg] ar=46548 am=6 aA=6 aH=0 l=false j=false fullRedraw=false
[dbg] ar=46573 am=6 aA=6 aH=0 l=false j=false fullRedraw=false
[dbg] ar=46598 am=6 aA=6 aH=0 l=false j=false fullRedraw=false
[dbg] ar=46623 am=6 aA=6 aH=0 l=false j=false fullRedraw=false
[dbg] ar=46648 am=6 aA=6 aH=0 l=false j=false fullRedraw=false
[dbg] ar=46673 am=6 aA=6 aH=0 l=false j=false fullRedraw=false
[fifo] ar=46678 slots 0
[slots] p0 n=8 0:t3@(48,14)w0 1:t3@(48,21)w0 2:t3@(49,13)w0 3:t3@(49,14)w0 4:t5@(48,16)w0 5:t5@(48,17)w0 6:t4@(46,11)w0 7:t4@(47,11)w0
[dbg] ar=46698 am=6 aA=6 aH=0 l=false j=false fullRedraw=false
[dbg] ar=46723 am=6 aA=6 aH=0 l=false j=false fullRedraw=false
[fifo] ar=46724 slots 1
[slots] p1 n=8 0:t5@(32,30)w0 1:t5@(30,30)w0 2:t3@(11,50)w0 3:t3@(11,49)w0 4:t3@(11,48)w0 5:t4@(34,55)w0 6:t4@(34,53)w0 7:t4@(34,51)w0
[dbg] ar=46748 am=6 aA=6 aH=0 l=false j=false fullRedraw=false
[fifo] ar=46755 state
[devMouse] aA=6/6 cursor=(48,13) cam=(468,404) Q=880 aE=512 Y=0 sel=6
[devMouse] p0 unit 0 tile=(48,14) type=3 sel=false
[devMouse] p0 unit 1 tile=(48,21) type=3 sel=true
[devMouse] p0 unit 2 tile=(49,13) type=3 sel=false
[devMouse] p0 unit 3 tile=(49,14) type=3 sel=false
[devMouse] p0 unit 4 tile=(48,16) type=5 sel=false
[devMouse] p0 unit 5 tile=(48,17) type=5 sel=false
[devMouse] p0 unit 6 tile=(46,11) type=4 sel=false
[devMouse] p0 unit 7 tile=(47,11) type=4 sel=false
[devMouse] p1 unit 0 tile=(32,30) type=5 sel=false
[devMouse] p1 unit 1 tile=(30,30) type=5 sel=false
[devMouse] p1 unit 2 tile=(11,50) type=3 sel=false
[devMouse] p1 unit 3 tile=(11,49) type=3 sel=false
[devMouse] p1 unit 4 tile=(11,48) type=3 sel=false
[devMouse] p1 unit 5 tile=(34,55) type=4 sel=false
[devMouse] p1 unit 6 tile=(34,53) type=4 sel=false
[devMouse] p1 unit 7 tile=(34,51) type=4 sel=false
[dbg] ar=46773 am=6 aA=6 aH=0 l=false j=false fullRedraw=false
[dbg] ar=46798 am=6 aA=6 aH=0 l=false j=false fullRedraw=false
[dbg] ar=46823 am=6 aA=6 aH=0 l=false j=false fullRedraw=false
[dbg] ar=46848 am=6 aA=6 aH=0 l=false j=false fullRedraw=false
[dbg] ar=46873 am=6 aA=6 aH=0 l=false j=false fullRedraw=false
[dbg] ar=46898 am=6 aA=6 aH=0 l=false j=false fullRedraw=false
[dbg] ar=46923 am=6 aA=6 aH=0 l=false j=false fullRedraw=false
[dbg] ar=46948 am=6 aA=6 aH=0 l=false j=false fullRedraw=false
[dbg] ar=46973 am=6 aA=6 aH=0 l=false j=false fullRedraw=false
[dbg] ar=46998 am=6 aA=6 aH=0 l=false j=false fullRedraw=false
[dbg] ar=47023 am=6 aA=6 aH=0 l=false j=false fullRedraw=false
[fifo] ar=47031 slots 0
[slots] p0 n=8 0:t3@(48,14)w0 1:t3@(48,21)w0 2:t3@(49,13)w0 3:t3@(49,14)w0 4:t5@(48,16)w0 5:t5@(48,17)w0 6:t4@(46,11)w0 7:t4@(47,11)w0
[dbg] ar=47048 am=6 aA=6 aH=0 l=false j=false fullRedraw=false
[dbg] ar=47073 am=6 aA=6 aH=0 l=false j=false fullRedraw=false
[fifo] ar=47076 slots 1
[slots] p1 n=8 0:t5@(32,30)w0 1:t5@(30,30)w0 2:t3@(11,50)w0 3:t3@(11,49)w0 4:t3@(11,48)w0 5:t4@(34,55)w0 6:t4@(34,53)w0 7:t4@(34,51)w0
[dbg] ar=47098 am=6 aA=6 aH=0 l=false j=false fullRedraw=false
[fifo] ar=47107 state
[devMouse] aA=6/6 cursor=(48,13) cam=(468,404) Q=880 aE=512 Y=0 sel=6
[devMouse] p0 unit 0 tile=(48,14) type=3 sel=false
[devMouse] p0 unit 1 tile=(48,21) type=3 sel=true
[devMouse] p0 unit 2 tile=(49,13) type=3 sel=false
[devMouse] p0 unit 3 tile=(49,14) type=3 sel=false
[devMouse] p0 unit 4 tile=(48,16) type=5 sel=false
[devMouse] p0 unit 5 tile=(48,17) type=5 sel=false
[devMouse] p0 unit 6 tile=(46,11) type=4 sel=false
[devMouse] p0 unit 7 tile=(47,11) type=4 sel=false
[devMouse] p1 unit 0 tile=(32,30) type=5 sel=false
[devMouse] p1 unit 1 tile=(30,30) type=5 sel=false
[devMouse] p1 unit 2 tile=(11,50) type=3 sel=false
[devMouse] p1 unit 3 tile=(11,49) type=3 sel=false
[devMouse] p1 unit 4 tile=(11,48) type=3 sel=false
[devMouse] p1 unit 5 tile=(34,55) type=4 sel=false
[devMouse] p1 unit 6 tile=(34,53) type=4 sel=false
[devMouse] p1 unit 7 tile=(34,51) type=4 sel=false
[dbg] ar=47123 am=6 aA=6 aH=0 l=false j=false fullRedraw=false
[dbg] ar=47148 am=6 aA=6 aH=0 l=false j=false fullRedraw=false
[dbg] ar=47173 am=6 aA=6 aH=0 l=false j=false fullRedraw=false
[dbg] ar=47198 am=6 aA=6 aH=0 l=false j=false fullRedraw=false
[dbg] ar=47223 am=6 aA=6 aH=0 l=false j=false fullRedraw=false
[dbg] ar=47248 am=6 aA=6 aH=0 l=false j=false fullRedraw=false
[fifo] ar=47272 slots 0
[slots] p0 n=8 0:t3@(48,14)w0 1:t3@(48,21)w0 2:t3@(49,13)w0 3:t3@(49,14)w0 4:t5@(48,16)w0 5:t5@(48,17)w0 6:t4@(46,11)w0 7:t4@(47,11)w0
[dbg] ar=47273 am=6 aA=6 aH=0 l=false j=false fullRedraw=false
[dbg] ar=47298 am=6 aA=6 aH=0 l=false j=false fullRedraw=false
[fifoQ] ar=47302 sel 48 14
[fifo] ar=47303 sel 48 14
[devMouse] sel OK p0 unit type=3 at (48,14)
[fifoQ] ar=47322 goto 31 27 all
[fifo] ar=47323 goto 31 27 all
[devMouse] goto OK (31,27) x0q type=3
[dbg] ar=47323 am=6 aA=6 aH=0 l=false j=false fullRedraw=false
[fifoQ] ar=47341 sel 48 16
[fifo] ar=47342 sel 48 16
[devMouse] sel OK p0 unit type=5 at (48,16)
[dbg] ar=47348 am=6 aA=6 aH=0 l=false j=false fullRedraw=false
[fifoQ] ar=47361 goto 31 27 all
[fifo] ar=47362 goto 31 27 all
[devMouse] goto OK (31,27) x0q type=5
[dbg] ar=47373 am=6 aA=6 aH=0 l=false j=false fullRedraw=false
[fifoQ] ar=47382 sel 46 11
[fifo] ar=47382 sel 46 11
[devMouse] sel OK p0 unit type=4 at (46,11)
[fifo] ar=47390 slots 0
[slots] p0 n=8 0:t3@(34,24)w0 1:t3@(35,23)w0 2:t3@(38,18)w0 3:t3@(35,22)w0 4:t5@(42,16)w0 5:t5@(43,15)w0 6:t4@(46,11)w0 7:t4@(47,11)w0
[dbg] ar=47398 am=6 aA=6 aH=0 l=false j=false fullRedraw=false
[fifoQ] ar=47401 goto 31 27 all
[fifo] ar=47402 goto 31 27 all
[devMouse] goto OK (31,27) x0q type=4
[dbg] ar=47423 am=6 aA=6 aH=0 l=false j=false fullRedraw=false
[fifo] ar=47435 slots 1
[slots] p1 n=8 0:t5@(34,27)w1 1:t5@(31,27)w201 2:t3@(11,50)w0 3:t3@(11,49)w0 4:t3@(11,48)w0 5:t4@(34,55)w0 6:t4@(34,53)w0 7:t4@(34,51)w0
[dbg] ar=47448 am=6 aA=6 aH=0 l=false j=false fullRedraw=false
[combat] p1 type5 died at (31,27) ar=47458 remaining=7
[combat] p1 type5 died at (34,27) ar=47459 remaining=6
[fifo] ar=47465 state
[devMouse] aA=6/6 cursor=(48,13) cam=(468,404) Q=880 aE=512 Y=0 sel=6
[devMouse] p0 unit 0 tile=(31,29) type=3 sel=false
[devMouse] p0 unit 1 tile=(34,27) type=3 sel=false
[devMouse] p0 unit 2 tile=(30,26) type=3 sel=false
[devMouse] p0 unit 3 tile=(33,27) type=3 sel=false
[devMouse] p0 unit 4 tile=(31,27) type=5 sel=false
[devMouse] p0 unit 5 tile=(31,26) type=5 sel=false
[devMouse] p0 unit 6 tile=(35,22) type=4 sel=true
[devMouse] p0 unit 7 tile=(36,22) type=4 sel=true
[devMouse] p1 unit 0 tile=(34,53) type=4 sel=false
[devMouse] p1 unit 1 tile=(34,51) type=4 sel=false
[devMouse] p1 unit 2 tile=(11,50) type=3 sel=false
[devMouse] p1 unit 3 tile=(11,49) type=3 sel=false
[devMouse] p1 unit 4 tile=(11,48) type=3 sel=false
[devMouse] p1 unit 5 tile=(34,55) type=4 sel=false
[dbg] ar=47473 am=6 aA=6 aH=0 l=false j=false fullRedraw=false
[dbg] ar=47498 am=6 aA=6 aH=0 l=false j=false fullRedraw=false
[dbg] ar=47523 am=6 aA=6 aH=0 l=false j=false fullRedraw=false
[dbg] ar=47548 am=6 aA=6 aH=0 l=false j=false fullRedraw=false
[dbg] ar=47573 am=6 aA=6 aH=0 l=false j=false fullRedraw=false
[dbg] ar=47598 am=6 aA=6 aH=0 l=false j=false fullRedraw=false
[dbg] ar=47623 am=6 aA=6 aH=0 l=false j=false fullRedraw=false
[dbg] ar=47648 am=6 aA=6 aH=0 l=false j=false fullRedraw=false
[dbg] ar=47673 am=6 aA=6 aH=0 l=false j=false fullRedraw=false
[dbg] ar=47698 am=6 aA=6 aH=0 l=false j=false fullRedraw=false
[dbg] ar=47723 am=6 aA=6 aH=0 l=false j=false fullRedraw=false
[trace] g->8 (aA=6 am=6)
[fifo] ar=47745 slots 0
[slots] p0 n=8 0:t3@(31,30)w1 1:t3@(34,27)w0 2:t3@(30,26)w0 3:t3@(33,27)w0 4:t5@(31,31)w201 5:t5@(31,26)w0 6:t4@(30,27)w0 7:t4@(31,27)w0
[dbg] ar=47748 am=6 aA=6 aH=0 l=false j=false fullRedraw=false
[dbg] ar=47773 am=6 aA=6 aH=0 l=false j=false fullRedraw=false
[fifo] ar=47792 slots 1
[slots] p1 n=6 0:t4@(34,53)w0 1:t4@(34,51)w0 2:t3@(11,50)w0 3:t3@(11,49)w0 4:t3@(11,48)w0 5:t4@(34,55)w0
[dbg] ar=47798 am=6 aA=6 aH=0 l=false j=false fullRedraw=false
[fifo] ar=47822 state
[devMouse] aA=6/6 cursor=(48,13) cam=(468,404) Q=880 aE=512 Y=0 sel=6
[devMouse] p0 unit 0 tile=(31,30) type=3 sel=false
[devMouse] p0 unit 1 tile=(34,27) type=3 sel=false
[devMouse] p0 unit 2 tile=(30,26) type=3 sel=false
[devMouse] p0 unit 3 tile=(33,27) type=3 sel=false
[devMouse] p0 unit 4 tile=(31,31) type=5 sel=false
[devMouse] p0 unit 5 tile=(31,26) type=5 sel=false
[devMouse] p0 unit 6 tile=(30,27) type=4 sel=true
[devMouse] p0 unit 7 tile=(31,27) type=4 sel=true
[devMouse] p1 unit 0 tile=(34,53) type=4 sel=false
[devMouse] p1 unit 1 tile=(34,51) type=4 sel=false
[devMouse] p1 unit 2 tile=(11,50) type=3 sel=false
[devMouse] p1 unit 3 tile=(11,49) type=3 sel=false
[devMouse] p1 unit 4 tile=(11,48) type=3 sel=false
[devMouse] p1 unit 5 tile=(34,55) type=4 sel=false
[dbg] ar=47823 am=6 aA=6 aH=0 l=false j=false fullRedraw=false
[dbg] ar=47848 am=6 aA=6 aH=0 l=false j=false fullRedraw=false
[dbg] ar=47873 am=6 aA=6 aH=0 l=false j=false fullRedraw=false
[dbg] ar=47898 am=6 aA=6 aH=0 l=false j=false fullRedraw=false
[dbg] ar=47923 am=6 aA=6 aH=0 l=false j=false fullRedraw=false
[dbg] ar=47948 am=6 aA=6 aH=0 l=false j=false fullRedraw=false
[dbg] ar=47973 am=6 aA=6 aH=0 l=false j=false fullRedraw=false
[dbg] ar=47998 am=6 aA=6 aH=0 l=false j=false fullRedraw=false
[dbg] ar=48023 am=6 aA=6 aH=0 l=false j=false fullRedraw=false
[fifo] ar=48031 slots 0
[slots] p0 n=8 0:t3@(31,30)w0 1:t3@(34,27)w0 2:t3@(30,26)w0 3:t3@(33,27)w0 4:t5@(31,31)w0 5:t5@(31,26)w0 6:t4@(30,27)w0 7:t4@(31,27)w0
[dbg] ar=48048 am=6 aA=6 aH=0 l=false j=false fullRedraw=false
[fifo] ar=48061 slots 1
[slots] p1 n=6 0:t4@(34,53)w0 1:t4@(34,51)w0 2:t3@(11,50)w0 3:t3@(11,49)w0 4:t3@(11,48)w0 5:t4@(34,55)w0
[dbg] ar=48073 am=6 aA=6 aH=0 l=false j=false fullRedraw=false
[fifo] ar=48093 slots 1
[slots] p1 n=6 0:t4@(34,53)w0 1:t4@(34,51)w0 2:t3@(11,50)w0 3:t3@(11,49)w0 4:t3@(11,48)w0 5:t4@(34,55)w0
[dbg] ar=48098 am=6 aA=6 aH=0 l=false j=false fullRedraw=false
[fifo] ar=48101 slots 0
[slots] p0 n=8 0:t3@(31,30)w0 1:t3@(34,27)w0 2:t3@(30,26)w0 3:t3@(33,27)w0 4:t5@(31,31)w0 5:t5@(31,26)w0 6:t4@(30,27)w0 7:t4@(31,27)w0
[dbg] ar=48123 am=6 aA=6 aH=0 l=false j=false fullRedraw=false
[fifo] ar=48124 slots 0
[slots] p0 n=8 0:t3@(31,30)w0 1:t3@(34,27)w0 2:t3@(30,26)w0 3:t3@(33,27)w0 4:t5@(31,31)w0 5:t5@(31,26)w0 6:t4@(30,27)w0 7:t4@(31,27)w0
[fifo] ar=48148 slots 1
[slots] p1 n=6 0:t4@(34,53)w0 1:t4@(34,51)w0 2:t3@(11,50)w0 3:t3@(11,49)w0 4:t3@(11,48)w0 5:t4@(34,55)w0
[dbg] ar=48148 am=6 aA=6 aH=0 l=false j=false fullRedraw=false
[fifoQ] ar=48156 sel 31 30
[fifo] ar=48157 sel 31 30
[devMouse] sel OK p0 unit type=3 at (31,30)
[dbg] ar=48173 am=6 aA=6 aH=0 l=false j=false fullRedraw=false
[fifoQ] ar=48176 goto 34 51 all
[fifo] ar=48177 goto 34 51 all
[devMouse] goto OK (34,51) x0q type=3
[fifo] ar=48183 state
[devMouse] aA=6/6 cursor=(48,13) cam=(468,404) Q=880 aE=512 Y=0 sel=6
[devMouse] p0 unit 0 tile=(29,28) type=3 sel=true
[devMouse] p0 unit 1 tile=(32,25) type=3 sel=true
[devMouse] p0 unit 2 tile=(28,24) type=3 sel=true
[devMouse] p0 unit 3 tile=(31,25) type=3 sel=true
[devMouse] p0 unit 4 tile=(31,31) type=5 sel=false
[devMouse] p0 unit 5 tile=(31,26) type=5 sel=false
[devMouse] p0 unit 6 tile=(30,27) type=4 sel=false
[devMouse] p0 unit 7 tile=(31,27) type=4 sel=false
[devMouse] p1 unit 0 tile=(34,53) type=4 sel=false
[devMouse] p1 unit 1 tile=(34,51) type=4 sel=false
[devMouse] p1 unit 2 tile=(11,50) type=3 sel=false
[devMouse] p1 unit 3 tile=(11,49) type=3 sel=false
[devMouse] p1 unit 4 tile=(11,48) type=3 sel=false
[devMouse] p1 unit 5 tile=(34,55) type=4 sel=false
[fifoQ] ar=48196 sel 31 31
[fifo] ar=48197 sel 31 31
[devMouse] sel OK p0 unit type=5 at (31,31)
[dbg] ar=48198 am=6 aA=6 aH=0 l=false j=false fullRedraw=false
[fifoQ] ar=48217 goto 34 51 all
[fifo] ar=48218 goto 34 51 all
[devMouse] goto OK (34,51) x0q type=5
[dbg] ar=48223 am=6 aA=6 aH=0 l=false j=false fullRedraw=false
[fifoQ] ar=48237 sel 30 27
[fifo] ar=48238 sel 30 27
[devMouse] sel OK p0 unit type=4 at (30,27)
[dbg] ar=48248 am=6 aA=6 aH=0 l=false j=false fullRedraw=false
[fifoQ] ar=48256 goto 34 51 all
[fifo] ar=48257 goto 34 51 all
[devMouse] goto OK (34,51) x0q type=4
[dbg] ar=48273 am=6 aA=6 aH=0 l=false j=false fullRedraw=false
[dbg] ar=48298 am=6 aA=6 aH=0 l=false j=false fullRedraw=false
[dbg] ar=48323 am=6 aA=6 aH=0 l=false j=false fullRedraw=false
[dbg] ar=48348 am=6 aA=6 aH=0 l=false j=false fullRedraw=false
[dbg] ar=48373 am=6 aA=6 aH=0 l=false j=false fullRedraw=false
[combat] p1 type4 died at (34,51) ar=48398 remaining=5
[dbg] ar=48398 am=6 aA=6 aH=0 l=false j=false fullRedraw=false
[dbg] ar=48423 am=6 aA=6 aH=0 l=false j=false fullRedraw=false
[combat] p1 type4 died at (34,55) ar=48431 remaining=4
[combat] p1 type4 died at (34,53) ar=48434 remaining=3
[dbg] ar=48448 am=6 aA=6 aH=0 l=false j=false fullRedraw=false
[fifo] ar=48460 slots 0
[slots] p0 n=8 0:t3@(33,52)w0 1:t3@(31,52)w0 2:t3@(35,54)w501 3:t3@(35,52)w401 4:t5@(36,54)w0 5:t5@(35,53)w301 6:t4@(31,51)w0 7:t4@(30,51)w0
[dbg] ar=48473 am=6 aA=6 aH=0 l=false j=false fullRedraw=false
[dbg] ar=48498 am=6 aA=6 aH=0 l=false j=false fullRedraw=false
[fifo] ar=48507 slots 1
[slots] p1 n=3 0:t3@(11,49)w0 1:t3@(11,48)w0 2:t3@(11,50)w0
[dbg] ar=48523 am=6 aA=6 aH=0 l=false j=false fullRedraw=false
[fifo] ar=48537 state
[devMouse] aA=6/6 cursor=(48,13) cam=(468,404) Q=880 aE=512 Y=0 sel=6
[devMouse] p0 unit 0 tile=(33,52) type=3 sel=false
[devMouse] p0 unit 1 tile=(37,54) type=3 sel=false
[devMouse] p0 unit 2 tile=(35,54) type=3 sel=false
[devMouse] p0 unit 3 tile=(35,52) type=3 sel=false
[devMouse] p0 unit 4 tile=(33,55) type=5 sel=false
[devMouse] p0 unit 5 tile=(35,53) type=5 sel=false
[devMouse] p0 unit 6 tile=(34,51) type=4 sel=true
[devMouse] p0 unit 7 tile=(33,51) type=4 sel=true
[devMouse] p1 unit 0 tile=(11,49) type=3 sel=false
[devMouse] p1 unit 1 tile=(11,48) type=3 sel=false
[devMouse] p1 unit 2 tile=(11,50) type=3 sel=false
[dbg] ar=48548 am=6 aA=6 aH=0 l=false j=false fullRedraw=false
[dbg] ar=48573 am=6 aA=6 aH=0 l=false j=false fullRedraw=false
[dbg] ar=48598 am=6 aA=6 aH=0 l=false j=false fullRedraw=false
[dbg] ar=48623 am=6 aA=6 aH=0 l=false j=false fullRedraw=false
[dbg] ar=48648 am=6 aA=6 aH=0 l=false j=false fullRedraw=false
[dbg] ar=48673 am=6 aA=6 aH=0 l=false j=false fullRedraw=false
[fifo] ar=48695 slots 0
[slots] p0 n=8 0:t3@(33,52)w0 1:t3@(37,54)w0 2:t3@(35,54)w0 3:t3@(35,52)w0 4:t5@(36,53)w0 5:t5@(35,53)w0 6:t4@(34,51)w0 7:t4@(33,51)w0
[dbg] ar=48698 am=6 aA=6 aH=0 l=false j=false fullRedraw=false
[dbg] ar=48723 am=6 aA=6 aH=0 l=false j=false fullRedraw=false
[fifo] ar=48724 slots 1
[slots] p1 n=3 0:t3@(11,49)w0 1:t3@(11,48)w0 2:t3@(11,50)w0
[dbg] ar=48748 am=6 aA=6 aH=0 l=false j=false fullRedraw=false
[fifo] ar=48755 slots 1
[slots] p1 n=3 0:t3@(11,49)w0 1:t3@(11,48)w0 2:t3@(11,50)w0
[dbg] ar=48773 am=6 aA=6 aH=0 l=false j=false fullRedraw=false
[fifo] ar=48786 slots 0
[slots] p0 n=8 0:t3@(33,52)w0 1:t3@(37,54)w0 2:t3@(35,54)w0 3:t3@(35,52)w0 4:t5@(36,53)w0 5:t5@(35,53)w0 6:t4@(34,51)w0 7:t4@(33,51)w0
[dbg] ar=48798 am=6 aA=6 aH=0 l=false j=false fullRedraw=false
[fifo] ar=48813 slots 0
[slots] p0 n=8 0:t3@(33,52)w0 1:t3@(37,54)w0 2:t3@(35,54)w0 3:t3@(35,52)w0 4:t5@(36,53)w0 5:t5@(35,53)w0 6:t4@(34,51)w0 7:t4@(33,51)w0
[fifoQ] ar=48821 sel 33 52
[fifo] ar=48822 sel 33 52
[devMouse] sel OK p0 unit type=3 at (33,52)
[dbg] ar=48823 am=6 aA=6 aH=0 l=false j=false fullRedraw=false
[fifoQ] ar=48842 goto 11 50 all
[fifo] ar=48843 goto 11 50 all
[devMouse] goto OK (11,50) x0q type=3
[dbg] ar=48848 am=6 aA=6 aH=0 l=false j=false fullRedraw=false
[fifo] ar=48859 slots 1
[slots] p1 n=3 0:t3@(11,49)w0 1:t3@(11,48)w0 2:t3@(11,50)w0
[fifoQ] ar=48866 sel 36 53
[fifo] ar=48867 sel 36 53
[devMouse] sel OK p0 unit type=5 at (36,53)
[dbg] ar=48873 am=6 aA=6 aH=0 l=false j=false fullRedraw=false
[fifoQ] ar=48886 goto 11 50 all
[fifo] ar=48887 goto 11 50 all
[devMouse] goto OK (11,50) x0q type=5
[fifo] ar=48894 state
[devMouse] aA=6/6 cursor=(48,13) cam=(468,404) Q=880 aE=512 Y=0 sel=6
[devMouse] p0 unit 0 tile=(22,45) type=3 sel=false
[devMouse] p0 unit 1 tile=(29,51) type=3 sel=false
[devMouse] p0 unit 2 tile=(24,47) type=3 sel=false
[devMouse] p0 unit 3 tile=(26,49) type=3 sel=false
[devMouse] p0 unit 4 tile=(35,51) type=5 sel=true
[devMouse] p0 unit 5 tile=(33,52) type=5 sel=true
[devMouse] p0 unit 6 tile=(34,51) type=4 sel=false
[devMouse] p0 unit 7 tile=(33,51) type=4 sel=false
[devMouse] p1 unit 0 tile=(11,49) type=3 sel=false
[devMouse] p1 unit 1 tile=(11,48) type=3 sel=false
[devMouse] p1 unit 2 tile=(11,50) type=3 sel=false
[dbg] ar=48898 am=6 aA=6 aH=0 l=false j=false fullRedraw=false
[fifoQ] ar=48907 sel 34 51
[fifo] ar=48908 sel 34 51
[devMouse] sel OK p0 unit type=4 at (34,51)
[dbg] ar=48923 am=6 aA=6 aH=0 l=false j=false fullRedraw=false
[fifoQ] ar=48927 goto 11 50 all
[fifo] ar=48928 goto 11 50 all
[devMouse] goto OK (11,50) x0q type=4
[dbg] ar=48948 am=6 aA=6 aH=0 l=false j=false fullRedraw=false
[dbg] ar=48973 am=6 aA=6 aH=0 l=false j=false fullRedraw=false
[combat] p0 type3 died at (13,49) ar=48975 remaining=7
[trace] g->8 (aA=6 am=6)
[proj] aim scan exhausted p=1 active=1 tick=48993
[proj] aim scan exhausted p=1 active=1 tick=48994
[proj] aim scan exhausted p=1 active=1 tick=48995
[proj] aim scan exhausted p=1 active=1 tick=48996
[proj] aim scan exhausted p=1 active=1 tick=48997
[proj] aim scan exhausted p=1 active=1 tick=48998
[dbg] ar=48998 am=6 aA=6 aH=0 l=false j=false fullRedraw=false
[proj] aim scan exhausted p=1 active=1 tick=48999
[proj] aim scan exhausted p=1 active=1 tick=49000
[proj] aim scan exhausted p=1 active=1 tick=49001
[proj] aim scan exhausted p=1 active=1 tick=49002
[proj] aim scan exhausted p=1 active=1 tick=49003
[proj] aim scan exhausted p=1 active=1 tick=49004
[proj] aim scan exhausted p=1 active=1 tick=49005
[proj] aim scan exhausted p=1 active=1 tick=49006
[proj] aim scan exhausted p=1 active=1 tick=49007
[combat] p0 type3 died at (13,47) ar=49010 remaining=6
[trace] g->8 (aA=6 am=6)
[proj] aim scan exhausted p=1 active=1 tick=49018
[proj] aim scan exhausted p=1 active=1 tick=49019
[proj] aim scan exhausted p=1 active=1 tick=49020
[proj] aim scan exhausted p=1 active=1 tick=49021
[proj] aim scan exhausted p=1 active=1 tick=49022
[proj] aim scan exhausted p=1 active=1 tick=49023
[dbg] ar=49023 am=6 aA=6 aH=0 l=false j=false fullRedraw=false
[proj] aim scan exhausted p=1 active=1 tick=49024
[proj] aim scan exhausted p=1 active=1 tick=49025
[proj] aim scan exhausted p=1 active=1 tick=49026
[proj] aim scan exhausted p=1 active=1 tick=49027
[proj] aim scan exhausted p=1 active=1 tick=49028
[combat] p1 type3 died at (11,49) ar=49029 remaining=2
[proj] aim scan exhausted p=1 active=1 tick=49029
[proj] aim scan exhausted p=1 active=1 tick=49030
[proj] aim scan exhausted p=1 active=1 tick=49031
[proj] aim scan exhausted p=1 active=1 tick=49032
[dbg] ar=49048 am=6 aA=6 aH=0 l=false j=false fullRedraw=false
[combat] p1 type3 died at (13,48) ar=49049 remaining=1
[proj] aim scan exhausted p=1 active=1 tick=49061
[proj] aim scan exhausted p=1 active=1 tick=49062
[proj] aim scan exhausted p=1 active=1 tick=49063
[proj] aim scan exhausted p=1 active=1 tick=49064
[proj] aim scan exhausted p=1 active=1 tick=49065
[proj] aim scan exhausted p=1 active=1 tick=49066
[proj] aim scan exhausted p=1 active=1 tick=49067
[proj] aim scan exhausted p=1 active=1 tick=49068
[proj] aim scan exhausted p=1 active=1 tick=49069
[proj] aim scan exhausted p=1 active=1 tick=49070
[combat] p1 type3 died at (11,50) ar=49071 remaining=0
[proj] aim scan exhausted p=1 active=1 tick=49071
[proj] aim scan exhausted p=1 active=1 tick=49072
[proj] aim scan exhausted p=1 active=1 tick=49073
[dbg] ar=49073 am=6 aA=6 aH=0 l=false j=false fullRedraw=false
[proj] aim scan exhausted p=1 active=1 tick=49074
[proj] aim scan exhausted p=1 active=1 tick=49075
[dbg] ar=49098 am=6 aA=6 aH=0 l=false j=false fullRedraw=false
[dbg] ar=49123 am=6 aA=6 aH=0 l=false j=false fullRedraw=false
[dbg] ar=49148 am=6 aA=6 aH=0 l=false j=false fullRedraw=false
[fifo] ar=49172 slots 0
[slots] p0 n=6 0:t4@(10,49)wa01 1:t4@(11,49)w101 2:t3@(13,49)w501 3:t3@(11,50)w0 4:t5@(13,48)w201 5:t5@(13,50)w501
[dbg] ar=49173 am=6 aA=6 aH=0 l=false j=false fullRedraw=false
[dbg] ar=49198 am=6 aA=6 aH=0 l=false j=false fullRedraw=false
[fifo] ar=49220 slots 1
[slots] p1 n=0
[dbg] ar=49223 am=6 aA=6 aH=0 l=false j=false fullRedraw=false
[dbg] ar=49248 am=6 aA=6 aH=0 l=false j=false fullRedraw=false
[fifo] ar=49251 state
[devMouse] aA=6/6 cursor=(48,13) cam=(468,404) Q=880 aE=512 Y=0 sel=6
[devMouse] p0 unit 0 tile=(10,49) type=4 sel=true
[devMouse] p0 unit 1 tile=(11,49) type=4 sel=true
[devMouse] p0 unit 2 tile=(13,49) type=3 sel=false
[devMouse] p0 unit 3 tile=(11,50) type=3 sel=false
[devMouse] p0 unit 4 tile=(13,48) type=5 sel=false
[devMouse] p0 unit 5 tile=(13,50) type=5 sel=false
[dbg] ar=49273 am=6 aA=6 aH=0 l=false j=false fullRedraw=false
[dbg] ar=49298 am=6 aA=6 aH=0 l=false j=false fullRedraw=false
[dbg] ar=49323 am=6 aA=6 aH=0 l=false j=false fullRedraw=false
[dbg] ar=49348 am=6 aA=6 aH=0 l=false j=false fullRedraw=false
[fifo] ar=49361 slots 0
[slots] p0 n=6 0:t4@(10,49)w0 1:t4@(11,49)w0 2:t3@(13,49)w0 3:t3@(11,50)w0 4:t5@(13,48)w0 5:t5@(13,50)w0
[dbg] ar=49373 am=6 aA=6 aH=0 l=false j=false fullRedraw=false
[fifo] ar=49390 slots 1
[slots] p1 n=0
[dbg] ar=49398 am=6 aA=6 aH=0 l=false j=false fullRedraw=false
[fifo] ar=49419 slots 1
[slots] p1 n=0
[dbg] ar=49423 am=6 aA=6 aH=0 l=false j=false fullRedraw=false
[dbg] ar=49448 am=6 aA=6 aH=0 l=false j=false fullRedraw=false
[fifo] ar=49449 slots 0
[slots] p0 n=6 0:t4@(10,49)w0 1:t4@(11,49)w0 2:t3@(13,49)w0 3:t3@(11,50)w0 4:t5@(13,48)w0 5:t5@(13,50)w0
[dbg] ar=49473 am=6 aA=6 aH=0 l=false j=false fullRedraw=false
[fifoQ] ar=49480 sel 13 49
[fifo] ar=49481 sel 13 49
[devMouse] sel OK p0 unit type=3 at (13,49)
[dbg] ar=49498 am=6 aA=6 aH=0 l=false j=false fullRedraw=false
[fifoQ] ar=49500 goto 11 49 all
[fifo] ar=49501 goto 11 49 all
[devMouse] goto OK (11,49) x0q type=3
[fifoQ] ar=49521 sel 13 48
[fifo] ar=49522 sel 13 48
[devMouse] sel OK p0 unit type=5 at (13,48)
[dbg] ar=49523 am=6 aA=6 aH=0 l=false j=false fullRedraw=false
[fifo] ar=49530 slots 0
[slots] p0 n=6 0:t4@(10,49)w0 1:t4@(11,49)w0 2:t3@(12,48)w0 3:t3@(11,50)w0 4:t5@(13,48)w0 5:t5@(13,50)w0
[fifoQ] ar=49541 goto 11 49 all
[fifo] ar=49542 goto 11 49 all
[devMouse] goto OK (11,49) x0q type=5
[dbg] ar=49548 am=6 aA=6 aH=0 l=false j=false fullRedraw=false
[fifoQ] ar=49560 sel 10 49
[fifo] ar=49561 sel 10 49
[devMouse] sel OK p0 unit type=4 at (10,49)
[fifo] ar=49573 slots 1
[slots] p1 n=0
[dbg] ar=49573 am=6 aA=6 aH=0 l=false j=false fullRedraw=false
[fifoQ] ar=49581 goto 11 49 all
[fifo] ar=49582 goto 11 49 all
[devMouse] goto OK (11,49) x0q type=4
[dbg] ar=49598 am=6 aA=6 aH=0 l=false j=false fullRedraw=false
[fifo] ar=49603 state
[devMouse] aA=6/6 cursor=(48,13) cam=(468,404) Q=880 aE=512 Y=0 sel=6
[devMouse] p0 unit 0 tile=(10,49) type=4 sel=true
[devMouse] p0 unit 1 tile=(11,49) type=4 sel=true
[devMouse] p0 unit 2 tile=(12,48) type=3 sel=false
[devMouse] p0 unit 3 tile=(11,50) type=3 sel=false
[devMouse] p0 unit 4 tile=(12,50) type=5 sel=false
[devMouse] p0 unit 5 tile=(12,49) type=5 sel=false
[dbg] ar=49623 am=6 aA=6 aH=0 l=false j=false fullRedraw=false
[dbg] ar=49648 am=6 aA=6 aH=0 l=false j=false fullRedraw=false
[dbg] ar=49673 am=6 aA=6 aH=0 l=false j=false fullRedraw=false
[dbg] ar=49698 am=6 aA=6 aH=0 l=false j=false fullRedraw=false
[dbg] ar=49723 am=6 aA=6 aH=0 l=false j=false fullRedraw=false
[dbg] ar=49748 am=6 aA=6 aH=0 l=false j=false fullRedraw=false
[dbg] ar=49773 am=6 aA=6 aH=0 l=false j=false fullRedraw=false
[dbg] ar=49798 am=6 aA=6 aH=0 l=false j=false fullRedraw=false
[dbg] ar=49823 am=6 aA=6 aH=0 l=false j=false fullRedraw=false
[dbg] ar=49848 am=6 aA=6 aH=0 l=false j=false fullRedraw=false
[dbg] ar=49873 am=6 aA=6 aH=0 l=false j=false fullRedraw=false
[fifo] ar=49884 slots 0
[slots] p0 n=6 0:t4@(10,49)w0 1:t4@(11,49)w0 2:t3@(12,48)w0 3:t3@(11,50)w0 4:t5@(12,50)w0 5:t5@(12,49)w0
[dbg] ar=49898 am=6 aA=6 aH=0 l=false j=false fullRedraw=false
[dbg] ar=49923 am=6 aA=6 aH=0 l=false j=false fullRedraw=false
[fifo] ar=49932 slots 1
[slots] p1 n=0
[dbg] ar=49948 am=6 aA=6 aH=0 l=false j=false fullRedraw=false
[fifo] ar=49963 state
[devMouse] aA=6/6 cursor=(48,13) cam=(468,404) Q=880 aE=512 Y=0 sel=6
[devMouse] p0 unit 0 tile=(10,49) type=4 sel=true
[devMouse] p0 unit 1 tile=(11,49) type=4 sel=true
[devMouse] p0 unit 2 tile=(12,48) type=3 sel=false
[devMouse] p0 unit 3 tile=(11,50) type=3 sel=false
[devMouse] p0 unit 4 tile=(12,50) type=5 sel=false
[devMouse] p0 unit 5 tile=(12,49) type=5 sel=false
[dbg] ar=49973 am=6 aA=6 aH=0 l=false j=false fullRedraw=false
[dbg] ar=49998 am=6 aA=6 aH=0 l=false j=false fullRedraw=false
[dbg] ar=50023 am=6 aA=6 aH=0 l=false j=false fullRedraw=false
[fifo] ar=50024 slots 0
[slots] p0 n=6 0:t4@(10,49)w0 1:t4@(11,49)w0 2:t3@(12,48)w0 3:t3@(11,50)w0 4:t5@(12,50)w0 5:t5@(12,49)w0
[dbg] ar=50048 am=6 aA=6 aH=0 l=false j=false fullRedraw=false
[fifo] ar=50054 slots 1
[slots] p1 n=0
[dbg] ar=50073 am=6 aA=6 aH=0 l=false j=false fullRedraw=false
[fifo] ar=50085 slots 1
[slots] p1 n=0
[dbg] ar=50098 am=6 aA=6 aH=0 l=false j=false fullRedraw=false
[fifo] ar=50116 slots 0
[slots] p0 n=6 0:t4@(10,49)w0 1:t4@(11,49)w0 2:t3@(12,48)w0 3:t3@(11,50)w0 4:t5@(12,50)w0 5:t5@(12,49)w0
[dbg] ar=50123 am=6 aA=6 aH=0 l=false j=false fullRedraw=false
[fifoQ] ar=50147 sel 12 48
[fifo] ar=50148 sel 12 48
[devMouse] sel OK p0 unit type=3 at (12,48)
[dbg] ar=50148 am=6 aA=6 aH=0 l=false j=true fullRedraw=false
[fifoQ] ar=50167 goto 11 49 all
[fifo] ar=50168 goto 11 49 all
[devMouse] goto OK (11,49) x0q type=3
[dbg] ar=50173 am=6 aA=6 aH=0 l=false j=false fullRedraw=false
[fifoQ] ar=50187 sel 12 50
[fifo] ar=50188 sel 12 50
[devMouse] sel OK p0 unit type=5 at (12,50)
[dbg] ar=50198 am=6 aA=6 aH=0 l=false j=false fullRedraw=false
[fifoQ] ar=50208 goto 11 49 all
[fifo] ar=50209 goto 11 49 all
[devMouse] goto OK (11,49) x0q type=5
[dbg] ar=50223 am=6 aA=6 aH=0 l=false j=false fullRedraw=false
[fifoQ] ar=50228 sel 10 49
[fifo] ar=50229 sel 10 49
[devMouse] sel OK p0 unit type=4 at (10,49)
[fifo] ar=50242 slots 0
[slots] p0 n=6 0:t4@(10,49)w0 1:t4@(11,49)w0 2:t3@(12,48)w0 3:t3@(11,50)w0 4:t5@(12,50)w0 5:t5@(12,49)w0
[dbg] ar=50248 am=6 aA=6 aH=0 l=false j=false fullRedraw=false
[fifoQ] ar=50250 goto 11 49 all
[fifo] ar=50251 goto 11 49 all
[devMouse] goto OK (11,49) x0q type=4
[dbg] ar=50273 am=6 aA=6 aH=0 l=false j=false fullRedraw=false
[fifo] ar=50288 slots 1
[slots] p1 n=0
[dbg] ar=50298 am=6 aA=6 aH=0 l=false j=false fullRedraw=false
[fifo] ar=50319 state
[devMouse] aA=6/6 cursor=(48,13) cam=(468,404) Q=880 aE=512 Y=0 sel=6
[devMouse] p0 unit 0 tile=(10,49) type=4 sel=true
[devMouse] p0 unit 1 tile=(11,49) type=4 sel=true
[devMouse] p0 unit 2 tile=(12,48) type=3 sel=false
[devMouse] p0 unit 3 tile=(11,50) type=3 sel=false
[devMouse] p0 unit 4 tile=(12,50) type=5 sel=false
[devMouse] p0 unit 5 tile=(12,49) type=5 sel=false
[dbg] ar=50323 am=6 aA=6 aH=0 l=false j=false fullRedraw=false
[dbg] ar=50348 am=6 aA=6 aH=0 l=false j=false fullRedraw=false
[dbg] ar=50373 am=6 aA=6 aH=0 l=false j=false fullRedraw=false
[dbg] ar=50398 am=6 aA=6 aH=0 l=false j=false fullRedraw=false
[dbg] ar=50423 am=6 aA=6 aH=0 l=false j=false fullRedraw=false
[dbg] ar=50448 am=6 aA=6 aH=0 l=false j=false fullRedraw=false
[dbg] ar=50473 am=6 aA=6 aH=0 l=false j=false fullRedraw=false
[dbg] ar=50498 am=6 aA=6 aH=0 l=false j=false fullRedraw=false
[dbg] ar=50523 am=6 aA=6 aH=0 l=false j=false fullRedraw=false
[dbg] ar=50548 am=6 aA=6 aH=0 l=false j=false fullRedraw=false
[dbg] ar=50573 am=6 aA=6 aH=0 l=false j=false fullRedraw=false
[fifo] ar=50597 slots 0
[slots] p0 n=6 0:t4@(10,49)w0 1:t4@(11,49)w0 2:t3@(12,48)w0 3:t3@(11,50)w0 4:t5@(12,50)w0 5:t5@(12,49)w0
[dbg] ar=50598 am=6 aA=6 aH=0 l=false j=false fullRedraw=false
[dbg] ar=50623 am=6 aA=6 aH=0 l=false j=false fullRedraw=false
[fifo] ar=50643 slots 1
[slots] p1 n=0
[dbg] ar=50648 am=6 aA=6 aH=0 l=false j=false fullRedraw=false
[dbg] ar=50673 am=6 aA=6 aH=0 l=false j=false fullRedraw=false
[fifo] ar=50674 state
[devMouse] aA=6/6 cursor=(48,13) cam=(468,404) Q=880 aE=512 Y=0 sel=6
[devMouse] p0 unit 0 tile=(10,49) type=4 sel=true
[devMouse] p0 unit 1 tile=(11,49) type=4 sel=true
[devMouse] p0 unit 2 tile=(12,48) type=3 sel=false
[devMouse] p0 unit 3 tile=(11,50) type=3 sel=false
[devMouse] p0 unit 4 tile=(12,50) type=5 sel=false
[devMouse] p0 unit 5 tile=(12,49) type=5 sel=false
[fifo] ar=50689 slots 0
[slots] p0 n=6 0:t4@(10,49)w0 1:t4@(11,49)w0 2:t3@(12,48)w0 3:t3@(11,50)w0 4:t5@(12,50)w0 5:t5@(12,49)w0
[dbg] ar=50698 am=6 aA=6 aH=0 l=false j=false fullRedraw=false
[fifo] ar=50719 slots 1
[slots] p1 n=0
[dbg] ar=50723 am=6 aA=6 aH=0 l=false j=false fullRedraw=false
[dbg] ar=50748 am=6 aA=6 aH=0 l=false j=false fullRedraw=false
[fifo] ar=50750 slots 1
[slots] p1 n=0
[dbg] ar=50773 am=6 aA=6 aH=0 l=false j=false fullRedraw=false
[fifo] ar=50781 slots 0
[slots] p0 n=6 0:t4@(10,49)w0 1:t4@(11,49)w0 2:t3@(12,48)w0 3:t3@(11,50)w0 4:t5@(12,50)w0 5:t5@(12,49)w0
[dbg] ar=50798 am=6 aA=6 aH=0 l=false j=false fullRedraw=false
[fifoQ] ar=50811 sel 12 48
[fifo] ar=50812 sel 12 48
[devMouse] sel OK p0 unit type=3 at (12,48)
[dbg] ar=50823 am=6 aA=6 aH=0 l=false j=false fullRedraw=false
[fifoQ] ar=50832 goto 11 49 all
[fifo] ar=50833 goto 11 49 all
[devMouse] goto OK (11,49) x0q type=3
[dbg] ar=50848 am=6 aA=6 aH=0 l=false j=false fullRedraw=false
[fifoQ] ar=50853 sel 12 50
[fifo] ar=50854 sel 12 50
[devMouse] sel OK p0 unit type=5 at (12,50)
[fifoQ] ar=50873 goto 11 49 all
[dbg] ar=50873 am=6 aA=6 aH=0 l=false j=false fullRedraw=false
[fifo] ar=50874 goto 11 49 all
[devMouse] goto OK (11,49) x0q type=5
[fifoQ] ar=50893 sel 10 49
[fifo] ar=50894 sel 10 49
[devMouse] sel OK p0 unit type=4 at (10,49)
[dbg] ar=50898 am=6 aA=6 aH=0 l=false j=false fullRedraw=false
[fifoQ] ar=50914 goto 11 49 all
[fifo] ar=50915 goto 11 49 all
[devMouse] goto OK (11,49) x0q type=4
[dbg] ar=50923 am=6 aA=6 aH=0 l=false j=false fullRedraw=false
[dbg] ar=50948 am=6 aA=6 aH=0 l=false j=false fullRedraw=false
[fifo] ar=50954 slots 0
[slots] p0 n=6 0:t4@(10,49)w0 1:t4@(11,49)w0 2:t3@(12,48)w0 3:t3@(11,50)w0 4:t5@(12,50)w0 5:t5@(12,49)w0
[dbg] ar=50973 am=6 aA=6 aH=0 l=false j=false fullRedraw=false
[dbg] ar=50998 am=6 aA=6 aH=0 l=false j=false fullRedraw=false
[fifo] ar=51000 slots 1
[slots] p1 n=0
[dbg] ar=51023 am=6 aA=6 aH=0 l=false j=false fullRedraw=false
[fifo] ar=51029 state
[devMouse] aA=6/6 cursor=(48,13) cam=(468,404) Q=880 aE=512 Y=0 sel=6
[devMouse] p0 unit 0 tile=(10,49) type=4 sel=true
[devMouse] p0 unit 1 tile=(11,49) type=4 sel=true
[devMouse] p0 unit 2 tile=(12,48) type=3 sel=false
[devMouse] p0 unit 3 tile=(11,50) type=3 sel=false
[devMouse] p0 unit 4 tile=(12,50) type=5 sel=false
[devMouse] p0 unit 5 tile=(12,49) type=5 sel=false
[dbg] ar=51048 am=6 aA=6 aH=0 l=false j=false fullRedraw=false
[dbg] ar=51073 am=6 aA=6 aH=0 l=false j=false fullRedraw=false
[dbg] ar=51098 am=6 aA=6 aH=0 l=false j=false fullRedraw=false
[dbg] ar=51123 am=6 aA=6 aH=0 l=false j=false fullRedraw=false
[dbg] ar=51148 am=6 aA=6 aH=0 l=false j=false fullRedraw=false
[dbg] ar=51173 am=6 aA=6 aH=0 l=false j=false fullRedraw=false
[dbg] ar=51198 am=6 aA=6 aH=0 l=false j=false fullRedraw=false
[dbg] ar=51223 am=6 aA=6 aH=0 l=false j=false fullRedraw=false
[dbg] ar=51248 am=6 aA=6 aH=0 l=false j=false fullRedraw=false
[dbg] ar=51273 am=6 aA=6 aH=0 l=false j=false fullRedraw=false
[dbg] ar=51298 am=6 aA=6 aH=0 l=false j=false fullRedraw=false
[fifo] ar=51310 slots 0
[slots] p0 n=6 0:t4@(10,49)w0 1:t4@(11,49)w0 2:t3@(12,48)w0 3:t3@(11,50)w0 4:t5@(12,50)w0 5:t5@(12,49)w0
[dbg] ar=51323 am=6 aA=6 aH=0 l=false j=false fullRedraw=false
[dbg] ar=51348 am=6 aA=6 aH=0 l=false j=false fullRedraw=false
[fifo] ar=51355 slots 0
[slots] p0 n=6 0:t4@(10,49)w0 1:t4@(11,49)w0 2:t3@(12,48)w0 3:t3@(11,50)w0 4:t5@(12,50)w0 5:t5@(12,49)w0
[fifo] ar=51363 slots 1
[slots] p1 n=0
[dbg] ar=51373 am=6 aA=6 aH=0 l=false j=false fullRedraw=false
[fifo] ar=51386 slots 1
[slots] p1 n=0
[fifo] ar=51394 state
[devMouse] aA=6/6 cursor=(48,13) cam=(468,404) Q=880 aE=512 Y=0 sel=6
[devMouse] p0 unit 0 tile=(10,49) type=4 sel=true
[devMouse] p0 unit 1 tile=(11,49) type=4 sel=true
[devMouse] p0 unit 2 tile=(12,48) type=3 sel=false
[devMouse] p0 unit 3 tile=(11,50) type=3 sel=false
[devMouse] p0 unit 4 tile=(12,50) type=5 sel=false
[devMouse] p0 unit 5 tile=(12,49) type=5 sel=false
[dbg] ar=51398 am=6 aA=6 aH=0 l=false j=false fullRedraw=false
[fifo] ar=51415 slots 1
[slots] p1 n=0
[dbg] ar=51423 am=6 aA=6 aH=0 l=false j=false fullRedraw=false
[fifo] ar=51445 slots 0
[slots] p0 n=6 0:t4@(10,49)w0 1:t4@(11,49)w0 2:t3@(12,48)w0 3:t3@(11,50)w0 4:t5@(12,50)w0 5:t5@(12,49)w0
[dbg] ar=51448 am=6 aA=6 aH=0 l=false j=false fullRedraw=false
[dbg] ar=51473 am=6 aA=6 aH=0 l=false j=false fullRedraw=false
[fifoQ] ar=51477 sel 12 48
[fifo] ar=51477 sel 12 48
[devMouse] sel OK p0 unit type=3 at (12,48)
[fifoQ] ar=51497 goto 11 49 all
[fifo] ar=51498 goto 11 49 all
[devMouse] goto OK (11,49) x0q type=3
[dbg] ar=51498 am=6 aA=6 aH=0 l=false j=false fullRedraw=false
[fifoQ] ar=51517 sel 12 50
[fifo] ar=51518 sel 12 50
[devMouse] sel OK p0 unit type=5 at (12,50)
[dbg] ar=51523 am=6 aA=6 aH=0 l=false j=false fullRedraw=false
[fifoQ] ar=51537 goto 11 49 all
[fifo] ar=51538 goto 11 49 all
[devMouse] goto OK (11,49) x0q type=5
[dbg] ar=51548 am=6 aA=6 aH=0 l=false j=false fullRedraw=false
[fifoQ] ar=51557 sel 10 49
[fifo] ar=51558 sel 10 49
[devMouse] sel OK p0 unit type=4 at (10,49)
[dbg] ar=51573 am=6 aA=6 aH=0 l=false j=false fullRedraw=false
[fifoQ] ar=51578 goto 11 49 all
[fifo] ar=51578 goto 11 49 all
[devMouse] goto OK (11,49) x0q type=4
[dbg] ar=51598 am=6 aA=6 aH=0 l=false j=false fullRedraw=false
[dbg] ar=51623 am=6 aA=6 aH=0 l=false j=false fullRedraw=false
[dbg] ar=51648 am=6 aA=6 aH=0 l=false j=false fullRedraw=false
[fifo] ar=51671 slots 0
[slots] p0 n=6 0:t4@(10,49)w0 1:t4@(11,49)w0 2:t3@(12,48)w0 3:t3@(11,50)w0 4:t5@(12,50)w0 5:t5@(12,49)w0
[dbg] ar=51673 am=6 aA=6 aH=0 l=false j=false fullRedraw=false
[dbg] ar=51698 am=6 aA=6 aH=0 l=false j=false fullRedraw=false
[fifo] ar=51717 slots 1
[slots] p1 n=0
[dbg] ar=51723 am=6 aA=6 aH=0 l=false j=false fullRedraw=false
[fifo] ar=51741 state
[devMouse] aA=6/6 cursor=(48,13) cam=(468,404) Q=880 aE=512 Y=0 sel=6
[devMouse] p0 unit 0 tile=(10,49) type=4 sel=true
[devMouse] p0 unit 1 tile=(11,49) type=4 sel=true
[devMouse] p0 unit 2 tile=(12,48) type=3 sel=false
[devMouse] p0 unit 3 tile=(11,50) type=3 sel=false
[devMouse] p0 unit 4 tile=(12,50) type=5 sel=false
[devMouse] p0 unit 5 tile=(12,49) type=5 sel=false
[dbg] ar=51748 am=6 aA=6 aH=0 l=false j=false fullRedraw=false
[dbg] ar=51773 am=6 aA=6 aH=0 l=false j=false fullRedraw=false
[dbg] ar=51798 am=6 aA=6 aH=0 l=false j=false fullRedraw=false
[dbg] ar=51823 am=6 aA=6 aH=0 l=false j=false fullRedraw=false
[dbg] ar=51848 am=6 aA=6 aH=0 l=false j=false fullRedraw=false
[dbg] ar=51873 am=6 aA=6 aH=0 l=false j=false fullRedraw=false
[dbg] ar=51898 am=6 aA=6 aH=0 l=false j=false fullRedraw=false
[dbg] ar=51923 am=6 aA=6 aH=0 l=false j=false fullRedraw=false
[dbg] ar=51948 am=6 aA=6 aH=0 l=false j=false fullRedraw=false
[dbg] ar=51973 am=6 aA=6 aH=0 l=false j=false fullRedraw=false
[dbg] ar=51998 am=6 aA=6 aH=0 l=false j=false fullRedraw=false
[fifo] ar=52013 slots 0
[slots] p0 n=6 0:t4@(10,49)w0 1:t4@(11,49)w0 2:t3@(12,48)w0 3:t3@(11,50)w0 4:t5@(12,50)w0 5:t5@(12,49)w0
[fifo] ar=52022 slots 0
[slots] p0 n=6 0:t4@(10,49)w0 1:t4@(11,49)w0 2:t3@(12,48)w0 3:t3@(11,50)w0 4:t5@(12,50)w0 5:t5@(12,49)w0
[dbg] ar=52023 am=6 aA=6 aH=0 l=false j=false fullRedraw=false
[fifo] ar=52043 slots 1
[slots] p1 n=0
[dbg] ar=52048 am=6 aA=6 aH=0 l=false j=false fullRedraw=false
[fifo] ar=52069 slots 1
[slots] p1 n=0
[dbg] ar=52073 am=6 aA=6 aH=0 l=false j=false fullRedraw=false
[fifo] ar=52077 slots 1
[slots] p1 n=0
[dbg] ar=52098 am=6 aA=6 aH=0 l=false j=false fullRedraw=false
[fifo] ar=52099 state
[devMouse] aA=6/6 cursor=(48,13) cam=(468,404) Q=880 aE=512 Y=0 sel=6
[devMouse] p0 unit 0 tile=(10,49) type=4 sel=true
[devMouse] p0 unit 1 tile=(11,49) type=4 sel=true
[devMouse] p0 unit 2 tile=(12,48) type=3 sel=false
[devMouse] p0 unit 3 tile=(11,50) type=3 sel=false
[devMouse] p0 unit 4 tile=(12,50) type=5 sel=false
[devMouse] p0 unit 5 tile=(12,49) type=5 sel=false
[fifo] ar=52107 slots 0
[slots] p0 n=6 0:t4@(10,49)w0 1:t4@(11,49)w0 2:t3@(12,48)w0 3:t3@(11,50)w0 4:t5@(12,50)w0 5:t5@(12,49)w0
[dbg] ar=52123 am=6 aA=6 aH=0 l=false j=false fullRedraw=false
[fifoQ] ar=52138 sel 12 48
[fifo] ar=52139 sel 12 48
[devMouse] sel OK p0 unit type=3 at (12,48)
[dbg] ar=52148 am=6 aA=6 aH=0 l=false j=false fullRedraw=false
[fifoQ] ar=52159 goto 11 49 all
[fifo] ar=52160 goto 11 49 all
[devMouse] goto OK (11,49) x0q type=3
[dbg] ar=52173 am=6 aA=6 aH=0 l=false j=false fullRedraw=false
[fifoQ] ar=52180 sel 12 50
[fifo] ar=52181 sel 12 50
[devMouse] sel OK p0 unit type=5 at (12,50)
[dbg] ar=52198 am=6 aA=6 aH=0 l=false j=false fullRedraw=false
[fifoQ] ar=52201 goto 11 49 all
[fifo] ar=52202 goto 11 49 all
[devMouse] goto OK (11,49) x0q type=5
[fifoQ] ar=52220 sel 10 49
[fifo] ar=52221 sel 10 49
[devMouse] sel OK p0 unit type=4 at (10,49)
[dbg] ar=52223 am=6 aA=6 aH=0 l=false j=false fullRedraw=false
[fifoQ] ar=52242 goto 11 49 all
[fifo] ar=52243 goto 11 49 all
[devMouse] goto OK (11,49) x0q type=4
[dbg] ar=52248 am=6 aA=6 aH=0 l=false j=false fullRedraw=false
[dbg] ar=52273 am=6 aA=6 aH=0 l=false j=false fullRedraw=false
[dbg] ar=52298 am=6 aA=6 aH=0 l=false j=false fullRedraw=false
[dbg] ar=52323 am=6 aA=6 aH=0 l=false j=false fullRedraw=false
[dbg] ar=52348 am=6 aA=6 aH=0 l=false j=false fullRedraw=false
[dbg] ar=52373 am=6 aA=6 aH=0 l=false j=false fullRedraw=false
[fifo] ar=52379 slots 0
[slots] p0 n=6 0:t4@(10,49)w0 1:t4@(11,49)w0 2:t3@(12,48)w0 3:t3@(11,50)w0 4:t5@(12,50)w0 5:t5@(12,49)w0
[dbg] ar=52398 am=6 aA=6 aH=0 l=false j=false fullRedraw=false
[dbg] ar=52423 am=6 aA=6 aH=0 l=false j=false fullRedraw=false
[fifo] ar=52424 slots 1
[slots] p1 n=0
[dbg] ar=52448 am=6 aA=6 aH=0 l=false j=false fullRedraw=false
[fifo] ar=52455 state
[devMouse] aA=6/6 cursor=(48,13) cam=(468,404) Q=880 aE=512 Y=0 sel=6
[devMouse] p0 unit 0 tile=(10,49) type=4 sel=true
[devMouse] p0 unit 1 tile=(11,49) type=4 sel=true
[devMouse] p0 unit 2 tile=(12,48) type=3 sel=false
[devMouse] p0 unit 3 tile=(11,50) type=3 sel=false
[devMouse] p0 unit 4 tile=(12,50) type=5 sel=false
[devMouse] p0 unit 5 tile=(12,49) type=5 sel=false
[dbg] ar=52473 am=6 aA=6 aH=0 l=false j=false fullRedraw=false
[dbg] ar=52498 am=6 aA=6 aH=0 l=false j=false fullRedraw=false
[dbg] ar=52523 am=6 aA=6 aH=0 l=false j=false fullRedraw=false
[dbg] ar=52548 am=6 aA=6 aH=0 l=false j=false fullRedraw=false
[dbg] ar=52573 am=6 aA=6 aH=0 l=false j=false fullRedraw=false
[dbg] ar=52598 am=6 aA=6 aH=0 l=false j=false fullRedraw=false
[dbg] ar=52623 am=6 aA=6 aH=0 l=false j=false fullRedraw=false
[dbg] ar=52648 am=6 aA=6 aH=0 l=false j=false fullRedraw=false
[dbg] ar=52673 am=6 aA=6 aH=0 l=false j=false fullRedraw=false
[fifo] ar=52679 slots 0
[slots] p0 n=6 0:t4@(10,49)w0 1:t4@(11,49)w0 2:t3@(12,48)w0 3:t3@(11,50)w0 4:t5@(12,50)w0 5:t5@(12,49)w0
[dbg] ar=52698 am=6 aA=6 aH=0 l=false j=false fullRedraw=false
[fifo] ar=52710 slots 1
[slots] p1 n=0
[dbg] ar=52723 am=6 aA=6 aH=0 l=false j=false fullRedraw=false
[fifo] ar=52731 slots 0
[slots] p0 n=6 0:t4@(10,49)w0 1:t4@(11,49)w0 2:t3@(12,48)w0 3:t3@(11,50)w0 4:t5@(12,50)w0 5:t5@(12,49)w0
[fifo] ar=52740 slots 1
[slots] p1 n=0
[dbg] ar=52748 am=6 aA=6 aH=0 l=false j=false fullRedraw=false
[fifo] ar=52770 slots 0
[slots] p0 n=6 0:t4@(10,49)w0 1:t4@(11,49)w0 2:t3@(12,48)w0 3:t3@(11,50)w0 4:t5@(12,50)w0 5:t5@(12,49)w0
[dbg] ar=52773 am=6 aA=6 aH=0 l=false j=false fullRedraw=false
[fifo] ar=52779 slots 1
[slots] p1 n=0
[dbg] ar=52798 am=6 aA=6 aH=0 l=false j=false fullRedraw=false
[fifoQ] ar=52801 sel 12 48
[fifo] ar=52802 sel 12 48
[devMouse] sel OK p0 unit type=3 at (12,48)
[fifo] ar=52810 state
[devMouse] aA=6/6 cursor=(48,13) cam=(468,404) Q=880 aE=512 Y=0 sel=6
[devMouse] p0 unit 0 tile=(10,49) type=4 sel=false
[devMouse] p0 unit 1 tile=(11,49) type=4 sel=false
[devMouse] p0 unit 2 tile=(12,48) type=3 sel=true
[devMouse] p0 unit 3 tile=(11,50) type=3 sel=false
[devMouse] p0 unit 4 tile=(12,50) type=5 sel=false
[devMouse] p0 unit 5 tile=(12,49) type=5 sel=false
[fifoQ] ar=52821 goto 11 49 all
[fifo] ar=52822 goto 11 49 all
[devMouse] goto OK (11,49) x0q type=3
[dbg] ar=52823 am=6 aA=6 aH=0 l=false j=false fullRedraw=false
[fifoQ] ar=52842 sel 12 50
[fifo] ar=52843 sel 12 50
[devMouse] sel OK p0 unit type=5 at (12,50)
[dbg] ar=52848 am=6 aA=6 aH=0 l=false j=false fullRedraw=false
[fifoQ] ar=52862 goto 11 49 all
[fifo] ar=52863 goto 11 49 all
[devMouse] goto OK (11,49) x0q type=5
[dbg] ar=52873 am=6 aA=6 aH=0 l=false j=false fullRedraw=false
[fifoQ] ar=52882 sel 10 49
[fifo] ar=52883 sel 10 49
[devMouse] sel OK p0 unit type=4 at (10,49)
[dbg] ar=52898 am=6 aA=6 aH=0 l=false j=false fullRedraw=false
[fifoQ] ar=52902 goto 11 49 all
[fifo] ar=52903 goto 11 49 all
[devMouse] goto OK (11,49) x0q type=4
[dbg] ar=52923 am=6 aA=6 aH=0 l=false j=false fullRedraw=false
[dbg] ar=52948 am=6 aA=6 aH=0 l=false j=false fullRedraw=false
[dbg] ar=52973 am=6 aA=6 aH=0 l=false j=false fullRedraw=false
[dbg] ar=52998 am=6 aA=6 aH=0 l=false j=false fullRedraw=false
[dbg] ar=53023 am=6 aA=6 aH=0 l=false j=false fullRedraw=false
[dbg] ar=53048 am=6 aA=6 aH=0 l=false j=false fullRedraw=false
[dbg] ar=53073 am=6 aA=6 aH=0 l=false j=false fullRedraw=false
[fifo] ar=53084 slots 0
[slots] p0 n=6 0:t4@(10,49)w0 1:t4@(11,49)w0 2:t3@(12,48)w0 3:t3@(11,50)w0 4:t5@(12,50)w0 5:t5@(12,49)w0
[dbg] ar=53098 am=6 aA=6 aH=0 l=false j=false fullRedraw=false
[dbg] ar=53123 am=6 aA=6 aH=0 l=false j=false fullRedraw=false
[fifo] ar=53128 slots 1
[slots] p1 n=0
[dbg] ar=53148 am=6 aA=6 aH=0 l=false j=false fullRedraw=false
[fifo] ar=53158 state
[devMouse] aA=6/6 cursor=(48,13) cam=(468,404) Q=880 aE=512 Y=0 sel=6
[devMouse] p0 unit 0 tile=(10,49) type=4 sel=true
[devMouse] p0 unit 1 tile=(11,49) type=4 sel=true
[devMouse] p0 unit 2 tile=(12,48) type=3 sel=false
[devMouse] p0 unit 3 tile=(11,50) type=3 sel=false
[devMouse] p0 unit 4 tile=(12,50) type=5 sel=false
[devMouse] p0 unit 5 tile=(12,49) type=5 sel=false
[dbg] ar=53173 am=6 aA=6 aH=0 l=false j=false fullRedraw=false
[dbg] ar=53198 am=6 aA=6 aH=0 l=false j=false fullRedraw=false
[dbg] ar=53223 am=6 aA=6 aH=0 l=false j=false fullRedraw=false
[dbg] ar=53248 am=6 aA=6 aH=0 l=false j=false fullRedraw=false
[dbg] ar=53273 am=6 aA=6 aH=0 l=false j=false fullRedraw=false
[dbg] ar=53298 am=6 aA=6 aH=0 l=false j=false fullRedraw=false
[dbg] ar=53323 am=6 aA=6 aH=0 l=false j=false fullRedraw=false
[fifo] ar=53339 slots 0
[slots] p0 n=6 0:t4@(10,49)w0 1:t4@(11,49)w0 2:t3@(12,48)w0 3:t3@(11,50)w0 4:t5@(12,50)w0 5:t5@(12,49)w0
[dbg] ar=53348 am=6 aA=6 aH=0 l=false j=false fullRedraw=false
[fifo] ar=53368 slots 1
[slots] p1 n=0
[dbg] ar=53373 am=6 aA=6 aH=0 l=false j=false fullRedraw=false
[fifo] ar=53398 slots 1
[slots] p1 n=0
[dbg] ar=53398 am=6 aA=6 aH=0 l=false j=false fullRedraw=false
[dbg] ar=53423 am=6 aA=6 aH=0 l=false j=false fullRedraw=false
[fifo] ar=53428 slots 0
[slots] p0 n=6 0:t4@(10,49)w0 1:t4@(11,49)w0 2:t3@(12,48)w0 3:t3@(11,50)w0 4:t5@(12,50)w0 5:t5@(12,49)w0
[fifo] ar=53436 slots 0
[slots] p0 n=6 0:t4@(10,49)w0 1:t4@(11,49)w0 2:t3@(12,48)w0 3:t3@(11,50)w0 4:t5@(12,50)w0 5:t5@(12,49)w0
[dbg] ar=53448 am=6 aA=6 aH=0 l=false j=false fullRedraw=false
[fifoQ] ar=53459 sel 12 48
[fifo] ar=53460 sel 12 48
[devMouse] sel OK p0 unit type=3 at (12,48)
[dbg] ar=53473 am=6 aA=6 aH=0 l=false j=false fullRedraw=false
[fifoQ] ar=53480 goto 11 49 all
[fifo] ar=53480 goto 11 49 all
[devMouse] goto OK (11,49) x0q type=3
[fifo] ar=53487 slots 1
[slots] p1 n=0
[dbg] ar=53498 am=6 aA=6 aH=0 l=false j=false fullRedraw=false
[fifoQ] ar=53499 sel 12 50
[fifo] ar=53500 sel 12 50
[devMouse] sel OK p0 unit type=5 at (12,50)
[fifo] ar=53518 state
[devMouse] aA=6/6 cursor=(48,13) cam=(468,404) Q=880 aE=512 Y=0 sel=6
[devMouse] p0 unit 0 tile=(10,49) type=4 sel=false
[devMouse] p0 unit 1 tile=(11,49) type=4 sel=false
[devMouse] p0 unit 2 tile=(12,48) type=3 sel=false
[devMouse] p0 unit 3 tile=(11,50) type=3 sel=false
[devMouse] p0 unit 4 tile=(12,50) type=5 sel=true
[devMouse] p0 unit 5 tile=(12,49) type=5 sel=false
[dbg] ar=53523 am=6 aA=6 aH=0 l=false j=false fullRedraw=false
[fifoQ] ar=53527 goto 11 49 all
[fifo] ar=53528 goto 11 49 all
[devMouse] goto OK (11,49) x0q type=5
[fifoQ] ar=53547 sel 10 49
[fifo] ar=53548 sel 10 49
[devMouse] sel OK p0 unit type=4 at (10,49)
[dbg] ar=53548 am=6 aA=6 aH=0 l=false j=true fullRedraw=false
[fifoQ] ar=53568 goto 11 49 all
[fifo] ar=53569 goto 11 49 all
[devMouse] goto OK (11,49) x0q type=4
[dbg] ar=53573 am=6 aA=6 aH=0 l=false j=false fullRedraw=false
[dbg] ar=53598 am=6 aA=6 aH=0 l=false j=false fullRedraw=false
[dbg] ar=53623 am=6 aA=6 aH=0 l=false j=false fullRedraw=false
[dbg] ar=53648 am=6 aA=6 aH=0 l=false j=false fullRedraw=false
[dbg] ar=53673 am=6 aA=6 aH=0 l=false j=false fullRedraw=false
[dbg] ar=53698 am=6 aA=6 aH=0 l=false j=false fullRedraw=false
[dbg] ar=53723 am=6 aA=6 aH=0 l=false j=false fullRedraw=false
[dbg] ar=53748 am=6 aA=6 aH=0 l=false j=false fullRedraw=false
[dbg] ar=53773 am=6 aA=6 aH=0 l=false j=false fullRedraw=false
[fifo] ar=53797 slots 0
[slots] p0 n=6 0:t4@(10,49)w0 1:t4@(11,49)w0 2:t3@(12,48)w0 3:t3@(11,50)w0 4:t5@(12,50)w0 5:t5@(12,49)w0
[dbg] ar=53798 am=6 aA=6 aH=0 l=false j=false fullRedraw=false
[dbg] ar=53823 am=6 aA=6 aH=0 l=false j=false fullRedraw=false
[fifo] ar=53843 slots 1
[slots] p1 n=0
[dbg] ar=53848 am=6 aA=6 aH=0 l=false j=false fullRedraw=false
[fifo] ar=53873 state
[devMouse] aA=6/6 cursor=(48,13) cam=(468,404) Q=880 aE=512 Y=0 sel=6
[devMouse] p0 unit 0 tile=(10,49) type=4 sel=true
[devMouse] p0 unit 1 tile=(11,49) type=4 sel=true
[devMouse] p0 unit 2 tile=(12,48) type=3 sel=false
[devMouse] p0 unit 3 tile=(11,50) type=3 sel=false
[dbg] ar=53873 am=6 aA=6 aH=0 l=false j=false fullRedraw=false
[devMouse] p0 unit 4 tile=(12,50) type=5 sel=false
[devMouse] p0 unit 5 tile=(12,49) type=5 sel=false
[dbg] ar=53898 am=6 aA=6 aH=0 l=false j=false fullRedraw=false
[dbg] ar=53923 am=6 aA=6 aH=0 l=false j=false fullRedraw=false
[dbg] ar=53948 am=6 aA=6 aH=0 l=false j=false fullRedraw=false
[dbg] ar=53973 am=6 aA=6 aH=0 l=false j=false fullRedraw=false
[dbg] ar=53998 am=6 aA=6 aH=0 l=false j=false fullRedraw=false
[fifo] ar=54006 slots 0
[slots] p0 n=6 0:t4@(10,49)w0 1:t4@(11,49)w0 2:t3@(12,48)w0 3:t3@(11,50)w0 4:t5@(12,50)w0 5:t5@(12,49)w0
[dbg] ar=54023 am=6 aA=6 aH=0 l=false j=false fullRedraw=false
[fifo] ar=54036 slots 1
[slots] p1 n=0
[dbg] ar=54048 am=6 aA=6 aH=0 l=false j=false fullRedraw=false
[fifo] ar=54067 slots 1
[slots] p1 n=0
[dbg] ar=54073 am=6 aA=6 aH=0 l=false j=false fullRedraw=false
[fifo] ar=54097 slots 0
[slots] p0 n=6 0:t4@(10,49)w0 1:t4@(11,49)w0 2:t3@(12,48)w0 3:t3@(11,50)w0 4:t5@(12,50)w0 5:t5@(12,49)w0
[dbg] ar=54098 am=6 aA=6 aH=0 l=false j=false fullRedraw=false
[dbg] ar=54123 am=6 aA=6 aH=0 l=false j=false fullRedraw=false
[fifoQ] ar=54127 sel 12 48
[fifo] ar=54128 sel 12 48
[devMouse] sel OK p0 unit type=3 at (12,48)
[fifoQ] ar=54147 goto 11 49 all
[fifo] ar=54148 goto 11 49 all
[devMouse] goto OK (11,49) x0q type=3
[dbg] ar=54148 am=6 aA=6 aH=0 l=false j=false fullRedraw=false
[fifo] ar=54156 slots 0
[slots] p0 n=6 0:t4@(10,49)w0 1:t4@(11,49)w0 2:t3@(12,48)w0 3:t3@(11,50)w0 4:t5@(12,50)w0 5:t5@(12,49)w0
[fifoQ] ar=54168 sel 12 50
[fifo] ar=54169 sel 12 50
[devMouse] sel OK p0 unit type=5 at (12,50)
[dbg] ar=54173 am=6 aA=6 aH=0 l=false j=false fullRedraw=false
[fifoQ] ar=54189 goto 11 49 all
[fifo] ar=54190 goto 11 49 all
[devMouse] goto OK (11,49) x0q type=5
[dbg] ar=54198 am=6 aA=6 aH=0 l=false j=false fullRedraw=false
[fifo] ar=54202 slots 1
[slots] p1 n=0
[fifoQ] ar=54210 sel 10 49
[fifo] ar=54211 sel 10 49
[devMouse] sel OK p0 unit type=4 at (10,49)
[dbg] ar=54223 am=6 aA=6 aH=0 l=false j=false fullRedraw=false
[fifoQ] ar=54231 goto 11 49 all
[fifo] ar=54232 goto 11 49 all
[devMouse] goto OK (11,49) x0q type=4
[fifo] ar=54239 state
[devMouse] aA=6/6 cursor=(48,13) cam=(468,404) Q=880 aE=512 Y=0 sel=6
[devMouse] p0 unit 0 tile=(10,49) type=4 sel=true
[devMouse] p0 unit 1 tile=(11,49) type=4 sel=true
[devMouse] p0 unit 2 tile=(12,48) type=3 sel=false
[devMouse] p0 unit 3 tile=(11,50) type=3 sel=false
[devMouse] p0 unit 4 tile=(12,50) type=5 sel=false
[devMouse] p0 unit 5 tile=(12,49) type=5 sel=false
[dbg] ar=54248 am=6 aA=6 aH=0 l=false j=false fullRedraw=false
[dbg] ar=54273 am=6 aA=6 aH=0 l=false j=false fullRedraw=false
[dbg] ar=54298 am=6 aA=6 aH=0 l=false j=false fullRedraw=false
[dbg] ar=54323 am=6 aA=6 aH=0 l=false j=false fullRedraw=false
[dbg] ar=54348 am=6 aA=6 aH=0 l=false j=false fullRedraw=false
[dbg] ar=54373 am=6 aA=6 aH=0 l=false j=false fullRedraw=false
[dbg] ar=54398 am=6 aA=6 aH=0 l=false j=false fullRedraw=false
[dbg] ar=54423 am=6 aA=6 aH=0 l=false j=false fullRedraw=false
[dbg] ar=54448 am=6 aA=6 aH=0 l=false j=false fullRedraw=false
[dbg] ar=54473 am=6 aA=6 aH=0 l=false j=false fullRedraw=false
[dbg] ar=54498 am=6 aA=6 aH=0 l=false j=false fullRedraw=false
[fifo] ar=54518 slots 0
[slots] p0 n=6 0:t4@(10,49)w0 1:t4@(11,49)w0 2:t3@(12,48)w0 3:t3@(11,50)w0 4:t5@(12,50)w0 5:t5@(12,49)w0
[dbg] ar=54523 am=6 aA=6 aH=0 l=false j=false fullRedraw=false
[dbg] ar=54548 am=6 aA=6 aH=0 l=false j=false fullRedraw=false
[fifo] ar=54566 slots 1
[slots] p1 n=0
[dbg] ar=54573 am=6 aA=6 aH=0 l=false j=false fullRedraw=false
[fifo] ar=54597 state
[devMouse] aA=6/6 cursor=(48,13) cam=(468,404) Q=880 aE=512 Y=0 sel=6
[devMouse] p0 unit 0 tile=(10,49) type=4 sel=true
[devMouse] p0 unit 1 tile=(11,49) type=4 sel=true
[devMouse] p0 unit 2 tile=(12,48) type=3 sel=false
[devMouse] p0 unit 3 tile=(11,50) type=3 sel=false
[devMouse] p0 unit 4 tile=(12,50) type=5 sel=false
[devMouse] p0 unit 5 tile=(12,49) type=5 sel=false
[dbg] ar=54598 am=6 aA=6 aH=0 l=false j=false fullRedraw=false
[dbg] ar=54623 am=6 aA=6 aH=0 l=false j=false fullRedraw=false
[dbg] ar=54648 am=6 aA=6 aH=0 l=false j=false fullRedraw=false
[fifo] ar=54668 slots 0
[slots] p0 n=6 0:t4@(10,49)w0 1:t4@(11,49)w0 2:t3@(12,48)w0 3:t3@(11,50)w0 4:t5@(12,50)w0 5:t5@(12,49)w0
[dbg] ar=54673 am=6 aA=6 aH=0 l=false j=false fullRedraw=false
[fifo] ar=54698 slots 1
[slots] p1 n=0
[dbg] ar=54698 am=6 aA=6 aH=0 l=false j=false fullRedraw=false
[dbg] ar=54723 am=6 aA=6 aH=0 l=false j=false fullRedraw=false
[fifo] ar=54727 slots 1
[slots] p1 n=0
[dbg] ar=54748 am=6 aA=6 aH=0 l=false j=false fullRedraw=false
[fifo] ar=54759 slots 0
[slots] p0 n=6 0:t4@(10,49)w0 1:t4@(11,49)w0 2:t3@(12,48)w0 3:t3@(11,50)w0 4:t5@(12,50)w0 5:t5@(12,49)w0
[dbg] ar=54773 am=6 aA=6 aH=0 l=false j=false fullRedraw=false
[fifoQ] ar=54788 sel 12 48
[fifo] ar=54789 sel 12 48
[devMouse] sel OK p0 unit type=3 at (12,48)
[dbg] ar=54798 am=6 aA=6 aH=0 l=false j=false fullRedraw=false
[fifoQ] ar=54808 goto 11 49 all
[fifo] ar=54809 goto 11 49 all
[devMouse] goto OK (11,49) x0q type=3
[bfs] p0 u2 escalate unitsBlock cur=c30 target=b31 -> len=1 ar=54809
[dbg] ar=54823 am=6 aA=6 aH=0 l=false j=false fullRedraw=false
[fifoQ] ar=54829 sel 12 50
[fifo] ar=54830 sel 12 50
[devMouse] sel OK p0 unit type=5 at (12,50)
[dbg] ar=54848 am=6 aA=6 aH=0 l=false j=false fullRedraw=false
[fifoQ] ar=54849 goto 11 49 all
[fifo] ar=54850 goto 11 49 all
[devMouse] goto OK (11,49) x0q type=5
[bfs] p0 u5 escalate unitsBlock cur=c31 target=b31 -> len=1 ar=54850
[fifo] ar=54868 slots 0
[slots] p0 n=6 0:t4@(10,49)w0 1:t4@(11,49)w0 2:t3@(11,48)w0 3:t3@(11,50)w0 4:t5@(12,50)w0 5:t5@(12,48)w0
[dbg] ar=54873 am=6 aA=6 aH=0 l=false j=false fullRedraw=false
[fifoQ] ar=54876 sel 10 49
[fifo] ar=54877 sel 10 49
[devMouse] sel OK p0 unit type=4 at (10,49)
[fifoQ] ar=54896 goto 11 49 all
[fifo] ar=54897 goto 11 49 all
[devMouse] goto OK (11,49) x0q type=4
[dbg] ar=54898 am=6 aA=6 aH=0 l=false j=false fullRedraw=false
[fifo] ar=54913 slots 1
[slots] p1 n=0
[dbg] ar=54923 am=6 aA=6 aH=0 l=false j=false fullRedraw=false
[fifo] ar=54944 state
[devMouse] aA=6/6 cursor=(48,13) cam=(468,404) Q=880 aE=512 Y=0 sel=6
[devMouse] p0 unit 0 tile=(10,49) type=4 sel=true
[devMouse] p0 unit 1 tile=(11,49) type=4 sel=true
[devMouse] p0 unit 2 tile=(11,48) type=3 sel=false
[devMouse] p0 unit 3 tile=(11,50) type=3 sel=false
[devMouse] p0 unit 4 tile=(12,50) type=5 sel=false
[devMouse] p0 unit 5 tile=(12,48) type=5 sel=false
[dbg] ar=54948 am=6 aA=6 aH=0 l=false j=false fullRedraw=false
[dbg] ar=54973 am=6 aA=6 aH=0 l=false j=false fullRedraw=false
[dbg] ar=54998 am=6 aA=6 aH=0 l=false j=false fullRedraw=false
[dbg] ar=55023 am=6 aA=6 aH=0 l=false j=false fullRedraw=false
[dbg] ar=55048 am=6 aA=6 aH=0 l=false j=false fullRedraw=false
[dbg] ar=55073 am=6 aA=6 aH=0 l=false j=false fullRedraw=false
[dbg] ar=55098 am=6 aA=6 aH=0 l=false j=false fullRedraw=false
[dbg] ar=55123 am=6 aA=6 aH=0 l=false j=false fullRedraw=false
[dbg] ar=55148 am=6 aA=6 aH=0 l=false j=false fullRedraw=false
[dbg] ar=55173 am=6 aA=6 aH=0 l=false j=false fullRedraw=false
[dbg] ar=55198 am=6 aA=6 aH=0 l=false j=false fullRedraw=false
[dbg] ar=55223 am=6 aA=6 aH=0 l=false j=false fullRedraw=false
[fifo] ar=55224 slots 0
[slots] p0 n=6 0:t4@(10,49)w0 1:t4@(11,49)w0 2:t3@(11,48)w0 3:t3@(11,50)w0 4:t5@(12,50)w0 5:t5@(12,48)w0
[dbg] ar=55248 am=6 aA=6 aH=0 l=false j=false fullRedraw=false
[fifo] ar=55271 slots 1
[slots] p1 n=0
[dbg] ar=55273 am=6 aA=6 aH=0 l=false j=false fullRedraw=false
[dbg] ar=55298 am=6 aA=6 aH=0 l=false j=false fullRedraw=false
[fifo] ar=55301 state
[devMouse] aA=6/6 cursor=(48,13) cam=(468,404) Q=880 aE=512 Y=0 sel=6
[devMouse] p0 unit 0 tile=(10,49) type=4 sel=true
[devMouse] p0 unit 1 tile=(11,49) type=4 sel=true
[devMouse] p0 unit 2 tile=(11,48) type=3 sel=false
[devMouse] p0 unit 3 tile=(11,50) type=3 sel=false
[devMouse] p0 unit 4 tile=(12,50) type=5 sel=false
[devMouse] p0 unit 5 tile=(12,48) type=5 sel=false
[dbg] ar=55323 am=6 aA=6 aH=0 l=false j=false fullRedraw=false
[fifo] ar=55340 slots 0
[slots] p0 n=6 0:t4@(10,49)w0 1:t4@(11,49)w0 2:t3@(11,48)w0 3:t3@(11,50)w0 4:t5@(12,50)w0 5:t5@(12,48)w0
[dbg] ar=55348 am=6 aA=6 aH=0 l=false j=false fullRedraw=false
[fifo] ar=55370 slots 1
[slots] p1 n=0
[dbg] ar=55373 am=6 aA=6 aH=0 l=false j=false fullRedraw=false
[dbg] ar=55398 am=6 aA=6 aH=0 l=false j=false fullRedraw=false
[fifo] ar=55401 slots 1
[slots] p1 n=0
[dbg] ar=55423 am=6 aA=6 aH=0 l=false j=false fullRedraw=false
[fifo] ar=55431 slots 0
[slots] p0 n=6 0:t4@(10,49)w0 1:t4@(11,49)w0 2:t3@(11,48)w0 3:t3@(11,50)w0 4:t5@(12,50)w0 5:t5@(12,48)w0
[dbg] ar=55448 am=6 aA=6 aH=0 l=false j=false fullRedraw=false
[fifoQ] ar=55461 sel 11 48
[fifo] ar=55462 sel 11 48
[devMouse] sel OK p0 unit type=3 at (11,48)
[dbg] ar=55473 am=6 aA=6 aH=0 l=false j=false fullRedraw=false
[fifoQ] ar=55482 goto 11 49 all
[fifo] ar=55483 goto 11 49 all
[devMouse] goto OK (11,49) x0q type=3
[dbg] ar=55498 am=6 aA=6 aH=0 l=false j=false fullRedraw=false
[fifoQ] ar=55502 sel 12 50
[fifo] ar=55503 sel 12 50
[devMouse] sel OK p0 unit type=5 at (12,50)
[fifoQ] ar=55522 goto 11 49 all
[fifo] ar=55523 goto 11 49 all
[devMouse] goto OK (11,49) x0q type=5
[dbg] ar=55523 am=6 aA=6 aH=0 l=false j=false fullRedraw=false
[fifoQ] ar=55542 sel 10 49
[fifo] ar=55543 sel 10 49
[devMouse] sel OK p0 unit type=4 at (10,49)
[dbg] ar=55548 am=6 aA=6 aH=0 l=false j=false fullRedraw=false
[fifoQ] ar=55562 goto 11 49 all
[fifo] ar=55563 goto 11 49 all
[devMouse] goto OK (11,49) x0q type=4
[dbg] ar=55573 am=6 aA=6 aH=0 l=false j=false fullRedraw=false
[fifo] ar=55577 slots 0
[slots] p0 n=6 0:t4@(10,49)w0 1:t4@(11,49)w0 2:t3@(11,48)w0 3:t3@(11,50)w0 4:t5@(12,50)w0 5:t5@(12,48)w0
[dbg] ar=55598 am=6 aA=6 aH=0 l=false j=false fullRedraw=false
[fifo] ar=55622 slots 1
[slots] p1 n=0
[dbg] ar=55623 am=6 aA=6 aH=0 l=false j=false fullRedraw=false
[dbg] ar=55648 am=6 aA=6 aH=0 l=false j=false fullRedraw=false
[fifo] ar=55651 state
[devMouse] aA=6/6 cursor=(48,13) cam=(468,404) Q=880 aE=512 Y=0 sel=6
[devMouse] p0 unit 0 tile=(10,49) type=4 sel=true
[devMouse] p0 unit 1 tile=(11,49) type=4 sel=true
[devMouse] p0 unit 2 tile=(11,48) type=3 sel=false
[devMouse] p0 unit 3 tile=(11,50) type=3 sel=false
[devMouse] p0 unit 4 tile=(12,50) type=5 sel=false
[devMouse] p0 unit 5 tile=(12,48) type=5 sel=false
[dbg] ar=55673 am=6 aA=6 aH=0 l=false j=false fullRedraw=false
[dbg] ar=55698 am=6 aA=6 aH=0 l=false j=false fullRedraw=false
[dbg] ar=55723 am=6 aA=6 aH=0 l=false j=false fullRedraw=false
[dbg] ar=55748 am=6 aA=6 aH=0 l=false j=false fullRedraw=false
[dbg] ar=55773 am=6 aA=6 aH=0 l=false j=false fullRedraw=false
[dbg] ar=55798 am=6 aA=6 aH=0 l=false j=false fullRedraw=false
[dbg] ar=55823 am=6 aA=6 aH=0 l=false j=false fullRedraw=false
[dbg] ar=55848 am=6 aA=6 aH=0 l=false j=false fullRedraw=false
[dbg] ar=55873 am=6 aA=6 aH=0 l=false j=false fullRedraw=false
[dbg] ar=55898 am=6 aA=6 aH=0 l=false j=false fullRedraw=false
[dbg] ar=55923 am=6 aA=6 aH=0 l=false j=false fullRedraw=false
[fifo] ar=55925 slots 0
[slots] p0 n=6 0:t4@(10,49)w0 1:t4@(11,49)w0 2:t3@(11,48)w0 3:t3@(11,50)w0 4:t5@(12,50)w0 5:t5@(12,48)w0
[dbg] ar=55948 am=6 aA=6 aH=0 l=false j=false fullRedraw=false
[fifo] ar=55971 slots 1
[slots] p1 n=0
[dbg] ar=55973 am=6 aA=6 aH=0 l=false j=false fullRedraw=false
[fifo] ar=55995 slots 0
[slots] p0 n=6 0:t4@(10,49)w0 1:t4@(11,49)w0 2:t3@(11,48)w0 3:t3@(11,50)w0 4:t5@(12,50)w0 5:t5@(12,48)w0
[dbg] ar=55998 am=6 aA=6 aH=0 l=false j=false fullRedraw=false
[fifo] ar=56003 state
[devMouse] aA=6/6 cursor=(48,13) cam=(468,404) Q=880 aE=512 Y=0 sel=6
[devMouse] p0 unit 0 tile=(10,49) type=4 sel=true
[devMouse] p0 unit 1 tile=(11,49) type=4 sel=true
[devMouse] p0 unit 2 tile=(11,48) type=3 sel=false
[devMouse] p0 unit 3 tile=(11,50) type=3 sel=false
[devMouse] p0 unit 4 tile=(12,50) type=5 sel=false
[devMouse] p0 unit 5 tile=(12,48) type=5 sel=false
[dbg] ar=56023 am=6 aA=6 aH=0 l=false j=false fullRedraw=false
[fifo] ar=56025 slots 1
[slots] p1 n=0
[dbg] ar=56048 am=6 aA=6 aH=0 l=false j=false fullRedraw=false
[fifo] ar=56054 slots 1
[slots] p1 n=0
[dbg] ar=56073 am=6 aA=6 aH=0 l=false j=false fullRedraw=false
[fifo] ar=56084 slots 0
[slots] p0 n=6 0:t4@(10,49)w0 1:t4@(11,49)w0 2:t3@(11,48)w0 3:t3@(11,50)w0 4:t5@(12,50)w0 5:t5@(12,48)w0
[dbg] ar=56098 am=6 aA=6 aH=0 l=false j=false fullRedraw=false
[fifoQ] ar=56115 sel 11 48
[fifo] ar=56116 sel 11 48
[devMouse] sel OK p0 unit type=3 at (11,48)
[dbg] ar=56123 am=6 aA=6 aH=0 l=false j=false fullRedraw=false
[fifoQ] ar=56134 goto 11 49 all
[fifo] ar=56135 goto 11 49 all
[devMouse] goto OK (11,49) x0q type=3
[dbg] ar=56148 am=6 aA=6 aH=0 l=false j=false fullRedraw=false
[fifoQ] ar=56154 sel 12 50
[fifo] ar=56155 sel 12 50
[devMouse] sel OK p0 unit type=5 at (12,50)
[fifoQ] ar=56173 goto 11 49 all
[dbg] ar=56173 am=6 aA=6 aH=0 l=false j=false fullRedraw=false
[fifo] ar=56174 goto 11 49 all
[devMouse] goto OK (11,49) x0q type=5
[fifoQ] ar=56187 sel 10 49
[fifo] ar=56188 sel 10 49
[devMouse] sel OK p0 unit type=4 at (10,49)
[dbg] ar=56198 am=6 aA=6 aH=0 l=false j=false fullRedraw=false
[fifoQ] ar=56205 goto 11 49 all
[fifo] ar=56206 goto 11 49 all
[devMouse] goto OK (11,49) x0q type=4
[dbg] ar=56223 am=6 aA=6 aH=0 l=false j=false fullRedraw=false
[dbg] ar=56248 am=6 aA=6 aH=0 l=false j=false fullRedraw=false
[fifo] ar=56272 slots 0
[slots] p0 n=6 0:t4@(10,49)w0 1:t4@(11,49)w0 2:t3@(11,48)w0 3:t3@(11,50)w0 4:t5@(12,50)w0 5:t5@(12,48)w0
[dbg] ar=56273 am=6 aA=6 aH=0 l=false j=false fullRedraw=false
[dbg] ar=56298 am=6 aA=6 aH=0 l=false j=false fullRedraw=false
[fifo] ar=56319 slots 1
[slots] p1 n=0
[dbg] ar=56323 am=6 aA=6 aH=0 l=false j=false fullRedraw=false
[dbg] ar=56348 am=6 aA=6 aH=0 l=false j=false fullRedraw=false
[fifo] ar=56349 state
[devMouse] aA=6/6 cursor=(48,13) cam=(468,404) Q=880 aE=512 Y=0 sel=6
[devMouse] p0 unit 0 tile=(10,49) type=4 sel=true
[devMouse] p0 unit 1 tile=(11,49) type=4 sel=true
[devMouse] p0 unit 2 tile=(11,48) type=3 sel=false
[devMouse] p0 unit 3 tile=(11,50) type=3 sel=false
[devMouse] p0 unit 4 tile=(12,50) type=5 sel=false
[devMouse] p0 unit 5 tile=(12,48) type=5 sel=false
[dbg] ar=56373 am=6 aA=6 aH=0 l=false j=false fullRedraw=false
[dbg] ar=56398 am=6 aA=6 aH=0 l=false j=false fullRedraw=false
[dbg] ar=56423 am=6 aA=6 aH=0 l=false j=false fullRedraw=false
[dbg] ar=56448 am=6 aA=6 aH=0 l=false j=false fullRedraw=false
[dbg] ar=56473 am=6 aA=6 aH=0 l=false j=false fullRedraw=false
[dbg] ar=56498 am=6 aA=6 aH=0 l=false j=false fullRedraw=false
[dbg] ar=56523 am=6 aA=6 aH=0 l=false j=false fullRedraw=false
[dbg] ar=56548 am=6 aA=6 aH=0 l=false j=false fullRedraw=false
[dbg] ar=56573 am=6 aA=6 aH=0 l=false j=false fullRedraw=false
[dbg] ar=56598 am=6 aA=6 aH=0 l=false j=false fullRedraw=false
[fifo] ar=56622 slots 0
[slots] p0 n=6 0:t4@(10,49)w0 1:t4@(11,49)w0 2:t3@(11,48)w0 3:t3@(11,50)w0 4:t5@(12,50)w0 5:t5@(12,48)w0
[dbg] ar=56623 am=6 aA=6 aH=0 l=false j=false fullRedraw=false
[fifo] ar=56642 slots 0
[slots] p0 n=6 0:t4@(10,49)w0 1:t4@(11,49)w0 2:t3@(11,48)w0 3:t3@(11,50)w0 4:t5@(12,50)w0 5:t5@(12,48)w0
[dbg] ar=56648 am=6 aA=6 aH=0 l=false j=false fullRedraw=false
[fifo] ar=56668 slots 1
[slots] p1 n=0
[dbg] ar=56673 am=6 aA=6 aH=0 l=false j=false fullRedraw=false
[fifo] ar=56675 slots 1
[slots] p1 n=0
[fifo] ar=56697 state
[devMouse] aA=6/6 cursor=(48,13) cam=(468,404) Q=880 aE=512 Y=0 sel=6
[devMouse] p0 unit 0 tile=(10,49) type=4 sel=true
[devMouse] p0 unit 1 tile=(11,49) type=4 sel=true
[devMouse] p0 unit 2 tile=(11,48) type=3 sel=false
[devMouse] p0 unit 3 tile=(11,50) type=3 sel=false
[devMouse] p0 unit 4 tile=(12,50) type=5 sel=false
[devMouse] p0 unit 5 tile=(12,48) type=5 sel=false
[dbg] ar=56698 am=6 aA=6 aH=0 l=false j=false fullRedraw=false
[fifo] ar=56706 slots 1
[slots] p1 n=0
[dbg] ar=56723 am=6 aA=6 aH=0 l=false j=false fullRedraw=false
[fifo] ar=56736 slots 0
[slots] p0 n=6 0:t4@(10,49)w0 1:t4@(11,49)w0 2:t3@(11,48)w0 3:t3@(11,50)w0 4:t5@(12,50)w0 5:t5@(12,48)w0
[dbg] ar=56748 am=6 aA=6 aH=0 l=false j=false fullRedraw=false
[fifoQ] ar=56767 sel 11 48
[fifo] ar=56768 sel 11 48
[devMouse] sel OK p0 unit type=3 at (11,48)
[dbg] ar=56773 am=6 aA=6 aH=0 l=false j=false fullRedraw=false
[fifoQ] ar=56787 goto 11 49 all
[fifo] ar=56788 goto 11 49 all
[devMouse] goto OK (11,49) x0q type=3
[dbg] ar=56798 am=6 aA=6 aH=0 l=false j=false fullRedraw=false
[fifoQ] ar=56806 sel 12 50
[fifo] ar=56807 sel 12 50
[devMouse] sel OK p0 unit type=5 at (12,50)
[dbg] ar=56823 am=6 aA=6 aH=0 l=false j=false fullRedraw=false
[fifoQ] ar=56826 goto 11 49 all
[fifo] ar=56827 goto 11 49 all
[devMouse] goto OK (11,49) x0q type=5
[fifoQ] ar=56846 sel 10 49
[fifo] ar=56847 sel 10 49
[devMouse] sel OK p0 unit type=4 at (10,49)
[dbg] ar=56848 am=6 aA=6 aH=0 l=false j=false fullRedraw=false
[fifoQ] ar=56865 goto 11 49 all
[fifo] ar=56866 goto 11 49 all
[devMouse] goto OK (11,49) x0q type=4
[dbg] ar=56873 am=6 aA=6 aH=0 l=false j=false fullRedraw=false
[dbg] ar=56898 am=6 aA=6 aH=0 l=false j=false fullRedraw=false
[dbg] ar=56923 am=6 aA=6 aH=0 l=false j=false fullRedraw=false
[dbg] ar=56948 am=6 aA=6 aH=0 l=false j=false fullRedraw=false
[fifo] ar=56973 slots 0
[slots] p0 n=6 0:t4@(10,49)w0 1:t4@(11,49)w0 2:t3@(11,48)w0 3:t3@(11,50)w0 4:t5@(12,50)w0 5:t5@(12,48)w0
[dbg] ar=56973 am=6 aA=6 aH=0 l=false j=false fullRedraw=false
[dbg] ar=56998 am=6 aA=6 aH=0 l=false j=false fullRedraw=false
[fifo] ar=57020 slots 1
[slots] p1 n=0
[dbg] ar=57023 am=6 aA=6 aH=0 l=false j=false fullRedraw=false
[dbg] ar=57048 am=6 aA=6 aH=0 l=false j=false fullRedraw=false
[fifo] ar=57049 state
[devMouse] aA=6/6 cursor=(48,13) cam=(468,404) Q=880 aE=512 Y=0 sel=6
[devMouse] p0 unit 0 tile=(10,49) type=4 sel=true
[devMouse] p0 unit 1 tile=(11,49) type=4 sel=true
[devMouse] p0 unit 2 tile=(11,48) type=3 sel=false
[devMouse] p0 unit 3 tile=(11,50) type=3 sel=false
[devMouse] p0 unit 4 tile=(12,50) type=5 sel=false
[devMouse] p0 unit 5 tile=(12,48) type=5 sel=false
[dbg] ar=57073 am=6 aA=6 aH=0 l=false j=false fullRedraw=false
[dbg] ar=57098 am=6 aA=6 aH=0 l=false j=false fullRedraw=false
[dbg] ar=57123 am=6 aA=6 aH=0 l=false j=false fullRedraw=false
[dbg] ar=57148 am=6 aA=6 aH=0 l=false j=false fullRedraw=false
[dbg] ar=57173 am=6 aA=6 aH=0 l=false j=false fullRedraw=false
[dbg] ar=57198 am=6 aA=6 aH=0 l=false j=false fullRedraw=false
[dbg] ar=57223 am=6 aA=6 aH=0 l=false j=false fullRedraw=false
[dbg] ar=57248 am=6 aA=6 aH=0 l=false j=false fullRedraw=false
[dbg] ar=57273 am=6 aA=6 aH=0 l=false j=false fullRedraw=false
[dbg] ar=57298 am=6 aA=6 aH=0 l=false j=false fullRedraw=false
[fifo] ar=57305 slots 0
[slots] p0 n=6 0:t4@(10,49)w0 1:t4@(11,49)w0 2:t3@(11,48)w0 3:t3@(11,50)w0 4:t5@(12,50)w0 5:t5@(12,48)w0
[dbg] ar=57323 am=6 aA=6 aH=0 l=false j=false fullRedraw=false
[fifo] ar=57329 slots 0
[slots] p0 n=6 0:t4@(10,49)w0 1:t4@(11,49)w0 2:t3@(11,48)w0 3:t3@(11,50)w0 4:t5@(12,50)w0 5:t5@(12,48)w0
[fifo] ar=57336 slots 1
[slots] p1 n=0
[dbg] ar=57348 am=6 aA=6 aH=0 l=false j=false fullRedraw=false
[fifo] ar=57366 slots 1
[slots] p1 n=0
[dbg] ar=57373 am=6 aA=6 aH=0 l=false j=false fullRedraw=false
[fifo] ar=57375 slots 1
[slots] p1 n=0
[fifo] ar=57396 slots 0
[slots] p0 n=6 0:t4@(10,49)w0 1:t4@(11,49)w0 2:t3@(11,48)w0 3:t3@(11,50)w0 4:t5@(12,50)w0 5:t5@(12,48)w0
[dbg] ar=57398 am=6 aA=6 aH=0 l=false j=false fullRedraw=false
[fifo] ar=57404 state
[devMouse] aA=6/6 cursor=(48,13) cam=(468,404) Q=880 aE=512 Y=0 sel=6
[devMouse] p0 unit 0 tile=(10,49) type=4 sel=true
[devMouse] p0 unit 1 tile=(11,49) type=4 sel=true
[devMouse] p0 unit 2 tile=(11,48) type=3 sel=false
[devMouse] p0 unit 3 tile=(11,50) type=3 sel=false
[devMouse] p0 unit 4 tile=(12,50) type=5 sel=false
[devMouse] p0 unit 5 tile=(12,48) type=5 sel=false
[dbg] ar=57423 am=6 aA=6 aH=0 l=false j=false fullRedraw=false
[fifoQ] ar=57426 sel 11 48
[fifo] ar=57427 sel 11 48
[devMouse] sel OK p0 unit type=3 at (11,48)
[fifoQ] ar=57446 goto 11 49 all
[fifo] ar=57447 goto 11 49 all
[devMouse] goto OK (11,49) x0q type=3
[dbg] ar=57448 am=6 aA=6 aH=0 l=false j=false fullRedraw=false
[fifoQ] ar=57466 sel 12 50
[fifo] ar=57467 sel 12 50
[devMouse] sel OK p0 unit type=5 at (12,50)
[dbg] ar=57473 am=6 aA=6 aH=0 l=false j=false fullRedraw=false
[fifoQ] ar=57485 goto 11 49 all
[fifo] ar=57486 goto 11 49 all
[devMouse] goto OK (11,49) x0q type=5
[dbg] ar=57498 am=6 aA=6 aH=0 l=false j=false fullRedraw=false
[fifoQ] ar=57506 sel 10 49
[fifo] ar=57507 sel 10 49
[devMouse] sel OK p0 unit type=4 at (10,49)
[dbg] ar=57523 am=6 aA=6 aH=0 l=false j=false fullRedraw=false
[fifoQ] ar=57526 goto 11 49 all
[fifo] ar=57527 goto 11 49 all
[devMouse] goto OK (11,49) x0q type=4
[dbg] ar=57548 am=6 aA=6 aH=0 l=false j=false fullRedraw=false
[dbg] ar=57573 am=6 aA=6 aH=0 l=false j=false fullRedraw=false
[dbg] ar=57598 am=6 aA=6 aH=0 l=false j=false fullRedraw=false
[dbg] ar=57623 am=6 aA=6 aH=0 l=false j=false fullRedraw=false
[dbg] ar=57648 am=6 aA=6 aH=0 l=false j=false fullRedraw=false
[dbg] ar=57673 am=6 aA=6 aH=0 l=false j=false fullRedraw=false
[fifo] ar=57680 slots 0
[slots] p0 n=6 0:t4@(10,49)w0 1:t4@(11,49)w0 2:t3@(11,48)w0 3:t3@(11,50)w0 4:t5@(12,50)w0 5:t5@(12,48)w0
[dbg] ar=57698 am=6 aA=6 aH=0 l=false j=false fullRedraw=false
[dbg] ar=57723 am=6 aA=6 aH=0 l=false j=false fullRedraw=false
[fifo] ar=57726 slots 1
[slots] p1 n=0
[dbg] ar=57748 am=6 aA=6 aH=0 l=false j=false fullRedraw=false
[fifo] ar=57757 state
[devMouse] aA=6/6 cursor=(48,13) cam=(468,404) Q=880 aE=512 Y=0 sel=6
[devMouse] p0 unit 0 tile=(10,49) type=4 sel=true
[devMouse] p0 unit 1 tile=(11,49) type=4 sel=true
[devMouse] p0 unit 2 tile=(11,48) type=3 sel=false
[devMouse] p0 unit 3 tile=(11,50) type=3 sel=false
[devMouse] p0 unit 4 tile=(12,50) type=5 sel=false
[devMouse] p0 unit 5 tile=(12,48) type=5 sel=false
[dbg] ar=57773 am=6 aA=6 aH=0 l=false j=false fullRedraw=false
[dbg] ar=57798 am=6 aA=6 aH=0 l=false j=false fullRedraw=false
[dbg] ar=57823 am=6 aA=6 aH=0 l=false j=false fullRedraw=false
[dbg] ar=57848 am=6 aA=6 aH=0 l=false j=false fullRedraw=false
[dbg] ar=57873 am=6 aA=6 aH=0 l=false j=false fullRedraw=false
[dbg] ar=57898 am=6 aA=6 aH=0 l=false j=false fullRedraw=false
[dbg] ar=57923 am=6 aA=6 aH=0 l=false j=false fullRedraw=false
[dbg] ar=57948 am=6 aA=6 aH=0 l=false j=false fullRedraw=false
[fifo] ar=57966 slots 0
[slots] p0 n=6 0:t4@(10,49)w0 1:t4@(11,49)w0 2:t3@(11,48)w0 3:t3@(11,50)w0 4:t5@(12,50)w0 5:t5@(12,48)w0
[dbg] ar=57973 am=6 aA=6 aH=0 l=false j=false fullRedraw=false
[fifo] ar=57997 slots 1
[slots] p1 n=0
[dbg] ar=57998 am=6 aA=6 aH=0 l=false j=false fullRedraw=false
[dbg] ar=58023 am=6 aA=6 aH=0 l=false j=false fullRedraw=false
[fifo] ar=58026 slots 1
[slots] p1 n=0
[fifo] ar=58034 slots 0
[slots] p0 n=6 0:t4@(10,49)w0 1:t4@(11,49)w0 2:t3@(11,48)w0 3:t3@(11,50)w0 4:t5@(12,50)w0 5:t5@(12,48)w0
[dbg] ar=58048 am=6 aA=6 aH=0 l=false j=false fullRedraw=false
[fifo] ar=58056 slots 0
[slots] p0 n=6 0:t4@(10,49)w0 1:t4@(11,49)w0 2:t3@(11,48)w0 3:t3@(11,50)w0 4:t5@(12,50)w0 5:t5@(12,48)w0
[dbg] ar=58073 am=6 aA=6 aH=0 l=false j=false fullRedraw=false
[fifo] ar=58081 slots 1
[slots] p1 n=0
[fifoQ] ar=58089 sel 11 48
[fifo] ar=58090 sel 11 48
[devMouse] sel OK p0 unit type=3 at (11,48)
[dbg] ar=58098 am=6 aA=6 aH=0 l=false j=false fullRedraw=false
[fifoQ] ar=58109 goto 11 49 all
[fifo] ar=58110 goto 11 49 all
[devMouse] goto OK (11,49) x0q type=3
[fifo] ar=58117 state
[devMouse] aA=6/6 cursor=(48,13) cam=(468,404) Q=880 aE=512 Y=0 sel=6
[devMouse] p0 unit 0 tile=(10,49) type=4 sel=false
[devMouse] p0 unit 1 tile=(11,49) type=4 sel=false
[devMouse] p0 unit 2 tile=(11,48) type=3 sel=true
[devMouse] p0 unit 3 tile=(11,50) type=3 sel=true
[devMouse] p0 unit 4 tile=(12,50) type=5 sel=false
[devMouse] p0 unit 5 tile=(12,48) type=5 sel=false
[dbg] ar=58123 am=6 aA=6 aH=0 l=false j=false fullRedraw=false
[fifoQ] ar=58130 sel 12 50
[fifo] ar=58131 sel 12 50
[devMouse] sel OK p0 unit type=5 at (12,50)
[dbg] ar=58148 am=6 aA=6 aH=0 l=false j=false fullRedraw=false
[fifoQ] ar=58150 goto 11 49 all
[fifo] ar=58151 goto 11 49 all
[devMouse] goto OK (11,49) x0q type=5
[fifoQ] ar=58170 sel 10 49
[fifo] ar=58171 sel 10 49
[devMouse] sel OK p0 unit type=4 at (10,49)
[dbg] ar=58173 am=6 aA=6 aH=0 l=false j=false fullRedraw=false
[fifoQ] ar=58190 goto 11 49 all
[fifo] ar=58191 goto 11 49 all
[devMouse] goto OK (11,49) x0q type=4
[dbg] ar=58198 am=6 aA=6 aH=0 l=false j=false fullRedraw=false
[dbg] ar=58223 am=6 aA=6 aH=0 l=false j=false fullRedraw=false
[dbg] ar=58248 am=6 aA=6 aH=0 l=false j=false fullRedraw=false
[dbg] ar=58273 am=6 aA=6 aH=0 l=false j=false fullRedraw=false
[dbg] ar=58298 am=6 aA=6 aH=0 l=false j=false fullRedraw=false
[dbg] ar=58323 am=6 aA=6 aH=0 l=false j=false fullRedraw=false
[dbg] ar=58348 am=6 aA=6 aH=0 l=false j=false fullRedraw=false
[dbg] ar=58373 am=6 aA=6 aH=0 l=false j=false fullRedraw=false
[fifo] ar=58395 slots 0
[slots] p0 n=6 0:t4@(10,49)w0 1:t4@(11,49)w0 2:t3@(11,48)w0 3:t3@(11,50)w0 4:t5@(12,50)w0 5:t5@(12,48)w0
[dbg] ar=58398 am=6 aA=6 aH=0 l=false j=false fullRedraw=false
[dbg] ar=58423 am=6 aA=6 aH=0 l=false j=false fullRedraw=false
[fifo] ar=58443 slots 1
[slots] p1 n=0
[dbg] ar=58448 am=6 aA=6 aH=0 l=false j=false fullRedraw=false
[dbg] ar=58473 am=6 aA=6 aH=0 l=false j=false fullRedraw=false
[fifo] ar=58474 state
[devMouse] aA=6/6 cursor=(48,13) cam=(468,404) Q=880 aE=512 Y=0 sel=6
[devMouse] p0 unit 0 tile=(10,49) type=4 sel=true
[devMouse] p0 unit 1 tile=(11,49) type=4 sel=true
[devMouse] p0 unit 2 tile=(11,48) type=3 sel=false
[devMouse] p0 unit 3 tile=(11,50) type=3 sel=false
[devMouse] p0 unit 4 tile=(12,50) type=5 sel=false
[devMouse] p0 unit 5 tile=(12,48) type=5 sel=false
[dbg] ar=58498 am=6 aA=6 aH=0 l=false j=false fullRedraw=false
[dbg] ar=58523 am=6 aA=6 aH=0 l=false j=false fullRedraw=false
[dbg] ar=58548 am=6 aA=6 aH=0 l=false j=false fullRedraw=false
[dbg] ar=58573 am=6 aA=6 aH=0 l=false j=false fullRedraw=false
[dbg] ar=58598 am=6 aA=6 aH=0 l=false j=false fullRedraw=false
[dbg] ar=58623 am=6 aA=6 aH=0 l=false j=false fullRedraw=false
[fifo] ar=58631 slots 0
[slots] p0 n=6 0:t4@(10,49)w0 1:t4@(11,49)w0 2:t3@(11,48)w0 3:t3@(11,50)w0 4:t5@(12,50)w0 5:t5@(12,48)w0
[dbg] ar=58648 am=6 aA=6 aH=0 l=false j=false fullRedraw=false
[fifo] ar=58661 slots 1
[slots] p1 n=0
[dbg] ar=58673 am=6 aA=6 aH=0 l=false j=false fullRedraw=false
[fifo] ar=58691 slots 1
[slots] p1 n=0
[dbg] ar=58698 am=6 aA=6 aH=0 l=false j=false fullRedraw=false
[fifo] ar=58722 slots 0
[slots] p0 n=6 0:t4@(10,49)w0 1:t4@(11,49)w0 2:t3@(11,48)w0 3:t3@(11,50)w0 4:t5@(12,50)w0 5:t5@(12,48)w0
[dbg] ar=58723 am=6 aA=6 aH=0 l=false j=false fullRedraw=false
[dbg] ar=58748 am=6 aA=6 aH=0 l=false j=false fullRedraw=false
[fifo] ar=58751 slots 0
[slots] p0 n=6 0:t4@(10,49)w0 1:t4@(11,49)w0 2:t3@(11,48)w0 3:t3@(11,50)w0 4:t5@(12,50)w0 5:t5@(12,48)w0
[fifoQ] ar=58759 sel 11 48
[fifo] ar=58760 sel 11 48
[devMouse] sel OK p0 unit type=3 at (11,48)
[dbg] ar=58773 am=6 aA=6 aH=0 l=false j=false fullRedraw=false
[fifoQ] ar=58780 goto 11 49 all
[fifo] ar=58781 goto 11 49 all
[devMouse] goto OK (11,49) x0q type=3
[fifo] ar=58797 slots 1
[slots] p1 n=0
[dbg] ar=58798 am=6 aA=6 aH=0 l=false j=false fullRedraw=false
[fifoQ] ar=58806 sel 12 50
[fifo] ar=58807 sel 12 50
[devMouse] sel OK p0 unit type=5 at (12,50)
[dbg] ar=58823 am=6 aA=6 aH=0 l=false j=false fullRedraw=false
[fifoQ] ar=58826 goto 11 49 all
[fifo] ar=58827 goto 11 49 all
[devMouse] goto OK (11,49) x0q type=5
[fifo] ar=58834 state
[devMouse] aA=6/6 cursor=(48,13) cam=(468,404) Q=880 aE=512 Y=0 sel=6
[devMouse] p0 unit 0 tile=(10,49) type=4 sel=false
[devMouse] p0 unit 1 tile=(11,49) type=4 sel=false
[devMouse] p0 unit 2 tile=(11,48) type=3 sel=false
[devMouse] p0 unit 3 tile=(11,50) type=3 sel=false
[devMouse] p0 unit 4 tile=(12,50) type=5 sel=true
[devMouse] p0 unit 5 tile=(12,48) type=5 sel=true
[fifoQ] ar=58847 sel 10 49
[fifo] ar=58848 sel 10 49
[devMouse] sel OK p0 unit type=4 at (10,49)
[dbg] ar=58848 am=6 aA=6 aH=0 l=false j=true fullRedraw=false
[fifoQ] ar=58867 goto 11 49 all
[fifo] ar=58868 goto 11 49 all
[devMouse] goto OK (11,49) x0q type=4
[dbg] ar=58873 am=6 aA=6 aH=0 l=false j=false fullRedraw=false
[dbg] ar=58898 am=6 aA=6 aH=0 l=false j=false fullRedraw=false
[dbg] ar=58923 am=6 aA=6 aH=0 l=false j=false fullRedraw=false
[dbg] ar=58948 am=6 aA=6 aH=0 l=false j=false fullRedraw=false
[dbg] ar=58973 am=6 aA=6 aH=0 l=false j=false fullRedraw=false
[dbg] ar=58998 am=6 aA=6 aH=0 l=false j=false fullRedraw=false
[dbg] ar=59023 am=6 aA=6 aH=0 l=false j=false fullRedraw=false
[dbg] ar=59048 am=6 aA=6 aH=0 l=false j=false fullRedraw=false
[dbg] ar=59073 am=6 aA=6 aH=0 l=false j=false fullRedraw=false
[dbg] ar=59098 am=6 aA=6 aH=0 l=false j=false fullRedraw=false
[fifo] ar=59106 slots 0
[slots] p0 n=6 0:t4@(10,49)w0 1:t4@(11,49)w0 2:t3@(11,48)w0 3:t3@(11,50)w0 4:t5@(12,50)w0 5:t5@(12,48)w0
[dbg] ar=59123 am=6 aA=6 aH=0 l=false j=false fullRedraw=false
[dbg] ar=59148 am=6 aA=6 aH=0 l=false j=false fullRedraw=false
[fifo] ar=59153 slots 1
[slots] p1 n=0
[dbg] ar=59173 am=6 aA=6 aH=0 l=false j=false fullRedraw=false
[fifo] ar=59185 state
[devMouse] aA=6/6 cursor=(48,13) cam=(468,404) Q=880 aE=512 Y=0 sel=6
[devMouse] p0 unit 0 tile=(10,49) type=4 sel=true
[devMouse] p0 unit 1 tile=(11,49) type=4 sel=true
[devMouse] p0 unit 2 tile=(11,48) type=3 sel=false
[devMouse] p0 unit 3 tile=(11,50) type=3 sel=false
[devMouse] p0 unit 4 tile=(12,50) type=5 sel=false
[devMouse] p0 unit 5 tile=(12,48) type=5 sel=false
[dbg] ar=59198 am=6 aA=6 aH=0 l=false j=false fullRedraw=false
[dbg] ar=59223 am=6 aA=6 aH=0 l=false j=false fullRedraw=false
[dbg] ar=59248 am=6 aA=6 aH=0 l=false j=false fullRedraw=false
[dbg] ar=59273 am=6 aA=6 aH=0 l=false j=false fullRedraw=false
[dbg] ar=59298 am=6 aA=6 aH=0 l=false j=false fullRedraw=false
[fifo] ar=59302 slots 0
[slots] p0 n=6 0:t4@(10,49)w0 1:t4@(11,49)w0 2:t3@(11,48)w0 3:t3@(11,50)w0 4:t5@(12,50)w0 5:t5@(12,48)w0
[dbg] ar=59323 am=6 aA=6 aH=0 l=false j=false fullRedraw=false
[fifo] ar=59333 slots 1
[slots] p1 n=0
[dbg] ar=59348 am=6 aA=6 aH=0 l=false j=false fullRedraw=false
[fifo] ar=59363 slots 1
[slots] p1 n=0
[dbg] ar=59373 am=6 aA=6 aH=0 l=false j=false fullRedraw=false
[fifo] ar=59393 slots 0
[slots] p0 n=6 0:t4@(10,49)w0 1:t4@(11,49)w0 2:t3@(11,48)w0 3:t3@(11,50)w0 4:t5@(12,50)w0 5:t5@(12,48)w0
[dbg] ar=59398 am=6 aA=6 aH=0 l=false j=false fullRedraw=false
[fifoQ] ar=59423 sel 11 48
[dbg] ar=59423 am=6 aA=6 aH=0 l=false j=false fullRedraw=false
[fifo] ar=59424 sel 11 48
[devMouse] sel OK p0 unit type=3 at (11,48)
[fifoQ] ar=59444 goto 11 49 all
[fifo] ar=59444 goto 11 49 all
[devMouse] goto OK (11,49) x0q type=3
[dbg] ar=59448 am=6 aA=6 aH=0 l=false j=false fullRedraw=false
[fifo] ar=59463 slots 0
[slots] p0 n=6 0:t4@(10,49)w0 1:t4@(11,49)w0 2:t3@(11,48)w0 3:t3@(11,50)w0 4:t5@(12,50)w0 5:t5@(12,48)w0
[fifoQ] ar=59471 sel 12 50
[fifo] ar=59471 sel 12 50
[devMouse] sel OK p0 unit type=5 at (12,50)
[dbg] ar=59473 am=6 aA=6 aH=0 l=false j=false fullRedraw=false
[fifoQ] ar=59489 goto 11 49 all
[fifo] ar=59490 goto 11 49 all
[devMouse] goto OK (11,49) x0q type=5
[dbg] ar=59498 am=6 aA=6 aH=0 l=false j=false fullRedraw=false
[fifo] ar=59506 slots 1
[slots] p1 n=0
[fifoQ] ar=59514 sel 10 49
[fifo] ar=59515 sel 10 49
[devMouse] sel OK p0 unit type=4 at (10,49)
[dbg] ar=59523 am=6 aA=6 aH=0 l=false j=false fullRedraw=false
[fifoQ] ar=59535 goto 11 49 all
[fifo] ar=59536 goto 11 49 all
[devMouse] goto OK (11,49) x0q type=4
[fifo] ar=59543 state
[devMouse] aA=6/6 cursor=(48,13) cam=(468,404) Q=880 aE=512 Y=0 sel=6
[devMouse] p0 unit 0 tile=(10,49) type=4 sel=true
[devMouse] p0 unit 1 tile=(11,49) type=4 sel=true
[devMouse] p0 unit 2 tile=(11,48) type=3 sel=false
[devMouse] p0 unit 3 tile=(11,50) type=3 sel=false
[devMouse] p0 unit 4 tile=(12,50) type=5 sel=false
[devMouse] p0 unit 5 tile=(12,48) type=5 sel=false
[dbg] ar=59548 am=6 aA=6 aH=0 l=false j=false fullRedraw=false
[dbg] ar=59573 am=6 aA=6 aH=0 l=false j=false fullRedraw=false
[dbg] ar=59598 am=6 aA=6 aH=0 l=false j=false fullRedraw=false
[dbg] ar=59623 am=6 aA=6 aH=0 l=false j=false fullRedraw=false
[dbg] ar=59648 am=6 aA=6 aH=0 l=false j=false fullRedraw=false
[dbg] ar=59673 am=6 aA=6 aH=0 l=false j=false fullRedraw=false
[dbg] ar=59698 am=6 aA=6 aH=0 l=false j=false fullRedraw=false
[dbg] ar=59723 am=6 aA=6 aH=0 l=false j=false fullRedraw=false
[dbg] ar=59748 am=6 aA=6 aH=0 l=false j=false fullRedraw=false
[dbg] ar=59773 am=6 aA=6 aH=0 l=false j=false fullRedraw=false
[dbg] ar=59798 am=6 aA=6 aH=0 l=false j=false fullRedraw=false
[dbg] ar=59823 am=6 aA=6 aH=0 l=false j=false fullRedraw=false
[fifo] ar=59824 slots 0
[slots] p0 n=6 0:t4@(10,49)w0 1:t4@(11,49)w0 2:t3@(11,48)w0 3:t3@(11,50)w0 4:t5@(12,50)w0 5:t5@(12,48)w0
[dbg] ar=59848 am=6 aA=6 aH=0 l=false j=false fullRedraw=false
[fifo] ar=59871 slots 1
[slots] p1 n=0
[dbg] ar=59873 am=6 aA=6 aH=0 l=false j=false fullRedraw=false
[dbg] ar=59898 am=6 aA=6 aH=0 l=false j=false fullRedraw=false
[fifo] ar=59901 state
[devMouse] aA=6/6 cursor=(48,13) cam=(468,404) Q=880 aE=512 Y=0 sel=6
[devMouse] p0 unit 0 tile=(10,49) type=4 sel=true
[devMouse] p0 unit 1 tile=(11,49) type=4 sel=true
[devMouse] p0 unit 2 tile=(11,48) type=3 sel=false
[devMouse] p0 unit 3 tile=(11,50) type=3 sel=false
[devMouse] p0 unit 4 tile=(12,50) type=5 sel=false
[devMouse] p0 unit 5 tile=(12,48) type=5 sel=false
[dbg] ar=59923 am=6 aA=6 aH=0 l=false j=false fullRedraw=false
[dbg] ar=59948 am=6 aA=6 aH=0 l=false j=false fullRedraw=false
[dbg] ar=59973 am=6 aA=6 aH=0 l=false j=false fullRedraw=false
[fifo] ar=59976 slots 0
[slots] p0 n=6 0:t4@(10,49)w0 1:t4@(11,49)w0 2:t3@(11,48)w0 3:t3@(11,50)w0 4:t5@(12,50)w0 5:t5@(12,48)w0
[dbg] ar=59998 am=6 aA=6 aH=0 l=false j=false fullRedraw=false
[fifo] ar=60006 slots 1
[slots] p1 n=0
[dbg] ar=60023 am=6 aA=6 aH=0 l=false j=false fullRedraw=false
[fifo] ar=60037 slots 1
[slots] p1 n=0
[dbg] ar=60048 am=6 aA=6 aH=0 l=false j=false fullRedraw=false
[fifo] ar=60067 slots 0
[slots] p0 n=6 0:t4@(10,49)w0 1:t4@(11,49)w0 2:t3@(11,48)w0 3:t3@(11,50)w0 4:t5@(12,50)w0 5:t5@(12,48)w0
[dbg] ar=60073 am=6 aA=6 aH=0 l=false j=false fullRedraw=false
[fifoQ] ar=60096 sel 11 48
[fifo] ar=60097 sel 11 48
[devMouse] sel OK p0 unit type=3 at (11,48)
[dbg] ar=60098 am=6 aA=6 aH=0 l=false j=false fullRedraw=false
[fifoQ] ar=60117 goto 11 49 all
[fifo] ar=60118 goto 11 49 all
[devMouse] goto OK (11,49) x0q type=3
[dbg] ar=60123 am=6 aA=6 aH=0 l=false j=false fullRedraw=false
[fifoQ] ar=60138 sel 12 50
[fifo] ar=60139 sel 12 50
[devMouse] sel OK p0 unit type=5 at (12,50)
[dbg] ar=60148 am=6 aA=6 aH=0 l=false j=false fullRedraw=false
[fifoQ] ar=60159 goto 11 49 all
[fifo] ar=60159 goto 11 49 all
[devMouse] goto OK (11,49) x0q type=5
[dbg] ar=60173 am=6 aA=6 aH=0 l=false j=false fullRedraw=false
[fifo] ar=60178 slots 0
[slots] p0 n=6 0:t4@(10,49)w0 1:t4@(11,49)w0 2:t3@(11,48)w0 3:t3@(11,50)w0 4:t5@(12,50)w0 5:t5@(12,48)w0
[fifoQ] ar=60186 sel 10 49
[fifo] ar=60187 sel 10 49
[devMouse] sel OK p0 unit type=4 at (10,49)
[dbg] ar=60198 am=6 aA=6 aH=0 l=false j=false fullRedraw=false
[fifoQ] ar=60206 goto 11 49 all
[fifo] ar=60207 goto 11 49 all
[devMouse] goto OK (11,49) x0q type=4
[dbg] ar=60223 am=6 aA=6 aH=0 l=false j=false fullRedraw=false
[fifo] ar=60224 slots 1
[slots] p1 n=0
[dbg] ar=60248 am=6 aA=6 aH=0 l=false j=false fullRedraw=false
[fifo] ar=60255 state
[devMouse] aA=6/6 cursor=(48,13) cam=(468,404) Q=880 aE=512 Y=0 sel=6
[devMouse] p0 unit 0 tile=(10,49) type=4 sel=true
[devMouse] p0 unit 1 tile=(11,49) type=4 sel=true
[devMouse] p0 unit 2 tile=(11,48) type=3 sel=false
[devMouse] p0 unit 3 tile=(11,50) type=3 sel=false
[devMouse] p0 unit 4 tile=(12,50) type=5 sel=false
[devMouse] p0 unit 5 tile=(12,48) type=5 sel=false
[dbg] ar=60273 am=6 aA=6 aH=0 l=false j=false fullRedraw=false
[dbg] ar=60298 am=6 aA=6 aH=0 l=false j=false fullRedraw=false
[dbg] ar=60323 am=6 aA=6 aH=0 l=false j=false fullRedraw=false
[dbg] ar=60348 am=6 aA=6 aH=0 l=false j=false fullRedraw=false
[dbg] ar=60373 am=6 aA=6 aH=0 l=false j=false fullRedraw=false
[dbg] ar=60398 am=6 aA=6 aH=0 l=false j=false fullRedraw=false
[dbg] ar=60423 am=6 aA=6 aH=0 l=false j=false fullRedraw=false
[dbg] ar=60448 am=6 aA=6 aH=0 l=false j=false fullRedraw=false
[dbg] ar=60473 am=6 aA=6 aH=0 l=false j=false fullRedraw=false
[dbg] ar=60498 am=6 aA=6 aH=0 l=false j=false fullRedraw=false
[dbg] ar=60523 am=6 aA=6 aH=0 l=false j=false fullRedraw=false
[fifo] ar=60536 slots 0
[slots] p0 n=6 0:t4@(10,49)w0 1:t4@(11,49)w0 2:t3@(11,48)w0 3:t3@(11,50)w0 4:t5@(12,50)w0 5:t5@(12,48)w0
[dbg] ar=60548 am=6 aA=6 aH=0 l=false j=false fullRedraw=false
[dbg] ar=60573 am=6 aA=6 aH=0 l=false j=false fullRedraw=false
[fifo] ar=60583 slots 1
[slots] p1 n=0
[dbg] ar=60598 am=6 aA=6 aH=0 l=false j=false fullRedraw=false
[fifo] ar=60613 state
[devMouse] aA=6/6 cursor=(48,13) cam=(468,404) Q=880 aE=512 Y=0 sel=6
[devMouse] p0 unit 0 tile=(10,49) type=4 sel=true
[devMouse] p0 unit 1 tile=(11,49) type=4 sel=true
[devMouse] p0 unit 2 tile=(11,48) type=3 sel=false
[devMouse] p0 unit 3 tile=(11,50) type=3 sel=false
[devMouse] p0 unit 4 tile=(12,50) type=5 sel=false
[devMouse] p0 unit 5 tile=(12,48) type=5 sel=false
[dbg] ar=60623 am=6 aA=6 aH=0 l=false j=false fullRedraw=false
[fifo] ar=60639 slots 0
[slots] p0 n=6 0:t4@(10,49)w0 1:t4@(11,49)w0 2:t3@(11,48)w0 3:t3@(11,50)w0 4:t5@(12,50)w0 5:t5@(12,48)w0
[dbg] ar=60648 am=6 aA=6 aH=0 l=false j=false fullRedraw=false
[fifo] ar=60669 slots 1
[slots] p1 n=0
[dbg] ar=60673 am=6 aA=6 aH=0 l=false j=false fullRedraw=false
[dbg] ar=60698 am=6 aA=6 aH=0 l=false j=false fullRedraw=false
[fifo] ar=60700 slots 1
[slots] p1 n=0
[dbg] ar=60723 am=6 aA=6 aH=0 l=false j=false fullRedraw=false
[fifo] ar=60729 slots 0
[slots] p0 n=6 0:t4@(10,49)w0 1:t4@(11,49)w0 2:t3@(11,48)w0 3:t3@(11,50)w0 4:t5@(12,50)w0 5:t5@(12,48)w0
[dbg] ar=60748 am=6 aA=6 aH=0 l=false j=false fullRedraw=false
[fifoQ] ar=60760 sel 11 48
[fifo] ar=60761 sel 11 48
[devMouse] sel OK p0 unit type=3 at (11,48)
[dbg] ar=60773 am=6 aA=6 aH=0 l=false j=false fullRedraw=false
[fifoQ] ar=60780 goto 11 49 all
[fifo] ar=60781 goto 11 49 all
[devMouse] goto OK (11,49) x0q type=3
[dbg] ar=60798 am=6 aA=6 aH=0 l=false j=false fullRedraw=false
[fifoQ] ar=60800 sel 12 50
[fifo] ar=60801 sel 12 50
[devMouse] sel OK p0 unit type=5 at (12,50)
[fifoQ] ar=60821 goto 11 49 all
[fifo] ar=60822 goto 11 49 all
[devMouse] goto OK (11,49) x0q type=5
[dbg] ar=60823 am=6 aA=6 aH=0 l=false j=false fullRedraw=false
[fifoQ] ar=60842 sel 10 49
[fifo] ar=60843 sel 10 49
[devMouse] sel OK p0 unit type=4 at (10,49)
[dbg] ar=60848 am=6 aA=6 aH=0 l=false j=false fullRedraw=false
[fifoQ] ar=60863 goto 11 49 all
[fifo] ar=60864 goto 11 49 all
[devMouse] goto OK (11,49) x0q type=4
[dbg] ar=60873 am=6 aA=6 aH=0 l=false j=false fullRedraw=false
[fifo] ar=60882 slots 0
[slots] p0 n=6 0:t4@(10,49)w0 1:t4@(11,49)w0 2:t3@(11,48)w0 3:t3@(11,50)w0 4:t5@(12,50)w0 5:t5@(12,48)w0
[dbg] ar=60898 am=6 aA=6 aH=0 l=false j=false fullRedraw=false
[dbg] ar=60923 am=6 aA=6 aH=0 l=false j=false fullRedraw=false
[fifo] ar=60929 slots 1
[slots] p1 n=0
[dbg] ar=60948 am=6 aA=6 aH=0 l=false j=false fullRedraw=false
[fifo] ar=60960 state
[devMouse] aA=6/6 cursor=(48,13) cam=(468,404) Q=880 aE=512 Y=0 sel=6
[devMouse] p0 unit 0 tile=(10,49) type=4 sel=true
[devMouse] p0 unit 1 tile=(11,49) type=4 sel=true
[devMouse] p0 unit 2 tile=(11,48) type=3 sel=false
[devMouse] p0 unit 3 tile=(11,50) type=3 sel=false
[devMouse] p0 unit 4 tile=(12,50) type=5 sel=false
[devMouse] p0 unit 5 tile=(12,48) type=5 sel=false
[dbg] ar=60973 am=6 aA=6 aH=0 l=false j=false fullRedraw=false
[dbg] ar=60998 am=6 aA=6 aH=0 l=false j=false fullRedraw=false
[dbg] ar=61023 am=6 aA=6 aH=0 l=false j=false fullRedraw=false
[dbg] ar=61048 am=6 aA=6 aH=0 l=false j=false fullRedraw=false
[dbg] ar=61073 am=6 aA=6 aH=0 l=false j=false fullRedraw=false
[dbg] ar=61098 am=6 aA=6 aH=0 l=false j=false fullRedraw=false
[dbg] ar=61123 am=6 aA=6 aH=0 l=false j=false fullRedraw=false
[dbg] ar=61148 am=6 aA=6 aH=0 l=false j=false fullRedraw=false
[dbg] ar=61173 am=6 aA=6 aH=0 l=false j=false fullRedraw=false
[dbg] ar=61198 am=6 aA=6 aH=0 l=false j=false fullRedraw=false
[dbg] ar=61223 am=6 aA=6 aH=0 l=false j=false fullRedraw=false
[fifo] ar=61241 slots 0
[slots] p0 n=6 0:t4@(10,49)w0 1:t4@(11,49)w0 2:t3@(11,48)w0 3:t3@(11,50)w0 4:t5@(12,50)w0 5:t5@(12,48)w0
[dbg] ar=61248 am=6 aA=6 aH=0 l=false j=false fullRedraw=false
[dbg] ar=61273 am=6 aA=6 aH=0 l=false j=false fullRedraw=false
[fifo] ar=61288 slots 1
[slots] p1 n=0
[dbg] ar=61298 am=6 aA=6 aH=0 l=false j=false fullRedraw=false
[fifo] ar=61306 slots 0
[slots] p0 n=6 0:t4@(10,49)w0 1:t4@(11,49)w0 2:t3@(11,48)w0 3:t3@(11,50)w0 4:t5@(12,50)w0 5:t5@(12,48)w0
[fifo] ar=61317 state
[devMouse] aA=6/6 cursor=(48,13) cam=(468,404) Q=880 aE=512 Y=0 sel=6
[devMouse] p0 unit 0 tile=(10,49) type=4 sel=true
[devMouse] p0 unit 1 tile=(11,49) type=4 sel=true
[devMouse] p0 unit 2 tile=(11,48) type=3 sel=false
[devMouse] p0 unit 3 tile=(11,50) type=3 sel=false
[devMouse] p0 unit 4 tile=(12,50) type=5 sel=false
[devMouse] p0 unit 5 tile=(12,48) type=5 sel=false
[dbg] ar=61323 am=6 aA=6 aH=0 l=false j=false fullRedraw=false
[fifo] ar=61334 slots 1
[slots] p1 n=0
[dbg] ar=61348 am=6 aA=6 aH=0 l=false j=false fullRedraw=false
[fifo] ar=61364 slots 1
[slots] p1 n=0
[dbg] ar=61373 am=6 aA=6 aH=0 l=false j=false fullRedraw=false
[fifo] ar=61394 slots 0
[slots] p0 n=6 0:t4@(10,49)w0 1:t4@(11,49)w0 2:t3@(11,48)w0 3:t3@(11,50)w0 4:t5@(12,50)w0 5:t5@(12,48)w0
[dbg] ar=61398 am=6 aA=6 aH=0 l=false j=false fullRedraw=false
[dbg] ar=61423 am=6 aA=6 aH=0 l=false j=false fullRedraw=false
[fifoQ] ar=61424 sel 11 48
[fifo] ar=61425 sel 11 48
[devMouse] sel OK p0 unit type=3 at (11,48)
[fifoQ] ar=61445 goto 11 49 all
[fifo] ar=61446 goto 11 49 all
[devMouse] goto OK (11,49) x0q type=3
[dbg] ar=61448 am=6 aA=6 aH=0 l=false j=false fullRedraw=false
[fifoQ] ar=61466 sel 12 50
[fifo] ar=61467 sel 12 50
[devMouse] sel OK p0 unit type=5 at (12,50)
[dbg] ar=61473 am=6 aA=6 aH=0 l=false j=false fullRedraw=false
[fifoQ] ar=61487 goto 11 49 all
[fifo] ar=61488 goto 11 49 all
[devMouse] goto OK (11,49) x0q type=5
[dbg] ar=61498 am=6 aA=6 aH=0 l=false j=false fullRedraw=false
[fifoQ] ar=61507 sel 10 49
[fifo] ar=61508 sel 10 49
[devMouse] sel OK p0 unit type=4 at (10,49)
[dbg] ar=61523 am=6 aA=6 aH=0 l=false j=false fullRedraw=false
[fifoQ] ar=61528 goto 11 49 all
[fifo] ar=61529 goto 11 49 all
[devMouse] goto OK (11,49) x0q type=4
[dbg] ar=61548 am=6 aA=6 aH=0 l=false j=false fullRedraw=false
[dbg] ar=61573 am=6 aA=6 aH=0 l=false j=false fullRedraw=false
[fifo] ar=61596 slots 0
[slots] p0 n=6 0:t4@(10,49)w0 1:t4@(11,49)w0 2:t3@(11,48)w0 3:t3@(11,50)w0 4:t5@(12,50)w0 5:t5@(12,48)w0
[dbg] ar=61598 am=6 aA=6 aH=0 l=false j=false fullRedraw=false
[dbg] ar=61623 am=6 aA=6 aH=0 l=false j=false fullRedraw=false
[fifo] ar=61643 slots 1
[slots] p1 n=0
[dbg] ar=61648 am=6 aA=6 aH=0 l=false j=false fullRedraw=false
[fifo] ar=61673 state
[devMouse] aA=6/6 cursor=(48,13) cam=(468,404) Q=880 aE=512 Y=0 sel=6
[dbg] ar=61673 am=6 aA=6 aH=0 l=false j=false fullRedraw=false
[devMouse] p0 unit 0 tile=(10,49) type=4 sel=true
[devMouse] p0 unit 1 tile=(11,49) type=4 sel=true
[devMouse] p0 unit 2 tile=(11,48) type=3 sel=false
[devMouse] p0 unit 3 tile=(11,50) type=3 sel=false
[devMouse] p0 unit 4 tile=(12,50) type=5 sel=false
[devMouse] p0 unit 5 tile=(12,48) type=5 sel=false
[dbg] ar=61698 am=6 aA=6 aH=0 l=false j=false fullRedraw=false
[dbg] ar=61723 am=6 aA=6 aH=0 l=false j=false fullRedraw=false
[dbg] ar=61748 am=6 aA=6 aH=0 l=false j=false fullRedraw=false
[dbg] ar=61773 am=6 aA=6 aH=0 l=false j=false fullRedraw=false
[dbg] ar=61798 am=6 aA=6 aH=0 l=false j=false fullRedraw=false
[dbg] ar=61823 am=6 aA=6 aH=0 l=false j=false fullRedraw=false
[dbg] ar=61848 am=6 aA=6 aH=0 l=false j=false fullRedraw=false
[dbg] ar=61873 am=6 aA=6 aH=0 l=false j=false fullRedraw=false
[dbg] ar=61898 am=6 aA=6 aH=0 l=false j=false fullRedraw=false
[dbg] ar=61923 am=6 aA=6 aH=0 l=false j=false fullRedraw=false
[dbg] ar=61948 am=6 aA=6 aH=0 l=false j=false fullRedraw=false
[fifo] ar=61953 slots 0
[slots] p0 n=6 0:t4@(10,49)w0 1:t4@(11,49)w0 2:t3@(11,48)w0 3:t3@(11,50)w0 4:t5@(12,50)w0 5:t5@(12,48)w0
[fifo] ar=61969 slots 0
[slots] p0 n=6 0:t4@(10,49)w0 1:t4@(11,49)w0 2:t3@(11,48)w0 3:t3@(11,50)w0 4:t5@(12,50)w0 5:t5@(12,48)w0
[dbg] ar=61973 am=6 aA=6 aH=0 l=false j=false fullRedraw=false
[fifo] ar=61998 slots 1
[slots] p1 n=0
[dbg] ar=61998 am=6 aA=6 aH=0 l=false j=false fullRedraw=false
[fifo] ar=62005 slots 1
[slots] p1 n=0
[dbg] ar=62023 am=6 aA=6 aH=0 l=false j=false fullRedraw=false
[fifo] ar=62028 state
[devMouse] aA=6/6 cursor=(48,13) cam=(468,404) Q=880 aE=512 Y=0 sel=6
[devMouse] p0 unit 0 tile=(10,49) type=4 sel=true
[devMouse] p0 unit 1 tile=(11,49) type=4 sel=true
[devMouse] p0 unit 2 tile=(11,48) type=3 sel=false
[devMouse] p0 unit 3 tile=(11,50) type=3 sel=false
[devMouse] p0 unit 4 tile=(12,50) type=5 sel=false
[devMouse] p0 unit 5 tile=(12,48) type=5 sel=false
[fifo] ar=62037 slots 1
[slots] p1 n=0
[dbg] ar=62048 am=6 aA=6 aH=0 l=false j=false fullRedraw=false
[fifo] ar=62066 slots 0
[slots] p0 n=6 0:t4@(10,49)w0 1:t4@(11,49)w0 2:t3@(11,48)w0 3:t3@(11,50)w0 4:t5@(12,50)w0 5:t5@(12,48)w0
[dbg] ar=62073 am=6 aA=6 aH=0 l=false j=false fullRedraw=false
[fifoQ] ar=62097 sel 11 48
[fifo] ar=62098 sel 11 48
[devMouse] sel OK p0 unit type=3 at (11,48)
[dbg] ar=62098 am=6 aA=6 aH=0 l=false j=true fullRedraw=false
[fifoQ] ar=62117 goto 11 49 all
[fifo] ar=62118 goto 11 49 all
[devMouse] goto OK (11,49) x0q type=3
[dbg] ar=62123 am=6 aA=6 aH=0 l=false j=false fullRedraw=false
[fifoQ] ar=62137 sel 12 50
[fifo] ar=62138 sel 12 50
[devMouse] sel OK p0 unit type=5 at (12,50)
[dbg] ar=62148 am=6 aA=6 aH=0 l=false j=false fullRedraw=false
[fifoQ] ar=62158 goto 11 49 all
[fifo] ar=62159 goto 11 49 all
[devMouse] goto OK (11,49) x0q type=5
[dbg] ar=62173 am=6 aA=6 aH=0 l=false j=false fullRedraw=false
[fifoQ] ar=62178 sel 10 49
[fifo] ar=62179 sel 10 49
[devMouse] sel OK p0 unit type=4 at (10,49)
[dbg] ar=62198 am=6 aA=6 aH=0 l=false j=false fullRedraw=false
[fifoQ] ar=62199 goto 11 49 all
[fifo] ar=62200 goto 11 49 all
[devMouse] goto OK (11,49) x0q type=4
[dbg] ar=62223 am=6 aA=6 aH=0 l=false j=false fullRedraw=false
[dbg] ar=62248 am=6 aA=6 aH=0 l=false j=false fullRedraw=false
[dbg] ar=62273 am=6 aA=6 aH=0 l=false j=false fullRedraw=false
[dbg] ar=62298 am=6 aA=6 aH=0 l=false j=false fullRedraw=false
[fifo] ar=62306 slots 0
[slots] p0 n=6 0:t4@(10,49)w0 1:t4@(11,49)w0 2:t3@(11,48)w0 3:t3@(11,50)w0 4:t5@(12,50)w0 5:t5@(12,48)w0
[dbg] ar=62323 am=6 aA=6 aH=0 l=false j=false fullRedraw=false
[dbg] ar=62348 am=6 aA=6 aH=0 l=false j=false fullRedraw=false
[fifo] ar=62353 slots 1
[slots] p1 n=0
[dbg] ar=62373 am=6 aA=6 aH=0 l=false j=false fullRedraw=false
[fifo] ar=62384 state
[devMouse] aA=6/6 cursor=(48,13) cam=(468,404) Q=880 aE=512 Y=0 sel=6
[devMouse] p0 unit 0 tile=(10,49) type=4 sel=true
[devMouse] p0 unit 1 tile=(11,49) type=4 sel=true
[devMouse] p0 unit 2 tile=(11,48) type=3 sel=false
[devMouse] p0 unit 3 tile=(11,50) type=3 sel=false
[devMouse] p0 unit 4 tile=(12,50) type=5 sel=false
[devMouse] p0 unit 5 tile=(12,48) type=5 sel=false
[dbg] ar=62398 am=6 aA=6 aH=0 l=false j=false fullRedraw=false
[dbg] ar=62423 am=6 aA=6 aH=0 l=false j=false fullRedraw=false
[dbg] ar=62448 am=6 aA=6 aH=0 l=false j=false fullRedraw=false
[dbg] ar=62473 am=6 aA=6 aH=0 l=false j=false fullRedraw=false
[dbg] ar=62498 am=6 aA=6 aH=0 l=false j=false fullRedraw=false
[dbg] ar=62523 am=6 aA=6 aH=0 l=false j=false fullRedraw=false
[dbg] ar=62548 am=6 aA=6 aH=0 l=false j=false fullRedraw=false
[dbg] ar=62573 am=6 aA=6 aH=0 l=false j=false fullRedraw=false
[dbg] ar=62598 am=6 aA=6 aH=0 l=false j=false fullRedraw=false
[dbg] ar=62623 am=6 aA=6 aH=0 l=false j=false fullRedraw=false
[fifo] ar=62639 slots 0
[slots] p0 n=6 0:t4@(10,49)w0 1:t4@(11,49)w0 2:t3@(11,48)w0 3:t3@(11,50)w0 4:t5@(12,50)w0 5:t5@(12,48)w0
[dbg] ar=62648 am=6 aA=6 aH=0 l=false j=false fullRedraw=false
[fifo] ar=62661 slots 0
[slots] p0 n=6 0:t4@(10,49)w0 1:t4@(11,49)w0 2:t3@(11,48)w0 3:t3@(11,50)w0 4:t5@(12,50)w0 5:t5@(12,48)w0
[fifo] ar=62671 slots 1
[slots] p1 n=0
[dbg] ar=62673 am=6 aA=6 aH=0 l=false j=false fullRedraw=false
[dbg] ar=62698 am=6 aA=6 aH=0 l=false j=false fullRedraw=false
[fifo] ar=62701 slots 1
[slots] p1 n=0
[fifo] ar=62710 slots 1
[slots] p1 n=0
[dbg] ar=62723 am=6 aA=6 aH=0 l=false j=false fullRedraw=false
[fifo] ar=62732 slots 0
[slots] p0 n=6 0:t4@(10,49)w0 1:t4@(11,49)w0 2:t3@(11,48)w0 3:t3@(11,50)w0 4:t5@(12,50)w0 5:t5@(12,48)w0
[fifo] ar=62741 state
[devMouse] aA=6/6 cursor=(48,13) cam=(468,404) Q=880 aE=512 Y=0 sel=6
[devMouse] p0 unit 0 tile=(10,49) type=4 sel=true
[devMouse] p0 unit 1 tile=(11,49) type=4 sel=true
[devMouse] p0 unit 2 tile=(11,48) type=3 sel=false
[devMouse] p0 unit 3 tile=(11,50) type=3 sel=false
[devMouse] p0 unit 4 tile=(12,50) type=5 sel=false
[devMouse] p0 unit 5 tile=(12,48) type=5 sel=false
[dbg] ar=62748 am=6 aA=6 aH=0 l=false j=false fullRedraw=false
[fifoQ] ar=62762 sel 11 48
[fifo] ar=62763 sel 11 48
[devMouse] sel OK p0 unit type=3 at (11,48)
[dbg] ar=62773 am=6 aA=6 aH=0 l=false j=false fullRedraw=false
[fifoQ] ar=62782 goto 11 49 all
[fifo] ar=62783 goto 11 49 all
[devMouse] goto OK (11,49) x0q type=3
[dbg] ar=62798 am=6 aA=6 aH=0 l=false j=false fullRedraw=false
[fifoQ] ar=62802 sel 12 50
[fifo] ar=62803 sel 12 50
[devMouse] sel OK p0 unit type=5 at (12,50)
[fifoQ] ar=62823 goto 11 49 all
[dbg] ar=62823 am=6 aA=6 aH=0 l=false j=false fullRedraw=false
[fifo] ar=62824 goto 11 49 all
[devMouse] goto OK (11,49) x0q type=5
[fifoQ] ar=62844 sel 10 49
[fifo] ar=62845 sel 10 49
[devMouse] sel OK p0 unit type=4 at (10,49)
[dbg] ar=62848 am=6 aA=6 aH=0 l=false j=false fullRedraw=false
[fifoQ] ar=62865 goto 11 49 all
[fifo] ar=62866 goto 11 49 all
[devMouse] goto OK (11,49) x0q type=4
[dbg] ar=62873 am=6 aA=6 aH=0 l=false j=false fullRedraw=false
[dbg] ar=62898 am=6 aA=6 aH=0 l=false j=false fullRedraw=false
[dbg] ar=62923 am=6 aA=6 aH=0 l=false j=false fullRedraw=false
[dbg] ar=62948 am=6 aA=6 aH=0 l=false j=false fullRedraw=false
[dbg] ar=62973 am=6 aA=6 aH=0 l=false j=false fullRedraw=false
[dbg] ar=62998 am=6 aA=6 aH=0 l=false j=false fullRedraw=false
[fifo] ar=63021 slots 0
[slots] p0 n=6 0:t4@(10,49)w0 1:t4@(11,49)w0 2:t3@(11,48)w0 3:t3@(11,50)w0 4:t5@(12,50)w0 5:t5@(12,48)w0
[dbg] ar=63023 am=6 aA=6 aH=0 l=false j=false fullRedraw=false
[dbg] ar=63048 am=6 aA=6 aH=0 l=false j=false fullRedraw=false
[fifo] ar=63066 slots 1
[slots] p1 n=0
[dbg] ar=63073 am=6 aA=6 aH=0 l=false j=false fullRedraw=false
[fifo] ar=63097 state
[devMouse] aA=6/6 cursor=(48,13) cam=(468,404) Q=880 aE=512 Y=0 sel=6
[devMouse] p0 unit 0 tile=(10,49) type=4 sel=true
[devMouse] p0 unit 1 tile=(11,49) type=4 sel=true
[devMouse] p0 unit 2 tile=(11,48) type=3 sel=false
[devMouse] p0 unit 3 tile=(11,50) type=3 sel=false
[devMouse] p0 unit 4 tile=(12,50) type=5 sel=false
[devMouse] p0 unit 5 tile=(12,48) type=5 sel=false
[dbg] ar=63098 am=6 aA=6 aH=0 l=false j=false fullRedraw=false
[dbg] ar=63123 am=6 aA=6 aH=0 l=false j=false fullRedraw=false
[dbg] ar=63148 am=6 aA=6 aH=0 l=false j=false fullRedraw=false
[dbg] ar=63173 am=6 aA=6 aH=0 l=false j=false fullRedraw=false
[dbg] ar=63198 am=6 aA=6 aH=0 l=false j=false fullRedraw=false
[dbg] ar=63223 am=6 aA=6 aH=0 l=false j=false fullRedraw=false
[dbg] ar=63248 am=6 aA=6 aH=0 l=false j=false fullRedraw=false
[dbg] ar=63273 am=6 aA=6 aH=0 l=false j=false fullRedraw=false
[dbg] ar=63298 am=6 aA=6 aH=0 l=false j=false fullRedraw=false
[fifo] ar=63305 slots 0
[slots] p0 n=6 0:t4@(10,49)w0 1:t4@(11,49)w0 2:t3@(11,48)w0 3:t3@(11,50)w0 4:t5@(12,50)w0 5:t5@(12,48)w0
[dbg] ar=63323 am=6 aA=6 aH=0 l=false j=false fullRedraw=false
[fifo] ar=63336 slots 1
[slots] p1 n=0
[dbg] ar=63348 am=6 aA=6 aH=0 l=false j=false fullRedraw=false
[fifo] ar=63366 slots 1
[slots] p1 n=0
[fifo] ar=63373 slots 0
[slots] p0 n=6 0:t4@(10,49)w0 1:t4@(11,49)w0 2:t3@(11,48)w0 3:t3@(11,50)w0 4:t5@(12,50)w0 5:t5@(12,48)w0
[dbg] ar=63373 am=6 aA=6 aH=0 l=false j=false fullRedraw=false
[fifo] ar=63395 slots 0
[slots] p0 n=6 0:t4@(10,49)w0 1:t4@(11,49)w0 2:t3@(11,48)w0 3:t3@(11,50)w0 4:t5@(12,50)w0 5:t5@(12,48)w0
[dbg] ar=63398 am=6 aA=6 aH=0 l=false j=false fullRedraw=false
[fifo] ar=63418 slots 1
[slots] p1 n=0
[dbg] ar=63423 am=6 aA=6 aH=0 l=false j=false fullRedraw=false
[fifoQ] ar=63426 sel 11 48
[fifo] ar=63427 sel 11 48
[devMouse] sel OK p0 unit type=3 at (11,48)
[fifoQ] ar=63445 goto 11 49 all
[fifo] ar=63445 goto 11 49 all
[devMouse] goto OK (11,49) x0q type=3
[dbg] ar=63448 am=6 aA=6 aH=0 l=false j=false fullRedraw=false
[fifo] ar=63453 state
[devMouse] aA=6/6 cursor=(48,13) cam=(468,404) Q=880 aE=512 Y=0 sel=6
[devMouse] p0 unit 0 tile=(10,49) type=4 sel=false
[devMouse] p0 unit 1 tile=(11,49) type=4 sel=false
[devMouse] p0 unit 2 tile=(11,48) type=3 sel=true
[devMouse] p0 unit 3 tile=(11,50) type=3 sel=true
[devMouse] p0 unit 4 tile=(12,50) type=5 sel=false
[devMouse] p0 unit 5 tile=(12,48) type=5 sel=false
[fifoQ] ar=63465 sel 12 50
[fifo] ar=63466 sel 12 50
[devMouse] sel OK p0 unit type=5 at (12,50)
[dbg] ar=63473 am=6 aA=6 aH=0 l=false j=false fullRedraw=false
[fifoQ] ar=63485 goto 11 49 all
[fifo] ar=63486 goto 11 49 all
[devMouse] goto OK (11,49) x0q type=5
[dbg] ar=63498 am=6 aA=6 aH=0 l=false j=false fullRedraw=false
[fifoQ] ar=63505 sel 10 49
[fifo] ar=63506 sel 10 49
[devMouse] sel OK p0 unit type=4 at (10,49)
[dbg] ar=63523 am=6 aA=6 aH=0 l=false j=false fullRedraw=false
[fifoQ] ar=63525 goto 11 49 all
[fifo] ar=63526 goto 11 49 all
[devMouse] goto OK (11,49) x0q type=4
[dbg] ar=63548 am=6 aA=6 aH=0 l=false j=false fullRedraw=false
[dbg] ar=63573 am=6 aA=6 aH=0 l=false j=false fullRedraw=false
[dbg] ar=63598 am=6 aA=6 aH=0 l=false j=false fullRedraw=false
[dbg] ar=63623 am=6 aA=6 aH=0 l=false j=false fullRedraw=false
[dbg] ar=63648 am=6 aA=6 aH=0 l=false j=false fullRedraw=false
[dbg] ar=63673 am=6 aA=6 aH=0 l=false j=false fullRedraw=false
[dbg] ar=63698 am=6 aA=6 aH=0 l=false j=false fullRedraw=false
[dbg] ar=63723 am=6 aA=6 aH=0 l=false j=false fullRedraw=false
[fifo] ar=63731 slots 0
[slots] p0 n=6 0:t4@(10,49)w0 1:t4@(11,49)w0 2:t3@(11,48)w0 3:t3@(11,50)w0 4:t5@(12,50)w0 5:t5@(12,48)w0
[dbg] ar=63748 am=6 aA=6 aH=0 l=false j=false fullRedraw=false
[dbg] ar=63773 am=6 aA=6 aH=0 l=false j=false fullRedraw=false
[fifo] ar=63778 slots 1
[slots] p1 n=0
[dbg] ar=63798 am=6 aA=6 aH=0 l=false j=false fullRedraw=false
[fifo] ar=63809 state
[devMouse] aA=6/6 cursor=(48,13) cam=(468,404) Q=880 aE=512 Y=0 sel=6
[devMouse] p0 unit 0 tile=(10,49) type=4 sel=true
[devMouse] p0 unit 1 tile=(11,49) type=4 sel=true
[devMouse] p0 unit 2 tile=(11,48) type=3 sel=false
[devMouse] p0 unit 3 tile=(11,50) type=3 sel=false
[devMouse] p0 unit 4 tile=(12,50) type=5 sel=false
[devMouse] p0 unit 5 tile=(12,48) type=5 sel=false
[dbg] ar=63823 am=6 aA=6 aH=0 l=false j=false fullRedraw=false
[dbg] ar=63848 am=6 aA=6 aH=0 l=false j=false fullRedraw=false
[dbg] ar=63873 am=6 aA=6 aH=0 l=false j=false fullRedraw=false
[dbg] ar=63898 am=6 aA=6 aH=0 l=false j=false fullRedraw=false
[dbg] ar=63923 am=6 aA=6 aH=0 l=false j=false fullRedraw=false
[dbg] ar=63948 am=6 aA=6 aH=0 l=false j=false fullRedraw=false
[fifo] ar=63969 slots 0
[slots] p0 n=6 0:t4@(10,49)w0 1:t4@(11,49)w0 2:t3@(11,48)w0 3:t3@(11,50)w0 4:t5@(12,50)w0 5:t5@(12,48)w0
[dbg] ar=63973 am=6 aA=6 aH=0 l=false j=false fullRedraw=false
[dbg] ar=63998 am=6 aA=6 aH=0 l=false j=false fullRedraw=false
[fifo] ar=63999 slots 1
[slots] p1 n=0
[dbg] ar=64023 am=6 aA=6 aH=0 l=false j=false fullRedraw=false
[fifo] ar=64029 slots 1
[slots] p1 n=0
[dbg] ar=64048 am=6 aA=6 aH=0 l=false j=false fullRedraw=false
[fifo] ar=64059 slots 0
[slots] p0 n=6 0:t4@(10,49)w0 1:t4@(11,49)w0 2:t3@(11,48)w0 3:t3@(11,50)w0 4:t5@(12,50)w0 5:t5@(12,48)w0
[dbg] ar=64073 am=6 aA=6 aH=0 l=false j=false fullRedraw=false
[fifo] ar=64087 slots 0
[slots] p0 n=6 0:t4@(10,49)w0 1:t4@(11,49)w0 2:t3@(11,48)w0 3:t3@(11,50)w0 4:t5@(12,50)w0 5:t5@(12,48)w0
[fifoQ] ar=64095 sel 11 48
[fifo] ar=64096 sel 11 48
[devMouse] sel OK p0 unit type=3 at (11,48)
[dbg] ar=64098 am=6 aA=6 aH=0 l=false j=false fullRedraw=false
[fifoQ] ar=64115 goto 11 49 all
[fifo] ar=64116 goto 11 49 all
[devMouse] goto OK (11,49) x0q type=3
[dbg] ar=64123 am=6 aA=6 aH=0 l=false j=false fullRedraw=false
[fifo] ar=64133 slots 1
[slots] p1 n=0
[fifoQ] ar=64142 sel 12 50
[fifo] ar=64143 sel 12 50
[devMouse] sel OK p0 unit type=5 at (12,50)
[dbg] ar=64148 am=6 aA=6 aH=0 l=false j=false fullRedraw=false
[fifoQ] ar=64163 goto 11 49 all
[fifo] ar=64164 goto 11 49 all
[devMouse] goto OK (11,49) x0q type=5
[fifo] ar=64171 state
[devMouse] aA=6/6 cursor=(48,13) cam=(468,404) Q=880 aE=512 Y=0 sel=6
[devMouse] p0 unit 0 tile=(10,49) type=4 sel=false
[devMouse] p0 unit 1 tile=(11,49) type=4 sel=false
[devMouse] p0 unit 2 tile=(11,48) type=3 sel=false
[devMouse] p0 unit 3 tile=(11,50) type=3 sel=false
[devMouse] p0 unit 4 tile=(12,50) type=5 sel=true
[devMouse] p0 unit 5 tile=(12,48) type=5 sel=true
[dbg] ar=64173 am=6 aA=6 aH=0 l=false j=false fullRedraw=false
[fifoQ] ar=64183 sel 10 49
[fifo] ar=64184 sel 10 49
[devMouse] sel OK p0 unit type=4 at (10,49)
[dbg] ar=64198 am=6 aA=6 aH=0 l=false j=false fullRedraw=false
[fifoQ] ar=64203 goto 11 49 all
[fifo] ar=64204 goto 11 49 all
[devMouse] goto OK (11,49) x0q type=4
[dbg] ar=64223 am=6 aA=6 aH=0 l=false j=false fullRedraw=false
[dbg] ar=64248 am=6 aA=6 aH=0 l=false j=false fullRedraw=false
[dbg] ar=64273 am=6 aA=6 aH=0 l=false j=false fullRedraw=false
[dbg] ar=64298 am=6 aA=6 aH=0 l=false j=false fullRedraw=false
[dbg] ar=64323 am=6 aA=6 aH=0 l=false j=false fullRedraw=false
[dbg] ar=64348 am=6 aA=6 aH=0 l=false j=false fullRedraw=false
[dbg] ar=64373 am=6 aA=6 aH=0 l=false j=false fullRedraw=false
[dbg] ar=64398 am=6 aA=6 aH=0 l=false j=false fullRedraw=false
[dbg] ar=64423 am=6 aA=6 aH=0 l=false j=false fullRedraw=false
[dbg] ar=64448 am=6 aA=6 aH=0 l=false j=false fullRedraw=false
[fifo] ar=64453 slots 0
[slots] p0 n=6 0:t4@(10,49)w0 1:t4@(11,49)w0 2:t3@(11,48)w0 3:t3@(11,50)w0 4:t5@(12,50)w0 5:t5@(12,48)w0
[dbg] ar=64473 am=6 aA=6 aH=0 l=false j=false fullRedraw=false
[dbg] ar=64498 am=6 aA=6 aH=0 l=false j=false fullRedraw=false
[fifo] ar=64499 slots 1
[slots] p1 n=0
[dbg] ar=64523 am=6 aA=6 aH=0 l=false j=false fullRedraw=false
[fifo] ar=64529 state
[devMouse] aA=6/6 cursor=(48,13) cam=(468,404) Q=880 aE=512 Y=0 sel=6
[devMouse] p0 unit 0 tile=(10,49) type=4 sel=true
[devMouse] p0 unit 1 tile=(11,49) type=4 sel=true
[devMouse] p0 unit 2 tile=(11,48) type=3 sel=false
[devMouse] p0 unit 3 tile=(11,50) type=3 sel=false
[devMouse] p0 unit 4 tile=(12,50) type=5 sel=false
[devMouse] p0 unit 5 tile=(12,48) type=5 sel=false
[dbg] ar=64548 am=6 aA=6 aH=0 l=false j=false fullRedraw=false
[dbg] ar=64573 am=6 aA=6 aH=0 l=false j=false fullRedraw=false
[dbg] ar=64598 am=6 aA=6 aH=0 l=false j=false fullRedraw=false
[dbg] ar=64623 am=6 aA=6 aH=0 l=false j=false fullRedraw=false
[fifo] ar=64647 slots 0
[slots] p0 n=6 0:t4@(10,49)w0 1:t4@(11,49)w0 2:t3@(11,48)w0 3:t3@(11,50)w0 4:t5@(12,50)w0 5:t5@(12,48)w0
[dbg] ar=64648 am=6 aA=6 aH=0 l=false j=false fullRedraw=false
[dbg] ar=64673 am=6 aA=6 aH=0 l=false j=false fullRedraw=false
[fifo] ar=64676 slots 1
[slots] p1 n=0
[dbg] ar=64698 am=6 aA=6 aH=0 l=false j=false fullRedraw=false
[fifo] ar=64708 slots 1
[slots] p1 n=0
[dbg] ar=64723 am=6 aA=6 aH=0 l=false j=false fullRedraw=false
[fifo] ar=64740 slots 0
[slots] p0 n=6 0:t4@(10,49)w0 1:t4@(11,49)w0 2:t3@(11,48)w0 3:t3@(11,50)w0 4:t5@(12,50)w0 5:t5@(12,48)w0
[dbg] ar=64748 am=6 aA=6 aH=0 l=false j=false fullRedraw=false
[fifoQ] ar=64770 sel 11 48
[fifo] ar=64771 sel 11 48
[devMouse] sel OK p0 unit type=3 at (11,48)
[dbg] ar=64773 am=6 aA=6 aH=0 l=false j=false fullRedraw=false
[fifoQ] ar=64790 goto 11 49 all
[fifo] ar=64791 goto 11 49 all
[devMouse] goto OK (11,49) x0q type=3
[dbg] ar=64798 am=6 aA=6 aH=0 l=false j=false fullRedraw=false
[fifo] ar=64807 slots 0
[slots] p0 n=6 0:t4@(10,49)w0 1:t4@(11,49)w0 2:t3@(11,48)w0 3:t3@(11,50)w0 4:t5@(12,50)w0 5:t5@(12,48)w0
[fifoQ] ar=64816 sel 12 50
[fifo] ar=64816 sel 12 50
[devMouse] sel OK p0 unit type=5 at (12,50)
[dbg] ar=64823 am=6 aA=6 aH=0 l=false j=false fullRedraw=false
[fifoQ] ar=64836 goto 11 49 all
[fifo] ar=64837 goto 11 49 all
[devMouse] goto OK (11,49) x0q type=5
[dbg] ar=64848 am=6 aA=6 aH=0 l=false j=false fullRedraw=false
[fifo] ar=64852 slots 1
[slots] p1 n=0
[fifoQ] ar=64860 sel 10 49
[fifo] ar=64861 sel 10 49
[devMouse] sel OK p0 unit type=4 at (10,49)
[dbg] ar=64873 am=6 aA=6 aH=0 l=false j=false fullRedraw=false
[fifoQ] ar=64880 goto 11 49 all
[fifo] ar=64881 goto 11 49 all
[devMouse] goto OK (11,49) x0q type=4
[fifo] ar=64888 state
[devMouse] aA=6/6 cursor=(48,13) cam=(468,404) Q=880 aE=512 Y=0 sel=6
[devMouse] p0 unit 0 tile=(10,49) type=4 sel=true
[devMouse] p0 unit 1 tile=(11,49) type=4 sel=true
[devMouse] p0 unit 2 tile=(11,48) type=3 sel=false
[devMouse] p0 unit 3 tile=(11,50) type=3 sel=false
[devMouse] p0 unit 4 tile=(12,50) type=5 sel=false
[devMouse] p0 unit 5 tile=(12,48) type=5 sel=false
[dbg] ar=64898 am=6 aA=6 aH=0 l=false j=false fullRedraw=false
[dbg] ar=64923 am=6 aA=6 aH=0 l=false j=false fullRedraw=false
[dbg] ar=64948 am=6 aA=6 aH=0 l=false j=false fullRedraw=false
[dbg] ar=64973 am=6 aA=6 aH=0 l=false j=false fullRedraw=false
[dbg] ar=64998 am=6 aA=6 aH=0 l=false j=false fullRedraw=false
[dbg] ar=65023 am=6 aA=6 aH=0 l=false j=false fullRedraw=false
[dbg] ar=65048 am=6 aA=6 aH=0 l=false j=false fullRedraw=false
[dbg] ar=65073 am=6 aA=6 aH=0 l=false j=false fullRedraw=false
[dbg] ar=65098 am=6 aA=6 aH=0 l=false j=false fullRedraw=false
[dbg] ar=65123 am=6 aA=6 aH=0 l=false j=false fullRedraw=false
[dbg] ar=65148 am=6 aA=6 aH=0 l=false j=false fullRedraw=false
[fifo] ar=65159 slots 0
[slots] p0 n=6 0:t4@(10,49)w0 1:t4@(11,49)w0 2:t3@(11,48)w0 3:t3@(11,50)w0 4:t5@(12,50)w0 5:t5@(12,48)w0
[dbg] ar=65173 am=6 aA=6 aH=0 l=false j=false fullRedraw=false
[dbg] ar=65198 am=6 aA=6 aH=0 l=false j=false fullRedraw=false
[fifo] ar=65206 slots 1
[slots] p1 n=0
[dbg] ar=65223 am=6 aA=6 aH=0 l=false j=false fullRedraw=false
[fifo] ar=65237 state
[devMouse] aA=6/6 cursor=(48,13) cam=(468,404) Q=880 aE=512 Y=0 sel=6
[devMouse] p0 unit 0 tile=(10,49) type=4 sel=true
[devMouse] p0 unit 1 tile=(11,49) type=4 sel=true
[devMouse] p0 unit 2 tile=(11,48) type=3 sel=false
[devMouse] p0 unit 3 tile=(11,50) type=3 sel=false
[devMouse] p0 unit 4 tile=(12,50) type=5 sel=false
[devMouse] p0 unit 5 tile=(12,48) type=5 sel=false
[dbg] ar=65248 am=6 aA=6 aH=0 l=false j=false fullRedraw=false
[dbg] ar=65273 am=6 aA=6 aH=0 l=false j=false fullRedraw=false
[dbg] ar=65298 am=6 aA=6 aH=0 l=false j=false fullRedraw=false
[fifo] ar=65311 slots 0
[slots] p0 n=6 0:t4@(10,49)w0 1:t4@(11,49)w0 2:t3@(11,48)w0 3:t3@(11,50)w0 4:t5@(12,50)w0 5:t5@(12,48)w0
[dbg] ar=65323 am=6 aA=6 aH=0 l=false j=false fullRedraw=false
[fifo] ar=65341 slots 1
[slots] p1 n=0
[dbg] ar=65348 am=6 aA=6 aH=0 l=false j=false fullRedraw=false
[fifo] ar=65372 slots 1
[slots] p1 n=0
[dbg] ar=65373 am=6 aA=6 aH=0 l=false j=false fullRedraw=false
[dbg] ar=65398 am=6 aA=6 aH=0 l=false j=false fullRedraw=false
[fifo] ar=65400 slots 0
[slots] p0 n=6 0:t4@(10,49)w0 1:t4@(11,49)w0 2:t3@(11,48)w0 3:t3@(11,50)w0 4:t5@(12,50)w0 5:t5@(12,48)w0
[dbg] ar=65423 am=6 aA=6 aH=0 l=false j=false fullRedraw=false
[fifoQ] ar=65431 sel 11 48
[fifo] ar=65432 sel 11 48
[devMouse] sel OK p0 unit type=3 at (11,48)
[dbg] ar=65448 am=6 aA=6 aH=0 l=false j=false fullRedraw=false
[fifoQ] ar=65452 goto 11 49 all
[fifo] ar=65453 goto 11 49 all
[devMouse] goto OK (11,49) x0q type=3
[fifoQ] ar=65472 sel 12 50
[fifo] ar=65473 sel 12 50
[devMouse] sel OK p0 unit type=5 at (12,50)
[dbg] ar=65473 am=6 aA=6 aH=0 l=false j=true fullRedraw=false
[fifoQ] ar=65491 goto 11 49 all
[fifo] ar=65492 goto 11 49 all
[devMouse] goto OK (11,49) x0q type=5
[dbg] ar=65498 am=6 aA=6 aH=0 l=false j=false fullRedraw=false
[fifoQ] ar=65511 sel 10 49
[fifo] ar=65512 sel 10 49
[devMouse] sel OK p0 unit type=4 at (10,49)
[fifo] ar=65519 slots 0
[slots] p0 n=6 0:t4@(10,49)w0 1:t4@(11,49)w0 2:t3@(11,48)w0 3:t3@(11,50)w0 4:t5@(12,50)w0 5:t5@(12,48)w0
[dbg] ar=65523 am=6 aA=6 aH=0 l=false j=false fullRedraw=false
[fifoQ] ar=65531 goto 11 49 all
[fifo] ar=65532 goto 11 49 all
[devMouse] goto OK (11,49) x0q type=4
[dbg] ar=65548 am=6 aA=6 aH=0 l=false j=false fullRedraw=false
[fifo] ar=65566 slots 1
[slots] p1 n=0
[dbg] ar=65573 am=6 aA=6 aH=0 l=false j=false fullRedraw=false
[fifo] ar=65596 state
[devMouse] aA=6/6 cursor=(48,13) cam=(468,404) Q=880 aE=512 Y=0 sel=6
[devMouse] p0 unit 0 tile=(10,49) type=4 sel=true
[devMouse] p0 unit 1 tile=(11,49) type=4 sel=true
[devMouse] p0 unit 2 tile=(11,48) type=3 sel=false
[devMouse] p0 unit 3 tile=(11,50) type=3 sel=false
[devMouse] p0 unit 4 tile=(12,50) type=5 sel=false
[devMouse] p0 unit 5 tile=(12,48) type=5 sel=false
[dbg] ar=65598 am=6 aA=6 aH=0 l=false j=false fullRedraw=false
[dbg] ar=65623 am=6 aA=6 aH=0 l=false j=false fullRedraw=false
[dbg] ar=65648 am=6 aA=6 aH=0 l=false j=false fullRedraw=false
[dbg] ar=65673 am=6 aA=6 aH=0 l=false j=false fullRedraw=false
[dbg] ar=65698 am=6 aA=6 aH=0 l=false j=false fullRedraw=false
[dbg] ar=65723 am=6 aA=6 aH=0 l=false j=false fullRedraw=false
[dbg] ar=65748 am=6 aA=6 aH=0 l=false j=false fullRedraw=false
[dbg] ar=65773 am=6 aA=6 aH=0 l=false j=false fullRedraw=false
[dbg] ar=65798 am=6 aA=6 aH=0 l=false j=false fullRedraw=false
[dbg] ar=65823 am=6 aA=6 aH=0 l=false j=false fullRedraw=false
[dbg] ar=65848 am=6 aA=6 aH=0 l=false j=false fullRedraw=false
[dbg] ar=65873 am=6 aA=6 aH=0 l=false j=false fullRedraw=false
[fifo] ar=65878 slots 0
[slots] p0 n=6 0:t4@(10,49)w0 1:t4@(11,49)w0 2:t3@(11,48)w0 3:t3@(11,50)w0 4:t5@(12,50)w0 5:t5@(12,48)w0
[dbg] ar=65898 am=6 aA=6 aH=0 l=false j=false fullRedraw=false
[dbg] ar=65923 am=6 aA=6 aH=0 l=false j=false fullRedraw=false
[fifo] ar=65924 slots 1
[slots] p1 n=0
[dbg] ar=65948 am=6 aA=6 aH=0 l=false j=false fullRedraw=false
[fifo] ar=65953 state
[devMouse] aA=6/6 cursor=(48,13) cam=(468,404) Q=880 aE=512 Y=0 sel=6
[devMouse] p0 unit 0 tile=(10,49) type=4 sel=true
[devMouse] p0 unit 1 tile=(11,49) type=4 sel=true
[devMouse] p0 unit 2 tile=(11,48) type=3 sel=false
[devMouse] p0 unit 3 tile=(11,50) type=3 sel=false
[devMouse] p0 unit 4 tile=(12,50) type=5 sel=false
[devMouse] p0 unit 5 tile=(12,48) type=5 sel=false
[fifo] ar=65972 slots 0
[slots] p0 n=6 0:t4@(10,49)w0 1:t4@(11,49)w0 2:t3@(11,48)w0 3:t3@(11,50)w0 4:t5@(12,50)w0 5:t5@(12,48)w0
[dbg] ar=65973 am=6 aA=6 aH=0 l=false j=false fullRedraw=false
[dbg] ar=65998 am=6 aA=6 aH=0 l=false j=false fullRedraw=false
[fifo] ar=66004 slots 1
[slots] p1 n=0
[dbg] ar=66023 am=6 aA=6 aH=0 l=false j=false fullRedraw=false
[fifo] ar=66034 slots 1
[slots] p1 n=0
[dbg] ar=66048 am=6 aA=6 aH=0 l=false j=false fullRedraw=false
[fifo] ar=66064 slots 0
[slots] p0 n=6 0:t4@(10,49)w0 1:t4@(11,49)w0 2:t3@(11,48)w0 3:t3@(11,50)w0 4:t5@(12,50)w0 5:t5@(12,48)w0
[dbg] ar=66073 am=6 aA=6 aH=0 l=false j=false fullRedraw=false
[fifoQ] ar=66093 sel 11 48
[fifo] ar=66094 sel 11 48
[devMouse] sel OK p0 unit type=3 at (11,48)
[dbg] ar=66098 am=6 aA=6 aH=0 l=false j=false fullRedraw=false
[fifoQ] ar=66114 goto 11 49 all
[fifo] ar=66115 goto 11 49 all
[devMouse] goto OK (11,49) x0q type=3
[dbg] ar=66123 am=6 aA=6 aH=0 l=false j=false fullRedraw=false
[fifoQ] ar=66135 sel 12 50
[fifo] ar=66135 sel 12 50
[devMouse] sel OK p0 unit type=5 at (12,50)
[dbg] ar=66148 am=6 aA=6 aH=0 l=false j=false fullRedraw=false
[fifoQ] ar=66155 goto 11 49 all
[fifo] ar=66156 goto 11 49 all
[devMouse] goto OK (11,49) x0q type=5
[dbg] ar=66173 am=6 aA=6 aH=0 l=false j=false fullRedraw=false
[fifoQ] ar=66176 sel 10 49
[fifo] ar=66177 sel 10 49
[devMouse] sel OK p0 unit type=4 at (10,49)
[fifoQ] ar=66196 goto 11 49 all
[fifo] ar=66197 goto 11 49 all
[devMouse] goto OK (11,49) x0q type=4
[dbg] ar=66198 am=6 aA=6 aH=0 l=false j=false fullRedraw=false
[dbg] ar=66223 am=6 aA=6 aH=0 l=false j=false fullRedraw=false
[fifo] ar=66230 slots 0
[slots] p0 n=6 0:t4@(10,49)w0 1:t4@(11,49)w0 2:t3@(11,48)w0 3:t3@(11,50)w0 4:t5@(12,50)w0 5:t5@(12,48)w0
[dbg] ar=66248 am=6 aA=6 aH=0 l=false j=false fullRedraw=false
[dbg] ar=66273 am=6 aA=6 aH=0 l=false j=false fullRedraw=false
[fifo] ar=66276 slots 1
[slots] p1 n=0
[dbg] ar=66298 am=6 aA=6 aH=0 l=false j=false fullRedraw=false
[fifo] ar=66307 state
[devMouse] aA=6/6 cursor=(48,13) cam=(468,404) Q=880 aE=512 Y=0 sel=6
[devMouse] p0 unit 0 tile=(10,49) type=4 sel=true
[devMouse] p0 unit 1 tile=(11,49) type=4 sel=true
[devMouse] p0 unit 2 tile=(11,48) type=3 sel=false
[devMouse] p0 unit 3 tile=(11,50) type=3 sel=false
[devMouse] p0 unit 4 tile=(12,50) type=5 sel=false
[devMouse] p0 unit 5 tile=(12,48) type=5 sel=false
[dbg] ar=66323 am=6 aA=6 aH=0 l=false j=false fullRedraw=false
[dbg] ar=66348 am=6 aA=6 aH=0 l=false j=false fullRedraw=false
[dbg] ar=66373 am=6 aA=6 aH=0 l=false j=false fullRedraw=false
[dbg] ar=66398 am=6 aA=6 aH=0 l=false j=false fullRedraw=false
[dbg] ar=66423 am=6 aA=6 aH=0 l=false j=false fullRedraw=false
[dbg] ar=66448 am=6 aA=6 aH=0 l=false j=false fullRedraw=false
[dbg] ar=66473 am=6 aA=6 aH=0 l=false j=false fullRedraw=false
[dbg] ar=66498 am=6 aA=6 aH=0 l=false j=false fullRedraw=false
[dbg] ar=66523 am=6 aA=6 aH=0 l=false j=false fullRedraw=false
[dbg] ar=66548 am=6 aA=6 aH=0 l=false j=false fullRedraw=false
[dbg] ar=66573 am=6 aA=6 aH=0 l=false j=false fullRedraw=false
[fifo] ar=66588 slots 0
[slots] p0 n=6 0:t4@(10,49)w0 1:t4@(11,49)w0 2:t3@(11,48)w0 3:t3@(11,50)w0 4:t5@(12,50)w0 5:t5@(12,48)w0
[dbg] ar=66598 am=6 aA=6 aH=0 l=false j=false fullRedraw=false
[dbg] ar=66623 am=6 aA=6 aH=0 l=false j=false fullRedraw=false
[fifo] ar=66635 slots 1
[slots] p1 n=0
[fifo] ar=66643 slots 0
[slots] p0 n=6 0:t4@(10,49)w0 1:t4@(11,49)w0 2:t3@(11,48)w0 3:t3@(11,50)w0 4:t5@(12,50)w0 5:t5@(12,48)w0
[dbg] ar=66648 am=6 aA=6 aH=0 l=false j=false fullRedraw=false
[fifo] ar=66664 state
[devMouse] aA=6/6 cursor=(48,13) cam=(468,404) Q=880 aE=512 Y=0 sel=6
[devMouse] p0 unit 0 tile=(10,49) type=4 sel=true
[devMouse] p0 unit 1 tile=(11,49) type=4 sel=true
[devMouse] p0 unit 2 tile=(11,48) type=3 sel=false
[devMouse] p0 unit 3 tile=(11,50) type=3 sel=false
[devMouse] p0 unit 4 tile=(12,50) type=5 sel=false
[devMouse] p0 unit 5 tile=(12,48) type=5 sel=false
[fifo] ar=66668 slots 1
[slots] p1 n=0
[dbg] ar=66673 am=6 aA=6 aH=0 l=false j=false fullRedraw=false
[fifo] ar=66696 slots 1
[slots] p1 n=0
[dbg] ar=66698 am=6 aA=6 aH=0 l=false j=false fullRedraw=false
[dbg] ar=66723 am=6 aA=6 aH=0 l=false j=false fullRedraw=false
[fifo] ar=66727 slots 0
[slots] p0 n=6 0:t4@(10,49)w0 1:t4@(11,49)w0 2:t3@(11,48)w0 3:t3@(11,50)w0 4:t5@(12,50)w0 5:t5@(12,48)w0
[dbg] ar=66748 am=6 aA=6 aH=0 l=false j=false fullRedraw=false
[fifoQ] ar=66756 sel 11 48
[fifo] ar=66757 sel 11 48
[devMouse] sel OK p0 unit type=3 at (11,48)
[dbg] ar=66773 am=6 aA=6 aH=0 l=false j=false fullRedraw=false
[fifoQ] ar=66776 goto 11 49 all
[fifo] ar=66777 goto 11 49 all
[devMouse] goto OK (11,49) x0q type=3
[fifoQ] ar=66798 sel 12 50
[dbg] ar=66798 am=6 aA=6 aH=0 l=false j=false fullRedraw=false
[fifo] ar=66799 sel 12 50
[devMouse] sel OK p0 unit type=5 at (12,50)
[fifoQ] ar=66818 goto 11 49 all
[fifo] ar=66819 goto 11 49 all
[devMouse] goto OK (11,49) x0q type=5
[dbg] ar=66823 am=6 aA=6 aH=0 l=false j=false fullRedraw=false
[fifoQ] ar=66838 sel 10 49
[fifo] ar=66839 sel 10 49
[devMouse] sel OK p0 unit type=4 at (10,49)
[dbg] ar=66848 am=6 aA=6 aH=0 l=false j=false fullRedraw=false
[fifoQ] ar=66857 goto 11 49 all
[fifo] ar=66858 goto 11 49 all
[devMouse] goto OK (11,49) x0q type=4
[dbg] ar=66873 am=6 aA=6 aH=0 l=false j=false fullRedraw=false
[dbg] ar=66898 am=6 aA=6 aH=0 l=false j=false fullRedraw=false
[dbg] ar=66923 am=6 aA=6 aH=0 l=false j=false fullRedraw=false
[fifo] ar=66934 slots 0
[slots] p0 n=6 0:t4@(10,49)w0 1:t4@(11,49)w0 2:t3@(11,48)w0 3:t3@(11,50)w0 4:t5@(12,50)w0 5:t5@(12,48)w0
[dbg] ar=66948 am=6 aA=6 aH=0 l=false j=false fullRedraw=false
[dbg] ar=66973 am=6 aA=6 aH=0 l=false j=false fullRedraw=false
[fifo] ar=66980 slots 1
[slots] p1 n=0
[dbg] ar=66998 am=6 aA=6 aH=0 l=false j=false fullRedraw=false
[fifo] ar=67010 state
[devMouse] aA=6/6 cursor=(48,13) cam=(468,404) Q=880 aE=512 Y=0 sel=6
[devMouse] p0 unit 0 tile=(10,49) type=4 sel=true
[devMouse] p0 unit 1 tile=(11,49) type=4 sel=true
[devMouse] p0 unit 2 tile=(11,48) type=3 sel=false
[devMouse] p0 unit 3 tile=(11,50) type=3 sel=false
[devMouse] p0 unit 4 tile=(12,50) type=5 sel=false
[devMouse] p0 unit 5 tile=(12,48) type=5 sel=false
[dbg] ar=67023 am=6 aA=6 aH=0 l=false j=false fullRedraw=false
[dbg] ar=67048 am=6 aA=6 aH=0 l=false j=false fullRedraw=false
[dbg] ar=67073 am=6 aA=6 aH=0 l=false j=false fullRedraw=false
[dbg] ar=67098 am=6 aA=6 aH=0 l=false j=false fullRedraw=false
[dbg] ar=67123 am=6 aA=6 aH=0 l=false j=false fullRedraw=false
[dbg] ar=67148 am=6 aA=6 aH=0 l=false j=false fullRedraw=false
[dbg] ar=67173 am=6 aA=6 aH=0 l=false j=false fullRedraw=false
[dbg] ar=67198 am=6 aA=6 aH=0 l=false j=false fullRedraw=false
[dbg] ar=67223 am=6 aA=6 aH=0 l=false j=false fullRedraw=false
[dbg] ar=67248 am=6 aA=6 aH=0 l=false j=false fullRedraw=false
[dbg] ar=67273 am=6 aA=6 aH=0 l=false j=false fullRedraw=false
[fifo] ar=67289 slots 0
[slots] p0 n=6 0:t4@(10,49)w0 1:t4@(11,49)w0 2:t3@(11,48)w0 3:t3@(11,50)w0 4:t5@(12,50)w0 5:t5@(12,48)w0
[fifo] ar=67297 slots 0
[slots] p0 n=6 0:t4@(10,49)w0 1:t4@(11,49)w0 2:t3@(11,48)w0 3:t3@(11,50)w0 4:t5@(12,50)w0 5:t5@(12,48)w0
[dbg] ar=67298 am=6 aA=6 aH=0 l=false j=false fullRedraw=false
[dbg] ar=67323 am=6 aA=6 aH=0 l=false j=false fullRedraw=false
[fifo] ar=67328 slots 1
[slots] p1 n=0
[fifo] ar=67336 slots 1
[slots] p1 n=0
[dbg] ar=67348 am=6 aA=6 aH=0 l=false j=false fullRedraw=false
[fifo] ar=67360 slots 1
[slots] p1 n=0
[fifo] ar=67368 state
[devMouse] aA=6/6 cursor=(48,13) cam=(468,404) Q=880 aE=512 Y=0 sel=6
[devMouse] p0 unit 0 tile=(10,49) type=4 sel=true
[devMouse] p0 unit 1 tile=(11,49) type=4 sel=true
[devMouse] p0 unit 2 tile=(11,48) type=3 sel=false
[devMouse] p0 unit 3 tile=(11,50) type=3 sel=false
[devMouse] p0 unit 4 tile=(12,50) type=5 sel=false
[devMouse] p0 unit 5 tile=(12,48) type=5 sel=false
[dbg] ar=67373 am=6 aA=6 aH=0 l=false j=false fullRedraw=false
[fifo] ar=67390 slots 0
[slots] p0 n=6 0:t4@(10,49)w0 1:t4@(11,49)w0 2:t3@(11,48)w0 3:t3@(11,50)w0 4:t5@(12,50)w0 5:t5@(12,48)w0
[dbg] ar=67398 am=6 aA=6 aH=0 l=false j=false fullRedraw=false
[fifoQ] ar=67421 sel 11 48
[fifo] ar=67422 sel 11 48
[devMouse] sel OK p0 unit type=3 at (11,48)
[dbg] ar=67423 am=6 aA=6 aH=0 l=false j=false fullRedraw=false
[fifoQ] ar=67441 goto 11 49 all
[fifo] ar=67442 goto 11 49 all
[devMouse] goto OK (11,49) x0q type=3
[dbg] ar=67448 am=6 aA=6 aH=0 l=false j=false fullRedraw=false
[fifoQ] ar=67462 sel 12 50
[fifo] ar=67463 sel 12 50
[devMouse] sel OK p0 unit type=5 at (12,50)
[dbg] ar=67473 am=6 aA=6 aH=0 l=false j=false fullRedraw=false
[fifoQ] ar=67483 goto 11 49 all
[fifo] ar=67484 goto 11 49 all
[devMouse] goto OK (11,49) x0q type=5
[dbg] ar=67498 am=6 aA=6 aH=0 l=false j=false fullRedraw=false
[fifoQ] ar=67504 sel 10 49
[fifo] ar=67505 sel 10 49
[devMouse] sel OK p0 unit type=4 at (10,49)
[dbg] ar=67523 am=6 aA=6 aH=0 l=false j=false fullRedraw=false
[fifoQ] ar=67524 goto 11 49 all
[fifo] ar=67525 goto 11 49 all
[devMouse] goto OK (11,49) x0q type=4
[dbg] ar=67548 am=6 aA=6 aH=0 l=false j=false fullRedraw=false
[dbg] ar=67573 am=6 aA=6 aH=0 l=false j=false fullRedraw=false
[dbg] ar=67598 am=6 aA=6 aH=0 l=false j=false fullRedraw=false
[dbg] ar=67623 am=6 aA=6 aH=0 l=false j=false fullRedraw=false
[fifo] ar=67648 slots 0
[slots] p0 n=6 0:t4@(10,49)w0 1:t4@(11,49)w0 2:t3@(11,48)w0 3:t3@(11,50)w0 4:t5@(12,50)w0 5:t5@(12,48)w0
[dbg] ar=67648 am=6 aA=6 aH=0 l=false j=false fullRedraw=false
[dbg] ar=67673 am=6 aA=6 aH=0 l=false j=false fullRedraw=false
[fifo] ar=67693 slots 1
[slots] p1 n=0
[dbg] ar=67698 am=6 aA=6 aH=0 l=false j=false fullRedraw=false
[dbg] ar=67723 am=6 aA=6 aH=0 l=false j=false fullRedraw=false
[fifo] ar=67724 state
[devMouse] aA=6/6 cursor=(48,13) cam=(468,404) Q=880 aE=512 Y=0 sel=6
[devMouse] p0 unit 0 tile=(10,49) type=4 sel=true
[devMouse] p0 unit 1 tile=(11,49) type=4 sel=true
[devMouse] p0 unit 2 tile=(11,48) type=3 sel=false
[devMouse] p0 unit 3 tile=(11,50) type=3 sel=false
[devMouse] p0 unit 4 tile=(12,50) type=5 sel=false
[devMouse] p0 unit 5 tile=(12,48) type=5 sel=false
[dbg] ar=67748 am=6 aA=6 aH=0 l=false j=false fullRedraw=false
[dbg] ar=67773 am=6 aA=6 aH=0 l=false j=false fullRedraw=false
[dbg] ar=67798 am=6 aA=6 aH=0 l=false j=false fullRedraw=false
[dbg] ar=67823 am=6 aA=6 aH=0 l=false j=false fullRedraw=false
[dbg] ar=67848 am=6 aA=6 aH=0 l=false j=false fullRedraw=false
[dbg] ar=67873 am=6 aA=6 aH=0 l=false j=false fullRedraw=false
[dbg] ar=67898 am=6 aA=6 aH=0 l=false j=false fullRedraw=false
[dbg] ar=67923 am=6 aA=6 aH=0 l=false j=false fullRedraw=false
[dbg] ar=67948 am=6 aA=6 aH=0 l=false j=false fullRedraw=false
[fifo] ar=67965 slots 0
[slots] p0 n=6 0:t4@(10,49)w0 1:t4@(11,49)w0 2:t3@(11,48)w0 3:t3@(11,50)w0 4:t5@(12,50)w0 5:t5@(12,48)w0
[dbg] ar=67973 am=6 aA=6 aH=0 l=false j=false fullRedraw=false
[fifo] ar=67994 slots 1
[slots] p1 n=0
[dbg] ar=67998 am=6 aA=6 aH=0 l=false j=false fullRedraw=false
[fifo] ar=68003 slots 0
[slots] p0 n=6 0:t4@(10,49)w0 1:t4@(11,49)w0 2:t3@(11,48)w0 3:t3@(11,50)w0 4:t5@(12,50)w0 5:t5@(12,48)w0
[dbg] ar=68023 am=6 aA=6 aH=0 l=false j=false fullRedraw=false
[fifo] ar=68024 slots 1
[slots] p1 n=0
[fifo] ar=68048 slots 1
[slots] p1 n=0
[dbg] ar=68048 am=6 aA=6 aH=0 l=false j=false fullRedraw=false
[fifo] ar=68056 slots 0
[slots] p0 n=6 0:t4@(10,49)w0 1:t4@(11,49)w0 2:t3@(11,48)w0 3:t3@(11,50)w0 4:t5@(12,50)w0 5:t5@(12,48)w0
[dbg] ar=68073 am=6 aA=6 aH=0 l=false j=false fullRedraw=false
[fifo] ar=68078 state
[devMouse] aA=6/6 cursor=(48,13) cam=(468,404) Q=880 aE=512 Y=0 sel=6
[devMouse] p0 unit 0 tile=(10,49) type=4 sel=true
[devMouse] p0 unit 1 tile=(11,49) type=4 sel=true
[devMouse] p0 unit 2 tile=(11,48) type=3 sel=false
[devMouse] p0 unit 3 tile=(11,50) type=3 sel=false
[devMouse] p0 unit 4 tile=(12,50) type=5 sel=false
[devMouse] p0 unit 5 tile=(12,48) type=5 sel=false
[fifoQ] ar=68086 sel 11 48
[fifo] ar=68087 sel 11 48
[devMouse] sel OK p0 unit type=3 at (11,48)
[dbg] ar=68098 am=6 aA=6 aH=0 l=false j=false fullRedraw=false
[fifoQ] ar=68107 goto 11 49 all
[fifo] ar=68108 goto 11 49 all
[devMouse] goto OK (11,49) x0q type=3
[dbg] ar=68123 am=6 aA=6 aH=0 l=false j=false fullRedraw=false
[fifoQ] ar=68127 sel 12 50
[fifo] ar=68128 sel 12 50
[devMouse] sel OK p0 unit type=5 at (12,50)
[fifoQ] ar=68148 goto 11 49 all
[dbg] ar=68148 am=6 aA=6 aH=0 l=false j=false fullRedraw=false
[fifo] ar=68149 goto 11 49 all
[devMouse] goto OK (11,49) x0q type=5
[fifoQ] ar=68168 sel 10 49
[fifo] ar=68169 sel 10 49
[devMouse] sel OK p0 unit type=4 at (10,49)
[dbg] ar=68173 am=6 aA=6 aH=0 l=false j=false fullRedraw=false
[fifoQ] ar=68188 goto 11 49 all
[fifo] ar=68189 goto 11 49 all
[devMouse] goto OK (11,49) x0q type=4
[dbg] ar=68198 am=6 aA=6 aH=0 l=false j=false fullRedraw=false
[dbg] ar=68223 am=6 aA=6 aH=0 l=false j=false fullRedraw=false
[dbg] ar=68248 am=6 aA=6 aH=0 l=false j=false fullRedraw=false
[dbg] ar=68273 am=6 aA=6 aH=0 l=false j=false fullRedraw=false
[dbg] ar=68298 am=6 aA=6 aH=0 l=false j=false fullRedraw=false
[dbg] ar=68323 am=6 aA=6 aH=0 l=false j=false fullRedraw=false
[dbg] ar=68348 am=6 aA=6 aH=0 l=false j=false fullRedraw=false
[fifo] ar=68354 slots 0
[slots] p0 n=6 0:t4@(10,49)w0 1:t4@(11,49)w0 2:t3@(11,48)w0 3:t3@(11,50)w0 4:t5@(12,50)w0 5:t5@(12,48)w0
[dbg] ar=68373 am=6 aA=6 aH=0 l=false j=false fullRedraw=false
[dbg] ar=68398 am=6 aA=6 aH=0 l=false j=false fullRedraw=false
[fifo] ar=68400 slots 1
[slots] p1 n=0
[dbg] ar=68423 am=6 aA=6 aH=0 l=false j=false fullRedraw=false
[fifo] ar=68430 state
[devMouse] aA=6/6 cursor=(48,13) cam=(468,404) Q=880 aE=512 Y=0 sel=6
[devMouse] p0 unit 0 tile=(10,49) type=4 sel=true
[devMouse] p0 unit 1 tile=(11,49) type=4 sel=true
[devMouse] p0 unit 2 tile=(11,48) type=3 sel=false
[devMouse] p0 unit 3 tile=(11,50) type=3 sel=false
[devMouse] p0 unit 4 tile=(12,50) type=5 sel=false
[devMouse] p0 unit 5 tile=(12,48) type=5 sel=false
[dbg] ar=68448 am=6 aA=6 aH=0 l=false j=false fullRedraw=false
[dbg] ar=68473 am=6 aA=6 aH=0 l=false j=false fullRedraw=false
[dbg] ar=68498 am=6 aA=6 aH=0 l=false j=false fullRedraw=false
[dbg] ar=68523 am=6 aA=6 aH=0 l=false j=false fullRedraw=false
[dbg] ar=68548 am=6 aA=6 aH=0 l=false j=false fullRedraw=false
[dbg] ar=68573 am=6 aA=6 aH=0 l=false j=false fullRedraw=false
[dbg] ar=68598 am=6 aA=6 aH=0 l=false j=false fullRedraw=false
[dbg] ar=68623 am=6 aA=6 aH=0 l=false j=false fullRedraw=false
[fifo] ar=68626 slots 0
[slots] p0 n=6 0:t4@(10,49)w0 1:t4@(11,49)w0 2:t3@(11,48)w0 3:t3@(11,50)w0 4:t5@(12,50)w0 5:t5@(12,48)w0
[dbg] ar=68648 am=6 aA=6 aH=0 l=false j=false fullRedraw=false
[fifo] ar=68656 slots 1
[slots] p1 n=0
[dbg] ar=68673 am=6 aA=6 aH=0 l=false j=false fullRedraw=false
[fifo] ar=68686 slots 1
[slots] p1 n=0
[dbg] ar=68698 am=6 aA=6 aH=0 l=false j=false fullRedraw=false
[fifo] ar=68707 slots 0
[slots] p0 n=6 0:t4@(10,49)w0 1:t4@(11,49)w0 2:t3@(11,48)w0 3:t3@(11,50)w0 4:t5@(12,50)w0 5:t5@(12,48)w0
[fifo] ar=68716 slots 0
[slots] p0 n=6 0:t4@(10,49)w0 1:t4@(11,49)w0 2:t3@(11,48)w0 3:t3@(11,50)w0 4:t5@(12,50)w0 5:t5@(12,48)w0
[dbg] ar=68723 am=6 aA=6 aH=0 l=false j=false fullRedraw=false
[fifoQ] ar=68747 sel 11 48
[fifo] ar=68747 sel 11 48
[devMouse] sel OK p0 unit type=3 at (11,48)
[dbg] ar=68748 am=6 aA=6 aH=0 l=false j=false fullRedraw=false
[fifo] ar=68755 slots 1
[slots] p1 n=0
[fifoQ] ar=68767 goto 11 49 all
[fifo] ar=68768 goto 11 49 all
[devMouse] goto OK (11,49) x0q type=3
[dbg] ar=68773 am=6 aA=6 aH=0 l=false j=false fullRedraw=false
[fifo] ar=68783 state
[devMouse] aA=6/6 cursor=(48,13) cam=(468,404) Q=880 aE=512 Y=0 sel=6
[devMouse] p0 unit 0 tile=(10,49) type=4 sel=false
[devMouse] p0 unit 1 tile=(11,49) type=4 sel=false
[devMouse] p0 unit 2 tile=(11,48) type=3 sel=true
[devMouse] p0 unit 3 tile=(11,50) type=3 sel=true
[devMouse] p0 unit 4 tile=(12,50) type=5 sel=false
[devMouse] p0 unit 5 tile=(12,48) type=5 sel=false
[fifoQ] ar=68792 sel 12 50
[fifo] ar=68793 sel 12 50
[devMouse] sel OK p0 unit type=5 at (12,50)
[dbg] ar=68798 am=6 aA=6 aH=0 l=false j=false fullRedraw=false
[fifoQ] ar=68812 goto 11 49 all
[fifo] ar=68813 goto 11 49 all
[devMouse] goto OK (11,49) x0q type=5
[dbg] ar=68823 am=6 aA=6 aH=0 l=false j=false fullRedraw=false
[fifoQ] ar=68832 sel 10 49
[fifo] ar=68833 sel 10 49
[devMouse] sel OK p0 unit type=4 at (10,49)
[dbg] ar=68848 am=6 aA=6 aH=0 l=false j=false fullRedraw=false
[fifoQ] ar=68854 goto 11 49 all
[fifo] ar=68855 goto 11 49 all
[devMouse] goto OK (11,49) x0q type=4
[dbg] ar=68873 am=6 aA=6 aH=0 l=false j=false fullRedraw=false
[dbg] ar=68898 am=6 aA=6 aH=0 l=false j=false fullRedraw=false
[dbg] ar=68923 am=6 aA=6 aH=0 l=false j=false fullRedraw=false
[dbg] ar=68948 am=6 aA=6 aH=0 l=false j=false fullRedraw=false
[dbg] ar=68973 am=6 aA=6 aH=0 l=false j=false fullRedraw=false
[dbg] ar=68998 am=6 aA=6 aH=0 l=false j=false fullRedraw=false
[dbg] ar=69023 am=6 aA=6 aH=0 l=false j=false fullRedraw=false
[dbg] ar=69048 am=6 aA=6 aH=0 l=false j=false fullRedraw=false
[fifo] ar=69059 slots 0
[slots] p0 n=6 0:t4@(10,49)w0 1:t4@(11,49)w0 2:t3@(11,48)w0 3:t3@(11,50)w0 4:t5@(12,50)w0 5:t5@(12,48)w0
[dbg] ar=69073 am=6 aA=6 aH=0 l=false j=false fullRedraw=false
[dbg] ar=69098 am=6 aA=6 aH=0 l=false j=false fullRedraw=false
[fifo] ar=69105 slots 1
[slots] p1 n=0
[dbg] ar=69123 am=6 aA=6 aH=0 l=false j=false fullRedraw=false
[fifo] ar=69136 state
[devMouse] aA=6/6 cursor=(48,13) cam=(468,404) Q=880 aE=512 Y=0 sel=6
[devMouse] p0 unit 0 tile=(10,49) type=4 sel=true
[devMouse] p0 unit 1 tile=(11,49) type=4 sel=true
[devMouse] p0 unit 2 tile=(11,48) type=3 sel=false
[devMouse] p0 unit 3 tile=(11,50) type=3 sel=false
[devMouse] p0 unit 4 tile=(12,50) type=5 sel=false
[devMouse] p0 unit 5 tile=(12,48) type=5 sel=false
[dbg] ar=69148 am=6 aA=6 aH=0 l=false j=false fullRedraw=false
[dbg] ar=69173 am=6 aA=6 aH=0 l=false j=false fullRedraw=false
[dbg] ar=69198 am=6 aA=6 aH=0 l=false j=false fullRedraw=false
[dbg] ar=69223 am=6 aA=6 aH=0 l=false j=false fullRedraw=false
[dbg] ar=69248 am=6 aA=6 aH=0 l=false j=false fullRedraw=false
[fifo] ar=69272 sitrep
[devMouse] sitrep ar=69272 aA=6/6 cur=(48,13) res=0/0/0 pop=6/0 q=0 ai=0 sel=512 我军:t3x2 t4x2 t5x2 敌军:0
[dbg] ar=69273 am=6 aA=6 aH=0 l=false j=false fullRedraw=false
[fifo] ar=69288 slots 0
[slots] p0 n=6 0:t4@(10,49)w0 1:t4@(11,49)w0 2:t3@(11,48)w0 3:t3@(11,50)w0 4:t5@(12,50)w0 5:t5@(12,48)w0
[dbg] ar=69298 am=6 aA=6 aH=0 l=false j=false fullRedraw=false
[fifo] ar=69318 slots 1
[slots] p1 n=0
[dbg] ar=69323 am=6 aA=6 aH=0 l=false j=false fullRedraw=false
[fifo] ar=69347 slots 1
[slots] p1 n=0
[dbg] ar=69348 am=6 aA=6 aH=0 l=false j=false fullRedraw=false
[dbg] ar=69373 am=6 aA=6 aH=0 l=false j=false fullRedraw=false
[fifo] ar=69378 slots 0
[slots] p0 n=6 0:t4@(10,49)w0 1:t4@(11,49)w0 2:t3@(11,48)w0 3:t3@(11,50)w0 4:t5@(12,50)w0 5:t5@(12,48)w0
[dbg] ar=69398 am=6 aA=6 aH=0 l=false j=false fullRedraw=false
[fifoQ] ar=69409 sel 11 48
[fifo] ar=69410 sel 11 48
[devMouse] sel OK p0 unit type=3 at (11,48)
[fifo] ar=69417 slots 0
[slots] p0 n=6 0:t4@(10,49)w0 1:t4@(11,49)w0 2:t3@(11,48)w0 3:t3@(11,50)w0 4:t5@(12,50)w0 5:t5@(12,48)w0
[dbg] ar=69423 am=6 aA=6 aH=0 l=false j=false fullRedraw=false
[fifoQ] ar=69429 goto 11 49 all
[fifo] ar=69430 goto 11 49 all
[devMouse] goto OK (11,49) x0q type=3
[dbg] ar=69448 am=6 aA=6 aH=0 l=false j=false fullRedraw=false
[fifoQ] ar=69450 sel 12 50
[fifo] ar=69451 sel 12 50
[devMouse] sel OK p0 unit type=5 at (12,50)
[fifo] ar=69462 slots 1
[slots] p1 n=0
[fifoQ] ar=69470 goto 11 49 all
[fifo] ar=69471 goto 11 49 all
[devMouse] goto OK (11,49) x0q type=5
[dbg] ar=69473 am=6 aA=6 aH=0 l=false j=false fullRedraw=false
[fifoQ] ar=69490 sel 10 49
[fifo] ar=69491 sel 10 49
[devMouse] sel OK p0 unit type=4 at (10,49)
[fifo] ar=69498 state
[devMouse] aA=6/6 cursor=(48,13) cam=(468,404) Q=880 aE=512 Y=0 sel=6
[devMouse] p0 unit 0 tile=(10,49) type=4 sel=true
[devMouse] p0 unit 1 tile=(11,49) type=4 sel=false
[devMouse] p0 unit 2 tile=(11,48) type=3 sel=false
[devMouse] p0 unit 3 tile=(11,50) type=3 sel=false
[devMouse] p0 unit 4 tile=(12,50) type=5 sel=false
[devMouse] p0 unit 5 tile=(12,48) type=5 sel=false
[dbg] ar=69498 am=6 aA=6 aH=0 l=false j=false fullRedraw=false
[fifoQ] ar=69509 goto 11 49 all
[fifo] ar=69510 goto 11 49 all
[devMouse] goto OK (11,49) x0q type=4
[dbg] ar=69523 am=6 aA=6 aH=0 l=false j=false fullRedraw=false
[dbg] ar=69548 am=6 aA=6 aH=0 l=false j=false fullRedraw=false
[dbg] ar=69573 am=6 aA=6 aH=0 l=false j=false fullRedraw=false
[dbg] ar=69598 am=6 aA=6 aH=0 l=false j=false fullRedraw=false
[dbg] ar=69623 am=6 aA=6 aH=0 l=false j=false fullRedraw=false
[dbg] ar=69648 am=6 aA=6 aH=0 l=false j=false fullRedraw=false
[dbg] ar=69673 am=6 aA=6 aH=0 l=false j=false fullRedraw=false
[dbg] ar=69698 am=6 aA=6 aH=0 l=false j=false fullRedraw=false
[dbg] ar=69723 am=6 aA=6 aH=0 l=false j=false fullRedraw=false
[dbg] ar=69748 am=6 aA=6 aH=0 l=false j=false fullRedraw=false
[dbg] ar=69773 am=6 aA=6 aH=0 l=false j=false fullRedraw=false
[fifo] ar=69775 slots 0
[slots] p0 n=6 0:t4@(10,49)w0 1:t4@(11,49)w0 2:t3@(11,48)w0 3:t3@(11,50)w0 4:t5@(12,50)w0 5:t5@(12,48)w0
[dbg] ar=69798 am=6 aA=6 aH=0 l=false j=false fullRedraw=false
[fifo] ar=69820 slots 1
[slots] p1 n=0
[dbg] ar=69823 am=6 aA=6 aH=0 l=false j=false fullRedraw=false
[dbg] ar=69848 am=6 aA=6 aH=0 l=false j=false fullRedraw=false
[fifo] ar=69852 state
[devMouse] aA=6/6 cursor=(48,13) cam=(468,404) Q=880 aE=512 Y=0 sel=6
[devMouse] p0 unit 0 tile=(10,49) type=4 sel=true
[devMouse] p0 unit 1 tile=(11,49) type=4 sel=true
[devMouse] p0 unit 2 tile=(11,48) type=3 sel=false
[devMouse] p0 unit 3 tile=(11,50) type=3 sel=false
[devMouse] p0 unit 4 tile=(12,50) type=5 sel=false
[devMouse] p0 unit 5 tile=(12,48) type=5 sel=false
[dbg] ar=69873 am=6 aA=6 aH=0 l=false j=false fullRedraw=false
[dbg] ar=69898 am=6 aA=6 aH=0 l=false j=false fullRedraw=false
[dbg] ar=69923 am=6 aA=6 aH=0 l=false j=false fullRedraw=false
[dbg] ar=69948 am=6 aA=6 aH=0 l=false j=false fullRedraw=false
[fifo] ar=69949 slots 0
[slots] p0 n=6 0:t4@(10,49)w0 1:t4@(11,49)w0 2:t3@(11,48)w0 3:t3@(11,50)w0 4:t5@(12,50)w0 5:t5@(12,48)w0
[dbg] ar=69973 am=6 aA=6 aH=0 l=false j=false fullRedraw=false
[fifo] ar=69980 slots 1
[slots] p1 n=0
[dbg] ar=69998 am=6 aA=6 aH=0 l=false j=false fullRedraw=false
[fifo] ar=70011 slots 1
[slots] p1 n=0
[dbg] ar=70023 am=6 aA=6 aH=0 l=false j=false fullRedraw=false
[fifo] ar=70042 slots 0
[slots] p0 n=6 0:t4@(10,49)w0 1:t4@(11,49)w0 2:t3@(11,48)w0 3:t3@(11,50)w0 4:t5@(12,50)w0 5:t5@(12,48)w0
[dbg] ar=70048 am=6 aA=6 aH=0 l=false j=false fullRedraw=false
[fifoQ] ar=70073 sel 11 48
[dbg] ar=70073 am=6 aA=6 aH=0 l=false j=false fullRedraw=false
[fifo] ar=70074 sel 11 48
[devMouse] sel OK p0 unit type=3 at (11,48)
[fifoQ] ar=70094 goto 11 49 all
[fifo] ar=70095 goto 11 49 all
[devMouse] goto OK (11,49) x0q type=3
[dbg] ar=70098 am=6 aA=6 aH=0 l=false j=false fullRedraw=false
[fifoQ] ar=70114 sel 12 50
[fifo] ar=70115 sel 12 50
[devMouse] sel OK p0 unit type=5 at (12,50)
[dbg] ar=70123 am=6 aA=6 aH=0 l=false j=false fullRedraw=false
[fifo] ar=70132 slots 0
[slots] p0 n=6 0:t4@(10,49)w0 1:t4@(11,49)w0 2:t3@(11,48)w0 3:t3@(11,50)w0 4:t5@(12,50)w0 5:t5@(12,48)w0
[fifoQ] ar=70141 goto 11 49 all
[fifo] ar=70142 goto 11 49 all
[devMouse] goto OK (11,49) x0q type=5
[dbg] ar=70148 am=6 aA=6 aH=0 l=false j=false fullRedraw=false
[fifoQ] ar=70161 sel 10 49
[fifo] ar=70162 sel 10 49
[devMouse] sel OK p0 unit type=4 at (10,49)
[dbg] ar=70173 am=6 aA=6 aH=0 l=false j=false fullRedraw=false
[fifo] ar=70178 slots 1
[slots] p1 n=0
[fifoQ] ar=70186 goto 11 49 all
[fifo] ar=70187 goto 11 49 all
[devMouse] goto OK (11,49) x0q type=4
[dbg] ar=70198 am=6 aA=6 aH=0 l=false j=false fullRedraw=false
[fifo] ar=70209 state
[devMouse] aA=6/6 cursor=(48,13) cam=(468,404) Q=880 aE=512 Y=0 sel=6
[devMouse] p0 unit 0 tile=(10,49) type=4 sel=true
[devMouse] p0 unit 1 tile=(11,49) type=4 sel=true
[devMouse] p0 unit 2 tile=(11,48) type=3 sel=false
[devMouse] p0 unit 3 tile=(11,50) type=3 sel=false
[devMouse] p0 unit 4 tile=(12,50) type=5 sel=false
[devMouse] p0 unit 5 tile=(12,48) type=5 sel=false
[dbg] ar=70223 am=6 aA=6 aH=0 l=false j=false fullRedraw=false
[dbg] ar=70248 am=6 aA=6 aH=0 l=false j=false fullRedraw=false
[dbg] ar=70273 am=6 aA=6 aH=0 l=false j=false fullRedraw=false
[dbg] ar=70298 am=6 aA=6 aH=0 l=false j=false fullRedraw=false
[dbg] ar=70323 am=6 aA=6 aH=0 l=false j=false fullRedraw=false
[dbg] ar=70348 am=6 aA=6 aH=0 l=false j=false fullRedraw=false
[dbg] ar=70373 am=6 aA=6 aH=0 l=false j=false fullRedraw=false
[dbg] ar=70398 am=6 aA=6 aH=0 l=false j=false fullRedraw=false
[dbg] ar=70423 am=6 aA=6 aH=0 l=false j=false fullRedraw=false
[dbg] ar=70448 am=6 aA=6 aH=0 l=false j=false fullRedraw=false
[dbg] ar=70473 am=6 aA=6 aH=0 l=false j=false fullRedraw=false
[fifo] ar=70489 slots 0
[slots] p0 n=6 0:t4@(10,49)w0 1:t4@(11,49)w0 2:t3@(11,48)w0 3:t3@(11,50)w0 4:t5@(12,50)w0 5:t5@(12,48)w0
[dbg] ar=70498 am=6 aA=6 aH=0 l=false j=false fullRedraw=false
[dbg] ar=70523 am=6 aA=6 aH=0 l=false j=false fullRedraw=false
[fifo] ar=70536 slots 1
[slots] p1 n=0
[dbg] ar=70548 am=6 aA=6 aH=0 l=false j=false fullRedraw=false
[fifo] ar=70566 state
[devMouse] aA=6/6 cursor=(48,13) cam=(468,404) Q=880 aE=512 Y=0 sel=6
[devMouse] p0 unit 0 tile=(10,49) type=4 sel=true
[devMouse] p0 unit 1 tile=(11,49) type=4 sel=true
[devMouse] p0 unit 2 tile=(11,48) type=3 sel=false
[devMouse] p0 unit 3 tile=(11,50) type=3 sel=false
[devMouse] p0 unit 4 tile=(12,50) type=5 sel=false
[devMouse] p0 unit 5 tile=(12,48) type=5 sel=false
[dbg] ar=70573 am=6 aA=6 aH=0 l=false j=false fullRedraw=false
[dbg] ar=70598 am=6 aA=6 aH=0 l=false j=false fullRedraw=false
[dbg] ar=70623 am=6 aA=6 aH=0 l=false j=false fullRedraw=false
[fifo] ar=70630 slots 0
[slots] p0 n=6 0:t4@(10,49)w0 1:t4@(11,49)w0 2:t3@(11,48)w0 3:t3@(11,50)w0 4:t5@(12,50)w0 5:t5@(12,48)w0
[dbg] ar=70648 am=6 aA=6 aH=0 l=false j=false fullRedraw=false
[fifo] ar=70661 slots 1
[slots] p1 n=0
[dbg] ar=70673 am=6 aA=6 aH=0 l=false j=false fullRedraw=false
[fifo] ar=70691 slots 1
[slots] p1 n=0
[dbg] ar=70698 am=6 aA=6 aH=0 l=false j=false fullRedraw=false
[dbg] ar=70723 am=6 aA=6 aH=0 l=false j=false fullRedraw=false
[fifo] ar=70724 slots 0
[slots] p0 n=6 0:t4@(10,49)w0 1:t4@(11,49)w0 2:t3@(11,48)w0 3:t3@(11,50)w0 4:t5@(12,50)w0 5:t5@(12,48)w0
[dbg] ar=70748 am=6 aA=6 aH=0 l=false j=false fullRedraw=false
[fifoQ] ar=70754 sel 11 48
[fifo] ar=70755 sel 11 48
[devMouse] sel OK p0 unit type=3 at (11,48)
[dbg] ar=70773 am=6 aA=6 aH=0 l=false j=false fullRedraw=false
[fifoQ] ar=70775 goto 11 49 all
[fifo] ar=70776 goto 11 49 all
[devMouse] goto OK (11,49) x0q type=3
[fifo] ar=70791 slots 1
[slots] p1 n=0
[dbg] ar=70798 am=6 aA=6 aH=0 l=false j=false fullRedraw=false
[fifoQ] ar=70800 sel 12 50
[fifo] ar=70800 sel 12 50
[devMouse] sel OK p0 unit type=5 at (12,50)
[fifoQ] ar=70820 goto 11 49 all
[fifo] ar=70821 goto 11 49 all
[devMouse] goto OK (11,49) x0q type=5
[dbg] ar=70823 am=6 aA=6 aH=0 l=false j=false fullRedraw=false
[fifoQ] ar=70840 sel 10 49
[fifo] ar=70841 sel 10 49
[devMouse] sel OK p0 unit type=4 at (10,49)
[fifo] ar=70848 slots 0
[slots] p0 n=6 0:t4@(10,49)w0 1:t4@(11,49)w0 2:t3@(11,48)w0 3:t3@(11,50)w0 4:t5@(12,50)w0 5:t5@(12,48)w0
[dbg] ar=70848 am=6 aA=6 aH=0 l=false j=false fullRedraw=false
[fifoQ] ar=70859 goto 11 49 all
[fifo] ar=70860 goto 11 49 all
[devMouse] goto OK (11,49) x0q type=4
[dbg] ar=70873 am=6 aA=6 aH=0 l=false j=false fullRedraw=false
[fifo] ar=70892 slots 1
[slots] p1 n=0
[dbg] ar=70898 am=6 aA=6 aH=0 l=false j=false fullRedraw=false
[fifo] ar=70922 state
[devMouse] aA=6/6 cursor=(48,13) cam=(468,404) Q=880 aE=512 Y=0 sel=6
[devMouse] p0 unit 0 tile=(10,49) type=4 sel=true
[devMouse] p0 unit 1 tile=(11,49) type=4 sel=true
[devMouse] p0 unit 2 tile=(11,48) type=3 sel=false
[devMouse] p0 unit 3 tile=(11,50) type=3 sel=false
[devMouse] p0 unit 4 tile=(12,50) type=5 sel=false
[devMouse] p0 unit 5 tile=(12,48) type=5 sel=false
[dbg] ar=70923 am=6 aA=6 aH=0 l=false j=false fullRedraw=false
[dbg] ar=70948 am=6 aA=6 aH=0 l=false j=false fullRedraw=false
[dbg] ar=70973 am=6 aA=6 aH=0 l=false j=false fullRedraw=false
[dbg] ar=70998 am=6 aA=6 aH=0 l=false j=false fullRedraw=false
[dbg] ar=71023 am=6 aA=6 aH=0 l=false j=false fullRedraw=false
[dbg] ar=71048 am=6 aA=6 aH=0 l=false j=false fullRedraw=false
[dbg] ar=71073 am=6 aA=6 aH=0 l=false j=false fullRedraw=false
[dbg] ar=71098 am=6 aA=6 aH=0 l=false j=false fullRedraw=false
[dbg] ar=71123 am=6 aA=6 aH=0 l=false j=false fullRedraw=false
[dbg] ar=71148 am=6 aA=6 aH=0 l=false j=false fullRedraw=false
[dbg] ar=71173 am=6 aA=6 aH=0 l=false j=false fullRedraw=false
[dbg] ar=71198 am=6 aA=6 aH=0 l=false j=false fullRedraw=false
[fifo] ar=71202 slots 0
[slots] p0 n=6 0:t4@(10,49)w0 1:t4@(11,49)w0 2:t3@(11,48)w0 3:t3@(11,50)w0 4:t5@(12,50)w0 5:t5@(12,48)w0
[dbg] ar=71223 am=6 aA=6 aH=0 l=false j=false fullRedraw=false
[dbg] ar=71248 am=6 aA=6 aH=0 l=false j=false fullRedraw=false
[fifo] ar=71249 slots 1
[slots] p1 n=0
[dbg] ar=71273 am=6 aA=6 aH=0 l=false j=false fullRedraw=false
[fifo] ar=71280 state
[devMouse] aA=6/6 cursor=(48,13) cam=(468,404) Q=880 aE=512 Y=0 sel=6
[devMouse] p0 unit 0 tile=(10,49) type=4 sel=true
[devMouse] p0 unit 1 tile=(11,49) type=4 sel=true
[devMouse] p0 unit 2 tile=(11,48) type=3 sel=false
[devMouse] p0 unit 3 tile=(11,50) type=3 sel=false
[devMouse] p0 unit 4 tile=(12,50) type=5 sel=false
[devMouse] p0 unit 5 tile=(12,48) type=5 sel=false
[dbg] ar=71298 am=6 aA=6 aH=0 l=false j=false fullRedraw=false
[fifo] ar=71301 slots 0
[slots] p0 n=6 0:t4@(10,49)w0 1:t4@(11,49)w0 2:t3@(11,48)w0 3:t3@(11,50)w0 4:t5@(12,50)w0 5:t5@(12,48)w0
[dbg] ar=71323 am=6 aA=6 aH=0 l=false j=false fullRedraw=false
[fifo] ar=71331 slots 1
[slots] p1 n=0
[dbg] ar=71348 am=6 aA=6 aH=0 l=false j=false fullRedraw=false
[fifo] ar=71363 slots 1
[slots] p1 n=0
[dbg] ar=71373 am=6 aA=6 aH=0 l=false j=false fullRedraw=false
[fifo] ar=71393 slots 0
[slots] p0 n=6 0:t4@(10,49)w0 1:t4@(11,49)w0 2:t3@(11,48)w0 3:t3@(11,50)w0 4:t5@(12,50)w0 5:t5@(12,48)w0
[dbg] ar=71398 am=6 aA=6 aH=0 l=false j=false fullRedraw=false
[dbg] ar=71423 am=6 aA=6 aH=0 l=false j=false fullRedraw=false
[fifoQ] ar=71424 sel 11 48
[fifo] ar=71425 sel 11 48
[devMouse] sel OK p0 unit type=3 at (11,48)
[fifoQ] ar=71444 goto 11 49 all
[fifo] ar=71445 goto 11 49 all
[devMouse] goto OK (11,49) x0q type=3
[dbg] ar=71448 am=6 aA=6 aH=0 l=false j=false fullRedraw=false
[fifoQ] ar=71465 sel 12 50
[fifo] ar=71466 sel 12 50
[devMouse] sel OK p0 unit type=5 at (12,50)
[dbg] ar=71473 am=6 aA=6 aH=0 l=false j=false fullRedraw=false
[fifoQ] ar=71486 goto 11 49 all
[fifo] ar=71486 goto 11 49 all
[devMouse] goto OK (11,49) x0q type=5
[dbg] ar=71498 am=6 aA=6 aH=0 l=false j=false fullRedraw=false
[fifoQ] ar=71506 sel 10 49
[fifo] ar=71507 sel 10 49
[devMouse] sel OK p0 unit type=4 at (10,49)
[dbg] ar=71523 am=6 aA=6 aH=0 l=false j=false fullRedraw=false
[fifoQ] ar=71526 goto 11 49 all
[fifo] ar=71527 goto 11 49 all
[devMouse] goto OK (11,49) x0q type=4
[dbg] ar=71548 am=6 aA=6 aH=0 l=false j=false fullRedraw=false
[fifo] ar=71560 slots 0
[slots] p0 n=6 0:t4@(10,49)w0 1:t4@(11,49)w0 2:t3@(11,48)w0 3:t3@(11,50)w0 4:t5@(12,50)w0 5:t5@(12,48)w0
[dbg] ar=71573 am=6 aA=6 aH=0 l=false j=false fullRedraw=false
[dbg] ar=71598 am=6 aA=6 aH=0 l=false j=false fullRedraw=false
[fifo] ar=71607 slots 1
[slots] p1 n=0
[dbg] ar=71623 am=6 aA=6 aH=0 l=false j=false fullRedraw=false
[fifo] ar=71637 state
[devMouse] aA=6/6 cursor=(48,13) cam=(468,404) Q=880 aE=512 Y=0 sel=6
[devMouse] p0 unit 0 tile=(10,49) type=4 sel=true
[devMouse] p0 unit 1 tile=(11,49) type=4 sel=true
[devMouse] p0 unit 2 tile=(11,48) type=3 sel=false
[devMouse] p0 unit 3 tile=(11,50) type=3 sel=false
[devMouse] p0 unit 4 tile=(12,50) type=5 sel=false
[devMouse] p0 unit 5 tile=(12,48) type=5 sel=false
[dbg] ar=71648 am=6 aA=6 aH=0 l=false j=false fullRedraw=false
[dbg] ar=71673 am=6 aA=6 aH=0 l=false j=false fullRedraw=false
[dbg] ar=71698 am=6 aA=6 aH=0 l=false j=false fullRedraw=false
[dbg] ar=71723 am=6 aA=6 aH=0 l=false j=false fullRedraw=false
[dbg] ar=71748 am=6 aA=6 aH=0 l=false j=false fullRedraw=false
[dbg] ar=71773 am=6 aA=6 aH=0 l=false j=false fullRedraw=false
[dbg] ar=71798 am=6 aA=6 aH=0 l=false j=false fullRedraw=false
[dbg] ar=71823 am=6 aA=6 aH=0 l=false j=false fullRedraw=false
[dbg] ar=71848 am=6 aA=6 aH=0 l=false j=false fullRedraw=false
[dbg] ar=71873 am=6 aA=6 aH=0 l=false j=false fullRedraw=false
[dbg] ar=71898 am=6 aA=6 aH=0 l=false j=false fullRedraw=false
[fifo] ar=71915 slots 0
[slots] p0 n=6 0:t4@(10,49)w0 1:t4@(11,49)w0 2:t3@(11,48)w0 3:t3@(11,50)w0 4:t5@(12,50)w0 5:t5@(12,48)w0
[dbg] ar=71923 am=6 aA=6 aH=0 l=false j=false fullRedraw=false
[dbg] ar=71948 am=6 aA=6 aH=0 l=false j=false fullRedraw=false
[fifo] ar=71961 slots 1
[slots] p1 n=0
[fifo] ar=71969 slots 0
[slots] p0 n=6 0:t4@(10,49)w0 1:t4@(11,49)w0 2:t3@(11,48)w0 3:t3@(11,50)w0 4:t5@(12,50)w0 5:t5@(12,48)w0
[dbg] ar=71973 am=6 aA=6 aH=0 l=false j=false fullRedraw=false
[fifo] ar=71990 state
[devMouse] aA=6/6 cursor=(48,13) cam=(468,404) Q=880 aE=512 Y=0 sel=6
[devMouse] p0 unit 0 tile=(10,49) type=4 sel=true
[devMouse] p0 unit 1 tile=(11,49) type=4 sel=true
[devMouse] p0 unit 2 tile=(11,48) type=3 sel=false
[devMouse] p0 unit 3 tile=(11,50) type=3 sel=false
[devMouse] p0 unit 4 tile=(12,50) type=5 sel=false
[devMouse] p0 unit 5 tile=(12,48) type=5 sel=false
[fifo] ar=71997 slots 1
[slots] p1 n=0
[dbg] ar=71998 am=6 aA=6 aH=0 l=false j=false fullRedraw=false
[dbg] ar=72023 am=6 aA=6 aH=0 l=false j=false fullRedraw=false
[fifo] ar=72027 slots 1
[slots] p1 n=0
[dbg] ar=72048 am=6 aA=6 aH=0 l=false j=false fullRedraw=false
[fifo] ar=72058 slots 0
[slots] p0 n=6 0:t4@(10,49)w0 1:t4@(11,49)w0 2:t3@(11,48)w0 3:t3@(11,50)w0 4:t5@(12,50)w0 5:t5@(12,48)w0
[dbg] ar=72073 am=6 aA=6 aH=0 l=false j=false fullRedraw=false
[fifoQ] ar=72088 sel 11 48
[fifo] ar=72089 sel 11 48
[devMouse] sel OK p0 unit type=3 at (11,48)
[dbg] ar=72098 am=6 aA=6 aH=0 l=false j=false fullRedraw=false
[fifoQ] ar=72109 goto 11 49 all
[fifo] ar=72110 goto 11 49 all
[devMouse] goto OK (11,49) x0q type=3
[dbg] ar=72123 am=6 aA=6 aH=0 l=false j=false fullRedraw=false
[fifoQ] ar=72129 sel 12 50
[fifo] ar=72130 sel 12 50
[devMouse] sel OK p0 unit type=5 at (12,50)
[dbg] ar=72148 am=6 aA=6 aH=0 l=false j=false fullRedraw=false
[fifoQ] ar=72150 goto 11 49 all
[fifo] ar=72151 goto 11 49 all
[devMouse] goto OK (11,49) x0q type=5
[fifoQ] ar=72170 sel 10 49
[fifo] ar=72171 sel 10 49
[devMouse] sel OK p0 unit type=4 at (10,49)
[dbg] ar=72173 am=6 aA=6 aH=0 l=false j=false fullRedraw=false
[fifoQ] ar=72190 goto 11 49 all
[fifo] ar=72191 goto 11 49 all
[devMouse] goto OK (11,49) x0q type=4
[dbg] ar=72198 am=6 aA=6 aH=0 l=false j=false fullRedraw=false
[dbg] ar=72223 am=6 aA=6 aH=0 l=false j=false fullRedraw=false
[dbg] ar=72248 am=6 aA=6 aH=0 l=false j=false fullRedraw=false
[fifo] ar=72268 slots 0
[slots] p0 n=6 0:t4@(10,49)w0 1:t4@(11,49)w0 2:t3@(11,48)w0 3:t3@(11,50)w0 4:t5@(12,50)w0 5:t5@(12,48)w0
[dbg] ar=72273 am=6 aA=6 aH=0 l=false j=false fullRedraw=false
[dbg] ar=72298 am=6 aA=6 aH=0 l=false j=false fullRedraw=false
[fifo] ar=72314 slots 1
[slots] p1 n=0
[dbg] ar=72323 am=6 aA=6 aH=0 l=false j=false fullRedraw=false
[fifo] ar=72344 state
[devMouse] aA=6/6 cursor=(48,13) cam=(468,404) Q=880 aE=512 Y=0 sel=6
[devMouse] p0 unit 0 tile=(10,49) type=4 sel=true
[devMouse] p0 unit 1 tile=(11,49) type=4 sel=true
[devMouse] p0 unit 2 tile=(11,48) type=3 sel=false
[devMouse] p0 unit 3 tile=(11,50) type=3 sel=false
[devMouse] p0 unit 4 tile=(12,50) type=5 sel=false
[devMouse] p0 unit 5 tile=(12,48) type=5 sel=false
[dbg] ar=72348 am=6 aA=6 aH=0 l=false j=false fullRedraw=false
[dbg] ar=72373 am=6 aA=6 aH=0 l=false j=false fullRedraw=false
[dbg] ar=72398 am=6 aA=6 aH=0 l=false j=false fullRedraw=false
[dbg] ar=72423 am=6 aA=6 aH=0 l=false j=false fullRedraw=false
[dbg] ar=72448 am=6 aA=6 aH=0 l=false j=false fullRedraw=false
[dbg] ar=72473 am=6 aA=6 aH=0 l=false j=false fullRedraw=false
[dbg] ar=72498 am=6 aA=6 aH=0 l=false j=false fullRedraw=false
[dbg] ar=72523 am=6 aA=6 aH=0 l=false j=false fullRedraw=false
[dbg] ar=72548 am=6 aA=6 aH=0 l=false j=false fullRedraw=false
[dbg] ar=72573 am=6 aA=6 aH=0 l=false j=false fullRedraw=false
[dbg] ar=72598 am=6 aA=6 aH=0 l=false j=false fullRedraw=false
[dbg] ar=72623 am=6 aA=6 aH=0 l=false j=false fullRedraw=false
[fifo] ar=72624 slots 0
[slots] p0 n=6 0:t4@(10,49)w0 1:t4@(11,49)w0 2:t3@(11,48)w0 3:t3@(11,50)w0 4:t5@(12,50)w0 5:t5@(12,48)w0
[fifo] ar=72632 slots 0
[slots] p0 n=6 0:t4@(10,49)w0 1:t4@(11,49)w0 2:t3@(11,48)w0 3:t3@(11,50)w0 4:t5@(12,50)w0 5:t5@(12,48)w0
[dbg] ar=72648 am=6 aA=6 aH=0 l=false j=false fullRedraw=false
[fifo] ar=72662 slots 1
[slots] p1 n=0
[fifo] ar=72670 slots 1
[slots] p1 n=0
[dbg] ar=72673 am=6 aA=6 aH=0 l=false j=false fullRedraw=false
[fifo] ar=72693 slots 1
[slots] p1 n=0
[dbg] ar=72698 am=6 aA=6 aH=0 l=false j=false fullRedraw=false
[fifo] ar=72701 state
[devMouse] aA=6/6 cursor=(48,13) cam=(468,404) Q=880 aE=512 Y=0 sel=6
[devMouse] p0 unit 0 tile=(10,49) type=4 sel=true
[devMouse] p0 unit 1 tile=(11,49) type=4 sel=true
[devMouse] p0 unit 2 tile=(11,48) type=3 sel=false
[devMouse] p0 unit 3 tile=(11,50) type=3 sel=false
[devMouse] p0 unit 4 tile=(12,50) type=5 sel=false
[devMouse] p0 unit 5 tile=(12,48) type=5 sel=false
[dbg] ar=72723 am=6 aA=6 aH=0 l=false j=false fullRedraw=false
[fifo] ar=72724 slots 0
[slots] p0 n=6 0:t4@(10,49)w0 1:t4@(11,49)w0 2:t3@(11,48)w0 3:t3@(11,50)w0 4:t5@(12,50)w0 5:t5@(12,48)w0
[dbg] ar=72748 am=6 aA=6 aH=0 l=false j=false fullRedraw=false
[fifoQ] ar=72754 sel 11 48
[fifo] ar=72755 sel 11 48
[devMouse] sel OK p0 unit type=3 at (11,48)
[dbg] ar=72773 am=6 aA=6 aH=0 l=false j=false fullRedraw=false
[fifoQ] ar=72774 goto 11 49 all
[fifo] ar=72775 goto 11 49 all
[devMouse] goto OK (11,49) x0q type=3
[fifoQ] ar=72795 sel 12 50
[fifo] ar=72796 sel 12 50
[devMouse] sel OK p0 unit type=5 at (12,50)
[dbg] ar=72798 am=6 aA=6 aH=0 l=false j=false fullRedraw=false
[fifoQ] ar=72816 goto 11 49 all
[fifo] ar=72817 goto 11 49 all
[devMouse] goto OK (11,49) x0q type=5
[dbg] ar=72823 am=6 aA=6 aH=0 l=false j=false fullRedraw=false
[fifoQ] ar=72836 sel 10 49
[fifo] ar=72837 sel 10 49
[devMouse] sel OK p0 unit type=4 at (10,49)
[dbg] ar=72848 am=6 aA=6 aH=0 l=false j=false fullRedraw=false
[fifoQ] ar=72857 goto 11 49 all
[fifo] ar=72858 goto 11 49 all
[devMouse] goto OK (11,49) x0q type=4
[dbg] ar=72873 am=6 aA=6 aH=0 l=false j=false fullRedraw=false
[dbg] ar=72898 am=6 aA=6 aH=0 l=false j=false fullRedraw=false
[dbg] ar=72923 am=6 aA=6 aH=0 l=false j=false fullRedraw=false
[dbg] ar=72948 am=6 aA=6 aH=0 l=false j=false fullRedraw=false
[dbg] ar=72973 am=6 aA=6 aH=0 l=false j=false fullRedraw=false
[fifo] ar=72981 slots 0
[slots] p0 n=6 0:t4@(10,49)w0 1:t4@(11,49)w0 2:t3@(11,48)w0 3:t3@(11,50)w0 4:t5@(12,50)w0 5:t5@(12,48)w0
[dbg] ar=72998 am=6 aA=6 aH=0 l=false j=false fullRedraw=false
[dbg] ar=73023 am=6 aA=6 aH=0 l=false j=false fullRedraw=false
[fifo] ar=73027 slots 1
[slots] p1 n=0
[dbg] ar=73048 am=6 aA=6 aH=0 l=false j=false fullRedraw=false
[fifo] ar=73058 state
[devMouse] aA=6/6 cursor=(48,13) cam=(468,404) Q=880 aE=512 Y=0 sel=6
[devMouse] p0 unit 0 tile=(10,49) type=4 sel=true
[devMouse] p0 unit 1 tile=(11,49) type=4 sel=true
[devMouse] p0 unit 2 tile=(11,48) type=3 sel=false
[devMouse] p0 unit 3 tile=(11,50) type=3 sel=false
[devMouse] p0 unit 4 tile=(12,50) type=5 sel=false
[devMouse] p0 unit 5 tile=(12,48) type=5 sel=false
[dbg] ar=73073 am=6 aA=6 aH=0 l=false j=false fullRedraw=false
[dbg] ar=73098 am=6 aA=6 aH=0 l=false j=false fullRedraw=false
[dbg] ar=73123 am=6 aA=6 aH=0 l=false j=false fullRedraw=false
[fifo] ar=73143 slots 1
[slots] p1 n=0
[dbg] ar=73148 am=6 aA=6 aH=0 l=false j=false fullRedraw=false
[dbg] ar=73173 am=6 aA=6 aH=0 l=false j=false fullRedraw=false
[fifo] ar=73198 slots 1
[slots] p1 n=0
[dbg] ar=73198 am=6 aA=6 aH=0 l=false j=false fullRedraw=false
[dbg] ar=73223 am=6 aA=6 aH=0 l=false j=false fullRedraw=false
[dbg] ar=73248 am=6 aA=6 aH=0 l=false j=false fullRedraw=false
[fifo] ar=73254 slots 1
[slots] p1 n=0
[dbg] ar=73273 am=6 aA=6 aH=0 l=false j=false fullRedraw=false
[dbg] ar=73298 am=6 aA=6 aH=0 l=false j=false fullRedraw=false
[fifo] ar=73299 slots 0
[slots] p0 n=6 0:t4@(10,49)w0 1:t4@(11,49)w0 2:t3@(11,48)w0 3:t3@(11,50)w0 4:t5@(12,50)w0 5:t5@(12,48)w0
[dbg] ar=73323 am=6 aA=6 aH=0 l=false j=false fullRedraw=false
[fifo] ar=73327 slots 1
[slots] p1 n=0
[fifo] ar=73337 slots 0
[slots] p0 n=6 0:t4@(10,49)w0 1:t4@(11,49)w0 2:t3@(11,48)w0 3:t3@(11,50)w0 4:t5@(12,50)w0 5:t5@(12,48)w0
[dbg] ar=73348 am=6 aA=6 aH=0 l=false j=false fullRedraw=false
[fifo] ar=73357 slots 1
[slots] p1 n=0
[dbg] ar=73373 am=6 aA=6 aH=0 l=false j=false fullRedraw=false
[fifo] ar=73382 slots 1
[slots] p1 n=0
[fifo] ar=73390 slots 0
[slots] p0 n=6 0:t4@(10,49)w0 1:t4@(11,49)w0 2:t3@(11,48)w0 3:t3@(11,50)w0 4:t5@(12,50)w0 5:t5@(12,48)w0
[dbg] ar=73398 am=6 aA=6 aH=0 l=false j=false fullRedraw=false
[fifo] ar=73413 state
[devMouse] aA=6/6 cursor=(48,13) cam=(468,404) Q=880 aE=512 Y=0 sel=6
[devMouse] p0 unit 0 tile=(10,49) type=4 sel=true
[devMouse] p0 unit 1 tile=(11,49) type=4 sel=true
[devMouse] p0 unit 2 tile=(11,48) type=3 sel=false
[devMouse] p0 unit 3 tile=(11,50) type=3 sel=false
[devMouse] p0 unit 4 tile=(12,50) type=5 sel=false
[devMouse] p0 unit 5 tile=(12,48) type=5 sel=false
[fifoQ] ar=73421 sel 11 48
[fifo] ar=73422 sel 11 48
[devMouse] sel OK p0 unit type=3 at (11,48)
[dbg] ar=73423 am=6 aA=6 aH=0 l=false j=false fullRedraw=false
[fifoQ] ar=73441 goto 11 49 all
[fifo] ar=73442 goto 11 49 all
[devMouse] goto OK (11,49) x0q type=3
[dbg] ar=73448 am=6 aA=6 aH=0 l=false j=false fullRedraw=false
[fifoQ] ar=73462 sel 12 50
[fifo] ar=73463 sel 12 50
[devMouse] sel OK p0 unit type=5 at (12,50)
[dbg] ar=73473 am=6 aA=6 aH=0 l=false j=false fullRedraw=false
[fifoQ] ar=73482 goto 11 49 all
[fifo] ar=73483 goto 11 49 all
[devMouse] goto OK (11,49) x0q type=5
[dbg] ar=73498 am=6 aA=6 aH=0 l=false j=false fullRedraw=false
[fifoQ] ar=73502 sel 10 49
[fifo] ar=73503 sel 10 49
[devMouse] sel OK p0 unit type=4 at (10,49)
[fifoQ] ar=73523 goto 11 49 all
[dbg] ar=73523 am=6 aA=6 aH=0 l=false j=false fullRedraw=false
[fifo] ar=73524 goto 11 49 all
[devMouse] goto OK (11,49) x0q type=4
[dbg] ar=73548 am=6 aA=6 aH=0 l=false j=false fullRedraw=false
[dbg] ar=73573 am=6 aA=6 aH=0 l=false j=false fullRedraw=false
[dbg] ar=73598 am=6 aA=6 aH=0 l=false j=false fullRedraw=false
[dbg] ar=73623 am=6 aA=6 aH=0 l=false j=false fullRedraw=false
[dbg] ar=73648 am=6 aA=6 aH=0 l=false j=false fullRedraw=false
[dbg] ar=73673 am=6 aA=6 aH=0 l=false j=false fullRedraw=false
[fifo] ar=73689 slots 0
[slots] p0 n=6 0:t4@(10,49)w0 1:t4@(11,49)w0 2:t3@(11,48)w0 3:t3@(11,50)w0 4:t5@(12,50)w0 5:t5@(12,48)w0
[dbg] ar=73698 am=6 aA=6 aH=0 l=false j=false fullRedraw=false
[dbg] ar=73723 am=6 aA=6 aH=0 l=false j=false fullRedraw=false
[fifo] ar=73735 slots 1
[slots] p1 n=0
[dbg] ar=73748 am=6 aA=6 aH=0 l=false j=false fullRedraw=false
[fifo] ar=73765 state
[devMouse] aA=6/6 cursor=(48,13) cam=(468,404) Q=880 aE=512 Y=0 sel=6
[devMouse] p0 unit 0 tile=(10,49) type=4 sel=true
[devMouse] p0 unit 1 tile=(11,49) type=4 sel=true
[devMouse] p0 unit 2 tile=(11,48) type=3 sel=false
[devMouse] p0 unit 3 tile=(11,50) type=3 sel=false
[devMouse] p0 unit 4 tile=(12,50) type=5 sel=false
[devMouse] p0 unit 5 tile=(12,48) type=5 sel=false
[dbg] ar=73773 am=6 aA=6 aH=0 l=false j=false fullRedraw=false
[dbg] ar=73798 am=6 aA=6 aH=0 l=false j=false fullRedraw=false
[dbg] ar=73823 am=6 aA=6 aH=0 l=false j=false fullRedraw=false
[dbg] ar=73848 am=6 aA=6 aH=0 l=false j=false fullRedraw=false
[dbg] ar=73873 am=6 aA=6 aH=0 l=false j=false fullRedraw=false
[dbg] ar=73898 am=6 aA=6 aH=0 l=false j=false fullRedraw=false
[dbg] ar=73923 am=6 aA=6 aH=0 l=false j=false fullRedraw=false
[dbg] ar=73948 am=6 aA=6 aH=0 l=false j=false fullRedraw=false
[fifo] ar=73957 slots 0
[slots] p0 n=6 0:t4@(10,49)w0 1:t4@(11,49)w0 2:t3@(11,48)w0 3:t3@(11,50)w0 4:t5@(12,50)w0 5:t5@(12,48)w0
[dbg] ar=73973 am=6 aA=6 aH=0 l=false j=false fullRedraw=false
[fifo] ar=73988 slots 1
[slots] p1 n=0
[dbg] ar=73998 am=6 aA=6 aH=0 l=false j=false fullRedraw=false
[fifo] ar=74018 slots 1
[slots] p1 n=0
[dbg] ar=74023 am=6 aA=6 aH=0 l=false j=false fullRedraw=false
[fifo] ar=74043 slots 0
[slots] p0 n=6 0:t4@(10,49)w0 1:t4@(11,49)w0 2:t3@(11,48)w0 3:t3@(11,50)w0 4:t5@(12,50)w0 5:t5@(12,48)w0
[dbg] ar=74048 am=6 aA=6 aH=0 l=false j=false fullRedraw=false
[fifo] ar=74051 slots 0
[slots] p0 n=6 0:t4@(10,49)w0 1:t4@(11,49)w0 2:t3@(11,48)w0 3:t3@(11,50)w0 4:t5@(12,50)w0 5:t5@(12,48)w0
[dbg] ar=74073 am=6 aA=6 aH=0 l=false j=false fullRedraw=false
[fifoQ] ar=74081 sel 11 48
[fifo] ar=74082 sel 11 48
[devMouse] sel OK p0 unit type=3 at (11,48)
[fifo] ar=74089 slots 1
[slots] p1 n=0
[dbg] ar=74098 am=6 aA=6 aH=0 l=false j=false fullRedraw=false
[fifoQ] ar=74101 goto 11 49 all
[fifo] ar=74102 goto 11 49 all
[devMouse] goto OK (11,49) x0q type=3
[fifo] ar=74119 state
[devMouse] aA=6/6 cursor=(48,13) cam=(468,404) Q=880 aE=512 Y=0 sel=6
[devMouse] p0 unit 0 tile=(10,49) type=4 sel=false
[devMouse] p0 unit 1 tile=(11,49) type=4 sel=false
[devMouse] p0 unit 2 tile=(11,48) type=3 sel=true
[devMouse] p0 unit 3 tile=(11,50) type=3 sel=true
[devMouse] p0 unit 4 tile=(12,50) type=5 sel=false
[devMouse] p0 unit 5 tile=(12,48) type=5 sel=false
[dbg] ar=74123 am=6 aA=6 aH=0 l=false j=false fullRedraw=false
[fifoQ] ar=74127 sel 12 50
[fifo] ar=74128 sel 12 50
[devMouse] sel OK p0 unit type=5 at (12,50)
[fifoQ] ar=74147 goto 11 49 all
[fifo] ar=74148 goto 11 49 all
[devMouse] goto OK (11,49) x0q type=5
[dbg] ar=74148 am=6 aA=6 aH=0 l=false j=false fullRedraw=false
[fifoQ] ar=74167 sel 10 49
[fifo] ar=74168 sel 10 49
[devMouse] sel OK p0 unit type=4 at (10,49)
[dbg] ar=74173 am=6 aA=6 aH=0 l=false j=false fullRedraw=false
[fifoQ] ar=74189 goto 11 49 all
[fifo] ar=74189 goto 11 49 all
[devMouse] goto OK (11,49) x0q type=4
[dbg] ar=74198 am=6 aA=6 aH=0 l=false j=false fullRedraw=false
[dbg] ar=74223 am=6 aA=6 aH=0 l=false j=false fullRedraw=false
[dbg] ar=74248 am=6 aA=6 aH=0 l=false j=false fullRedraw=false
[dbg] ar=74273 am=6 aA=6 aH=0 l=false j=false fullRedraw=false
[dbg] ar=74298 am=6 aA=6 aH=0 l=false j=false fullRedraw=false
[dbg] ar=74323 am=6 aA=6 aH=0 l=false j=false fullRedraw=false
[dbg] ar=74348 am=6 aA=6 aH=0 l=false j=false fullRedraw=false
[dbg] ar=74373 am=6 aA=6 aH=0 l=false j=false fullRedraw=false
[fifo] ar=74394 slots 0
[slots] p0 n=6 0:t4@(10,49)w0 1:t4@(11,49)w0 2:t3@(11,48)w0 3:t3@(11,50)w0 4:t5@(12,50)w0 5:t5@(12,48)w0
[dbg] ar=74398 am=6 aA=6 aH=0 l=false j=false fullRedraw=false
[dbg] ar=74423 am=6 aA=6 aH=0 l=false j=false fullRedraw=false
[fifo] ar=74441 slots 1
[slots] p1 n=0
[dbg] ar=74448 am=6 aA=6 aH=0 l=false j=false fullRedraw=false
[fifo] ar=74471 state
[devMouse] aA=6/6 cursor=(48,13) cam=(468,404) Q=880 aE=512 Y=0 sel=6
[devMouse] p0 unit 0 tile=(10,49) type=4 sel=true
[devMouse] p0 unit 1 tile=(11,49) type=4 sel=true
[devMouse] p0 unit 2 tile=(11,48) type=3 sel=false
[devMouse] p0 unit 3 tile=(11,50) type=3 sel=false
[devMouse] p0 unit 4 tile=(12,50) type=5 sel=false
[devMouse] p0 unit 5 tile=(12,48) type=5 sel=false
[dbg] ar=74473 am=6 aA=6 aH=0 l=false j=false fullRedraw=false
[dbg] ar=74498 am=6 aA=6 aH=0 l=false j=false fullRedraw=false
[dbg] ar=74523 am=6 aA=6 aH=0 l=false j=false fullRedraw=false
[dbg] ar=74548 am=6 aA=6 aH=0 l=false j=false fullRedraw=false
[dbg] ar=74573 am=6 aA=6 aH=0 l=false j=false fullRedraw=false
[dbg] ar=74598 am=6 aA=6 aH=0 l=false j=false fullRedraw=false
[dbg] ar=74623 am=6 aA=6 aH=0 l=false j=false fullRedraw=false
[fifo] ar=74628 slots 0
[slots] p0 n=6 0:t4@(10,49)w0 1:t4@(11,49)w0 2:t3@(11,48)w0 3:t3@(11,50)w0 4:t5@(12,50)w0 5:t5@(12,48)w0
[dbg] ar=74648 am=6 aA=6 aH=0 l=false j=false fullRedraw=false
[fifo] ar=74658 slots 1
[slots] p1 n=0
[dbg] ar=74673 am=6 aA=6 aH=0 l=false j=false fullRedraw=false
[fifo] ar=74687 slots 1
[slots] p1 n=0
[dbg] ar=74698 am=6 aA=6 aH=0 l=false j=false fullRedraw=false
[fifo] ar=74718 slots 0
[slots] p0 n=6 0:t4@(10,49)w0 1:t4@(11,49)w0 2:t3@(11,48)w0 3:t3@(11,50)w0 4:t5@(12,50)w0 5:t5@(12,48)w0
[dbg] ar=74723 am=6 aA=6 aH=0 l=false j=false fullRedraw=false
[fifoQ] ar=74748 sel 11 48
[fifo] ar=74748 sel 11 48
[devMouse] sel OK p0 unit type=3 at (11,48)
[dbg] ar=74748 am=6 aA=6 aH=0 l=false j=true fullRedraw=false
[fifo] ar=74755 slots 0
[slots] p0 n=6 0:t4@(10,49)w0 1:t4@(11,49)w0 2:t3@(11,48)w0 3:t3@(11,50)w0 4:t5@(12,50)w0 5:t5@(12,48)w0
[fifoQ] ar=74767 goto 11 49 all
[fifo] ar=74768 goto 11 49 all
[devMouse] goto OK (11,49) x0q type=3
[dbg] ar=74773 am=6 aA=6 aH=0 l=false j=false fullRedraw=false
[fifoQ] ar=74788 sel 12 50
[fifo] ar=74789 sel 12 50
[devMouse] sel OK p0 unit type=5 at (12,50)
[dbg] ar=74798 am=6 aA=6 aH=0 l=false j=false fullRedraw=false
[fifo] ar=74801 slots 1
[slots] p1 n=0
[fifoQ] ar=74809 goto 11 49 all
[fifo] ar=74810 goto 11 49 all
[devMouse] goto OK (11,49) x0q type=5
[dbg] ar=74823 am=6 aA=6 aH=0 l=false j=false fullRedraw=false
[fifoQ] ar=74828 sel 10 49
[fifo] ar=74829 sel 10 49
[devMouse] sel OK p0 unit type=4 at (10,49)
[fifo] ar=74836 state
[devMouse] aA=6/6 cursor=(48,13) cam=(468,404) Q=880 aE=512 Y=0 sel=6
[devMouse] p0 unit 0 tile=(10,49) type=4 sel=true
[devMouse] p0 unit 1 tile=(11,49) type=4 sel=false
[devMouse] p0 unit 2 tile=(11,48) type=3 sel=false
[devMouse] p0 unit 3 tile=(11,50) type=3 sel=false
[devMouse] p0 unit 4 tile=(12,50) type=5 sel=false
[devMouse] p0 unit 5 tile=(12,48) type=5 sel=false
[dbg] ar=74848 am=6 aA=6 aH=0 l=false j=false fullRedraw=false
[fifoQ] ar=74849 goto 11 49 all
[fifo] ar=74850 goto 11 49 all
[devMouse] goto OK (11,49) x0q type=4
[dbg] ar=74873 am=6 aA=6 aH=0 l=false j=false fullRedraw=false
[dbg] ar=74898 am=6 aA=6 aH=0 l=false j=false fullRedraw=false
[dbg] ar=74923 am=6 aA=6 aH=0 l=false j=false fullRedraw=false
[dbg] ar=74948 am=6 aA=6 aH=0 l=false j=false fullRedraw=false
[dbg] ar=74973 am=6 aA=6 aH=0 l=false j=false fullRedraw=false
[dbg] ar=74998 am=6 aA=6 aH=0 l=false j=false fullRedraw=false
[dbg] ar=75023 am=6 aA=6 aH=0 l=false j=false fullRedraw=false
[dbg] ar=75048 am=6 aA=6 aH=0 l=false j=false fullRedraw=false
[dbg] ar=75073 am=6 aA=6 aH=0 l=false j=false fullRedraw=false
[dbg] ar=75098 am=6 aA=6 aH=0 l=false j=false fullRedraw=false
[fifo] ar=75115 slots 0
[slots] p0 n=6 0:t4@(10,49)w0 1:t4@(11,49)w0 2:t3@(11,48)w0 3:t3@(11,50)w0 4:t5@(12,50)w0 5:t5@(12,48)w0
[dbg] ar=75123 am=6 aA=6 aH=0 l=false j=false fullRedraw=false
[dbg] ar=75148 am=6 aA=6 aH=0 l=false j=false fullRedraw=false
[fifo] ar=75162 slots 1
[slots] p1 n=0
[dbg] ar=75173 am=6 aA=6 aH=0 l=false j=false fullRedraw=false
[fifo] ar=75192 state
[devMouse] aA=6/6 cursor=(48,13) cam=(468,404) Q=880 aE=512 Y=0 sel=6
[devMouse] p0 unit 0 tile=(10,49) type=4 sel=true
[devMouse] p0 unit 1 tile=(11,49) type=4 sel=true
[devMouse] p0 unit 2 tile=(11,48) type=3 sel=false
[devMouse] p0 unit 3 tile=(11,50) type=3 sel=false
[devMouse] p0 unit 4 tile=(12,50) type=5 sel=false
[devMouse] p0 unit 5 tile=(12,48) type=5 sel=false
[dbg] ar=75198 am=6 aA=6 aH=0 l=false j=false fullRedraw=false
[dbg] ar=75223 am=6 aA=6 aH=0 l=false j=false fullRedraw=false
[dbg] ar=75248 am=6 aA=6 aH=0 l=false j=false fullRedraw=false
[dbg] ar=75273 am=6 aA=6 aH=0 l=false j=false fullRedraw=false
[fifo] ar=75289 slots 0
[slots] p0 n=6 0:t4@(10,49)w0 1:t4@(11,49)w0 2:t3@(11,48)w0 3:t3@(11,50)w0 4:t5@(12,50)w0 5:t5@(12,48)w0
[dbg] ar=75298 am=6 aA=6 aH=0 l=false j=false fullRedraw=false
[fifo] ar=75319 slots 1
[slots] p1 n=0
[dbg] ar=75323 am=6 aA=6 aH=0 l=false j=false fullRedraw=false
[dbg] ar=75348 am=6 aA=6 aH=0 l=false j=false fullRedraw=false
[fifo] ar=75350 slots 1
[slots] p1 n=0
[dbg] ar=75373 am=6 aA=6 aH=0 l=false j=false fullRedraw=false
[fifo] ar=75380 slots 0
[slots] p0 n=6 0:t4@(10,49)w0 1:t4@(11,49)w0 2:t3@(11,48)w0 3:t3@(11,50)w0 4:t5@(12,50)w0 5:t5@(12,48)w0
[dbg] ar=75398 am=6 aA=6 aH=0 l=false j=false fullRedraw=false
[fifoQ] ar=75410 sel 11 48
[fifo] ar=75411 sel 11 48
[devMouse] sel OK p0 unit type=3 at (11,48)
[dbg] ar=75423 am=6 aA=6 aH=0 l=false j=false fullRedraw=false
[fifoQ] ar=75431 goto 11 49 all
[fifo] ar=75432 goto 11 49 all
[devMouse] goto OK (11,49) x0q type=3
[dbg] ar=75448 am=6 aA=6 aH=0 l=false j=false fullRedraw=false
[fifoQ] ar=75452 sel 12 50
[fifo] ar=75453 sel 12 50
[devMouse] sel OK p0 unit type=5 at (12,50)
[fifo] ar=75471 slots 0
[slots] p0 n=6 0:t4@(10,49)w0 1:t4@(11,49)w0 2:t3@(11,48)w0 3:t3@(11,50)w0 4:t5@(12,50)w0 5:t5@(12,48)w0
[dbg] ar=75473 am=6 aA=6 aH=0 l=false j=false fullRedraw=false
[fifoQ] ar=75479 goto 11 49 all
[fifo] ar=75480 goto 11 49 all
[devMouse] goto OK (11,49) x0q type=5
[dbg] ar=75498 am=6 aA=6 aH=0 l=false j=false fullRedraw=false
[fifoQ] ar=75499 sel 10 49
[fifo] ar=75500 sel 10 49
[devMouse] sel OK p0 unit type=4 at (10,49)
[fifo] ar=75515 slots 1
[slots] p1 n=0
[dbg] ar=75523 am=6 aA=6 aH=0 l=false j=false fullRedraw=false
[fifoQ] ar=75524 goto 11 49 all
[fifo] ar=75524 goto 11 49 all
[devMouse] goto OK (11,49) x0q type=4
[fifo] ar=75546 state
[devMouse] aA=6/6 cursor=(48,13) cam=(468,404) Q=880 aE=512 Y=0 sel=6
[devMouse] p0 unit 0 tile=(10,49) type=4 sel=true
[devMouse] p0 unit 1 tile=(11,49) type=4 sel=true
[devMouse] p0 unit 2 tile=(11,48) type=3 sel=false
[devMouse] p0 unit 3 tile=(11,50) type=3 sel=false
[devMouse] p0 unit 4 tile=(12,50) type=5 sel=false
[devMouse] p0 unit 5 tile=(12,48) type=5 sel=false
[dbg] ar=75548 am=6 aA=6 aH=0 l=false j=false fullRedraw=false
[dbg] ar=75573 am=6 aA=6 aH=0 l=false j=false fullRedraw=false
[dbg] ar=75598 am=6 aA=6 aH=0 l=false j=false fullRedraw=false
[dbg] ar=75623 am=6 aA=6 aH=0 l=false j=false fullRedraw=false
[dbg] ar=75648 am=6 aA=6 aH=0 l=false j=false fullRedraw=false
[dbg] ar=75673 am=6 aA=6 aH=0 l=false j=false fullRedraw=false
[dbg] ar=75698 am=6 aA=6 aH=0 l=false j=false fullRedraw=false
[dbg] ar=75723 am=6 aA=6 aH=0 l=false j=false fullRedraw=false
[dbg] ar=75748 am=6 aA=6 aH=0 l=false j=false fullRedraw=false
[dbg] ar=75773 am=6 aA=6 aH=0 l=false j=false fullRedraw=false
[dbg] ar=75798 am=6 aA=6 aH=0 l=false j=false fullRedraw=false
[fifo] ar=75821 slots 0
[slots] p0 n=6 0:t4@(10,49)w0 1:t4@(11,49)w0 2:t3@(11,48)w0 3:t3@(11,50)w0 4:t5@(12,50)w0 5:t5@(12,48)w0
[dbg] ar=75823 am=6 aA=6 aH=0 l=false j=false fullRedraw=false
[dbg] ar=75848 am=6 aA=6 aH=0 l=false j=false fullRedraw=false
[fifo] ar=75869 slots 1
[slots] p1 n=0
[dbg] ar=75873 am=6 aA=6 aH=0 l=false j=false fullRedraw=false
[fifo] ar=75898 state
[devMouse] aA=6/6 cursor=(48,13) cam=(468,404) Q=880 aE=512 Y=0 sel=6
[devMouse] p0 unit 0 tile=(10,49) type=4 sel=true
[devMouse] p0 unit 1 tile=(11,49) type=4 sel=true
[devMouse] p0 unit 2 tile=(11,48) type=3 sel=false
[devMouse] p0 unit 3 tile=(11,50) type=3 sel=false
[devMouse] p0 unit 4 tile=(12,50) type=5 sel=false
[devMouse] p0 unit 5 tile=(12,48) type=5 sel=false
[dbg] ar=75898 am=6 aA=6 aH=0 l=false j=false fullRedraw=false
[dbg] ar=75923 am=6 aA=6 aH=0 l=false j=false fullRedraw=false
[dbg] ar=75948 am=6 aA=6 aH=0 l=false j=false fullRedraw=false
[fifo] ar=75960 slots 0
[slots] p0 n=6 0:t4@(10,49)w0 1:t4@(11,49)w0 2:t3@(11,48)w0 3:t3@(11,50)w0 4:t5@(12,50)w0 5:t5@(12,48)w0
[dbg] ar=75973 am=6 aA=6 aH=0 l=false j=false fullRedraw=false
[fifo] ar=75991 slots 1
[slots] p1 n=0
[dbg] ar=75998 am=6 aA=6 aH=0 l=false j=false fullRedraw=false
[fifo] ar=76014 slots 1
[slots] p1 n=0
[dbg] ar=76023 am=6 aA=6 aH=0 l=false j=false fullRedraw=false
[fifo] ar=76044 slots 0
[slots] p0 n=6 0:t4@(10,49)w0 1:t4@(11,49)w0 2:t3@(11,48)w0 3:t3@(11,50)w0 4:t5@(12,50)w0 5:t5@(12,48)w0
[dbg] ar=76048 am=6 aA=6 aH=0 l=false j=false fullRedraw=false
[dbg] ar=76073 am=6 aA=6 aH=0 l=false j=false fullRedraw=false
[fifoQ] ar=76074 sel 11 48
[fifo] ar=76075 sel 11 48
[devMouse] sel OK p0 unit type=3 at (11,48)
[fifoQ] ar=76094 goto 11 49 all
[fifo] ar=76095 goto 11 49 all
[devMouse] goto OK (11,49) x0q type=3
[dbg] ar=76098 am=6 aA=6 aH=0 l=false j=false fullRedraw=false
[fifoQ] ar=76115 sel 12 50
[fifo] ar=76116 sel 12 50
[devMouse] sel OK p0 unit type=5 at (12,50)
[dbg] ar=76123 am=6 aA=6 aH=0 l=false j=false fullRedraw=false
[fifoQ] ar=76136 goto 11 49 all
[fifo] ar=76137 goto 11 49 all
[devMouse] goto OK (11,49) x0q type=5
[dbg] ar=76148 am=6 aA=6 aH=0 l=false j=false fullRedraw=false
[fifoQ] ar=76157 sel 10 49
[fifo] ar=76157 sel 10 49
[devMouse] sel OK p0 unit type=4 at (10,49)
[fifo] ar=76169 slots 0
[slots] p0 n=6 0:t4@(10,49)w0 1:t4@(11,49)w0 2:t3@(11,48)w0 3:t3@(11,50)w0 4:t5@(12,50)w0 5:t5@(12,48)w0
[dbg] ar=76173 am=6 aA=6 aH=0 l=false j=false fullRedraw=false
[fifoQ] ar=76177 goto 11 49 all
[fifo] ar=76178 goto 11 49 all
[devMouse] goto OK (11,49) x0q type=4
[dbg] ar=76198 am=6 aA=6 aH=0 l=false j=false fullRedraw=false
[fifo] ar=76216 slots 1
[slots] p1 n=0
[dbg] ar=76223 am=6 aA=6 aH=0 l=false j=false fullRedraw=false
[fifo] ar=76246 state
[devMouse] aA=6/6 cursor=(48,13) cam=(468,404) Q=880 aE=512 Y=0 sel=6
[devMouse] p0 unit 0 tile=(10,49) type=4 sel=true
[devMouse] p0 unit 1 tile=(11,49) type=4 sel=true
[devMouse] p0 unit 2 tile=(11,48) type=3 sel=false
[devMouse] p0 unit 3 tile=(11,50) type=3 sel=false
[devMouse] p0 unit 4 tile=(12,50) type=5 sel=false
[devMouse] p0 unit 5 tile=(12,48) type=5 sel=false
[dbg] ar=76248 am=6 aA=6 aH=0 l=false j=false fullRedraw=false
[dbg] ar=76273 am=6 aA=6 aH=0 l=false j=false fullRedraw=false
[dbg] ar=76298 am=6 aA=6 aH=0 l=false j=false fullRedraw=false
[dbg] ar=76323 am=6 aA=6 aH=0 l=false j=false fullRedraw=false
[dbg] ar=76348 am=6 aA=6 aH=0 l=false j=false fullRedraw=false
[dbg] ar=76373 am=6 aA=6 aH=0 l=false j=false fullRedraw=false
[dbg] ar=76398 am=6 aA=6 aH=0 l=false j=false fullRedraw=false
[dbg] ar=76423 am=6 aA=6 aH=0 l=false j=false fullRedraw=false
[dbg] ar=76448 am=6 aA=6 aH=0 l=false j=false fullRedraw=false
[dbg] ar=76473 am=6 aA=6 aH=0 l=false j=false fullRedraw=false
[dbg] ar=76498 am=6 aA=6 aH=0 l=false j=false fullRedraw=false
[fifo] ar=76523 slots 0
[slots] p0 n=6 0:t4@(10,49)w0 1:t4@(11,49)w0 2:t3@(11,48)w0 3:t3@(11,50)w0 4:t5@(12,50)w0 5:t5@(12,48)w0
[dbg] ar=76523 am=6 aA=6 aH=0 l=false j=false fullRedraw=false
[dbg] ar=76548 am=6 aA=6 aH=0 l=false j=false fullRedraw=false
[fifo] ar=76570 slots 1
[slots] p1 n=0
[dbg] ar=76573 am=6 aA=6 aH=0 l=false j=false fullRedraw=false
[dbg] ar=76598 am=6 aA=6 aH=0 l=false j=false fullRedraw=false
[fifo] ar=76599 state
[devMouse] aA=6/6 cursor=(48,13) cam=(468,404) Q=880 aE=512 Y=0 sel=6
[devMouse] p0 unit 0 tile=(10,49) type=4 sel=true
[devMouse] p0 unit 1 tile=(11,49) type=4 sel=true
[devMouse] p0 unit 2 tile=(11,48) type=3 sel=false
[devMouse] p0 unit 3 tile=(11,50) type=3 sel=false
[devMouse] p0 unit 4 tile=(12,50) type=5 sel=false
[devMouse] p0 unit 5 tile=(12,48) type=5 sel=false
[fifo] ar=76615 slots 0
[slots] p0 n=6 0:t4@(10,49)w0 1:t4@(11,49)w0 2:t3@(11,48)w0 3:t3@(11,50)w0 4:t5@(12,50)w0 5:t5@(12,48)w0
[dbg] ar=76623 am=6 aA=6 aH=0 l=false j=false fullRedraw=false
[fifo] ar=76645 slots 1
[slots] p1 n=0
[dbg] ar=76648 am=6 aA=6 aH=0 l=false j=false fullRedraw=false
[dbg] ar=76673 am=6 aA=6 aH=0 l=false j=false fullRedraw=false
[fifo] ar=76676 slots 1
[slots] p1 n=0
[dbg] ar=76698 am=6 aA=6 aH=0 l=false j=false fullRedraw=false
[fifo] ar=76706 slots 0
[slots] p0 n=6 0:t4@(10,49)w0 1:t4@(11,49)w0 2:t3@(11,48)w0 3:t3@(11,50)w0 4:t5@(12,50)w0 5:t5@(12,48)w0
[dbg] ar=76723 am=6 aA=6 aH=0 l=false j=false fullRedraw=false
[fifoQ] ar=76737 sel 11 48
[fifo] ar=76738 sel 11 48
[devMouse] sel OK p0 unit type=3 at (11,48)
[dbg] ar=76748 am=6 aA=6 aH=0 l=false j=false fullRedraw=false
[fifoQ] ar=76758 goto 11 49 all
[fifo] ar=76759 goto 11 49 all
[devMouse] goto OK (11,49) x0q type=3
[dbg] ar=76773 am=6 aA=6 aH=0 l=false j=false fullRedraw=false
[fifoQ] ar=76778 sel 12 50
[fifo] ar=76779 sel 12 50
[devMouse] sel OK p0 unit type=5 at (12,50)
[fifoQ] ar=76798 goto 11 49 all
[dbg] ar=76798 am=6 aA=6 aH=0 l=false j=false fullRedraw=false
[fifo] ar=76799 goto 11 49 all
[devMouse] goto OK (11,49) x0q type=5
[fifoQ] ar=76817 sel 10 49
[fifo] ar=76818 sel 10 49
[devMouse] sel OK p0 unit type=4 at (10,49)
[dbg] ar=76823 am=6 aA=6 aH=0 l=false j=false fullRedraw=false
[fifoQ] ar=76838 goto 11 49 all
[fifo] ar=76839 goto 11 49 all
[devMouse] goto OK (11,49) x0q type=4
[dbg] ar=76848 am=6 aA=6 aH=0 l=false j=false fullRedraw=false
[dbg] ar=76873 am=6 aA=6 aH=0 l=false j=false fullRedraw=false
[fifo] ar=76877 slots 0
[slots] p0 n=6 0:t4@(10,49)w0 1:t4@(11,49)w0 2:t3@(11,48)w0 3:t3@(11,50)w0 4:t5@(12,50)w0 5:t5@(12,48)w0
[dbg] ar=76898 am=6 aA=6 aH=0 l=false j=false fullRedraw=false
[dbg] ar=76923 am=6 aA=6 aH=0 l=false j=false fullRedraw=false
[fifo] ar=76924 slots 1
[slots] p1 n=0
[dbg] ar=76948 am=6 aA=6 aH=0 l=false j=false fullRedraw=false
[fifo] ar=76954 state
[devMouse] aA=6/6 cursor=(48,13) cam=(468,404) Q=880 aE=512 Y=0 sel=6
[devMouse] p0 unit 0 tile=(10,49) type=4 sel=true
[devMouse] p0 unit 1 tile=(11,49) type=4 sel=true
[devMouse] p0 unit 2 tile=(11,48) type=3 sel=false
[devMouse] p0 unit 3 tile=(11,50) type=3 sel=false
[devMouse] p0 unit 4 tile=(12,50) type=5 sel=false
[devMouse] p0 unit 5 tile=(12,48) type=5 sel=false
[dbg] ar=76973 am=6 aA=6 aH=0 l=false j=false fullRedraw=false
[dbg] ar=76998 am=6 aA=6 aH=0 l=false j=false fullRedraw=false
[dbg] ar=77023 am=6 aA=6 aH=0 l=false j=false fullRedraw=false
[dbg] ar=77048 am=6 aA=6 aH=0 l=false j=false fullRedraw=false
[dbg] ar=77073 am=6 aA=6 aH=0 l=false j=false fullRedraw=false
[dbg] ar=77098 am=6 aA=6 aH=0 l=false j=false fullRedraw=false
[dbg] ar=77123 am=6 aA=6 aH=0 l=false j=false fullRedraw=false
[dbg] ar=77148 am=6 aA=6 aH=0 l=false j=false fullRedraw=false
[dbg] ar=77173 am=6 aA=6 aH=0 l=false j=false fullRedraw=false
[dbg] ar=77198 am=6 aA=6 aH=0 l=false j=false fullRedraw=false
[dbg] ar=77223 am=6 aA=6 aH=0 l=false j=false fullRedraw=false
[fifo] ar=77235 slots 0
[slots] p0 n=6 0:t4@(10,49)w0 1:t4@(11,49)w0 2:t3@(11,48)w0 3:t3@(11,50)w0 4:t5@(12,50)w0 5:t5@(12,48)w0
[dbg] ar=77248 am=6 aA=6 aH=0 l=false j=false fullRedraw=false
[dbg] ar=77273 am=6 aA=6 aH=0 l=false j=false fullRedraw=false
[fifo] ar=77279 slots 0
[slots] p0 n=6 0:t4@(10,49)w0 1:t4@(11,49)w0 2:t3@(11,48)w0 3:t3@(11,50)w0 4:t5@(12,50)w0 5:t5@(12,48)w0
[fifo] ar=77288 slots 1
[slots] p1 n=0
[dbg] ar=77298 am=6 aA=6 aH=0 l=false j=false fullRedraw=false
[fifo] ar=77310 slots 1
[slots] p1 n=0
[fifo] ar=77318 state
[devMouse] aA=6/6 cursor=(48,13) cam=(468,404) Q=880 aE=512 Y=0 sel=6
[devMouse] p0 unit 0 tile=(10,49) type=4 sel=true
[devMouse] p0 unit 1 tile=(11,49) type=4 sel=true
[devMouse] p0 unit 2 tile=(11,48) type=3 sel=false
[devMouse] p0 unit 3 tile=(11,50) type=3 sel=false
[devMouse] p0 unit 4 tile=(12,50) type=5 sel=false
[devMouse] p0 unit 5 tile=(12,48) type=5 sel=false
[dbg] ar=77323 am=6 aA=6 aH=0 l=false j=false fullRedraw=false
[fifo] ar=77341 slots 1
[slots] p1 n=0
[dbg] ar=77348 am=6 aA=6 aH=0 l=false j=false fullRedraw=false
[fifo] ar=77370 slots 0
[slots] p0 n=6 0:t4@(10,49)w0 1:t4@(11,49)w0 2:t3@(11,48)w0 3:t3@(11,50)w0 4:t5@(12,50)w0 5:t5@(12,48)w0
[dbg] ar=77373 am=6 aA=6 aH=0 l=false j=false fullRedraw=false
[dbg] ar=77398 am=6 aA=6 aH=0 l=false j=false fullRedraw=false
[dbg] ar=77423 am=6 aA=6 aH=0 l=false j=false fullRedraw=false
[fifo] ar=77435 state
[devMouse] aA=6/6 cursor=(48,13) cam=(468,404) Q=880 aE=512 Y=0 sel=6
[devMouse] p0 unit 0 tile=(10,49) type=4 sel=true
[devMouse] p0 unit 1 tile=(11,49) type=4 sel=true
[devMouse] p0 unit 2 tile=(11,48) type=3 sel=false
[devMouse] p0 unit 3 tile=(11,50) type=3 sel=false
[devMouse] p0 unit 4 tile=(12,50) type=5 sel=false
[devMouse] p0 unit 5 tile=(12,48) type=5 sel=false
[dbg] ar=77448 am=6 aA=6 aH=0 l=false j=false fullRedraw=false
[dbg] ar=77473 am=6 aA=6 aH=0 l=false j=false fullRedraw=false
[dbg] ar=77498 am=6 aA=6 aH=0 l=false j=false fullRedraw=false
[dbg] ar=77523 am=6 aA=6 aH=0 l=false j=false fullRedraw=false
[dbg] ar=77548 am=6 aA=6 aH=0 l=false j=false fullRedraw=false
[dbg] ar=77573 am=6 aA=6 aH=0 l=false j=false fullRedraw=false
[fifo] ar=77597 slots 0
[slots] p0 n=6 0:t4@(10,49)w0 1:t4@(11,49)w0 2:t3@(11,48)w0 3:t3@(11,50)w0 4:t5@(12,50)w0 5:t5@(12,48)w0
[dbg] ar=77598 am=6 aA=6 aH=0 l=false j=false fullRedraw=false
[dbg] ar=77623 am=6 aA=6 aH=0 l=false j=false fullRedraw=false
[fifo] ar=77641 slots 1
[slots] p1 n=0
[dbg] ar=77648 am=6 aA=6 aH=0 l=false j=false fullRedraw=false
[fifo] ar=77672 state
[devMouse] aA=6/6 cursor=(48,13) cam=(468,404) Q=880 aE=512 Y=0 sel=6
[devMouse] p0 unit 0 tile=(10,49) type=4 sel=true
[devMouse] p0 unit 1 tile=(11,49) type=4 sel=true
[devMouse] p0 unit 2 tile=(11,48) type=3 sel=false
[devMouse] p0 unit 3 tile=(11,50) type=3 sel=false
[devMouse] p0 unit 4 tile=(12,50) type=5 sel=false
[devMouse] p0 unit 5 tile=(12,48) type=5 sel=false
[dbg] ar=77673 am=6 aA=6 aH=0 l=false j=false fullRedraw=false
[dbg] ar=77698 am=6 aA=6 aH=0 l=false j=false fullRedraw=false
[dbg] ar=77723 am=6 aA=6 aH=0 l=false j=false fullRedraw=false
[dbg] ar=77748 am=6 aA=6 aH=0 l=false j=false fullRedraw=false
[dbg] ar=77773 am=6 aA=6 aH=0 l=false j=false fullRedraw=false
[dbg] ar=77798 am=6 aA=6 aH=0 l=false j=false fullRedraw=false
[dbg] ar=77823 am=6 aA=6 aH=0 l=false j=false fullRedraw=false
[dbg] ar=77848 am=6 aA=6 aH=0 l=false j=false fullRedraw=false
[dbg] ar=77873 am=6 aA=6 aH=0 l=false j=false fullRedraw=false
[dbg] ar=77898 am=6 aA=6 aH=0 l=false j=false fullRedraw=false
[dbg] ar=77923 am=6 aA=6 aH=0 l=false j=false fullRedraw=false
[dbg] ar=77948 am=6 aA=6 aH=0 l=false j=false fullRedraw=false
[fifo] ar=77952 slots 0
[slots] p0 n=6 0:t4@(10,49)w0 1:t4@(11,49)w0 2:t3@(11,48)w0 3:t3@(11,50)w0 4:t5@(12,50)w0 5:t5@(12,48)w0
[dbg] ar=77973 am=6 aA=6 aH=0 l=false j=false fullRedraw=false
[dbg] ar=77998 am=6 aA=6 aH=0 l=false j=false fullRedraw=false
[fifo] ar=77999 slots 1
[slots] p1 n=0
[dbg] ar=78023 am=6 aA=6 aH=0 l=false j=false fullRedraw=false
[fifo] ar=78030 state
[devMouse] aA=6/6 cursor=(48,13) cam=(468,404) Q=880 aE=512 Y=0 sel=6
[devMouse] p0 unit 0 tile=(10,49) type=4 sel=true
[devMouse] p0 unit 1 tile=(11,49) type=4 sel=true
[devMouse] p0 unit 2 tile=(11,48) type=3 sel=false
[devMouse] p0 unit 3 tile=(11,50) type=3 sel=false
[devMouse] p0 unit 4 tile=(12,50) type=5 sel=false
[devMouse] p0 unit 5 tile=(12,48) type=5 sel=false
[dbg] ar=78048 am=6 aA=6 aH=0 l=false j=false fullRedraw=false
[dbg] ar=78073 am=6 aA=6 aH=0 l=false j=false fullRedraw=false
[dbg] ar=78098 am=6 aA=6 aH=0 l=false j=false fullRedraw=false
[dbg] ar=78123 am=6 aA=6 aH=0 l=false j=false fullRedraw=false
[dbg] ar=78148 am=6 aA=6 aH=0 l=false j=false fullRedraw=false
[dbg] ar=78173 am=6 aA=6 aH=0 l=false j=false fullRedraw=false
[dbg] ar=78198 am=6 aA=6 aH=0 l=false j=false fullRedraw=false
[dbg] ar=78223 am=6 aA=6 aH=0 l=false j=false fullRedraw=false
[dbg] ar=78248 am=6 aA=6 aH=0 l=false j=false fullRedraw=false
[dbg] ar=78273 am=6 aA=6 aH=0 l=false j=false fullRedraw=false
[dbg] ar=78298 am=6 aA=6 aH=0 l=false j=false fullRedraw=false
[fifo] ar=78308 slots 0
[slots] p0 n=6 0:t4@(10,49)w0 1:t4@(11,49)w0 2:t3@(11,48)w0 3:t3@(11,50)w0 4:t5@(12,50)w0 5:t5@(12,48)w0
[dbg] ar=78323 am=6 aA=6 aH=0 l=false j=false fullRedraw=false
[dbg] ar=78348 am=6 aA=6 aH=0 l=false j=false fullRedraw=false
[fifo] ar=78353 slots 1
[slots] p1 n=0
[dbg] ar=78373 am=6 aA=6 aH=0 l=false j=false fullRedraw=false
[fifo] ar=78384 state
[devMouse] aA=6/6 cursor=(48,13) cam=(468,404) Q=880 aE=512 Y=0 sel=6
[devMouse] p0 unit 0 tile=(10,49) type=4 sel=true
[devMouse] p0 unit 1 tile=(11,49) type=4 sel=true
[devMouse] p0 unit 2 tile=(11,48) type=3 sel=false
[devMouse] p0 unit 3 tile=(11,50) type=3 sel=false
[devMouse] p0 unit 4 tile=(12,50) type=5 sel=false
[devMouse] p0 unit 5 tile=(12,48) type=5 sel=false
[dbg] ar=78398 am=6 aA=6 aH=0 l=false j=false fullRedraw=false
[dbg] ar=78423 am=6 aA=6 aH=0 l=false j=false fullRedraw=false
[dbg] ar=78448 am=6 aA=6 aH=0 l=false j=false fullRedraw=false
[dbg] ar=78473 am=6 aA=6 aH=0 l=false j=false fullRedraw=false
[dbg] ar=78498 am=6 aA=6 aH=0 l=false j=false fullRedraw=false
[dbg] ar=78523 am=6 aA=6 aH=0 l=false j=false fullRedraw=false
[dbg] ar=78548 am=6 aA=6 aH=0 l=false j=false fullRedraw=false
[dbg] ar=78573 am=6 aA=6 aH=0 l=false j=false fullRedraw=false
[dbg] ar=78598 am=6 aA=6 aH=0 l=false j=false fullRedraw=false
[dbg] ar=78623 am=6 aA=6 aH=0 l=false j=false fullRedraw=false
[dbg] ar=78648 am=6 aA=6 aH=0 l=false j=false fullRedraw=false
[fifo] ar=78664 slots 0
[slots] p0 n=6 0:t4@(10,49)w0 1:t4@(11,49)w0 2:t3@(11,48)w0 3:t3@(11,50)w0 4:t5@(12,50)w0 5:t5@(12,48)w0
[dbg] ar=78673 am=6 aA=6 aH=0 l=false j=false fullRedraw=false
[dbg] ar=78698 am=6 aA=6 aH=0 l=false j=false fullRedraw=false
[fifo] ar=78710 slots 1
[slots] p1 n=0
[dbg] ar=78723 am=6 aA=6 aH=0 l=false j=false fullRedraw=false
[fifo] ar=78740 state
[devMouse] aA=6/6 cursor=(48,13) cam=(468,404) Q=880 aE=512 Y=0 sel=6
[devMouse] p0 unit 0 tile=(10,49) type=4 sel=true
[devMouse] p0 unit 1 tile=(11,49) type=4 sel=true
[devMouse] p0 unit 2 tile=(11,48) type=3 sel=false
[devMouse] p0 unit 3 tile=(11,50) type=3 sel=false
[devMouse] p0 unit 4 tile=(12,50) type=5 sel=false
[devMouse] p0 unit 5 tile=(12,48) type=5 sel=false
[dbg] ar=78748 am=6 aA=6 aH=0 l=false j=false fullRedraw=false
[dbg] ar=78773 am=6 aA=6 aH=0 l=false j=false fullRedraw=false
[dbg] ar=78798 am=6 aA=6 aH=0 l=false j=false fullRedraw=false
[dbg] ar=78823 am=6 aA=6 aH=0 l=false j=false fullRedraw=false
[dbg] ar=78848 am=6 aA=6 aH=0 l=false j=false fullRedraw=false
[dbg] ar=78873 am=6 aA=6 aH=0 l=false j=false fullRedraw=false
[dbg] ar=78898 am=6 aA=6 aH=0 l=false j=false fullRedraw=false
[dbg] ar=78923 am=6 aA=6 aH=0 l=false j=false fullRedraw=false
[dbg] ar=78948 am=6 aA=6 aH=0 l=false j=false fullRedraw=false
[dbg] ar=78973 am=6 aA=6 aH=0 l=false j=false fullRedraw=false
[dbg] ar=78998 am=6 aA=6 aH=0 l=false j=false fullRedraw=false
[fifo] ar=79021 slots 0
[slots] p0 n=6 0:t4@(10,49)w0 1:t4@(11,49)w0 2:t3@(11,48)w0 3:t3@(11,50)w0 4:t5@(12,50)w0 5:t5@(12,48)w0
[dbg] ar=79023 am=6 aA=6 aH=0 l=false j=false fullRedraw=false
[dbg] ar=79048 am=6 aA=6 aH=0 l=false j=false fullRedraw=false
[fifo] ar=79068 slots 1
[slots] p1 n=0
[dbg] ar=79073 am=6 aA=6 aH=0 l=false j=false fullRedraw=false
[dbg] ar=79098 am=6 aA=6 aH=0 l=false j=false fullRedraw=false
[fifo] ar=79099 state
[devMouse] aA=6/6 cursor=(48,13) cam=(468,404) Q=880 aE=512 Y=0 sel=6
[devMouse] p0 unit 0 tile=(10,49) type=4 sel=true
[devMouse] p0 unit 1 tile=(11,49) type=4 sel=true
[devMouse] p0 unit 2 tile=(11,48) type=3 sel=false
[devMouse] p0 unit 3 tile=(11,50) type=3 sel=false
[devMouse] p0 unit 4 tile=(12,50) type=5 sel=false
[devMouse] p0 unit 5 tile=(12,48) type=5 sel=false
[dbg] ar=79123 am=6 aA=6 aH=0 l=false j=false fullRedraw=false
[dbg] ar=79148 am=6 aA=6 aH=0 l=false j=false fullRedraw=false
[dbg] ar=79173 am=6 aA=6 aH=0 l=false j=false fullRedraw=false
[dbg] ar=79198 am=6 aA=6 aH=0 l=false j=false fullRedraw=false
[dbg] ar=79223 am=6 aA=6 aH=0 l=false j=false fullRedraw=false
[dbg] ar=79248 am=6 aA=6 aH=0 l=false j=false fullRedraw=false
[dbg] ar=79273 am=6 aA=6 aH=0 l=false j=false fullRedraw=false
[dbg] ar=79298 am=6 aA=6 aH=0 l=false j=false fullRedraw=false
[dbg] ar=79323 am=6 aA=6 aH=0 l=false j=false fullRedraw=false
[dbg] ar=79348 am=6 aA=6 aH=0 l=false j=false fullRedraw=false
[dbg] ar=79373 am=6 aA=6 aH=0 l=false j=false fullRedraw=false
[fifo] ar=79378 slots 0
[slots] p0 n=6 0:t4@(10,49)w0 1:t4@(11,49)w0 2:t3@(11,48)w0 3:t3@(11,50)w0 4:t5@(12,50)w0 5:t5@(12,48)w0
[dbg] ar=79398 am=6 aA=6 aH=0 l=false j=false fullRedraw=false
[dbg] ar=79423 am=6 aA=6 aH=0 l=false j=false fullRedraw=false
[fifo] ar=79425 slots 1
[slots] p1 n=0
[dbg] ar=79448 am=6 aA=6 aH=0 l=false j=false fullRedraw=false
[fifo] ar=79456 state
[devMouse] aA=6/6 cursor=(48,13) cam=(468,404) Q=880 aE=512 Y=0 sel=6
[devMouse] p0 unit 0 tile=(10,49) type=4 sel=true
[devMouse] p0 unit 1 tile=(11,49) type=4 sel=true
[devMouse] p0 unit 2 tile=(11,48) type=3 sel=false
[devMouse] p0 unit 3 tile=(11,50) type=3 sel=false
[devMouse] p0 unit 4 tile=(12,50) type=5 sel=false
[devMouse] p0 unit 5 tile=(12,48) type=5 sel=false
[dbg] ar=79473 am=6 aA=6 aH=0 l=false j=false fullRedraw=false
[dbg] ar=79498 am=6 aA=6 aH=0 l=false j=false fullRedraw=false
[dbg] ar=79523 am=6 aA=6 aH=0 l=false j=false fullRedraw=false
[dbg] ar=79548 am=6 aA=6 aH=0 l=false j=false fullRedraw=false
[dbg] ar=79573 am=6 aA=6 aH=0 l=false j=false fullRedraw=false
[dbg] ar=79598 am=6 aA=6 aH=0 l=false j=false fullRedraw=false
[dbg] ar=79623 am=6 aA=6 aH=0 l=false j=false fullRedraw=false
[dbg] ar=79648 am=6 aA=6 aH=0 l=false j=false fullRedraw=false
[dbg] ar=79673 am=6 aA=6 aH=0 l=false j=false fullRedraw=false
[dbg] ar=79698 am=6 aA=6 aH=0 l=false j=false fullRedraw=false
[dbg] ar=79723 am=6 aA=6 aH=0 l=false j=false fullRedraw=false
[fifo] ar=79735 slots 0
[slots] p0 n=6 0:t4@(10,49)w0 1:t4@(11,49)w0 2:t3@(11,48)w0 3:t3@(11,50)w0 4:t5@(12,50)w0 5:t5@(12,48)w0
[dbg] ar=79748 am=6 aA=6 aH=0 l=false j=false fullRedraw=false
[dbg] ar=79773 am=6 aA=6 aH=0 l=false j=false fullRedraw=false
[fifo] ar=79780 slots 1
[slots] p1 n=0
[dbg] ar=79798 am=6 aA=6 aH=0 l=false j=false fullRedraw=false
[fifo] ar=79809 state
[devMouse] aA=6/6 cursor=(48,13) cam=(468,404) Q=880 aE=512 Y=0 sel=6
[devMouse] p0 unit 0 tile=(10,49) type=4 sel=true
[devMouse] p0 unit 1 tile=(11,49) type=4 sel=true
[devMouse] p0 unit 2 tile=(11,48) type=3 sel=false
[devMouse] p0 unit 3 tile=(11,50) type=3 sel=false
[devMouse] p0 unit 4 tile=(12,50) type=5 sel=false
[devMouse] p0 unit 5 tile=(12,48) type=5 sel=false
[dbg] ar=79823 am=6 aA=6 aH=0 l=false j=false fullRedraw=false
[dbg] ar=79848 am=6 aA=6 aH=0 l=false j=false fullRedraw=false
[dbg] ar=79873 am=6 aA=6 aH=0 l=false j=false fullRedraw=false
[dbg] ar=79898 am=6 aA=6 aH=0 l=false j=false fullRedraw=false
[dbg] ar=79923 am=6 aA=6 aH=0 l=false j=false fullRedraw=false
[dbg] ar=79948 am=6 aA=6 aH=0 l=false j=false fullRedraw=false
[dbg] ar=79973 am=6 aA=6 aH=0 l=false j=false fullRedraw=false
[dbg] ar=79998 am=6 aA=6 aH=0 l=false j=false fullRedraw=false
[dbg] ar=80023 am=6 aA=6 aH=0 l=false j=false fullRedraw=false
[dbg] ar=80048 am=6 aA=6 aH=0 l=false j=false fullRedraw=false
[dbg] ar=80073 am=6 aA=6 aH=0 l=false j=false fullRedraw=false
[fifo] ar=80087 slots 0
[slots] p0 n=6 0:t4@(10,49)w0 1:t4@(11,49)w0 2:t3@(11,48)w0 3:t3@(11,50)w0 4:t5@(12,50)w0 5:t5@(12,48)w0
[dbg] ar=80098 am=6 aA=6 aH=0 l=false j=false fullRedraw=false
[dbg] ar=80123 am=6 aA=6 aH=0 l=false j=false fullRedraw=false
[fifo] ar=80135 slots 1
[slots] p1 n=0
[dbg] ar=80148 am=6 aA=6 aH=0 l=false j=false fullRedraw=false
[fifo] ar=80166 state
[devMouse] aA=6/6 cursor=(48,13) cam=(468,404) Q=880 aE=512 Y=0 sel=6
[devMouse] p0 unit 0 tile=(10,49) type=4 sel=true
[devMouse] p0 unit 1 tile=(11,49) type=4 sel=true
[devMouse] p0 unit 2 tile=(11,48) type=3 sel=false
[devMouse] p0 unit 3 tile=(11,50) type=3 sel=false
[devMouse] p0 unit 4 tile=(12,50) type=5 sel=false
[devMouse] p0 unit 5 tile=(12,48) type=5 sel=false
[dbg] ar=80173 am=6 aA=6 aH=0 l=false j=false fullRedraw=false
[dbg] ar=80198 am=6 aA=6 aH=0 l=false j=false fullRedraw=false
[dbg] ar=80223 am=6 aA=6 aH=0 l=false j=false fullRedraw=false
[dbg] ar=80248 am=6 aA=6 aH=0 l=false j=false fullRedraw=false
[dbg] ar=80273 am=6 aA=6 aH=0 l=false j=false fullRedraw=false
[dbg] ar=80298 am=6 aA=6 aH=0 l=false j=false fullRedraw=false
[dbg] ar=80323 am=6 aA=6 aH=0 l=false j=false fullRedraw=false
[dbg] ar=80348 am=6 aA=6 aH=0 l=false j=false fullRedraw=false
[dbg] ar=80373 am=6 aA=6 aH=0 l=false j=false fullRedraw=false
[dbg] ar=80398 am=6 aA=6 aH=0 l=false j=false fullRedraw=false
[dbg] ar=80423 am=6 aA=6 aH=0 l=false j=false fullRedraw=false
[fifo] ar=80445 slots 0
[slots] p0 n=6 0:t4@(10,49)w0 1:t4@(11,49)w0 2:t3@(11,48)w0 3:t3@(11,50)w0 4:t5@(12,50)w0 5:t5@(12,48)w0
[dbg] ar=80448 am=6 aA=6 aH=0 l=false j=false fullRedraw=false
[dbg] ar=80473 am=6 aA=6 aH=0 l=false j=false fullRedraw=false
[fifo] ar=80491 slots 1
[slots] p1 n=0
[dbg] ar=80498 am=6 aA=6 aH=0 l=false j=false fullRedraw=false
[fifo] ar=80523 state
[devMouse] aA=6/6 cursor=(48,13) cam=(468,404) Q=880 aE=512 Y=0 sel=6
[devMouse] p0 unit 0 tile=(10,49) type=4 sel=true
[devMouse] p0 unit 1 tile=(11,49) type=4 sel=true
[devMouse] p0 unit 2 tile=(11,48) type=3 sel=false
[devMouse] p0 unit 3 tile=(11,50) type=3 sel=false
[devMouse] p0 unit 4 tile=(12,50) type=5 sel=false
[devMouse] p0 unit 5 tile=(12,48) type=5 sel=false
[dbg] ar=80523 am=6 aA=6 aH=0 l=false j=false fullRedraw=false
[dbg] ar=80548 am=6 aA=6 aH=0 l=false j=false fullRedraw=false
[dbg] ar=80573 am=6 aA=6 aH=0 l=false j=false fullRedraw=false
[dbg] ar=80598 am=6 aA=6 aH=0 l=false j=false fullRedraw=false
[fifo] ar=80615 state
[devMouse] aA=6/6 cursor=(48,13) cam=(468,404) Q=880 aE=512 Y=0 sel=6
[devMouse] p0 unit 0 tile=(10,49) type=4 sel=true
[devMouse] p0 unit 1 tile=(11,49) type=4 sel=true
[devMouse] p0 unit 2 tile=(11,48) type=3 sel=false
[devMouse] p0 unit 3 tile=(11,50) type=3 sel=false
[devMouse] p0 unit 4 tile=(12,50) type=5 sel=false
[devMouse] p0 unit 5 tile=(12,48) type=5 sel=false
[dbg] ar=80623 am=6 aA=6 aH=0 l=false j=false fullRedraw=false
[dbg] ar=80648 am=6 aA=6 aH=0 l=false j=false fullRedraw=false
[dbg] ar=80673 am=6 aA=6 aH=0 l=false j=false fullRedraw=false
[fifo] ar=80679 save t.aoesave
[devMouse] bare name -> /tmp/aoe-camp/m3/saves/t.aoesave
[save] wrote /tmp/aoe-camp/m3/saves/t.aoesave (12238B) ar=80681
[dbg] ar=80698 am=6 aA=6 aH=0 l=false j=false fullRedraw=false
[dbg] ar=80723 am=6 aA=6 aH=0 l=false j=false fullRedraw=false
[dbg] ar=80748 am=6 aA=6 aH=0 l=false j=false fullRedraw=false
[dbg] ar=80773 am=6 aA=6 aH=0 l=false j=false fullRedraw=false
[fifo] ar=80798 slots 0
[slots] p0 n=6 0:t4@(10,49)w0 1:t4@(11,49)w0 2:t3@(11,48)w0 3:t3@(11,50)w0 4:t5@(12,50)w0 5:t5@(12,48)w0
[dbg] ar=80798 am=6 aA=6 aH=0 l=false j=false fullRedraw=false
[dbg] ar=80823 am=6 aA=6 aH=0 l=false j=false fullRedraw=false
[fifo] ar=80843 slots 1
[slots] p1 n=0
[dbg] ar=80848 am=6 aA=6 aH=0 l=false j=false fullRedraw=false
[fifo] ar=80873 state
[devMouse] aA=6/6 cursor=(48,13) cam=(468,404) Q=880 aE=512 Y=0 sel=6
[devMouse] p0 unit 0 tile=(10,49) type=4 sel=true
[devMouse] p0 unit 1 tile=(11,49) type=4 sel=true
[devMouse] p0 unit 2 tile=(11,48) type=3 sel=false
[devMouse] p0 unit 3 tile=(11,50) type=3 sel=false
[devMouse] p0 unit 4 tile=(12,50) type=5 sel=false
[devMouse] p0 unit 5 tile=(12,48) type=5 sel=false
[dbg] ar=80873 am=6 aA=6 aH=0 l=false j=false fullRedraw=false
[dbg] ar=80898 am=6 aA=6 aH=0 l=false j=false fullRedraw=false
[dbg] ar=80923 am=6 aA=6 aH=0 l=false j=false fullRedraw=false
[dbg] ar=80948 am=6 aA=6 aH=0 l=false j=false fullRedraw=false
[dbg] ar=80973 am=6 aA=6 aH=0 l=false j=false fullRedraw=false
[dbg] ar=80998 am=6 aA=6 aH=0 l=false j=false fullRedraw=false
[dbg] ar=81023 am=6 aA=6 aH=0 l=false j=false fullRedraw=false
[dbg] ar=81048 am=6 aA=6 aH=0 l=false j=false fullRedraw=false
[dbg] ar=81073 am=6 aA=6 aH=0 l=false j=false fullRedraw=false
[dbg] ar=81098 am=6 aA=6 aH=0 l=false j=false fullRedraw=false
[dbg] ar=81123 am=6 aA=6 aH=0 l=false j=false fullRedraw=false
[dbg] ar=81148 am=6 aA=6 aH=0 l=false j=false fullRedraw=false
[fifo] ar=81149 slots 0
[slots] p0 n=6 0:t4@(10,49)w0 1:t4@(11,49)w0 2:t3@(11,48)w0 3:t3@(11,50)w0 4:t5@(12,50)w0 5:t5@(12,48)w0
[dbg] ar=81173 am=6 aA=6 aH=0 l=false j=false fullRedraw=false
[fifo] ar=81196 slots 1
[slots] p1 n=0
[dbg] ar=81198 am=6 aA=6 aH=0 l=false j=false fullRedraw=false
[dbg] ar=81223 am=6 aA=6 aH=0 l=false j=false fullRedraw=false
[fifo] ar=81226 state
[devMouse] aA=6/6 cursor=(48,13) cam=(468,404) Q=880 aE=512 Y=0 sel=6
[devMouse] p0 unit 0 tile=(10,49) type=4 sel=true
[devMouse] p0 unit 1 tile=(11,49) type=4 sel=true
[devMouse] p0 unit 2 tile=(11,48) type=3 sel=false
[devMouse] p0 unit 3 tile=(11,50) type=3 sel=false
[devMouse] p0 unit 4 tile=(12,50) type=5 sel=false
[devMouse] p0 unit 5 tile=(12,48) type=5 sel=false
[dbg] ar=81248 am=6 aA=6 aH=0 l=false j=false fullRedraw=false
[dbg] ar=81273 am=6 aA=6 aH=0 l=false j=false fullRedraw=false
[dbg] ar=81298 am=6 aA=6 aH=0 l=false j=false fullRedraw=false
[dbg] ar=81323 am=6 aA=6 aH=0 l=false j=false fullRedraw=false
[dbg] ar=81348 am=6 aA=6 aH=0 l=false j=false fullRedraw=false
[dbg] ar=81373 am=6 aA=6 aH=0 l=false j=false fullRedraw=false
[dbg] ar=81398 am=6 aA=6 aH=0 l=false j=false fullRedraw=false
[dbg] ar=81423 am=6 aA=6 aH=0 l=false j=false fullRedraw=false
[dbg] ar=81448 am=6 aA=6 aH=0 l=false j=false fullRedraw=false
[dbg] ar=81473 am=6 aA=6 aH=0 l=false j=false fullRedraw=false
[dbg] ar=81498 am=6 aA=6 aH=0 l=false j=false fullRedraw=false
[fifo] ar=81503 slots 0
[slots] p0 n=6 0:t4@(10,49)w0 1:t4@(11,49)w0 2:t3@(11,48)w0 3:t3@(11,50)w0 4:t5@(12,50)w0 5:t5@(12,48)w0
[dbg] ar=81523 am=6 aA=6 aH=0 l=false j=false fullRedraw=false
[fifo] ar=81548 slots 1
[slots] p1 n=0
[dbg] ar=81548 am=6 aA=6 aH=0 l=false j=false fullRedraw=false
[dbg] ar=81573 am=6 aA=6 aH=0 l=false j=false fullRedraw=false
[fifo] ar=81579 state
[devMouse] aA=6/6 cursor=(48,13) cam=(468,404) Q=880 aE=512 Y=0 sel=6
[devMouse] p0 unit 0 tile=(10,49) type=4 sel=true
[devMouse] p0 unit 1 tile=(11,49) type=4 sel=true
[devMouse] p0 unit 2 tile=(11,48) type=3 sel=false
[devMouse] p0 unit 3 tile=(11,50) type=3 sel=false
[devMouse] p0 unit 4 tile=(12,50) type=5 sel=false
[devMouse] p0 unit 5 tile=(12,48) type=5 sel=false
[dbg] ar=81598 am=6 aA=6 aH=0 l=false j=false fullRedraw=false
[dbg] ar=81623 am=6 aA=6 aH=0 l=false j=false fullRedraw=false
[dbg] ar=81648 am=6 aA=6 aH=0 l=false j=false fullRedraw=false
[dbg] ar=81673 am=6 aA=6 aH=0 l=false j=false fullRedraw=false
[dbg] ar=81698 am=6 aA=6 aH=0 l=false j=false fullRedraw=false
[dbg] ar=81723 am=6 aA=6 aH=0 l=false j=false fullRedraw=false
[dbg] ar=81748 am=6 aA=6 aH=0 l=false j=false fullRedraw=false
[dbg] ar=81773 am=6 aA=6 aH=0 l=false j=false fullRedraw=false
[dbg] ar=81798 am=6 aA=6 aH=0 l=false j=false fullRedraw=false
[dbg] ar=81823 am=6 aA=6 aH=0 l=false j=false fullRedraw=false
[dbg] ar=81848 am=6 aA=6 aH=0 l=false j=false fullRedraw=false
[fifo] ar=81852 slots 0
[slots] p0 n=6 0:t4@(10,49)w0 1:t4@(11,49)w0 2:t3@(11,48)w0 3:t3@(11,50)w0 4:t5@(12,50)w0 5:t5@(12,48)w0
[dbg] ar=81873 am=6 aA=6 aH=0 l=false j=false fullRedraw=false
[fifo] ar=81898 slots 1
[slots] p1 n=0
[dbg] ar=81898 am=6 aA=6 aH=0 l=false j=false fullRedraw=false
[dbg] ar=81923 am=6 aA=6 aH=0 l=false j=false fullRedraw=false
[fifo] ar=81928 state
[devMouse] aA=6/6 cursor=(48,13) cam=(468,404) Q=880 aE=512 Y=0 sel=6
[devMouse] p0 unit 0 tile=(10,49) type=4 sel=true
[devMouse] p0 unit 1 tile=(11,49) type=4 sel=true
[devMouse] p0 unit 2 tile=(11,48) type=3 sel=false
[devMouse] p0 unit 3 tile=(11,50) type=3 sel=false
[devMouse] p0 unit 4 tile=(12,50) type=5 sel=false
[devMouse] p0 unit 5 tile=(12,48) type=5 sel=false
[dbg] ar=81948 am=6 aA=6 aH=0 l=false j=false fullRedraw=false
[dbg] ar=81973 am=6 aA=6 aH=0 l=false j=false fullRedraw=false
[dbg] ar=81998 am=6 aA=6 aH=0 l=false j=false fullRedraw=false
[dbg] ar=82023 am=6 aA=6 aH=0 l=false j=false fullRedraw=false
[dbg] ar=82048 am=6 aA=6 aH=0 l=false j=false fullRedraw=false
[dbg] ar=82073 am=6 aA=6 aH=0 l=false j=false fullRedraw=false
[dbg] ar=82098 am=6 aA=6 aH=0 l=false j=false fullRedraw=false
[dbg] ar=82123 am=6 aA=6 aH=0 l=false j=false fullRedraw=false
[dbg] ar=82148 am=6 aA=6 aH=0 l=false j=false fullRedraw=false
[dbg] ar=82173 am=6 aA=6 aH=0 l=false j=false fullRedraw=false
[dbg] ar=82198 am=6 aA=6 aH=0 l=false j=false fullRedraw=false
[fifo] ar=82205 slots 0
[slots] p0 n=6 0:t4@(10,49)w0 1:t4@(11,49)w0 2:t3@(11,48)w0 3:t3@(11,50)w0 4:t5@(12,50)w0 5:t5@(12,48)w0
[dbg] ar=82223 am=6 aA=6 aH=0 l=false j=false fullRedraw=false
[dbg] ar=82248 am=6 aA=6 aH=0 l=false j=false fullRedraw=false
[fifo] ar=82251 slots 1
[slots] p1 n=0
[dbg] ar=82273 am=6 aA=6 aH=0 l=false j=false fullRedraw=false
[fifo] ar=82282 state
[devMouse] aA=6/6 cursor=(48,13) cam=(468,404) Q=880 aE=512 Y=0 sel=6
[devMouse] p0 unit 0 tile=(10,49) type=4 sel=true
[devMouse] p0 unit 1 tile=(11,49) type=4 sel=true
[devMouse] p0 unit 2 tile=(11,48) type=3 sel=false
[devMouse] p0 unit 3 tile=(11,50) type=3 sel=false
[devMouse] p0 unit 4 tile=(12,50) type=5 sel=false
[devMouse] p0 unit 5 tile=(12,48) type=5 sel=false
[dbg] ar=82298 am=6 aA=6 aH=0 l=false j=false fullRedraw=false
[dbg] ar=82323 am=6 aA=6 aH=0 l=false j=false fullRedraw=false
[dbg] ar=82348 am=6 aA=6 aH=0 l=false j=false fullRedraw=false
[dbg] ar=82373 am=6 aA=6 aH=0 l=false j=false fullRedraw=false
[dbg] ar=82398 am=6 aA=6 aH=0 l=false j=false fullRedraw=false
[dbg] ar=82423 am=6 aA=6 aH=0 l=false j=false fullRedraw=false
[dbg] ar=82448 am=6 aA=6 aH=0 l=false j=false fullRedraw=false
[dbg] ar=82473 am=6 aA=6 aH=0 l=false j=false fullRedraw=false
[dbg] ar=82498 am=6 aA=6 aH=0 l=false j=false fullRedraw=false
[dbg] ar=82523 am=6 aA=6 aH=0 l=false j=false fullRedraw=false
[dbg] ar=82548 am=6 aA=6 aH=0 l=false j=false fullRedraw=false
[fifo] ar=82561 slots 0
[slots] p0 n=6 0:t4@(10,49)w0 1:t4@(11,49)w0 2:t3@(11,48)w0 3:t3@(11,50)w0 4:t5@(12,50)w0 5:t5@(12,48)w0
[dbg] ar=82573 am=6 aA=6 aH=0 l=false j=false fullRedraw=false
[dbg] ar=82598 am=6 aA=6 aH=0 l=false j=false fullRedraw=false
[fifo] ar=82607 slots 1
[slots] p1 n=0
[dbg] ar=82623 am=6 aA=6 aH=0 l=false j=false fullRedraw=false
[fifo] ar=82637 state
[devMouse] aA=6/6 cursor=(48,13) cam=(468,404) Q=880 aE=512 Y=0 sel=6
[devMouse] p0 unit 0 tile=(10,49) type=4 sel=true
[devMouse] p0 unit 1 tile=(11,49) type=4 sel=true
[devMouse] p0 unit 2 tile=(11,48) type=3 sel=false
[devMouse] p0 unit 3 tile=(11,50) type=3 sel=false
[devMouse] p0 unit 4 tile=(12,50) type=5 sel=false
[devMouse] p0 unit 5 tile=(12,48) type=5 sel=false
[dbg] ar=82648 am=6 aA=6 aH=0 l=false j=false fullRedraw=false
[dbg] ar=82673 am=6 aA=6 aH=0 l=false j=false fullRedraw=false
[dbg] ar=82698 am=6 aA=6 aH=0 l=false j=false fullRedraw=false
[dbg] ar=82723 am=6 aA=6 aH=0 l=false j=false fullRedraw=false
[dbg] ar=82748 am=6 aA=6 aH=0 l=false j=false fullRedraw=false
[dbg] ar=82773 am=6 aA=6 aH=0 l=false j=false fullRedraw=false
[dbg] ar=82798 am=6 aA=6 aH=0 l=false j=false fullRedraw=false
[dbg] ar=82823 am=6 aA=6 aH=0 l=false j=false fullRedraw=false
[dbg] ar=82848 am=6 aA=6 aH=0 l=false j=false fullRedraw=false
[dbg] ar=82873 am=6 aA=6 aH=0 l=false j=false fullRedraw=false
[dbg] ar=82898 am=6 aA=6 aH=0 l=false j=false fullRedraw=false
[fifo] ar=82914 slots 0
[slots] p0 n=6 0:t4@(10,49)w0 1:t4@(11,49)w0 2:t3@(11,48)w0 3:t3@(11,50)w0 4:t5@(12,50)w0 5:t5@(12,48)w0
[dbg] ar=82923 am=6 aA=6 aH=0 l=false j=false fullRedraw=false
[dbg] ar=82948 am=6 aA=6 aH=0 l=false j=false fullRedraw=false
[fifo] ar=82959 slots 1
[slots] p1 n=0
[dbg] ar=82973 am=6 aA=6 aH=0 l=false j=false fullRedraw=false
[fifo] ar=82989 state
[devMouse] aA=6/6 cursor=(48,13) cam=(468,404) Q=880 aE=512 Y=0 sel=6
[devMouse] p0 unit 0 tile=(10,49) type=4 sel=true
[devMouse] p0 unit 1 tile=(11,49) type=4 sel=true
[devMouse] p0 unit 2 tile=(11,48) type=3 sel=false
[devMouse] p0 unit 3 tile=(11,50) type=3 sel=false
[devMouse] p0 unit 4 tile=(12,50) type=5 sel=false
[devMouse] p0 unit 5 tile=(12,48) type=5 sel=false
[dbg] ar=82998 am=6 aA=6 aH=0 l=false j=false fullRedraw=false
[dbg] ar=83023 am=6 aA=6 aH=0 l=false j=false fullRedraw=false
[dbg] ar=83048 am=6 aA=6 aH=0 l=false j=false fullRedraw=false
[dbg] ar=83073 am=6 aA=6 aH=0 l=false j=false fullRedraw=false
[dbg] ar=83098 am=6 aA=6 aH=0 l=false j=false fullRedraw=false
[dbg] ar=83123 am=6 aA=6 aH=0 l=false j=false fullRedraw=false
[dbg] ar=83148 am=6 aA=6 aH=0 l=false j=false fullRedraw=false
[dbg] ar=83173 am=6 aA=6 aH=0 l=false j=false fullRedraw=false
[dbg] ar=83198 am=6 aA=6 aH=0 l=false j=false fullRedraw=false
[dbg] ar=83223 am=6 aA=6 aH=0 l=false j=false fullRedraw=false
[dbg] ar=83248 am=6 aA=6 aH=0 l=false j=false fullRedraw=false
[fifo] ar=83266 slots 0
[slots] p0 n=6 0:t4@(10,49)w0 1:t4@(11,49)w0 2:t3@(11,48)w0 3:t3@(11,50)w0 4:t5@(12,50)w0 5:t5@(12,48)w0
[dbg] ar=83273 am=6 aA=6 aH=0 l=false j=false fullRedraw=false
[dbg] ar=83298 am=6 aA=6 aH=0 l=false j=false fullRedraw=false
[fifo] ar=83313 slots 1
[slots] p1 n=0
[dbg] ar=83323 am=6 aA=6 aH=0 l=false j=false fullRedraw=false
[fifo] ar=83343 state
[devMouse] aA=6/6 cursor=(48,13) cam=(468,404) Q=880 aE=512 Y=0 sel=6
[devMouse] p0 unit 0 tile=(10,49) type=4 sel=true
[devMouse] p0 unit 1 tile=(11,49) type=4 sel=true
[devMouse] p0 unit 2 tile=(11,48) type=3 sel=false
[devMouse] p0 unit 3 tile=(11,50) type=3 sel=false
[devMouse] p0 unit 4 tile=(12,50) type=5 sel=false
[devMouse] p0 unit 5 tile=(12,48) type=5 sel=false
[dbg] ar=83348 am=6 aA=6 aH=0 l=false j=false fullRedraw=false
[dbg] ar=83373 am=6 aA=6 aH=0 l=false j=false fullRedraw=false
[dbg] ar=83398 am=6 aA=6 aH=0 l=false j=false fullRedraw=false
[dbg] ar=83423 am=6 aA=6 aH=0 l=false j=false fullRedraw=false
[dbg] ar=83448 am=6 aA=6 aH=0 l=false j=false fullRedraw=false
[dbg] ar=83473 am=6 aA=6 aH=0 l=false j=false fullRedraw=false
[dbg] ar=83498 am=6 aA=6 aH=0 l=false j=false fullRedraw=false
[dbg] ar=83523 am=6 aA=6 aH=0 l=false j=false fullRedraw=false
[dbg] ar=83548 am=6 aA=6 aH=0 l=false j=false fullRedraw=false
[dbg] ar=83573 am=6 aA=6 aH=0 l=false j=false fullRedraw=false
[dbg] ar=83598 am=6 aA=6 aH=0 l=false j=false fullRedraw=false
[fifo] ar=83614 slots 0
[slots] p0 n=6 0:t4@(10,49)w0 1:t4@(11,49)w0 2:t3@(11,48)w0 3:t3@(11,50)w0 4:t5@(12,50)w0 5:t5@(12,48)w0
[dbg] ar=83623 am=6 aA=6 aH=0 l=false j=false fullRedraw=false
[dbg] ar=83648 am=6 aA=6 aH=0 l=false j=false fullRedraw=false
[fifo] ar=83659 slots 1
[slots] p1 n=0
[dbg] ar=83673 am=6 aA=6 aH=0 l=false j=false fullRedraw=false
[fifo] ar=83690 state
[devMouse] aA=6/6 cursor=(48,13) cam=(468,404) Q=880 aE=512 Y=0 sel=6
[devMouse] p0 unit 0 tile=(10,49) type=4 sel=true
[devMouse] p0 unit 1 tile=(11,49) type=4 sel=true
[devMouse] p0 unit 2 tile=(11,48) type=3 sel=false
[devMouse] p0 unit 3 tile=(11,50) type=3 sel=false
[devMouse] p0 unit 4 tile=(12,50) type=5 sel=false
[devMouse] p0 unit 5 tile=(12,48) type=5 sel=false
[dbg] ar=83698 am=6 aA=6 aH=0 l=false j=false fullRedraw=false
[dbg] ar=83723 am=6 aA=6 aH=0 l=false j=false fullRedraw=false
[dbg] ar=83748 am=6 aA=6 aH=0 l=false j=false fullRedraw=false
[dbg] ar=83773 am=6 aA=6 aH=0 l=false j=false fullRedraw=false
[dbg] ar=83798 am=6 aA=6 aH=0 l=false j=false fullRedraw=false
[dbg] ar=83823 am=6 aA=6 aH=0 l=false j=false fullRedraw=false
[dbg] ar=83848 am=6 aA=6 aH=0 l=false j=false fullRedraw=false
[dbg] ar=83873 am=6 aA=6 aH=0 l=false j=false fullRedraw=false
[dbg] ar=83898 am=6 aA=6 aH=0 l=false j=false fullRedraw=false
[dbg] ar=83923 am=6 aA=6 aH=0 l=false j=false fullRedraw=false
[dbg] ar=83948 am=6 aA=6 aH=0 l=false j=false fullRedraw=false
[fifo] ar=83967 slots 0
[slots] p0 n=6 0:t4@(10,49)w0 1:t4@(11,49)w0 2:t3@(11,48)w0 3:t3@(11,50)w0 4:t5@(12,50)w0 5:t5@(12,48)w0
[dbg] ar=83973 am=6 aA=6 aH=0 l=false j=false fullRedraw=false
[dbg] ar=83998 am=6 aA=6 aH=0 l=false j=false fullRedraw=false
[fifo] ar=84014 slots 1
[slots] p1 n=0
[dbg] ar=84023 am=6 aA=6 aH=0 l=false j=false fullRedraw=false
[fifo] ar=84043 state
[devMouse] aA=6/6 cursor=(48,13) cam=(468,404) Q=880 aE=512 Y=0 sel=6
[devMouse] p0 unit 0 tile=(10,49) type=4 sel=true
[devMouse] p0 unit 1 tile=(11,49) type=4 sel=true
[devMouse] p0 unit 2 tile=(11,48) type=3 sel=false
[devMouse] p0 unit 3 tile=(11,50) type=3 sel=false
[devMouse] p0 unit 4 tile=(12,50) type=5 sel=false
[devMouse] p0 unit 5 tile=(12,48) type=5 sel=false
[dbg] ar=84048 am=6 aA=6 aH=0 l=false j=false fullRedraw=false
[dbg] ar=84073 am=6 aA=6 aH=0 l=false j=false fullRedraw=false
[dbg] ar=84098 am=6 aA=6 aH=0 l=false j=false fullRedraw=false
[dbg] ar=84123 am=6 aA=6 aH=0 l=false j=false fullRedraw=false
[dbg] ar=84148 am=6 aA=6 aH=0 l=false j=false fullRedraw=false
[dbg] ar=84173 am=6 aA=6 aH=0 l=false j=false fullRedraw=false
[dbg] ar=84198 am=6 aA=6 aH=0 l=false j=false fullRedraw=false
[dbg] ar=84223 am=6 aA=6 aH=0 l=false j=false fullRedraw=false
[dbg] ar=84248 am=6 aA=6 aH=0 l=false j=false fullRedraw=false
[dbg] ar=84273 am=6 aA=6 aH=0 l=false j=false fullRedraw=false
[dbg] ar=84298 am=6 aA=6 aH=0 l=false j=false fullRedraw=false
[dbg] ar=84323 am=6 aA=6 aH=0 l=false j=false fullRedraw=false
[fifo] ar=84325 slots 0
[slots] p0 n=6 0:t4@(10,49)w0 1:t4@(11,49)w0 2:t3@(11,48)w0 3:t3@(11,50)w0 4:t5@(12,50)w0 5:t5@(12,48)w0
[dbg] ar=84348 am=6 aA=6 aH=0 l=false j=false fullRedraw=false
[fifo] ar=84372 slots 1
[slots] p1 n=0
[dbg] ar=84373 am=6 aA=6 aH=0 l=false j=false fullRedraw=false
[dbg] ar=84398 am=6 aA=6 aH=0 l=false j=false fullRedraw=false
[fifo] ar=84402 state
[devMouse] aA=6/6 cursor=(48,13) cam=(468,404) Q=880 aE=512 Y=0 sel=6
[devMouse] p0 unit 0 tile=(10,49) type=4 sel=true
[devMouse] p0 unit 1 tile=(11,49) type=4 sel=true
[devMouse] p0 unit 2 tile=(11,48) type=3 sel=false
[devMouse] p0 unit 3 tile=(11,50) type=3 sel=false
[devMouse] p0 unit 4 tile=(12,50) type=5 sel=false
[devMouse] p0 unit 5 tile=(12,48) type=5 sel=false
[dbg] ar=84423 am=6 aA=6 aH=0 l=false j=false fullRedraw=false
[dbg] ar=84448 am=6 aA=6 aH=0 l=false j=false fullRedraw=false
[dbg] ar=84473 am=6 aA=6 aH=0 l=false j=false fullRedraw=false
[dbg] ar=84498 am=6 aA=6 aH=0 l=false j=false fullRedraw=false
[dbg] ar=84523 am=6 aA=6 aH=0 l=false j=false fullRedraw=false
[dbg] ar=84548 am=6 aA=6 aH=0 l=false j=false fullRedraw=false
[dbg] ar=84573 am=6 aA=6 aH=0 l=false j=false fullRedraw=false
[dbg] ar=84598 am=6 aA=6 aH=0 l=false j=false fullRedraw=false
[dbg] ar=84623 am=6 aA=6 aH=0 l=false j=false fullRedraw=false
[dbg] ar=84648 am=6 aA=6 aH=0 l=false j=false fullRedraw=false
[dbg] ar=84673 am=6 aA=6 aH=0 l=false j=false fullRedraw=false
[fifo] ar=84678 slots 0
[slots] p0 n=6 0:t4@(10,49)w0 1:t4@(11,49)w0 2:t3@(11,48)w0 3:t3@(11,50)w0 4:t5@(12,50)w0 5:t5@(12,48)w0
[dbg] ar=84698 am=6 aA=6 aH=0 l=false j=false fullRedraw=false
[fifo] ar=84723 slots 1
[slots] p1 n=0
[dbg] ar=84723 am=6 aA=6 aH=0 l=false j=false fullRedraw=false
[dbg] ar=84748 am=6 aA=6 aH=0 l=false j=false fullRedraw=false
[fifo] ar=84754 state
[devMouse] aA=6/6 cursor=(48,13) cam=(468,404) Q=880 aE=512 Y=0 sel=6
[devMouse] p0 unit 0 tile=(10,49) type=4 sel=true
[devMouse] p0 unit 1 tile=(11,49) type=4 sel=true
[devMouse] p0 unit 2 tile=(11,48) type=3 sel=false
[devMouse] p0 unit 3 tile=(11,50) type=3 sel=false
[devMouse] p0 unit 4 tile=(12,50) type=5 sel=false
[devMouse] p0 unit 5 tile=(12,48) type=5 sel=false
[dbg] ar=84773 am=6 aA=6 aH=0 l=false j=false fullRedraw=false
[fifo] ar=84776 state
[devMouse] aA=6/6 cursor=(48,13) cam=(468,404) Q=880 aE=512 Y=0 sel=6
[devMouse] p0 unit 0 tile=(10,49) type=4 sel=true
[devMouse] p0 unit 1 tile=(11,49) type=4 sel=true
[devMouse] p0 unit 2 tile=(11,48) type=3 sel=false
[devMouse] p0 unit 3 tile=(11,50) type=3 sel=false
[devMouse] p0 unit 4 tile=(12,50) type=5 sel=false
[devMouse] p0 unit 5 tile=(12,48) type=5 sel=false
[dbg] ar=84798 am=6 aA=6 aH=0 l=false j=false fullRedraw=false
[dbg] ar=84823 am=6 aA=6 aH=0 l=false j=false fullRedraw=false
[fifo] ar=84839 save /tmp/aoe-camp/m3/t.aoesave
[save] wrote /tmp/aoe-camp/m3/t.aoesave (12238B) ar=84840
[dbg] ar=84848 am=6 aA=6 aH=0 l=false j=false fullRedraw=false
[dbg] ar=84873 am=6 aA=6 aH=0 l=false j=false fullRedraw=false
[dbg] ar=84898 am=6 aA=6 aH=0 l=false j=false fullRedraw=false
[dbg] ar=84923 am=6 aA=6 aH=0 l=false j=false fullRedraw=false
[dbg] ar=84948 am=6 aA=6 aH=0 l=false j=false fullRedraw=false
[dbg] ar=84973 am=6 aA=6 aH=0 l=false j=false fullRedraw=false
[dbg] ar=84998 am=6 aA=6 aH=0 l=false j=false fullRedraw=false
[dbg] ar=85023 am=6 aA=6 aH=0 l=false j=false fullRedraw=false
[fifo] ar=85030 slots 0
[slots] p0 n=6 0:t4@(10,49)w0 1:t4@(11,49)w0 2:t3@(11,48)w0 3:t3@(11,50)w0 4:t5@(12,50)w0 5:t5@(12,48)w0
[dbg] ar=85048 am=6 aA=6 aH=0 l=false j=false fullRedraw=false
[dbg] ar=85073 am=6 aA=6 aH=0 l=false j=false fullRedraw=false
[fifo] ar=85074 slots 1
[slots] p1 n=0
[dbg] ar=85098 am=6 aA=6 aH=0 l=false j=false fullRedraw=false
[fifo] ar=85105 state
[devMouse] aA=6/6 cursor=(48,13) cam=(468,404) Q=880 aE=512 Y=0 sel=6
[devMouse] p0 unit 0 tile=(10,49) type=4 sel=true
[devMouse] p0 unit 1 tile=(11,49) type=4 sel=true
[devMouse] p0 unit 2 tile=(11,48) type=3 sel=false
[devMouse] p0 unit 3 tile=(11,50) type=3 sel=false
[devMouse] p0 unit 4 tile=(12,50) type=5 sel=false
[devMouse] p0 unit 5 tile=(12,48) type=5 sel=false
[dbg] ar=85123 am=6 aA=6 aH=0 l=false j=false fullRedraw=false
[dbg] ar=85148 am=6 aA=6 aH=0 l=false j=false fullRedraw=false
[dbg] ar=85173 am=6 aA=6 aH=0 l=false j=false fullRedraw=false
[dbg] ar=85198 am=6 aA=6 aH=0 l=false j=false fullRedraw=false
[dbg] ar=85223 am=6 aA=6 aH=0 l=false j=false fullRedraw=false
[dbg] ar=85248 am=6 aA=6 aH=0 l=false j=false fullRedraw=false
[dbg] ar=85273 am=6 aA=6 aH=0 l=false j=false fullRedraw=false
[dbg] ar=85298 am=6 aA=6 aH=0 l=false j=false fullRedraw=false
[dbg] ar=85323 am=6 aA=6 aH=0 l=false j=false fullRedraw=false
[dbg] ar=85348 am=6 aA=6 aH=0 l=false j=false fullRedraw=false
[dbg] ar=85373 am=6 aA=6 aH=0 l=false j=false fullRedraw=false
[fifo] ar=85384 slots 0
[slots] p0 n=6 0:t4@(10,49)w0 1:t4@(11,49)w0 2:t3@(11,48)w0 3:t3@(11,50)w0 4:t5@(12,50)w0 5:t5@(12,48)w0
[dbg] ar=85398 am=6 aA=6 aH=0 l=false j=false fullRedraw=false
[dbg] ar=85423 am=6 aA=6 aH=0 l=false j=false fullRedraw=false
[fifo] ar=85429 slots 1
[slots] p1 n=0
[dbg] ar=85448 am=6 aA=6 aH=0 l=false j=false fullRedraw=false
[fifo] ar=85459 state
[devMouse] aA=6/6 cursor=(48,13) cam=(468,404) Q=880 aE=512 Y=0 sel=6
[devMouse] p0 unit 0 tile=(10,49) type=4 sel=true
[devMouse] p0 unit 1 tile=(11,49) type=4 sel=true
[devMouse] p0 unit 2 tile=(11,48) type=3 sel=false
[devMouse] p0 unit 3 tile=(11,50) type=3 sel=false
[devMouse] p0 unit 4 tile=(12,50) type=5 sel=false
[devMouse] p0 unit 5 tile=(12,48) type=5 sel=false
[dbg] ar=85473 am=6 aA=6 aH=0 l=false j=false fullRedraw=false
[dbg] ar=85498 am=6 aA=6 aH=0 l=false j=false fullRedraw=false
[dbg] ar=85523 am=6 aA=6 aH=0 l=false j=false fullRedraw=false
[dbg] ar=85548 am=6 aA=6 aH=0 l=false j=false fullRedraw=false
[dbg] ar=85573 am=6 aA=6 aH=0 l=false j=false fullRedraw=false
[dbg] ar=85598 am=6 aA=6 aH=0 l=false j=false fullRedraw=false
[dbg] ar=85623 am=6 aA=6 aH=0 l=false j=false fullRedraw=false
[dbg] ar=85648 am=6 aA=6 aH=0 l=false j=false fullRedraw=false
[dbg] ar=85673 am=6 aA=6 aH=0 l=false j=false fullRedraw=false
[dbg] ar=85698 am=6 aA=6 aH=0 l=false j=false fullRedraw=false
[dbg] ar=85723 am=6 aA=6 aH=0 l=false j=false fullRedraw=false
[fifo] ar=85739 slots 0
[slots] p0 n=6 0:t4@(10,49)w0 1:t4@(11,49)w0 2:t3@(11,48)w0 3:t3@(11,50)w0 4:t5@(12,50)w0 5:t5@(12,48)w0
[dbg] ar=85748 am=6 aA=6 aH=0 l=false j=false fullRedraw=false
[dbg] ar=85773 am=6 aA=6 aH=0 l=false j=false fullRedraw=false
[fifo] ar=85785 slots 1
[slots] p1 n=0
[dbg] ar=85798 am=6 aA=6 aH=0 l=false j=false fullRedraw=false
[fifo] ar=85814 state
[devMouse] aA=6/6 cursor=(48,13) cam=(468,404) Q=880 aE=512 Y=0 sel=6
[devMouse] p0 unit 0 tile=(10,49) type=4 sel=true
[devMouse] p0 unit 1 tile=(11,49) type=4 sel=true
[devMouse] p0 unit 2 tile=(11,48) type=3 sel=false
[devMouse] p0 unit 3 tile=(11,50) type=3 sel=false
[devMouse] p0 unit 4 tile=(12,50) type=5 sel=false
[devMouse] p0 unit 5 tile=(12,48) type=5 sel=false
[dbg] ar=85823 am=6 aA=6 aH=0 l=false j=false fullRedraw=false
[dbg] ar=85848 am=6 aA=6 aH=0 l=false j=false fullRedraw=false
[dbg] ar=85873 am=6 aA=6 aH=0 l=false j=false fullRedraw=false
[dbg] ar=85898 am=6 aA=6 aH=0 l=false j=false fullRedraw=false
[dbg] ar=85923 am=6 aA=6 aH=0 l=false j=false fullRedraw=false
[dbg] ar=85948 am=6 aA=6 aH=0 l=false j=false fullRedraw=false
[dbg] ar=85973 am=6 aA=6 aH=0 l=false j=false fullRedraw=false
[dbg] ar=85998 am=6 aA=6 aH=0 l=false j=false fullRedraw=false
[dbg] ar=86023 am=6 aA=6 aH=0 l=false j=false fullRedraw=false
[dbg] ar=86048 am=6 aA=6 aH=0 l=false j=false fullRedraw=false
[dbg] ar=86073 am=6 aA=6 aH=0 l=false j=false fullRedraw=false
[fifo] ar=86093 slots 0
[slots] p0 n=6 0:t4@(10,49)w0 1:t4@(11,49)w0 2:t3@(11,48)w0 3:t3@(11,50)w0 4:t5@(12,50)w0 5:t5@(12,48)w0
[dbg] ar=86098 am=6 aA=6 aH=0 l=false j=false fullRedraw=false
[dbg] ar=86123 am=6 aA=6 aH=0 l=false j=false fullRedraw=false
[fifo] ar=86140 slots 1
[slots] p1 n=0
[dbg] ar=86148 am=6 aA=6 aH=0 l=false j=false fullRedraw=false
[fifo] ar=86169 state
[devMouse] aA=6/6 cursor=(48,13) cam=(468,404) Q=880 aE=512 Y=0 sel=6
[devMouse] p0 unit 0 tile=(10,49) type=4 sel=true
[devMouse] p0 unit 1 tile=(11,49) type=4 sel=true
[devMouse] p0 unit 2 tile=(11,48) type=3 sel=false
[devMouse] p0 unit 3 tile=(11,50) type=3 sel=false
[devMouse] p0 unit 4 tile=(12,50) type=5 sel=false
[devMouse] p0 unit 5 tile=(12,48) type=5 sel=false
[dbg] ar=86173 am=6 aA=6 aH=0 l=false j=false fullRedraw=false
[dbg] ar=86198 am=6 aA=6 aH=0 l=false j=false fullRedraw=false
[dbg] ar=86223 am=6 aA=6 aH=0 l=false j=false fullRedraw=false
[dbg] ar=86248 am=6 aA=6 aH=0 l=false j=false fullRedraw=false
[dbg] ar=86273 am=6 aA=6 aH=0 l=false j=false fullRedraw=false
[dbg] ar=86298 am=6 aA=6 aH=0 l=false j=false fullRedraw=false
[dbg] ar=86323 am=6 aA=6 aH=0 l=false j=false fullRedraw=false
[dbg] ar=86348 am=6 aA=6 aH=0 l=false j=false fullRedraw=false
[dbg] ar=86373 am=6 aA=6 aH=0 l=false j=false fullRedraw=false
[dbg] ar=86398 am=6 aA=6 aH=0 l=false j=false fullRedraw=false
[dbg] ar=86423 am=6 aA=6 aH=0 l=false j=false fullRedraw=false
[dbg] ar=86448 am=6 aA=6 aH=0 l=false j=false fullRedraw=false
[fifo] ar=86449 slots 0
[slots] p0 n=6 0:t4@(10,49)w0 1:t4@(11,49)w0 2:t3@(11,48)w0 3:t3@(11,50)w0 4:t5@(12,50)w0 5:t5@(12,48)w0
[dbg] ar=86473 am=6 aA=6 aH=0 l=false j=false fullRedraw=false
[fifo] ar=86495 slots 1
[slots] p1 n=0
[dbg] ar=86498 am=6 aA=6 aH=0 l=false j=false fullRedraw=false
[dbg] ar=86523 am=6 aA=6 aH=0 l=false j=false fullRedraw=false
[fifo] ar=86525 state
[devMouse] aA=6/6 cursor=(48,13) cam=(468,404) Q=880 aE=512 Y=0 sel=6
[devMouse] p0 unit 0 tile=(10,49) type=4 sel=true
[devMouse] p0 unit 1 tile=(11,49) type=4 sel=true
[devMouse] p0 unit 2 tile=(11,48) type=3 sel=false
[devMouse] p0 unit 3 tile=(11,50) type=3 sel=false
[devMouse] p0 unit 4 tile=(12,50) type=5 sel=false
[devMouse] p0 unit 5 tile=(12,48) type=5 sel=false
[dbg] ar=86548 am=6 aA=6 aH=0 l=false j=false fullRedraw=false
[dbg] ar=86573 am=6 aA=6 aH=0 l=false j=false fullRedraw=false
[dbg] ar=86598 am=6 aA=6 aH=0 l=false j=false fullRedraw=false
[dbg] ar=86623 am=6 aA=6 aH=0 l=false j=false fullRedraw=false
[dbg] ar=86648 am=6 aA=6 aH=0 l=false j=false fullRedraw=false
[dbg] ar=86673 am=6 aA=6 aH=0 l=false j=false fullRedraw=false
[dbg] ar=86698 am=6 aA=6 aH=0 l=false j=false fullRedraw=false
[dbg] ar=86723 am=6 aA=6 aH=0 l=false j=false fullRedraw=false
[dbg] ar=86748 am=6 aA=6 aH=0 l=false j=false fullRedraw=false
[dbg] ar=86773 am=6 aA=6 aH=0 l=false j=false fullRedraw=false
[dbg] ar=86798 am=6 aA=6 aH=0 l=false j=false fullRedraw=false
[fifo] ar=86804 slots 0
[slots] p0 n=6 0:t4@(10,49)w0 1:t4@(11,49)w0 2:t3@(11,48)w0 3:t3@(11,50)w0 4:t5@(12,50)w0 5:t5@(12,48)w0
[dbg] ar=86823 am=6 aA=6 aH=0 l=false j=false fullRedraw=false
[dbg] ar=86848 am=6 aA=6 aH=0 l=false j=false fullRedraw=false
[fifo] ar=86851 slots 1
[slots] p1 n=0
[dbg] ar=86873 am=6 aA=6 aH=0 l=false j=false fullRedraw=false
[fifo] ar=86881 state
[devMouse] aA=6/6 cursor=(48,13) cam=(468,404) Q=880 aE=512 Y=0 sel=6
[devMouse] p0 unit 0 tile=(10,49) type=4 sel=true
[devMouse] p0 unit 1 tile=(11,49) type=4 sel=true
[devMouse] p0 unit 2 tile=(11,48) type=3 sel=false
[devMouse] p0 unit 3 tile=(11,50) type=3 sel=false
[devMouse] p0 unit 4 tile=(12,50) type=5 sel=false
[devMouse] p0 unit 5 tile=(12,48) type=5 sel=false
[dbg] ar=86898 am=6 aA=6 aH=0 l=false j=false fullRedraw=false
[dbg] ar=86923 am=6 aA=6 aH=0 l=false j=false fullRedraw=false
[dbg] ar=86948 am=6 aA=6 aH=0 l=false j=false fullRedraw=false
[dbg] ar=86973 am=6 aA=6 aH=0 l=false j=false fullRedraw=false
[dbg] ar=86998 am=6 aA=6 aH=0 l=false j=false fullRedraw=false
[dbg] ar=87023 am=6 aA=6 aH=0 l=false j=false fullRedraw=false
[dbg] ar=87048 am=6 aA=6 aH=0 l=false j=false fullRedraw=false
[dbg] ar=87073 am=6 aA=6 aH=0 l=false j=false fullRedraw=false
[dbg] ar=87098 am=6 aA=6 aH=0 l=false j=false fullRedraw=false
[dbg] ar=87123 am=6 aA=6 aH=0 l=false j=false fullRedraw=false
[dbg] ar=87148 am=6 aA=6 aH=0 l=false j=false fullRedraw=false
[fifo] ar=87161 slots 0
[slots] p0 n=6 0:t4@(10,49)w0 1:t4@(11,49)w0 2:t3@(11,48)w0 3:t3@(11,50)w0 4:t5@(12,50)w0 5:t5@(12,48)w0
[dbg] ar=87173 am=6 aA=6 aH=0 l=false j=false fullRedraw=false
[dbg] ar=87198 am=6 aA=6 aH=0 l=false j=false fullRedraw=false
[fifo] ar=87205 slots 1
[slots] p1 n=0
[dbg] ar=87223 am=6 aA=6 aH=0 l=false j=false fullRedraw=false
[fifo] ar=87236 state
[devMouse] aA=6/6 cursor=(48,13) cam=(468,404) Q=880 aE=512 Y=0 sel=6
[devMouse] p0 unit 0 tile=(10,49) type=4 sel=true
[devMouse] p0 unit 1 tile=(11,49) type=4 sel=true
[devMouse] p0 unit 2 tile=(11,48) type=3 sel=false
[devMouse] p0 unit 3 tile=(11,50) type=3 sel=false
[devMouse] p0 unit 4 tile=(12,50) type=5 sel=false
[devMouse] p0 unit 5 tile=(12,48) type=5 sel=false
[dbg] ar=87248 am=6 aA=6 aH=0 l=false j=false fullRedraw=false
[dbg] ar=87273 am=6 aA=6 aH=0 l=false j=false fullRedraw=false
[dbg] ar=87298 am=6 aA=6 aH=0 l=false j=false fullRedraw=false
[dbg] ar=87323 am=6 aA=6 aH=0 l=false j=false fullRedraw=false
[dbg] ar=87348 am=6 aA=6 aH=0 l=false j=false fullRedraw=false
[dbg] ar=87373 am=6 aA=6 aH=0 l=false j=false fullRedraw=false
[dbg] ar=87398 am=6 aA=6 aH=0 l=false j=false fullRedraw=false
[dbg] ar=87423 am=6 aA=6 aH=0 l=false j=false fullRedraw=false
[dbg] ar=87448 am=6 aA=6 aH=0 l=false j=false fullRedraw=false
[dbg] ar=87473 am=6 aA=6 aH=0 l=false j=false fullRedraw=false
[dbg] ar=87498 am=6 aA=6 aH=0 l=false j=false fullRedraw=false
[fifo] ar=87511 slots 0
[slots] p0 n=6 0:t4@(10,49)w0 1:t4@(11,49)w0 2:t3@(11,48)w0 3:t3@(11,50)w0 4:t5@(12,50)w0 5:t5@(12,48)w0
[dbg] ar=87523 am=6 aA=6 aH=0 l=false j=false fullRedraw=false
[dbg] ar=87548 am=6 aA=6 aH=0 l=false j=false fullRedraw=false
[fifo] ar=87557 slots 1
[slots] p1 n=0
[dbg] ar=87573 am=6 aA=6 aH=0 l=false j=false fullRedraw=false
[fifo] ar=87587 state
[devMouse] aA=6/6 cursor=(48,13) cam=(468,404) Q=880 aE=512 Y=0 sel=6
[devMouse] p0 unit 0 tile=(10,49) type=4 sel=true
[devMouse] p0 unit 1 tile=(11,49) type=4 sel=true
[devMouse] p0 unit 2 tile=(11,48) type=3 sel=false
[devMouse] p0 unit 3 tile=(11,50) type=3 sel=false
[devMouse] p0 unit 4 tile=(12,50) type=5 sel=false
[devMouse] p0 unit 5 tile=(12,48) type=5 sel=false
[dbg] ar=87598 am=6 aA=6 aH=0 l=false j=false fullRedraw=false
[dbg] ar=87623 am=6 aA=6 aH=0 l=false j=false fullRedraw=false
[dbg] ar=87648 am=6 aA=6 aH=0 l=false j=false fullRedraw=false
[dbg] ar=87673 am=6 aA=6 aH=0 l=false j=false fullRedraw=false
[dbg] ar=87698 am=6 aA=6 aH=0 l=false j=false fullRedraw=false
[dbg] ar=87723 am=6 aA=6 aH=0 l=false j=false fullRedraw=false
[dbg] ar=87748 am=6 aA=6 aH=0 l=false j=false fullRedraw=false
[dbg] ar=87773 am=6 aA=6 aH=0 l=false j=false fullRedraw=false
[dbg] ar=87798 am=6 aA=6 aH=0 l=false j=false fullRedraw=false
[dbg] ar=87823 am=6 aA=6 aH=0 l=false j=false fullRedraw=false
[dbg] ar=87848 am=6 aA=6 aH=0 l=false j=false fullRedraw=false
[fifo] ar=87865 slots 0
[slots] p0 n=6 0:t4@(10,49)w0 1:t4@(11,49)w0 2:t3@(11,48)w0 3:t3@(11,50)w0 4:t5@(12,50)w0 5:t5@(12,48)w0
[dbg] ar=87873 am=6 aA=6 aH=0 l=false j=false fullRedraw=false
[dbg] ar=87898 am=6 aA=6 aH=0 l=false j=false fullRedraw=false
[fifo] ar=87911 slots 1
[slots] p1 n=0
[dbg] ar=87923 am=6 aA=6 aH=0 l=false j=false fullRedraw=false
[fifo] ar=87942 state
[devMouse] aA=6/6 cursor=(48,13) cam=(468,404) Q=880 aE=512 Y=0 sel=6
[devMouse] p0 unit 0 tile=(10,49) type=4 sel=true
[devMouse] p0 unit 1 tile=(11,49) type=4 sel=true
[devMouse] p0 unit 2 tile=(11,48) type=3 sel=false
[devMouse] p0 unit 3 tile=(11,50) type=3 sel=false
[devMouse] p0 unit 4 tile=(12,50) type=5 sel=false
[devMouse] p0 unit 5 tile=(12,48) type=5 sel=false
[dbg] ar=87948 am=6 aA=6 aH=0 l=false j=false fullRedraw=false
[dbg] ar=87973 am=6 aA=6 aH=0 l=false j=false fullRedraw=false
[dbg] ar=87998 am=6 aA=6 aH=0 l=false j=false fullRedraw=false
[dbg] ar=88023 am=6 aA=6 aH=0 l=false j=false fullRedraw=false
[dbg] ar=88048 am=6 aA=6 aH=0 l=false j=false fullRedraw=false
[dbg] ar=88073 am=6 aA=6 aH=0 l=false j=false fullRedraw=false
[dbg] ar=88098 am=6 aA=6 aH=0 l=false j=false fullRedraw=false
[dbg] ar=88123 am=6 aA=6 aH=0 l=false j=false fullRedraw=false
[dbg] ar=88148 am=6 aA=6 aH=0 l=false j=false fullRedraw=false
[dbg] ar=88173 am=6 aA=6 aH=0 l=false j=false fullRedraw=false
[dbg] ar=88198 am=6 aA=6 aH=0 l=false j=false fullRedraw=false
[fifo] ar=88223 slots 0
[slots] p0 n=6 0:t4@(10,49)w0 1:t4@(11,49)w0 2:t3@(11,48)w0 3:t3@(11,50)w0 4:t5@(12,50)w0 5:t5@(12,48)w0
[dbg] ar=88223 am=6 aA=6 aH=0 l=false j=false fullRedraw=false
[dbg] ar=88248 am=6 aA=6 aH=0 l=false j=false fullRedraw=false
[fifo] ar=88269 slots 1
[slots] p1 n=0
[dbg] ar=88273 am=6 aA=6 aH=0 l=false j=false fullRedraw=false
[dbg] ar=88298 am=6 aA=6 aH=0 l=false j=false fullRedraw=false
[fifo] ar=88301 state
[devMouse] aA=6/6 cursor=(48,13) cam=(468,404) Q=880 aE=512 Y=0 sel=6
[devMouse] p0 unit 0 tile=(10,49) type=4 sel=true
[devMouse] p0 unit 1 tile=(11,49) type=4 sel=true
[devMouse] p0 unit 2 tile=(11,48) type=3 sel=false
[devMouse] p0 unit 3 tile=(11,50) type=3 sel=false
[devMouse] p0 unit 4 tile=(12,50) type=5 sel=false
[devMouse] p0 unit 5 tile=(12,48) type=5 sel=false
[dbg] ar=88323 am=6 aA=6 aH=0 l=false j=false fullRedraw=false
[dbg] ar=88348 am=6 aA=6 aH=0 l=false j=false fullRedraw=false
[dbg] ar=88373 am=6 aA=6 aH=0 l=false j=false fullRedraw=false
[dbg] ar=88398 am=6 aA=6 aH=0 l=false j=false fullRedraw=false
[dbg] ar=88423 am=6 aA=6 aH=0 l=false j=false fullRedraw=false
[dbg] ar=88448 am=6 aA=6 aH=0 l=false j=false fullRedraw=false
[dbg] ar=88473 am=6 aA=6 aH=0 l=false j=false fullRedraw=false
[dbg] ar=88498 am=6 aA=6 aH=0 l=false j=false fullRedraw=false
[dbg] ar=88523 am=6 aA=6 aH=0 l=false j=false fullRedraw=false
[dbg] ar=88548 am=6 aA=6 aH=0 l=false j=false fullRedraw=false
[dbg] ar=88573 am=6 aA=6 aH=0 l=false j=false fullRedraw=false
[fifo] ar=88577 slots 0
[slots] p0 n=6 0:t4@(10,49)w0 1:t4@(11,49)w0 2:t3@(11,48)w0 3:t3@(11,50)w0 4:t5@(12,50)w0 5:t5@(12,48)w0
[dbg] ar=88598 am=6 aA=6 aH=0 l=false j=false fullRedraw=false
[fifo] ar=88623 slots 1
[slots] p1 n=0
[dbg] ar=88623 am=6 aA=6 aH=0 l=false j=false fullRedraw=false
[dbg] ar=88648 am=6 aA=6 aH=0 l=false j=false fullRedraw=false
[fifo] ar=88652 state
[devMouse] aA=6/6 cursor=(48,13) cam=(468,404) Q=880 aE=512 Y=0 sel=6
[devMouse] p0 unit 0 tile=(10,49) type=4 sel=true
[devMouse] p0 unit 1 tile=(11,49) type=4 sel=true
[devMouse] p0 unit 2 tile=(11,48) type=3 sel=false
[devMouse] p0 unit 3 tile=(11,50) type=3 sel=false
[devMouse] p0 unit 4 tile=(12,50) type=5 sel=false
[devMouse] p0 unit 5 tile=(12,48) type=5 sel=false
[dbg] ar=88673 am=6 aA=6 aH=0 l=false j=false fullRedraw=false
[dbg] ar=88698 am=6 aA=6 aH=0 l=false j=false fullRedraw=false
[dbg] ar=88723 am=6 aA=6 aH=0 l=false j=false fullRedraw=false
[dbg] ar=88748 am=6 aA=6 aH=0 l=false j=false fullRedraw=false
[dbg] ar=88773 am=6 aA=6 aH=0 l=false j=false fullRedraw=false
[dbg] ar=88798 am=6 aA=6 aH=0 l=false j=false fullRedraw=false
[fifo] ar=88800 state
[devMouse] aA=6/6 cursor=(48,13) cam=(468,404) Q=880 aE=512 Y=0 sel=6
[devMouse] p0 unit 0 tile=(10,49) type=4 sel=true
[devMouse] p0 unit 1 tile=(11,49) type=4 sel=true
[devMouse] p0 unit 2 tile=(11,48) type=3 sel=false
[devMouse] p0 unit 3 tile=(11,50) type=3 sel=false
[devMouse] p0 unit 4 tile=(12,50) type=5 sel=false
[devMouse] p0 unit 5 tile=(12,48) type=5 sel=false
[dbg] ar=88823 am=6 aA=6 aH=0 l=false j=false fullRedraw=false
[dbg] ar=88848 am=6 aA=6 aH=0 l=false j=false fullRedraw=false
[fifo] ar=88865 save /tmp/aoe-camp/m3/t.aoesave
[save] wrote /tmp/aoe-camp/m3/t.aoesave (12238B) ar=88866
[dbg] ar=88873 am=6 aA=6 aH=0 l=false j=false fullRedraw=false
[dbg] ar=88898 am=6 aA=6 aH=0 l=false j=false fullRedraw=false
[dbg] ar=88923 am=6 aA=6 aH=0 l=false j=false fullRedraw=false
[fifo] ar=88933 slots 0
[slots] p0 n=6 0:t4@(10,49)w0 1:t4@(11,49)w0 2:t3@(11,48)w0 3:t3@(11,50)w0 4:t5@(12,50)w0 5:t5@(12,48)w0
[fifo] ar=88947 state
[devMouse] aA=6/6 cursor=(48,13) cam=(468,404) Q=880 aE=512 Y=0 sel=6
[devMouse] p0 unit 0 tile=(10,49) type=4 sel=true
[devMouse] p0 unit 1 tile=(11,49) type=4 sel=true
[devMouse] p0 unit 2 tile=(11,48) type=3 sel=false
[devMouse] p0 unit 3 tile=(11,50) type=3 sel=false
[devMouse] p0 unit 4 tile=(12,50) type=5 sel=false
[devMouse] p0 unit 5 tile=(12,48) type=5 sel=false
[dbg] ar=88948 am=6 aA=6 aH=0 l=false j=false fullRedraw=false
[dbg] ar=88973 am=6 aA=6 aH=0 l=false j=false fullRedraw=false
[fifo] ar=88978 slots 1
[slots] p1 n=0
[dbg] ar=88998 am=6 aA=6 aH=0 l=false j=false fullRedraw=false
[fifo] ar=89009 state
[devMouse] aA=6/6 cursor=(48,13) cam=(468,404) Q=880 aE=512 Y=0 sel=6
[devMouse] p0 unit 0 tile=(10,49) type=4 sel=true
[devMouse] p0 unit 1 tile=(11,49) type=4 sel=true
[devMouse] p0 unit 2 tile=(11,48) type=3 sel=false
[devMouse] p0 unit 3 tile=(11,50) type=3 sel=false
[devMouse] p0 unit 4 tile=(12,50) type=5 sel=false
[devMouse] p0 unit 5 tile=(12,48) type=5 sel=false
[fifoQ] ar=89017 sel 11 48
[fifo] ar=89018 sel 11 48
[devMouse] sel OK p0 unit type=3 at (11,48)
[dbg] ar=89023 am=6 aA=6 aH=0 l=false j=false fullRedraw=false
[fifoQ] ar=89038 goto 18 49 all
[fifo] ar=89039 goto 18 49 all
[devMouse] goto OK (18,49) x0q type=3
[dbg] ar=89048 am=6 aA=6 aH=0 l=false j=false fullRedraw=false
[proj] aim scan exhausted p=1 active=1 tick=89050
[proj] aim scan exhausted p=1 active=1 tick=89051
[proj] aim scan exhausted p=1 active=1 tick=89052
[proj] aim scan exhausted p=1 active=1 tick=89053
[proj] aim scan exhausted p=1 active=1 tick=89054
[proj] aim scan exhausted p=1 active=1 tick=89055
[proj] aim scan exhausted p=1 active=1 tick=89056
[proj] aim scan exhausted p=1 active=1 tick=89057
[proj] aim scan exhausted p=1 active=1 tick=89058
[fifoQ] ar=89059 sel 12 50
[fifo] ar=89059 sel 12 50
[devMouse] sel OK p0 unit type=5 at (12,50)
[proj] aim scan exhausted p=1 active=1 tick=89059
[proj] aim scan exhausted p=1 active=1 tick=89060
[proj] aim scan exhausted p=1 active=1 tick=89061
[proj] aim scan exhausted p=1 active=1 tick=89062
[proj] aim scan exhausted p=1 active=1 tick=89063
[proj] aim scan exhausted p=1 active=1 tick=89064
[proj] aim scan exhausted p=1 active=1 tick=89066
[proj] aim scan exhausted p=1 active=1 tick=89067
[proj] aim scan exhausted p=1 active=1 tick=89068
[proj] aim scan exhausted p=1 active=1 tick=89069
[proj] aim scan exhausted p=1 active=1 tick=89070
[proj] aim scan exhausted p=1 active=1 tick=89071
[proj] aim scan exhausted p=1 active=1 tick=89072
[proj] aim scan exhausted p=1 active=1 tick=89073
[dbg] ar=89073 am=6 aA=6 aH=0 l=false j=false fullRedraw=false
[proj] aim scan exhausted p=1 active=1 tick=89074
[proj] aim scan exhausted p=1 active=1 tick=89075
[proj] aim scan exhausted p=1 active=1 tick=89076
[proj] aim scan exhausted p=1 active=1 tick=89077
[proj] aim scan exhausted p=1 active=1 tick=89078
[proj] aim scan exhausted p=1 active=1 tick=89079
[fifoQ] ar=89080 goto 18 49 all
[fifo] ar=89080 goto 18 49 all
[devMouse] goto OK (18,49) x0q type=5
[proj] aim scan exhausted p=1 active=1 tick=89080
[proj] aim scan exhausted p=1 active=1 tick=89081
[proj] aim scan exhausted p=1 active=1 tick=89082
[proj] aim scan exhausted p=1 active=1 tick=89083
[proj] aim scan exhausted p=1 active=1 tick=89084
[proj] aim scan exhausted p=1 active=1 tick=89085
[proj] aim scan exhausted p=1 active=1 tick=89086
[proj] aim scan exhausted p=1 active=1 tick=89087
[proj] aim scan exhausted p=1 active=1 tick=89088
[proj] aim scan exhausted p=1 active=1 tick=89089
[proj] aim scan exhausted p=1 active=1 tick=89090
[proj] aim scan exhausted p=1 active=1 tick=89091
[proj] aim scan exhausted p=1 active=1 tick=89092
[proj] aim scan exhausted p=1 active=1 tick=89093
[proj] aim scan exhausted p=1 active=1 tick=89094
[proj] aim scan exhausted p=1 active=1 tick=89095
[proj] aim scan exhausted p=1 active=1 tick=89096
[proj] aim scan exhausted p=1 active=1 tick=89097
[proj] aim scan exhausted p=1 active=1 tick=89098
[dbg] ar=89098 am=6 aA=6 aH=0 l=false j=false fullRedraw=false
[proj] aim scan exhausted p=1 active=1 tick=89099
[proj] aim scan exhausted p=1 active=1 tick=89100
[fifoQ] ar=89100 sel 10 49
[fifo] ar=89101 sel 10 49
[devMouse] sel OK p0 unit type=4 at (10,49)
[proj] aim scan exhausted p=1 active=1 tick=89101
[proj] aim scan exhausted p=1 active=1 tick=89102
[proj] aim scan exhausted p=1 active=1 tick=89103
[proj] aim scan exhausted p=1 active=1 tick=89104
[proj] aim scan exhausted p=1 active=1 tick=89105
[proj] aim scan exhausted p=1 active=1 tick=89106
[proj] aim scan exhausted p=1 active=1 tick=89107
[proj] aim scan exhausted p=1 active=1 tick=89108
[proj] aim scan exhausted p=1 active=1 tick=89109
[proj] aim scan exhausted p=1 active=1 tick=89110
[proj] aim scan exhausted p=1 active=1 tick=89111
[proj] aim scan exhausted p=1 active=1 tick=89112
[proj] aim scan exhausted p=1 active=1 tick=89113
[proj] aim scan exhausted p=1 active=1 tick=89114
[proj] aim scan exhausted p=1 active=1 tick=89115
[proj] aim scan exhausted p=1 active=1 tick=89116
[proj] aim scan exhausted p=1 active=1 tick=89117
[proj] aim scan exhausted p=1 active=1 tick=89118
[proj] aim scan exhausted p=1 active=1 tick=89119
[proj] aim scan exhausted p=1 active=1 tick=89120
[proj] aim scan exhausted p=1 active=1 tick=89121
[fifoQ] ar=89121 goto 18 49 all
[fifo] ar=89122 goto 18 49 all
[devMouse] goto OK (18,49) x0q type=4
[proj] aim scan exhausted p=1 active=1 tick=89122
[proj] aim scan exhausted p=1 active=1 tick=89123
[dbg] ar=89123 am=6 aA=6 aH=0 l=false j=false fullRedraw=false
[proj] aim scan exhausted p=1 active=1 tick=89124
[proj] aim scan exhausted p=1 active=1 tick=89125
[proj] aim scan exhausted p=1 active=1 tick=89126
[proj] aim scan exhausted p=1 active=1 tick=89127
[proj] aim scan exhausted p=1 active=1 tick=89128
[proj] aim scan exhausted p=1 active=1 tick=89129
[proj] aim scan exhausted p=1 active=1 tick=89130
[proj] aim scan exhausted p=1 active=1 tick=89131
[proj] aim scan exhausted p=1 active=1 tick=89132
[proj] aim scan exhausted p=1 active=1 tick=89133
[proj] aim scan exhausted p=1 active=1 tick=89134
[proj] aim scan exhausted p=1 active=1 tick=89135
[proj] aim scan exhausted p=1 active=1 tick=89136
[proj] aim scan exhausted p=1 active=1 tick=89137
[proj] aim scan exhausted p=1 active=1 tick=89138
[proj] aim scan exhausted p=1 active=1 tick=89139
[proj] aim scan exhausted p=1 active=1 tick=89140
[proj] aim scan exhausted p=1 active=1 tick=89141
[proj] aim scan exhausted p=1 active=1 tick=89142
[proj] aim scan exhausted p=1 active=1 tick=89143
[proj] aim scan exhausted p=1 active=1 tick=89144
[proj] aim scan exhausted p=1 active=1 tick=89145
[proj] aim scan exhausted p=1 active=1 tick=89146
[proj] aim scan exhausted p=1 active=1 tick=89147
[proj] aim scan exhausted p=1 active=1 tick=89148
[dbg] ar=89148 am=6 aA=6 aH=0 l=false j=false fullRedraw=false
[proj] aim scan exhausted p=1 active=1 tick=89149
[proj] aim scan exhausted p=1 active=1 tick=89150
[proj] aim scan exhausted p=1 active=1 tick=89151
[proj] aim scan exhausted p=1 active=1 tick=89152
[proj] aim scan exhausted p=1 active=1 tick=89153
[proj] aim scan exhausted p=1 active=1 tick=89154
[proj] aim scan exhausted p=1 active=1 tick=89155
[proj] aim scan exhausted p=1 active=1 tick=89156
[proj] aim scan exhausted p=1 active=1 tick=89157
[proj] aim scan exhausted p=1 active=1 tick=89158
[proj] aim scan exhausted p=1 active=1 tick=89159
[proj] aim scan exhausted p=1 active=1 tick=89160
[proj] aim scan exhausted p=1 active=1 tick=89161
[proj] aim scan exhausted p=1 active=1 tick=89162
[proj] aim scan exhausted p=1 active=1 tick=89163
[proj] aim scan exhausted p=1 active=1 tick=89164
[proj] aim scan exhausted p=1 active=1 tick=89165
[proj] aim scan exhausted p=1 active=1 tick=89166
[proj] aim scan exhausted p=1 active=1 tick=89167
[proj] aim scan exhausted p=1 active=1 tick=89168
[proj] aim scan exhausted p=1 active=1 tick=89169
[proj] aim scan exhausted p=1 active=1 tick=89170
[proj] aim scan exhausted p=1 active=1 tick=89171
[proj] aim scan exhausted p=1 active=1 tick=89172
[proj] aim scan exhausted p=1 active=1 tick=89173
[dbg] ar=89173 am=6 aA=6 aH=0 l=false j=false fullRedraw=false
[proj] aim scan exhausted p=1 active=1 tick=89174
[proj] aim scan exhausted p=1 active=1 tick=89175
[proj] aim scan exhausted p=1 active=1 tick=89176
[proj] aim scan exhausted p=1 active=1 tick=89177
[proj] aim scan exhausted p=1 active=1 tick=89178
[proj] aim scan exhausted p=1 active=1 tick=89179
[proj] aim scan exhausted p=1 active=1 tick=89180
[proj] aim scan exhausted p=1 active=1 tick=89181
[proj] aim scan exhausted p=1 active=1 tick=89182
[proj] aim scan exhausted p=1 active=1 tick=89183
[proj] aim scan exhausted p=1 active=1 tick=89184
[proj] aim scan exhausted p=1 active=1 tick=89185
[proj] aim scan exhausted p=1 active=1 tick=89186
[proj] aim scan exhausted p=1 active=1 tick=89187
[proj] aim scan exhausted p=1 active=1 tick=89188
[proj] aim scan exhausted p=1 active=1 tick=89189
[proj] aim scan exhausted p=1 active=1 tick=89190
[trace] g(0,98,0) ac=32
[trace] g->2 (aA=6 am=6)
[result] WIN ticks=89191
