[devMouse] listening on /tmp/aoe-camp/m1/fifo
[fMenu] ao=5 Z=0 aR=187 tmpl=1029
[fMenu] ao=5 Z=0 aR=187 tmpl=1029
[fMenu] ao=5 Z=0 aR=187 tmpl=1029
[fMenu] ao=5 Z=0 aR=187 tmpl=1029
[fMenu] ao=5 Z=0 aR=187 tmpl=1029
[fMenu] ao=5 Z=0 aR=187 tmpl=1029
[fMenu] ao=5 Z=0 aR=187 tmpl=1029
[fMenu] ao=5 Z=0 aR=187 tmpl=1029
[fMenu] ao=5 Z=0 aR=187 tmpl=1029
[fMenu] ao=5 Z=0 aR=187 tmpl=1029
[fMenu] ao=5 Z=0 aR=187 tmpl=1029
[fMenu] ao=5 Z=0 aR=187 tmpl=1029
[k] node=218 mode=0 type=4 op=5
[menuGate] ax=0 ab=0
[fMenu] ao=5 Z=0 aR=187 tmpl=1029
[k] node=218 mode=0 type=4 op=5
[menuGate] ax=0 ab=0
[fMenu] ao=5 Z=0 aR=187 tmpl=1029
[k] node=218 mode=0 type=4 op=5
[menuGate] ax=0 ab=0
[fMenu] ao=5 Z=0 aR=187 tmpl=1029
[k] node=218 mode=0 type=4 op=5
[menuGate] ax=0 ab=0
[fMenu] ao=5 Z=0 aR=187 tmpl=1029
[k] node=218 mode=0 type=4 op=5
[menuGate] ax=0 ab=0
[fMenu] ao=5 Z=0 aR=187 tmpl=1029
[k] node=218 mode=0 type=4 op=5
[menuGate] ax=0 ab=0
[fMenu] ao=5 Z=0 aR=187 tmpl=1029
[k] node=218 mode=0 type=4 op=5
[menuGate] ax=0 ab=0
[fMenu] ao=5 Z=0 aR=187 tmpl=1029
[k] node=218 mode=0 type=4 op=5
[menuGate] ax=0 ab=0
[fMenu] ao=5 Z=0 aR=187 tmpl=1029
[k] node=218 mode=0 type=4 op=5
[menuGate] ax=0 ab=0
[fMenu] ao=5 Z=0 aR=187 tmpl=1029
[k] node=218 mode=0 type=4 op=5
[menuGate] ax=0 ab=0
[fMenu] ao=5 Z=0 aR=187 tmpl=1029
[k] node=218 mode=0 type=4 op=5
[k] node=231 mode=0 type=4 op=2
[trace] g->9 (aA=4 am=4)
[menuGate] ax=0 ab=0
[dbg] ar=23 am=9 aA=4 aH=0 l=false j=false fullRedraw=false
[fMenu] ao=6 Z=0 aR=254 tmpl=1029
[fMenu] ao=6 Z=0 aR=254 tmpl=1029
[fMenu] ao=6 Z=0 aR=254 tmpl=1029
[fMenu] ao=6 Z=0 aR=254 tmpl=1029
[fMenu] ao=6 Z=0 aR=254 tmpl=1029
[fMenu] ao=6 Z=0 aR=254 tmpl=1029
[fMenu] ao=6 Z=0 aR=254 tmpl=1029
[fMenu] ao=6 Z=0 aR=254 tmpl=1029
[fMenu] ao=6 Z=0 aR=254 tmpl=1029
[fMenu] ao=6 Z=0 aR=254 tmpl=1029
[fMenu] ao=6 Z=0 aR=254 tmpl=1029
[fMenu] ao=6 Z=0 aR=254 tmpl=1029
[k] node=297 mode=0 type=4 op=5
[menuGate] ax=0 ab=0
[fMenu] ao=6 Z=0 aR=254 tmpl=1029
[k] node=297 mode=0 type=4 op=5
[menuGate] ax=0 ab=0
[fMenu] ao=6 Z=0 aR=254 tmpl=1029
[k] node=297 mode=0 type=4 op=5
[menuGate] ax=0 ab=0
[fMenu] ao=6 Z=0 aR=254 tmpl=1029
[k] node=297 mode=0 type=4 op=5
[menuGate] ax=0 ab=0
[fMenu] ao=6 Z=0 aR=254 tmpl=1029
[k] node=297 mode=0 type=4 op=5
[menuGate] ax=0 ab=0
[fMenu] ao=6 Z=0 aR=254 tmpl=1029
[k] node=297 mode=0 type=4 op=5
[menuGate] ax=0 ab=0
[fMenu] ao=6 Z=0 aR=254 tmpl=1029
[k] node=297 mode=0 type=4 op=5
[menuGate] ax=0 ab=0
[fMenu] ao=6 Z=0 aR=254 tmpl=1029
[k] node=297 mode=0 type=4 op=5
[menuGate] ax=0 ab=0
[fMenu] ao=6 Z=0 aR=254 tmpl=1029
[k] node=297 mode=0 type=4 op=5
[menuGate] ax=0 ab=0
[fMenu] ao=6 Z=0 aR=254 tmpl=1029
[k] node=297 mode=0 type=4 op=5
[menuGate] ax=0 ab=0
[fMenu] ao=6 Z=0 aR=254 tmpl=1029
[k] node=297 mode=0 type=4 op=5
[k] node=310 mode=0 type=4 op=2
[trace] g->9 (aA=4 am=4)
[menuGate] ax=0 ab=0
[dbg] ar=48 am=4 aA=9 aH=0 l=false j=false fullRedraw=false
[fMenu] ao=5 Z=0 aR=333 tmpl=1029
[fMenu] ao=5 Z=0 aR=333 tmpl=1029
[fMenu] ao=5 Z=0 aR=333 tmpl=1029
[fMenu] ao=5 Z=0 aR=333 tmpl=1029
[fMenu] ao=5 Z=0 aR=333 tmpl=1029
[fMenu] ao=5 Z=0 aR=333 tmpl=1029
[fMenu] ao=5 Z=0 aR=333 tmpl=1029
[fMenu] ao=5 Z=0 aR=333 tmpl=1029
[fMenu] ao=5 Z=0 aR=333 tmpl=1029
[fMenu] ao=5 Z=0 aR=333 tmpl=1029
[fMenu] ao=5 Z=0 aR=333 tmpl=1029
[fMenu] ao=5 Z=0 aR=333 tmpl=1029
[k] node=364 mode=0 type=4 op=5
[menuGate] ax=0 ab=0
[fMenu] ao=5 Z=0 aR=333 tmpl=1029
[k] node=364 mode=0 type=4 op=5
[menuGate] ax=0 ab=0
[fMenu] ao=5 Z=0 aR=333 tmpl=1029
[k] node=364 mode=0 type=4 op=5
[menuGate] ax=0 ab=0
[fMenu] ao=5 Z=0 aR=333 tmpl=1029
[k] node=364 mode=0 type=4 op=5
[menuGate] ax=0 ab=0
[fMenu] ao=5 Z=0 aR=333 tmpl=1029
[k] node=364 mode=0 type=4 op=5
[menuGate] ax=0 ab=0
[fMenu] ao=5 Z=0 aR=333 tmpl=1029
[k] node=364 mode=0 type=4 op=5
[menuGate] ax=0 ab=0
[fMenu] ao=5 Z=0 aR=333 tmpl=1029
[k] node=364 mode=0 type=4 op=5
[menuGate] ax=0 ab=0
[fMenu] ao=5 Z=0 aR=333 tmpl=1029
[k] node=364 mode=0 type=4 op=5
[menuGate] ax=0 ab=0
[fMenu] ao=5 Z=0 aR=333 tmpl=1029
[k] node=364 mode=0 type=4 op=5
[menuGate] ax=0 ab=0
[fMenu] ao=5 Z=0 aR=333 tmpl=1029
[k] node=364 mode=0 type=4 op=5
[menuGate] ax=0 ab=0
[fMenu] ao=5 Z=0 aR=333 tmpl=1029
[k] node=364 mode=0 type=4 op=5
[k] node=377 mode=0 type=4 op=2
[trace] g->9 (aA=4 am=4)
[menuGate] ax=0 ab=0
[dbg] ar=73 am=4 aA=0 aH=1 l=false j=false fullRedraw=false
[fMenu] ao=9 Z=4 aR=0 tmpl=1029
[fMenu] ao=9 Z=4 aR=0 tmpl=1029
[fMenu] ao=9 Z=4 aR=0 tmpl=1029
[fMenu] ao=9 Z=4 aR=0 tmpl=1029
[fMenu] ao=9 Z=4 aR=0 tmpl=1029
[fMenu] ao=9 Z=4 aR=0 tmpl=1029
[fMenu] ao=9 Z=4 aR=0 tmpl=1029
[fMenu] ao=9 Z=4 aR=0 tmpl=1029
[fMenu] ao=9 Z=4 aR=0 tmpl=1029
[fMenu] ao=9 Z=4 aR=0 tmpl=1029
[fMenu] ao=9 Z=4 aR=0 tmpl=1029
[fMenu] ao=9 Z=4 aR=0 tmpl=1029
[fMenu] ao=9 Z=4 aR=0 tmpl=1029
[fMenu] ao=9 Z=4 aR=0 tmpl=1029
[fMenu] ao=9 Z=4 aR=0 tmpl=1029
[fMenu] ao=9 Z=4 aR=0 tmpl=1029
[fMenu] ao=9 Z=4 aR=0 tmpl=1029
[fMenu] ao=9 Z=4 aR=0 tmpl=1029
[fMenu] ao=9 Z=4 aR=0 tmpl=1029
[fMenu] ao=9 Z=4 aR=0 tmpl=1029
[fMenu] ao=9 Z=4 aR=0 tmpl=1029
[fMenu] ao=9 Z=4 aR=0 tmpl=1029
[fMenu] ao=9 Z=4 aR=0 tmpl=1029
[fMenu] ao=9 Z=4 aR=0 tmpl=1029
[fMenu] ao=9 Z=4 aR=0 tmpl=1029
[dbg] ar=98 am=4 aA=4 aH=0 l=false j=false fullRedraw=false
[fMenu] ao=9 Z=4 aR=0 tmpl=1029
[fMenu] ao=9 Z=4 aR=0 tmpl=1029
[fMenu] ao=9 Z=4 aR=0 tmpl=1029
[fMenu] ao=9 Z=4 aR=0 tmpl=1029
[fMenu] ao=9 Z=4 aR=0 tmpl=1029
[fMenu] ao=9 Z=4 aR=0 tmpl=1029
[fMenu] ao=9 Z=4 aR=0 tmpl=1029
[fMenu] ao=9 Z=4 aR=0 tmpl=1029
[fMenu] ao=9 Z=4 aR=0 tmpl=1029
[fMenu] ao=9 Z=4 aR=0 tmpl=1029
[fMenu] ao=9 Z=4 aR=0 tmpl=1029
[fMenu] ao=9 Z=4 aR=0 tmpl=1029
[fMenu] ao=9 Z=4 aR=0 tmpl=1029
[fMenu] ao=9 Z=4 aR=0 tmpl=1029
[fMenu] ao=9 Z=4 aR=0 tmpl=1029
[fMenu] ao=9 Z=4 aR=0 tmpl=1029
[fMenu] ao=9 Z=4 aR=0 tmpl=1029
[fMenu] ao=9 Z=4 aR=0 tmpl=1029
[fMenu] ao=9 Z=4 aR=0 tmpl=1029
[fMenu] ao=9 Z=4 aR=0 tmpl=1029
[fMenu] ao=9 Z=4 aR=0 tmpl=1029
[fMenu] ao=9 Z=4 aR=0 tmpl=1029
[fMenu] ao=9 Z=4 aR=0 tmpl=1029
[fMenu] ao=9 Z=4 aR=0 tmpl=1029
[fMenu] ao=9 Z=4 aR=0 tmpl=1029
[dbg] ar=123 am=4 aA=4 aH=0 l=false j=false fullRedraw=false
[fMenu] ao=9 Z=4 aR=0 tmpl=1029
[fMenu] ao=9 Z=4 aR=0 tmpl=1029
[fMenu] ao=9 Z=4 aR=0 tmpl=1029
[fMenu] ao=9 Z=4 aR=0 tmpl=1029
[fMenu] ao=9 Z=4 aR=0 tmpl=1029
[fMenu] ao=9 Z=4 aR=0 tmpl=1029
[fMenu] ao=9 Z=4 aR=0 tmpl=1029
[fMenu] ao=9 Z=4 aR=0 tmpl=1029
[fMenu] ao=9 Z=4 aR=0 tmpl=1029
[fMenu] ao=9 Z=4 aR=0 tmpl=1029
[fMenu] ao=9 Z=4 aR=0 tmpl=1029
[fMenu] ao=9 Z=4 aR=0 tmpl=1029
[void_a] key=-5 ae=22 ak=19 ar=135
[input] ar=135 key -5
[fHead] ax=22
[fMenu] ao=9 Z=4 aR=0 tmpl=1029
[k] node=57 mode=1 type=16 op=2
[trace] g->9 (aA=4 am=4)
[fMenu] ao=5 Z=4 aR=116 tmpl=1029
[fMenu] ao=5 Z=4 aR=116 tmpl=1029
[fMenu] ao=5 Z=4 aR=116 tmpl=1029
[fMenu] ao=5 Z=4 aR=116 tmpl=1029
[fMenu] ao=5 Z=4 aR=116 tmpl=1029
[fMenu] ao=5 Z=4 aR=116 tmpl=1029
[fMenu] ao=5 Z=4 aR=116 tmpl=1029
[void_a] key=-4 ae=23 ak=19 ar=145
[fMenu] ao=5 Z=4 aR=116 tmpl=1029
[input] ar=146 key -4
[fMenu] ao=5 Z=4 aR=116 tmpl=1029
[fMenu] ao=5 Z=4 aR=116 tmpl=1029
[dbg] ar=148 am=4 aA=4 aH=0 l=false j=false fullRedraw=false
[fMenu] ao=5 Z=4 aR=116 tmpl=1029
[fMenu] ao=5 Z=4 aR=116 tmpl=1029
[fMenu] ao=5 Z=4 aR=116 tmpl=1029
[fMenu] ao=5 Z=4 aR=116 tmpl=1029
[fMenu] ao=5 Z=4 aR=116 tmpl=1029
[fMenu] ao=5 Z=4 aR=116 tmpl=1029
[fMenu] ao=5 Z=4 aR=116 tmpl=1029
[fMenu] ao=5 Z=4 aR=116 tmpl=1029
[fMenu] ao=5 Z=4 aR=116 tmpl=1029
[void_a] key=-4 ae=23 ak=19 ar=157
[input] ar=157 key -4
[k] node=171 mode=0 type=2 op=3
[fMenu] ao=5 Z=4 aR=116 tmpl=1029
[fMenu] ao=5 Z=4 aR=116 tmpl=1029
[fMenu] ao=5 Z=4 aR=116 tmpl=1029
[fMenu] ao=5 Z=4 aR=116 tmpl=1029
[fMenu] ao=5 Z=4 aR=116 tmpl=1029
[fMenu] ao=5 Z=4 aR=116 tmpl=1029
[fMenu] ao=5 Z=4 aR=116 tmpl=1029
[fMenu] ao=5 Z=4 aR=116 tmpl=1029
[void_a] key=-5 ae=22 ak=19 ar=165
[input] ar=165 key -5
[fHead] ax=22
[fMenu] ao=5 Z=4 aR=116 tmpl=1029
[k] node=171 mode=1 type=2 op=3
[trace] g->9 (aA=4 am=4)
[k] node=171 mode=0 type=2 op=3
[fMenu] ao=5 Z=4 aR=881 tmpl=1029
[fMenu] ao=5 Z=4 aR=881 tmpl=1029
[fMenu] ao=5 Z=4 aR=881 tmpl=1029
[fMenu] ao=5 Z=4 aR=881 tmpl=1029
[fMenu] ao=5 Z=4 aR=881 tmpl=1029
[dbg] ar=173 am=4 aA=4 aH=0 l=false j=false fullRedraw=false
[fMenu] ao=5 Z=4 aR=881 tmpl=1029
[fMenu] ao=5 Z=4 aR=881 tmpl=1029
[fMenu] ao=5 Z=4 aR=881 tmpl=1029
[void_a] key=-5 ae=22 ak=19 ar=176
[input] ar=176 key -5
[fHead] ax=22
[fMenu] ao=5 Z=4 aR=881 tmpl=1029
[fMenu] ao=5 Z=4 aR=881 tmpl=1029
[fMenu] ao=5 Z=4 aR=881 tmpl=1029
[fMenu] ao=5 Z=4 aR=881 tmpl=1029
[fMenu] ao=5 Z=4 aR=881 tmpl=1029
[fMenu] ao=5 Z=4 aR=881 tmpl=1029
[fMenu] ao=5 Z=4 aR=881 tmpl=1029
[fMenu] ao=5 Z=4 aR=881 tmpl=1029
[fMenu] ao=5 Z=4 aR=881 tmpl=1029
[fMenu] ao=5 Z=4 aR=881 tmpl=1029
[fMenu] ao=5 Z=4 aR=881 tmpl=1029
[void_a] key=-5 ae=22 ak=19 ar=187
[input] ar=188 key -5
[fMenu] ao=5 Z=4 aR=881 tmpl=1029
[k] node=936 mode=1 type=2 op=3
[trace] g->5 (aA=4 am=4)
[k] node=936 mode=0 type=2 op=3
[trace] g->11 (aA=5 am=5)
[trace] boolean_c aH=0 ac=32 aC=1
[view] world rebuild with clipTop=0 -> var_boolean_l=true
[trace] g->8 (aA=6 am=6)
[dbg] ar=198 am=6 aA=6 aH=0 l=false j=false fullRedraw=false
[trace] g(1,72,0) ac=32
[trace] g->2 (aA=6 am=6)
[view] dialog open z=72 overlayPrevState=6
[dlg-parse] z=72 v=0 strLen=183 str=Our destruction of the enemy fort has angered the enemy who now only seek to claim our land for themselves. @ Our village has fallen, and those left alive make for the fort of Lucina.
[dbg] ar=223 am=2 aA=2 aH=0 l=false j=false fullRedraw=false
[void_a] key=-6 ae=38 ak=19 ar=233
[input] ar=233 key -6
[trace] g(1,72,1) ac=32
[trace] g->2 (aA=6 am=6)
[view] dialog open z=72 overlayPrevState=6
[dlg-parse] z=72 v=1 strLen=56 str=Protect the villagers as they flee, leave no one behind.
[dbg] ar=248 am=2 aA=2 aH=0 l=false j=false fullRedraw=false
[dbg] ar=273 am=2 aA=2 aH=0 l=false j=false fullRedraw=false
[void_a] key=-6 ae=38 ak=19 ar=277
[input] ar=278 key -6
[dbg] ar=298 am=6 aA=6 aH=0 l=false j=false fullRedraw=false
[save] wrote /tmp/aoe-camp/m1/saves/auto.aoesave (12294B) ar=304
[dbg] ar=323 am=6 aA=6 aH=0 l=false j=false fullRedraw=false
[dev] in mission, aA=6
[dbg] ar=348 am=6 aA=6 aH=0 l=false j=false fullRedraw=false
[dbg] ar=373 am=6 aA=6 aH=0 l=false j=false fullRedraw=false
[dbg] ar=398 am=6 aA=6 aH=0 l=false j=false fullRedraw=false
[dbg] ar=423 am=6 aA=6 aH=0 l=false j=false fullRedraw=false
[dbg] ar=448 am=6 aA=6 aH=0 l=false j=false fullRedraw=false
[dbg] ar=473 am=6 aA=6 aH=0 l=false j=false fullRedraw=false
[dbg] ar=498 am=6 aA=6 aH=0 l=false j=false fullRedraw=false
[dbg] ar=523 am=6 aA=6 aH=0 l=false j=false fullRedraw=false
[dbg] ar=548 am=6 aA=6 aH=0 l=false j=false fullRedraw=false
[dbg] ar=573 am=6 aA=6 aH=0 l=false j=false fullRedraw=false
[dbg] ar=598 am=6 aA=6 aH=0 l=false j=false fullRedraw=false
[dbg] ar=623 am=6 aA=6 aH=0 l=false j=false fullRedraw=false
[dbg] ar=648 am=6 aA=6 aH=0 l=false j=false fullRedraw=false
[dbg] ar=673 am=6 aA=6 aH=0 l=false j=false fullRedraw=false
[dbg] ar=698 am=6 aA=6 aH=0 l=false j=false fullRedraw=false
[dbg] ar=723 am=6 aA=6 aH=0 l=false j=false fullRedraw=false
[dbg] ar=748 am=6 aA=6 aH=0 l=false j=false fullRedraw=false
[dbg] ar=773 am=6 aA=6 aH=0 l=false j=false fullRedraw=false
[dbg] ar=798 am=6 aA=6 aH=0 l=false j=false fullRedraw=false
[dbg] ar=823 am=6 aA=6 aH=0 l=false j=false fullRedraw=false
[dbg] ar=848 am=6 aA=6 aH=0 l=false j=false fullRedraw=false
[dbg] ar=873 am=6 aA=6 aH=0 l=false j=false fullRedraw=false
[dbg] ar=898 am=6 aA=6 aH=0 l=false j=false fullRedraw=false
[dbg] ar=923 am=6 aA=6 aH=0 l=false j=false fullRedraw=false
[dbg] ar=948 am=6 aA=6 aH=0 l=false j=false fullRedraw=false
[dbg] ar=973 am=6 aA=6 aH=0 l=false j=false fullRedraw=false
[dbg] ar=998 am=6 aA=6 aH=0 l=false j=false fullRedraw=false
[dbg] ar=1023 am=6 aA=6 aH=0 l=false j=false fullRedraw=false
[dbg] ar=1048 am=6 aA=6 aH=0 l=false j=false fullRedraw=false
[dbg] ar=1073 am=6 aA=6 aH=0 l=false j=false fullRedraw=false
[dbg] ar=1098 am=6 aA=6 aH=0 l=false j=false fullRedraw=false
[dbg] ar=1123 am=6 aA=6 aH=0 l=false j=false fullRedraw=false
[dbg] ar=1148 am=6 aA=6 aH=0 l=false j=false fullRedraw=false
[dbg] ar=1173 am=6 aA=6 aH=0 l=false j=false fullRedraw=false
[dbg] ar=1198 am=6 aA=6 aH=0 l=false j=false fullRedraw=false
[dbg] ar=1223 am=6 aA=6 aH=0 l=false j=false fullRedraw=false
[dbg] ar=1248 am=6 aA=6 aH=0 l=false j=false fullRedraw=false
[dbg] ar=1273 am=6 aA=6 aH=0 l=false j=false fullRedraw=false
[dbg] ar=1298 am=6 aA=6 aH=0 l=false j=false fullRedraw=false
[dbg] ar=1323 am=6 aA=6 aH=0 l=false j=false fullRedraw=false
[dbg] ar=1348 am=6 aA=6 aH=0 l=false j=false fullRedraw=false
[dbg] ar=1373 am=6 aA=6 aH=0 l=false j=false fullRedraw=false
[dbg] ar=1398 am=6 aA=6 aH=0 l=false j=false fullRedraw=false
[dbg] ar=1423 am=6 aA=6 aH=0 l=false j=false fullRedraw=false
[fifo] ar=1424 key -6
[void_a] key=-6 ae=38 ak=19 ar=1424
[input] ar=1424 key -6
[trace] g->7 (aA=6 am=6)
[dbg] ar=1448 am=6 aA=6 aH=0 l=false j=false fullRedraw=false
[dbg] ar=1473 am=6 aA=6 aH=0 l=false j=false fullRedraw=false
[fifo] ar=1497 key -6
[void_a] key=-6 ae=38 ak=19 ar=1497
[input] ar=1497 key -6
[dbg] ar=1498 am=6 aA=6 aH=0 l=false j=false fullRedraw=false
[dbg] ar=1523 am=6 aA=6 aH=0 l=false j=false fullRedraw=false
[dbg] ar=1548 am=6 aA=6 aH=0 l=false j=false fullRedraw=false
[fifo] ar=1573 key -6
[void_a] key=-6 ae=38 ak=19 ar=1573
[input] ar=1573 key -6
[dbg] ar=1573 am=6 aA=6 aH=0 l=false j=false fullRedraw=false
[dbg] ar=1598 am=6 aA=6 aH=0 l=false j=false fullRedraw=false
[dbg] ar=1623 am=6 aA=6 aH=0 l=false j=false fullRedraw=false
[fifo] ar=1648 save /tmp/aoe-camp/m1/base.aoesave
[dbg] ar=1648 am=6 aA=6 aH=0 l=false j=false fullRedraw=false
[save] wrote /tmp/aoe-camp/m1/base.aoesave (12294B) ar=1649
[dbg] ar=1673 am=6 aA=6 aH=0 l=false j=false fullRedraw=false
[dbg] ar=1698 am=6 aA=6 aH=0 l=false j=false fullRedraw=false
[dbg] ar=1723 am=6 aA=6 aH=0 l=false j=false fullRedraw=false
[dbg] ar=1748 am=6 aA=6 aH=0 l=false j=false fullRedraw=false
[dbg] ar=1773 am=6 aA=6 aH=0 l=false j=false fullRedraw=false
[dbg] ar=1798 am=6 aA=6 aH=0 l=false j=false fullRedraw=false
[dbg] ar=1823 am=6 aA=6 aH=0 l=false j=false fullRedraw=false
[dbg] ar=1848 am=6 aA=6 aH=0 l=false j=false fullRedraw=false
[dbg] ar=1873 am=6 aA=6 aH=0 l=false j=false fullRedraw=false
[dbg] ar=1898 am=6 aA=6 aH=0 l=false j=false fullRedraw=false
[dbg] ar=1923 am=6 aA=6 aH=0 l=false j=false fullRedraw=false
[dbg] ar=1948 am=6 aA=6 aH=0 l=false j=false fullRedraw=false
[dbg] ar=1973 am=6 aA=6 aH=0 l=false j=false fullRedraw=false
[dbg] ar=1998 am=6 aA=6 aH=0 l=false j=false fullRedraw=false
[dbg] ar=2023 am=6 aA=6 aH=0 l=false j=false fullRedraw=false
[dbg] ar=2048 am=6 aA=6 aH=0 l=false j=false fullRedraw=false
[dbg] ar=2073 am=6 aA=6 aH=0 l=false j=false fullRedraw=false
[dbg] ar=2098 am=6 aA=6 aH=0 l=false j=false fullRedraw=false
[dbg] ar=2123 am=6 aA=6 aH=0 l=false j=false fullRedraw=false
[dbg] ar=2148 am=6 aA=6 aH=0 l=false j=false fullRedraw=false
[dbg] ar=2173 am=6 aA=6 aH=0 l=false j=false fullRedraw=false
[dbg] ar=2198 am=6 aA=6 aH=0 l=false j=false fullRedraw=false
[dbg] ar=2223 am=6 aA=6 aH=0 l=false j=false fullRedraw=false
[dbg] ar=2248 am=6 aA=6 aH=0 l=false j=false fullRedraw=false
[dbg] ar=2273 am=6 aA=6 aH=0 l=false j=false fullRedraw=false
[dbg] ar=2298 am=6 aA=6 aH=0 l=false j=false fullRedraw=false
[dbg] ar=2323 am=6 aA=6 aH=0 l=false j=false fullRedraw=false
[dbg] ar=2348 am=6 aA=6 aH=0 l=false j=false fullRedraw=false
[dbg] ar=2373 am=6 aA=6 aH=0 l=false j=false fullRedraw=false
[dbg] ar=2398 am=6 aA=6 aH=0 l=false j=false fullRedraw=false
[dbg] ar=2423 am=6 aA=6 aH=0 l=false j=false fullRedraw=false
[dbg] ar=2448 am=6 aA=6 aH=0 l=false j=false fullRedraw=false
[dbg] ar=2473 am=6 aA=6 aH=0 l=false j=false fullRedraw=false
[dbg] ar=2498 am=6 aA=6 aH=0 l=false j=false fullRedraw=false
[dbg] ar=2523 am=6 aA=6 aH=0 l=false j=false fullRedraw=false
[dbg] ar=2548 am=6 aA=6 aH=0 l=false j=false fullRedraw=false
[dbg] ar=2573 am=6 aA=6 aH=0 l=false j=false fullRedraw=false
[dbg] ar=2598 am=6 aA=6 aH=0 l=false j=false fullRedraw=false
[dbg] ar=2623 am=6 aA=6 aH=0 l=false j=false fullRedraw=false
[dbg] ar=2648 am=6 aA=6 aH=0 l=false j=false fullRedraw=false
[dbg] ar=2673 am=6 aA=6 aH=0 l=false j=false fullRedraw=false
[dbg] ar=2698 am=6 aA=6 aH=0 l=false j=false fullRedraw=false
[dbg] ar=2723 am=6 aA=6 aH=0 l=false j=false fullRedraw=false
[dbg] ar=2748 am=6 aA=6 aH=0 l=false j=false fullRedraw=false
[dbg] ar=2773 am=6 aA=6 aH=0 l=false j=false fullRedraw=false
[dbg] ar=2798 am=6 aA=6 aH=0 l=false j=false fullRedraw=false
[dbg] ar=2823 am=6 aA=6 aH=0 l=false j=false fullRedraw=false
[dbg] ar=2848 am=6 aA=6 aH=0 l=false j=false fullRedraw=false
[dbg] ar=2873 am=6 aA=6 aH=0 l=false j=false fullRedraw=false
[dbg] ar=2898 am=6 aA=6 aH=0 l=false j=false fullRedraw=false
[dbg] ar=2923 am=6 aA=6 aH=0 l=false j=false fullRedraw=false
[dbg] ar=2948 am=6 aA=6 aH=0 l=false j=false fullRedraw=false
[dbg] ar=2973 am=6 aA=6 aH=0 l=false j=false fullRedraw=false
[dbg] ar=2998 am=6 aA=6 aH=0 l=false j=false fullRedraw=false
[dbg] ar=3023 am=6 aA=6 aH=0 l=false j=false fullRedraw=false
[dbg] ar=3048 am=6 aA=6 aH=0 l=false j=false fullRedraw=false
[dbg] ar=3073 am=6 aA=6 aH=0 l=false j=false fullRedraw=false
[dbg] ar=3098 am=6 aA=6 aH=0 l=false j=false fullRedraw=false
[dbg] ar=3123 am=6 aA=6 aH=0 l=false j=false fullRedraw=false
[dbg] ar=3148 am=6 aA=6 aH=0 l=false j=false fullRedraw=false
[dbg] ar=3173 am=6 aA=6 aH=0 l=false j=false fullRedraw=false
[dbg] ar=3198 am=6 aA=6 aH=0 l=false j=false fullRedraw=false
[fifo] ar=3210 slots 0
[slots] p0 n=11 0:t0@(31,58)w0 1:t0@(31,59)w0 2:t0@(32,59)w0 3:t3@(29,59)w0 4:t3@(30,59)w0 5:t3@(30,60)w0 6:t3@(29,60)w0 7:t4@(30,57)w0 8:t4@(30,56)w0 9:t4@(30,55)w0 10:t6@(28,58)w0
[dbg] ar=3223 am=6 aA=6 aH=0 l=false j=false fullRedraw=false
[fifo] ar=3234 retask 0 36 58
[devMouse] retask slot0 (31,58)w0 -> (36,58)
[fifo] ar=3242 retask 1 36 59
[devMouse] retask slot1 (31,59)w0 -> (36,59)
[dbg] ar=3248 am=6 aA=6 aH=0 l=false j=false fullRedraw=false
[fifo] ar=3250 retask 2 36 60
[devMouse] retask slot2 (32,59)w0 -> (36,60)
[fifo] ar=3258 save /tmp/aoe-camp/m1/t.aoesave
[save] wrote /tmp/aoe-camp/m1/t.aoesave (12294B) ar=3259
[dbg] ar=3273 am=6 aA=6 aH=0 l=false j=false fullRedraw=false
[dbg] ar=3298 am=6 aA=6 aH=0 l=false j=false fullRedraw=false
[fifo] ar=3305 slots 0
[slots] p0 n=11 0:t0@(35,58)w4412 1:t0@(35,59)w5e12 2:t0@(35,60)w4b12 3:t3@(29,59)w0 4:t3@(30,59)w0 5:t3@(30,60)w0 6:t3@(29,60)w0 7:t4@(30,57)w0 8:t4@(30,56)w0 9:t4@(30,55)w0 10:t6@(28,58)w0
[dbg] ar=3323 am=6 aA=6 aH=0 l=false j=false fullRedraw=false
[fifo] ar=3331 save /tmp/aoe-camp/m1/t.aoesave
[save] wrote /tmp/aoe-camp/m1/t.aoesave (12294B) ar=3332
[dbg] ar=3348 am=6 aA=6 aH=0 l=false j=false fullRedraw=false
[dbg] ar=3373 am=6 aA=6 aH=0 l=false j=false fullRedraw=false
[fifo] ar=3378 slots 0
[slots] p0 n=11 0:t0@(35,57)w13 1:t0@(35,59)w1512 2:t0@(35,60)w212 3:t3@(29,59)w0 4:t3@(30,59)w0 5:t3@(30,60)w0 6:t3@(29,60)w0 7:t4@(30,57)w0 8:t4@(30,56)w0 9:t4@(30,55)w0 10:t6@(28,58)w0
[dbg] ar=3398 am=6 aA=6 aH=0 l=false j=false fullRedraw=false
[fifo] ar=3403 retask 0 36 58
[devMouse] retask slot0 (35,57)w13 -> (36,58)
[fifo] ar=3411 save /tmp/aoe-camp/m1/t.aoesave
[save] wrote /tmp/aoe-camp/m1/t.aoesave (12294B) ar=3412
[dbg] ar=3423 am=6 aA=6 aH=0 l=false j=false fullRedraw=false
[dbg] ar=3448 am=6 aA=6 aH=0 l=false j=false fullRedraw=false
[fifo] ar=3455 slots 0
[slots] p0 n=11 0:t0@(35,57)w3912 1:t0@(36,63)w13 2:t0@(35,62)w13 3:t3@(29,59)w0 4:t3@(30,59)w0 5:t3@(30,60)w0 6:t3@(29,60)w0 7:t4@(30,57)w0 8:t4@(30,56)w0 9:t4@(30,55)w0 10:t6@(28,58)w0
[dbg] ar=3473 am=6 aA=6 aH=0 l=false j=false fullRedraw=false
[fifo] ar=3480 retask 1 36 59
[devMouse] retask slot1 (35,61)w13 -> (36,59)
[fifo] ar=3487 retask 2 36 60
[devMouse] retask slot2 (36,63)w13 -> (36,60)
[fifo] ar=3495 save /tmp/aoe-camp/m1/t.aoesave
[save] wrote /tmp/aoe-camp/m1/t.aoesave (12294B) ar=3496
[dbg] ar=3498 am=6 aA=6 aH=0 l=false j=false fullRedraw=false
[dbg] ar=3523 am=6 aA=6 aH=0 l=false j=false fullRedraw=false
[fifo] ar=3543 state
[devMouse] aA=6/6 cursor=(31,58) cam=(-523,628) Q=3743 aE=512 Y=0 sel=6
[devMouse] p0 unit 0 tile=(32,58) type=0 sel=true
[devMouse] p0 unit 1 tile=(35,59) type=0 sel=true
[devMouse] p0 unit 2 tile=(35,61) type=0 sel=true
[devMouse] p0 unit 3 tile=(29,59) type=3 sel=true
[devMouse] p0 unit 4 tile=(30,59) type=3 sel=true
[devMouse] p0 unit 5 tile=(30,60) type=3 sel=true
[devMouse] p0 unit 6 tile=(29,60) type=3 sel=true
[devMouse] p0 unit 7 tile=(30,57) type=4 sel=true
[devMouse] p0 unit 8 tile=(30,56) type=4 sel=true
[devMouse] p0 unit 9 tile=(30,55) type=4 sel=true
[devMouse] p0 unit 10 tile=(28,58) type=6 sel=true
[devMouse] p1 unit 0 tile=(48,48) type=3 sel=false
[devMouse] p1 unit 1 tile=(40,34) type=3 sel=false
[devMouse] p1 unit 2 tile=(60,55) type=3 sel=false
[devMouse] p1 unit 3 tile=(61,45) type=3 sel=false
[devMouse] p1 unit 4 tile=(49,24) type=3 sel=false
[devMouse] p1 unit 5 tile=(48,25) type=3 sel=false
[devMouse] p1 unit 6 tile=(54,19) type=3 sel=false
[devMouse] p1 unit 7 tile=(36,23) type=4 sel=false
[devMouse] p1 unit 8 tile=(37,22) type=4 sel=false
[devMouse] p1 unit 9 tile=(49,33) type=4 sel=false
[devMouse] p1 unit 10 tile=(32,17) type=3 sel=false
[devMouse] p1 unit 11 tile=(25,21) type=4 sel=false
[devMouse] p1 unit 12 tile=(22,26) type=3 sel=false
[devMouse] p1 unit 13 tile=(23,27) type=3 sel=false
[devMouse] p1 unit 14 tile=(15,47) type=3 sel=false
[devMouse] p1 unit 15 tile=(16,54) type=3 sel=false
[dbg] ar=3548 am=6 aA=6 aH=0 l=false j=false fullRedraw=false
[dbg] ar=3573 am=6 aA=6 aH=0 l=false j=false fullRedraw=false
[fifo] ar=3597 slots 0
[slots] p0 n=11 0:t0@(35,56)w13 1:t0@(35,59)w412 2:t0@(35,61)wc12 3:t3@(29,59)w0 4:t3@(30,59)w0 5:t3@(30,60)w0 6:t3@(29,60)w0 7:t4@(30,57)w0 8:t4@(30,56)w0 9:t4@(30,55)w0 10:t6@(28,58)w0
[dbg] ar=3598 am=6 aA=6 aH=0 l=false j=false fullRedraw=false
[fifo] ar=3621 retask 0 36 58
[devMouse] retask slot0 (35,58)w13 -> (36,58)
[dbg] ar=3623 am=6 aA=6 aH=0 l=false j=false fullRedraw=false
[fifo] ar=3630 save /tmp/aoe-camp/m1/t.aoesave
[save] wrote /tmp/aoe-camp/m1/t.aoesave (12294B) ar=3631
[dbg] ar=3648 am=6 aA=6 aH=0 l=false j=false fullRedraw=false
[dbg] ar=3673 am=6 aA=6 aH=0 l=false j=false fullRedraw=false
[fifo] ar=3677 slots 0
[slots] p0 n=11 0:t0@(35,58)w3712 1:t0@(35,61)w13 2:t0@(34,55)w13 3:t3@(29,59)w0 4:t3@(30,59)w0 5:t3@(30,60)w0 6:t3@(29,60)w0 7:t4@(30,57)w0 8:t4@(30,56)w0 9:t4@(30,55)w0 10:t6@(28,58)w0
[dbg] ar=3698 am=6 aA=6 aH=0 l=false j=false fullRedraw=false
[fifo] ar=3701 retask 1 36 59
[devMouse] retask slot1 (35,61)w13 -> (36,59)
[fifo] ar=3709 retask 2 36 60
[devMouse] retask slot2 (33,55)w13 -> (36,60)
[fifo] ar=3717 save /tmp/aoe-camp/m1/t.aoesave
[save] wrote /tmp/aoe-camp/m1/t.aoesave (12294B) ar=3718
[dbg] ar=3723 am=6 aA=6 aH=0 l=false j=false fullRedraw=false
[dbg] ar=3748 am=6 aA=6 aH=0 l=false j=false fullRedraw=false
[fifo] ar=3761 slots 0
[slots] p0 n=11 0:t0@(32,59)w13 1:t0@(35,60)w5712 2:t0@(33,59)w0 3:t3@(29,59)w0 4:t3@(30,59)w0 5:t3@(30,60)w0 6:t3@(29,60)w0 7:t4@(30,57)w0 8:t4@(30,56)w0 9:t4@(30,55)w0 10:t6@(28,58)w0
[dbg] ar=3773 am=6 aA=6 aH=0 l=false j=false fullRedraw=false
[fifo] ar=3785 retask 0 36 58
[devMouse] retask slot0 (34,59)w13 -> (36,58)
[fifo] ar=3793 retask 2 36 60
[devMouse] retask slot2 (34,58)w0 -> (36,60)
[dbg] ar=3798 am=6 aA=6 aH=0 l=false j=false fullRedraw=false
[fifo] ar=3801 save /tmp/aoe-camp/m1/t.aoesave
[save] wrote /tmp/aoe-camp/m1/t.aoesave (12294B) ar=3802
[dbg] ar=3823 am=6 aA=6 aH=0 l=false j=false fullRedraw=false
[fifo] ar=3848 slots 0
[slots] p0 n=11 0:t0@(35,58)w3212 1:t0@(35,60)w13 2:t0@(35,59)w3e12 3:t3@(29,59)w0 4:t3@(30,59)w0 5:t3@(30,60)w0 6:t3@(29,60)w0 7:t4@(30,57)w0 8:t4@(30,56)w0 9:t4@(30,55)w0 10:t6@(28,58)w0
[dbg] ar=3848 am=6 aA=6 aH=0 l=false j=false fullRedraw=false
[fifo] ar=3872 retask 1 36 59
[devMouse] retask slot1 (35,57)w13 -> (36,59)
[dbg] ar=3873 am=6 aA=6 aH=0 l=false j=false fullRedraw=false
[fifo] ar=3880 save /tmp/aoe-camp/m1/t.aoesave
[save] wrote /tmp/aoe-camp/m1/t.aoesave (12294B) ar=3881
[dbg] ar=3898 am=6 aA=6 aH=0 l=false j=false fullRedraw=false
[dbg] ar=3923 am=6 aA=6 aH=0 l=false j=false fullRedraw=false
[fifo] ar=3929 slots 0
[slots] p0 n=11 0:t0@(35,57)w13 1:t0@(34,56)w0 2:t0@(35,61)w13 3:t3@(29,59)w0 4:t3@(30,59)w0 5:t3@(30,60)w0 6:t3@(29,60)w0 7:t4@(30,57)w0 8:t4@(30,56)w0 9:t4@(30,55)w0 10:t6@(28,58)w0
[dbg] ar=3948 am=6 aA=6 aH=0 l=false j=false fullRedraw=false
[fifo] ar=3954 retask 0 36 58
[devMouse] retask slot0 (35,59)w13 -> (36,58)
[fifo] ar=3962 retask 1 36 59
[devMouse] retask slot1 (34,58)w0 -> (36,59)
[fifo] ar=3970 retask 2 36 60
[devMouse] retask slot2 (36,63)w13 -> (36,60)
[dbg] ar=3973 am=6 aA=6 aH=0 l=false j=false fullRedraw=false
[fifo] ar=3978 save /tmp/aoe-camp/m1/t.aoesave
[save] wrote /tmp/aoe-camp/m1/t.aoesave (12294B) ar=3979
[dbg] ar=3998 am=6 aA=6 aH=0 l=false j=false fullRedraw=false
[dbg] ar=4023 am=6 aA=6 aH=0 l=false j=false fullRedraw=false
[fifo] ar=4025 state
[devMouse] aA=6/6 cursor=(31,58) cam=(-523,628) Q=3743 aE=512 Y=0 sel=6
[devMouse] p0 unit 0 tile=(35,59) type=0 sel=true
[devMouse] p0 unit 1 tile=(35,58) type=0 sel=true
[devMouse] p0 unit 2 tile=(35,61) type=0 sel=true
[devMouse] p0 unit 3 tile=(29,59) type=3 sel=true
[devMouse] p0 unit 4 tile=(30,59) type=3 sel=true
[devMouse] p0 unit 5 tile=(30,60) type=3 sel=true
[devMouse] p0 unit 6 tile=(29,60) type=3 sel=true
[devMouse] p0 unit 7 tile=(30,57) type=4 sel=true
[devMouse] p0 unit 8 tile=(30,56) type=4 sel=true
[devMouse] p0 unit 9 tile=(30,55) type=4 sel=true
[devMouse] p0 unit 10 tile=(28,58) type=6 sel=true
[devMouse] p1 unit 0 tile=(48,48) type=3 sel=false
[devMouse] p1 unit 1 tile=(40,34) type=3 sel=false
[devMouse] p1 unit 2 tile=(60,55) type=3 sel=false
[devMouse] p1 unit 3 tile=(61,45) type=3 sel=false
[devMouse] p1 unit 4 tile=(49,24) type=3 sel=false
[devMouse] p1 unit 5 tile=(48,25) type=3 sel=false
[devMouse] p1 unit 6 tile=(54,19) type=3 sel=false
[devMouse] p1 unit 7 tile=(36,23) type=4 sel=false
[devMouse] p1 unit 8 tile=(37,22) type=4 sel=false
[devMouse] p1 unit 9 tile=(49,33) type=4 sel=false
[devMouse] p1 unit 10 tile=(32,17) type=3 sel=false
[devMouse] p1 unit 11 tile=(25,21) type=4 sel=false
[devMouse] p1 unit 12 tile=(22,26) type=3 sel=false
[devMouse] p1 unit 13 tile=(23,27) type=3 sel=false
[devMouse] p1 unit 14 tile=(15,47) type=3 sel=false
[devMouse] p1 unit 15 tile=(16,54) type=3 sel=false
[dbg] ar=4048 am=6 aA=6 aH=0 l=false j=false fullRedraw=false
[dbg] ar=4073 am=6 aA=6 aH=0 l=false j=false fullRedraw=false
[fifo] ar=4078 slots 0
[slots] p0 n=11 0:t0@(34,57)w13 1:t0@(35,59)w13 2:t0@(35,61)w1012 3:t3@(29,59)w0 4:t3@(30,59)w0 5:t3@(30,60)w0 6:t3@(29,60)w0 7:t4@(30,57)w0 8:t4@(30,56)w0 9:t4@(30,55)w0 10:t6@(28,58)w0
[dbg] ar=4098 am=6 aA=6 aH=0 l=false j=false fullRedraw=false
[fifo] ar=4102 retask 0 36 58
[devMouse] retask slot0 (34,59)w13 -> (36,58)
[fifo] ar=4110 retask 1 36 59
[devMouse] retask slot1 (32,59)w13 -> (36,59)
[fifo] ar=4118 save /tmp/aoe-camp/m1/t.aoesave
[save] wrote /tmp/aoe-camp/m1/t.aoesave (12294B) ar=4119
[dbg] ar=4123 am=6 aA=6 aH=0 l=false j=false fullRedraw=false
[dbg] ar=4148 am=6 aA=6 aH=0 l=false j=false fullRedraw=false
[fifo] ar=4164 slots 0
[slots] p0 n=11 0:t0@(35,58)w3912 1:t0@(35,59)w5812 2:t0@(35,61)w13 3:t3@(29,59)w0 4:t3@(30,59)w0 5:t3@(30,60)w0 6:t3@(29,60)w0 7:t4@(30,57)w0 8:t4@(30,56)w0 9:t4@(30,55)w0 10:t6@(28,58)w0
[dbg] ar=4173 am=6 aA=6 aH=0 l=false j=false fullRedraw=false
[fifo] ar=4189 retask 2 36 60
[devMouse] retask slot2 (35,63)w13 -> (36,60)
[fifo] ar=4196 save /tmp/aoe-camp/m1/t.aoesave
[save] wrote /tmp/aoe-camp/m1/t.aoesave (12294B) ar=4197
[dbg] ar=4198 am=6 aA=6 aH=0 l=false j=false fullRedraw=false
[dbg] ar=4223 am=6 aA=6 aH=0 l=false j=false fullRedraw=false
[fifo] ar=4242 slots 0
[slots] p0 n=11 0:t0@(35,56)w13 1:t0@(35,59)wa12 2:t0@(35,60)w5112 3:t3@(29,59)w0 4:t3@(30,59)w0 5:t3@(30,60)w0 6:t3@(29,60)w0 7:t4@(30,57)w0 8:t4@(30,56)w0 9:t4@(30,55)w0 10:t6@(28,58)w0
[dbg] ar=4248 am=6 aA=6 aH=0 l=false j=false fullRedraw=false
[fifo] ar=4268 retask 0 36 58
[devMouse] retask slot0 (35,58)w13 -> (36,58)
[dbg] ar=4273 am=6 aA=6 aH=0 l=false j=false fullRedraw=false
[fifo] ar=4276 save /tmp/aoe-camp/m1/t.aoesave
[save] wrote /tmp/aoe-camp/m1/t.aoesave (12294B) ar=4277
[dbg] ar=4298 am=6 aA=6 aH=0 l=false j=false fullRedraw=false
[fifo] ar=4321 slots 0
[slots] p0 n=11 0:t0@(35,58)w3912 1:t0@(32,55)w13 2:t0@(35,60)w212 3:t3@(29,59)w0 4:t3@(30,59)w0 5:t3@(30,60)w0 6:t3@(29,60)w0 7:t4@(30,57)w0 8:t4@(30,56)w0 9:t4@(30,55)w0 10:t6@(28,58)w0
[dbg] ar=4323 am=6 aA=6 aH=0 l=false j=false fullRedraw=false
[fifo] ar=4346 retask 1 36 59
[devMouse] retask slot1 (35,56)w13 -> (36,59)
[dbg] ar=4348 am=6 aA=6 aH=0 l=false j=false fullRedraw=false
[fifo] ar=4354 save /tmp/aoe-camp/m1/t.aoesave
[save] wrote /tmp/aoe-camp/m1/t.aoesave (12294B) ar=4355
[dbg] ar=4373 am=6 aA=6 aH=0 l=false j=false fullRedraw=false
[dbg] ar=4398 am=6 aA=6 aH=0 l=false j=false fullRedraw=false
[fifo] ar=4402 slots 0
[slots] p0 n=11 0:t0@(35,56)w13 1:t0@(35,59)w4f12 2:t0@(35,63)w13 3:t3@(29,59)w0 4:t3@(30,59)w0 5:t3@(30,60)w0 6:t3@(29,60)w0 7:t4@(30,57)w0 8:t4@(30,56)w0 9:t4@(30,55)w0 10:t6@(28,58)w0
[dbg] ar=4423 am=6 aA=6 aH=0 l=false j=false fullRedraw=false
[fifo] ar=4425 retask 0 36 58
[devMouse] retask slot0 (35,58)w13 -> (36,58)
[fifo] ar=4433 retask 2 36 60
[devMouse] retask slot2 (35,63)w13 -> (36,60)
[fifo] ar=4441 save /tmp/aoe-camp/m1/t.aoesave
[save] wrote /tmp/aoe-camp/m1/t.aoesave (12294B) ar=4442
[dbg] ar=4448 am=6 aA=6 aH=0 l=false j=false fullRedraw=false
[dbg] ar=4473 am=6 aA=6 aH=0 l=false j=false fullRedraw=false
[fifo] ar=4489 state
[devMouse] aA=6/6 cursor=(31,58) cam=(-523,628) Q=3743 aE=512 Y=0 sel=6
[devMouse] p0 unit 0 tile=(35,58) type=0 sel=true
[devMouse] p0 unit 1 tile=(34,60) type=0 sel=true
[devMouse] p0 unit 2 tile=(35,60) type=0 sel=true
[devMouse] p0 unit 3 tile=(29,59) type=3 sel=true
[devMouse] p0 unit 4 tile=(30,59) type=3 sel=true
[devMouse] p0 unit 5 tile=(30,60) type=3 sel=true
[devMouse] p0 unit 6 tile=(29,60) type=3 sel=true
[devMouse] p0 unit 7 tile=(30,57) type=4 sel=true
[devMouse] p0 unit 8 tile=(30,56) type=4 sel=true
[devMouse] p0 unit 9 tile=(30,55) type=4 sel=true
[devMouse] p0 unit 10 tile=(28,58) type=6 sel=true
[devMouse] p1 unit 0 tile=(48,48) type=3 sel=false
[devMouse] p1 unit 1 tile=(40,34) type=3 sel=false
[devMouse] p1 unit 2 tile=(60,55) type=3 sel=false
[devMouse] p1 unit 3 tile=(61,45) type=3 sel=false
[devMouse] p1 unit 4 tile=(49,24) type=3 sel=false
[devMouse] p1 unit 5 tile=(48,25) type=3 sel=false
[devMouse] p1 unit 6 tile=(54,19) type=3 sel=false
[devMouse] p1 unit 7 tile=(36,23) type=4 sel=false
[devMouse] p1 unit 8 tile=(37,22) type=4 sel=false
[devMouse] p1 unit 9 tile=(49,33) type=4 sel=false
[devMouse] p1 unit 10 tile=(32,17) type=3 sel=false
[devMouse] p1 unit 11 tile=(25,21) type=4 sel=false
[devMouse] p1 unit 12 tile=(22,26) type=3 sel=false
[devMouse] p1 unit 13 tile=(23,27) type=3 sel=false
[devMouse] p1 unit 14 tile=(15,47) type=3 sel=false
[devMouse] p1 unit 15 tile=(16,54) type=3 sel=false
[dbg] ar=4498 am=6 aA=6 aH=0 l=false j=false fullRedraw=false
[dbg] ar=4523 am=6 aA=6 aH=0 l=false j=false fullRedraw=false
[fifo] ar=4541 slots 0
[slots] p0 n=11 0:t0@(35,57)w13 1:t0@(35,58)w13 2:t0@(35,60)w1d12 3:t3@(29,59)w0 4:t3@(30,59)w0 5:t3@(30,60)w0 6:t3@(29,60)w0 7:t4@(30,57)w0 8:t4@(30,56)w0 9:t4@(30,55)w0 10:t6@(28,58)w0
[dbg] ar=4548 am=6 aA=6 aH=0 l=false j=false fullRedraw=false
[fifo] ar=4564 retask 0 36 58
[devMouse] retask slot0 (34,57)w13 -> (36,58)
[fifo] ar=4573 retask 1 36 59
[devMouse] retask slot1 (34,59)w13 -> (36,59)
[dbg] ar=4573 am=6 aA=6 aH=0 l=false j=false fullRedraw=false
[fifo] ar=4580 save /tmp/aoe-camp/m1/t.aoesave
[save] wrote /tmp/aoe-camp/m1/t.aoesave (12294B) ar=4581
[dbg] ar=4598 am=6 aA=6 aH=0 l=false j=false fullRedraw=false
[dbg] ar=4623 am=6 aA=6 aH=0 l=false j=false fullRedraw=false
[fifo] ar=4626 slots 0
[slots] p0 n=11 0:t0@(35,57)w6612 1:t0@(35,59)w4212 2:t0@(35,62)w13 3:t3@(29,59)w0 4:t3@(30,59)w0 5:t3@(30,60)w0 6:t3@(29,60)w0 7:t4@(30,57)w0 8:t4@(30,56)w0 9:t4@(30,55)w0 10:t6@(28,58)w0
[dbg] ar=4648 am=6 aA=6 aH=0 l=false j=false fullRedraw=false
[fifo] ar=4650 retask 2 36 60
[devMouse] retask slot2 (35,63)w13 -> (36,60)
[fifo] ar=4658 save /tmp/aoe-camp/m1/t.aoesave
[save] wrote /tmp/aoe-camp/m1/t.aoesave (12294B) ar=4659
[dbg] ar=4673 am=6 aA=6 aH=0 l=false j=false fullRedraw=false
[dbg] ar=4698 am=6 aA=6 aH=0 l=false j=false fullRedraw=false
[fifo] ar=4706 slots 0
[slots] p0 n=11 0:t0@(35,57)w1612 1:t0@(34,57)w13 2:t0@(35,60)w4b12 3:t3@(29,59)w0 4:t3@(30,59)w0 5:t3@(30,60)w0 6:t3@(29,60)w0 7:t4@(30,57)w0 8:t4@(30,56)w0 9:t4@(30,55)w0 10:t6@(28,58)w0
[dbg] ar=4723 am=6 aA=6 aH=0 l=false j=false fullRedraw=false
[fifo] ar=4730 retask 1 36 59
[devMouse] retask slot1 (35,57)w13 -> (36,59)
[fifo] ar=4738 save /tmp/aoe-camp/m1/t.aoesave
[save] wrote /tmp/aoe-camp/m1/t.aoesave (12294B) ar=4739
[dbg] ar=4748 am=6 aA=6 aH=0 l=false j=false fullRedraw=false
[dbg] ar=4773 am=6 aA=6 aH=0 l=false j=false fullRedraw=false
[fifo] ar=4785 slots 0
[slots] p0 n=11 0:t0@(35,58)w13 1:t0@(34,57)w0 2:t0@(35,61)w13 3:t3@(29,59)w0 4:t3@(30,59)w0 5:t3@(30,60)w0 6:t3@(29,60)w0 7:t4@(30,57)w0 8:t4@(30,56)w0 9:t4@(30,55)w0 10:t6@(28,58)w0
[dbg] ar=4798 am=6 aA=6 aH=0 l=false j=false fullRedraw=false
[fifo] ar=4809 retask 0 36 58
[devMouse] retask slot0 (35,59)w13 -> (36,58)
[fifo] ar=4817 retask 1 36 59
[devMouse] retask slot1 (35,58)w5712 -> (36,59)
[dbg] ar=4823 am=6 aA=6 aH=0 l=false j=false fullRedraw=false
[fifo] ar=4824 retask 2 36 60
[devMouse] retask slot2 (35,63)w13 -> (36,60)
[fifo] ar=4831 save /tmp/aoe-camp/m1/t.aoesave
[save] wrote /tmp/aoe-camp/m1/t.aoesave (12294B) ar=4832
[dbg] ar=4848 am=6 aA=6 aH=0 l=false j=false fullRedraw=false
[dbg] ar=4873 am=6 aA=6 aH=0 l=false j=false fullRedraw=false
[fifo] ar=4879 slots 0
[slots] p0 n=11 0:t0@(35,59)w2112 1:t0@(35,58)w2812 2:t0@(35,60)w4d12 3:t3@(29,59)w0 4:t3@(30,59)w0 5:t3@(30,60)w0 6:t3@(29,60)w0 7:t4@(30,57)w0 8:t4@(30,56)w0 9:t4@(30,55)w0 10:t6@(28,58)w0
[dbg] ar=4898 am=6 aA=6 aH=0 l=false j=false fullRedraw=false
[fifo] ar=4904 save /tmp/aoe-camp/m1/t.aoesave
[save] wrote /tmp/aoe-camp/m1/t.aoesave (12294B) ar=4905
[dbg] ar=4923 am=6 aA=6 aH=0 l=false j=false fullRedraw=false
[dbg] ar=4948 am=6 aA=6 aH=0 l=false j=false fullRedraw=false
[fifo] ar=4949 state
[devMouse] aA=6/6 cursor=(31,58) cam=(-523,628) Q=3743 aE=512 Y=0 sel=6
[devMouse] p0 unit 0 tile=(33,60) type=0 sel=true
[devMouse] p0 unit 1 tile=(32,59) type=0 sel=true
[devMouse] p0 unit 2 tile=(35,60) type=0 sel=true
[devMouse] p0 unit 3 tile=(29,59) type=3 sel=true
[devMouse] p0 unit 4 tile=(30,59) type=3 sel=true
[devMouse] p0 unit 5 tile=(30,60) type=3 sel=true
[devMouse] p0 unit 6 tile=(29,60) type=3 sel=true
[devMouse] p0 unit 7 tile=(30,57) type=4 sel=true
[devMouse] p0 unit 8 tile=(30,56) type=4 sel=true
[devMouse] p0 unit 9 tile=(30,55) type=4 sel=true
[devMouse] p0 unit 10 tile=(28,58) type=6 sel=true
[devMouse] p1 unit 0 tile=(48,48) type=3 sel=false
[devMouse] p1 unit 1 tile=(40,34) type=3 sel=false
[devMouse] p1 unit 2 tile=(60,55) type=3 sel=false
[devMouse] p1 unit 3 tile=(61,45) type=3 sel=false
[devMouse] p1 unit 4 tile=(49,24) type=3 sel=false
[devMouse] p1 unit 5 tile=(48,25) type=3 sel=false
[devMouse] p1 unit 6 tile=(54,19) type=3 sel=false
[devMouse] p1 unit 7 tile=(36,23) type=4 sel=false
[devMouse] p1 unit 8 tile=(37,22) type=4 sel=false
[devMouse] p1 unit 9 tile=(49,33) type=4 sel=false
[devMouse] p1 unit 10 tile=(32,17) type=3 sel=false
[devMouse] p1 unit 11 tile=(25,21) type=4 sel=false
[devMouse] p1 unit 12 tile=(22,26) type=3 sel=false
[devMouse] p1 unit 13 tile=(23,27) type=3 sel=false
[devMouse] p1 unit 14 tile=(15,47) type=3 sel=false
[devMouse] p1 unit 15 tile=(16,54) type=3 sel=false
[dbg] ar=4973 am=6 aA=6 aH=0 l=false j=false fullRedraw=false
[dbg] ar=4998 am=6 aA=6 aH=0 l=false j=false fullRedraw=false
[fifo] ar=5003 slots 0
[slots] p0 n=11 0:t0@(34,61)w13 1:t0@(35,61)w13 2:t0@(34,62)w13 3:t3@(29,59)w0 4:t3@(30,59)w0 5:t3@(30,60)w0 6:t3@(29,60)w0 7:t4@(30,57)w0 8:t4@(30,56)w0 9:t4@(30,55)w0 10:t6@(28,58)w0
[dbg] ar=5023 am=6 aA=6 aH=0 l=false j=false fullRedraw=false
[fifo] ar=5029 retask 0 36 58
[devMouse] retask slot0 (35,62)w13 -> (36,58)
[fifo] ar=5036 retask 1 36 59
[devMouse] retask slot1 (35,63)w13 -> (36,59)
[fifo] ar=5044 retask 2 36 60
[devMouse] retask slot2 (34,61)w13 -> (36,60)
[dbg] ar=5048 am=6 aA=6 aH=0 l=false j=false fullRedraw=false
[fifo] ar=5052 save /tmp/aoe-camp/m1/t.aoesave
[save] wrote /tmp/aoe-camp/m1/t.aoesave (12294B) ar=5053
[dbg] ar=5073 am=6 aA=6 aH=0 l=false j=false fullRedraw=false
[fifo] ar=5097 slots 0
[slots] p0 n=11 0:t0@(35,59)w3e12 1:t0@(35,58)w5712 2:t0@(35,60)w3d12 3:t3@(29,59)w0 4:t3@(30,59)w0 5:t3@(30,60)w0 6:t3@(29,60)w0 7:t4@(30,57)w0 8:t4@(30,56)w0 9:t4@(30,55)w0 10:t6@(28,58)w0
[dbg] ar=5098 am=6 aA=6 aH=0 l=false j=false fullRedraw=false
[fifo] ar=5121 save /tmp/aoe-camp/m1/t.aoesave
[save] wrote /tmp/aoe-camp/m1/t.aoesave (12294B) ar=5122
[dbg] ar=5123 am=6 aA=6 aH=0 l=false j=false fullRedraw=false
[dbg] ar=5148 am=6 aA=6 aH=0 l=false j=false fullRedraw=false
[fifo] ar=5168 slots 0
[slots] p0 n=11 0:t0@(34,58)w13 1:t0@(35,58)w1012 2:t0@(34,62)w13 3:t3@(29,59)w0 4:t3@(30,59)w0 5:t3@(30,60)w0 6:t3@(29,60)w0 7:t4@(30,57)w0 8:t4@(30,56)w0 9:t4@(30,55)w0 10:t6@(28,58)w0
[dbg] ar=5173 am=6 aA=6 aH=0 l=false j=false fullRedraw=false
[fifo] ar=5192 retask 0 36 58
[devMouse] retask slot0 (35,58)w13 -> (36,58)
[dbg] ar=5198 am=6 aA=6 aH=0 l=false j=false fullRedraw=false
[fifo] ar=5200 retask 2 36 60
[devMouse] retask slot2 (35,63)w13 -> (36,60)
[fifo] ar=5208 save /tmp/aoe-camp/m1/t.aoesave
[save] wrote /tmp/aoe-camp/m1/t.aoesave (12294B) ar=5209
[dbg] ar=5223 am=6 aA=6 aH=0 l=false j=false fullRedraw=false
[dbg] ar=5248 am=6 aA=6 aH=0 l=false j=false fullRedraw=false
[fifo] ar=5254 slots 0
[slots] p0 n=11 0:t0@(35,58)w2c12 1:t0@(35,63)w13 2:t0@(35,60)w4f12 3:t3@(29,59)w0 4:t3@(30,59)w0 5:t3@(30,60)w0 6:t3@(29,60)w0 7:t4@(30,57)w0 8:t4@(30,56)w0 9:t4@(30,55)w0 10:t6@(28,58)w0
[dbg] ar=5273 am=6 aA=6 aH=0 l=false j=false fullRedraw=false
[fifo] ar=5278 retask 1 36 59
[devMouse] retask slot1 (36,63)w13 -> (36,59)
[fifo] ar=5288 save /tmp/aoe-camp/m1/t.aoesave
[save] wrote /tmp/aoe-camp/m1/t.aoesave (12294B) ar=5289
[dbg] ar=5298 am=6 aA=6 aH=0 l=false j=false fullRedraw=false
[dbg] ar=5323 am=6 aA=6 aH=0 l=false j=false fullRedraw=false
[fifo] ar=5335 slots 0
[slots] p0 n=11 0:t0@(33,59)w13 1:t0@(34,59)w0 2:t0@(35,61)w13 3:t3@(29,59)w0 4:t3@(30,59)w0 5:t3@(30,60)w0 6:t3@(29,60)w0 7:t4@(30,57)w0 8:t4@(30,56)w0 9:t4@(30,55)w0 10:t6@(28,58)w0
[dbg] ar=5348 am=6 aA=6 aH=0 l=false j=false fullRedraw=false
[fifo] ar=5360 retask 0 36 58
[devMouse] retask slot0 (35,60)w13 -> (36,58)
[fifo] ar=5368 retask 1 36 59
[devMouse] retask slot1 (35,59)w5112 -> (36,59)
[dbg] ar=5373 am=6 aA=6 aH=0 l=false j=false fullRedraw=false
[fifo] ar=5377 retask 2 36 60
[devMouse] retask slot2 (35,63)w13 -> (36,60)
[fifo] ar=5385 save /tmp/aoe-camp/m1/t.aoesave
[save] wrote /tmp/aoe-camp/m1/t.aoesave (12294B) ar=5386
[dbg] ar=5398 am=6 aA=6 aH=0 l=false j=false fullRedraw=false
[dbg] ar=5423 am=6 aA=6 aH=0 l=false j=false fullRedraw=false
[fifo] ar=5432 state
[devMouse] aA=6/6 cursor=(31,58) cam=(-523,628) Q=3743 aE=512 Y=0 sel=6
[devMouse] p0 unit 0 tile=(35,62) type=0 sel=true
[devMouse] p0 unit 1 tile=(35,59) type=0 sel=true
[devMouse] p0 unit 2 tile=(35,60) type=0 sel=true
[devMouse] p0 unit 3 tile=(29,59) type=3 sel=true
[devMouse] p0 unit 4 tile=(30,59) type=3 sel=true
[devMouse] p0 unit 5 tile=(30,60) type=3 sel=true
[devMouse] p0 unit 6 tile=(29,60) type=3 sel=true
[devMouse] p0 unit 7 tile=(30,57) type=4 sel=true
[devMouse] p0 unit 8 tile=(30,56) type=4 sel=true
[devMouse] p0 unit 9 tile=(30,55) type=4 sel=true
[devMouse] p0 unit 10 tile=(28,58) type=6 sel=true
[devMouse] p1 unit 0 tile=(48,48) type=3 sel=false
[devMouse] p1 unit 1 tile=(40,34) type=3 sel=false
[devMouse] p1 unit 2 tile=(60,55) type=3 sel=false
[devMouse] p1 unit 3 tile=(61,45) type=3 sel=false
[devMouse] p1 unit 4 tile=(49,24) type=3 sel=false
[devMouse] p1 unit 5 tile=(48,25) type=3 sel=false
[devMouse] p1 unit 6 tile=(54,19) type=3 sel=false
[devMouse] p1 unit 7 tile=(36,23) type=4 sel=false
[devMouse] p1 unit 8 tile=(37,22) type=4 sel=false
[devMouse] p1 unit 9 tile=(49,33) type=4 sel=false
[devMouse] p1 unit 10 tile=(32,17) type=3 sel=false
[devMouse] p1 unit 11 tile=(25,21) type=4 sel=false
[devMouse] p1 unit 12 tile=(22,26) type=3 sel=false
[devMouse] p1 unit 13 tile=(23,27) type=3 sel=false
[devMouse] p1 unit 14 tile=(15,47) type=3 sel=false
[devMouse] p1 unit 15 tile=(16,54) type=3 sel=false
[dbg] ar=5448 am=6 aA=6 aH=0 l=false j=false fullRedraw=false
[dbg] ar=5473 am=6 aA=6 aH=0 l=false j=false fullRedraw=false
[fifo] ar=5487 slots 0
[slots] p0 n=11 0:t0@(33,58)w0 1:t0@(34,57)w13 2:t0@(35,60)w1512 3:t3@(29,59)w0 4:t3@(30,59)w0 5:t3@(30,60)w0 6:t3@(29,60)w0 7:t4@(30,57)w0 8:t4@(30,56)w0 9:t4@(30,55)w0 10:t6@(28,58)w0
[dbg] ar=5498 am=6 aA=6 aH=0 l=false j=false fullRedraw=false
[fifo] ar=5512 retask 0 36 58
[devMouse] retask slot0 (35,58)w6012 -> (36,58)
[fifo] ar=5520 retask 1 36 59
[devMouse] retask slot1 (34,54)w13 -> (36,59)
[dbg] ar=5523 am=6 aA=6 aH=0 l=false j=false fullRedraw=false
[fifo] ar=5528 save /tmp/aoe-camp/m1/t.aoesave
[save] wrote /tmp/aoe-camp/m1/t.aoesave (12294B) ar=5529
[dbg] ar=5548 am=6 aA=6 aH=0 l=false j=false fullRedraw=false
[dbg] ar=5573 am=6 aA=6 aH=0 l=false j=false fullRedraw=false
[fifo] ar=5576 slots 0
[slots] p0 n=11 0:t0@(35,58)w2712 1:t0@(35,59)w6112 2:t0@(36,63)w13 3:t3@(29,59)w0 4:t3@(30,59)w0 5:t3@(30,60)w0 6:t3@(29,60)w0 7:t4@(30,57)w0 8:t4@(30,56)w0 9:t4@(30,55)w0 10:t6@(28,58)w0
[dbg] ar=5598 am=6 aA=6 aH=0 l=false j=false fullRedraw=false
[fifo] ar=5599 retask 2 36 60
[devMouse] retask slot2 (35,62)w13 -> (36,60)
[fifo] ar=5607 save /tmp/aoe-camp/m1/t.aoesave
[save] wrote /tmp/aoe-camp/m1/t.aoesave (12294B) ar=5608
[dbg] ar=5623 am=6 aA=6 aH=0 l=false j=false fullRedraw=false
[dbg] ar=5648 am=6 aA=6 aH=0 l=false j=false fullRedraw=false
[fifo] ar=5654 slots 0
[slots] p0 n=11 0:t0@(34,58)w13 1:t0@(35,59)w1312 2:t0@(35,60)w6512 3:t3@(29,59)w0 4:t3@(30,59)w0 5:t3@(30,60)w0 6:t3@(29,60)w0 7:t4@(30,57)w0 8:t4@(30,56)w0 9:t4@(30,55)w0 10:t6@(28,58)w0
[dbg] ar=5673 am=6 aA=6 aH=0 l=false j=false fullRedraw=false
[fifo] ar=5680 retask 0 36 58
[devMouse] retask slot0 (34,56)w13 -> (36,58)
[fifo] ar=5688 save /tmp/aoe-camp/m1/t.aoesave
[save] wrote /tmp/aoe-camp/m1/t.aoesave (12294B) ar=5689
[dbg] ar=5698 am=6 aA=6 aH=0 l=false j=false fullRedraw=false
[dbg] ar=5723 am=6 aA=6 aH=0 l=false j=false fullRedraw=false
[fifo] ar=5734 slots 0
[slots] p0 n=11 0:t0@(35,57)w4112 1:t0@(32,56)w13 2:t0@(35,60)w1512 3:t3@(29,59)w0 4:t3@(30,59)w0 5:t3@(30,60)w0 6:t3@(29,60)w0 7:t4@(30,57)w0 8:t4@(30,56)w0 9:t4@(30,55)w0 10:t6@(28,58)w0
[dbg] ar=5748 am=6 aA=6 aH=0 l=false j=false fullRedraw=false
[fifo] ar=5759 retask 1 36 59
[devMouse] retask slot1 (35,56)w13 -> (36,59)
[fifo] ar=5767 save /tmp/aoe-camp/m1/t.aoesave
[save] wrote /tmp/aoe-camp/m1/t.aoesave (12294B) ar=5768
[dbg] ar=5773 am=6 aA=6 aH=0 l=false j=false fullRedraw=false
[dbg] ar=5798 am=6 aA=6 aH=0 l=false j=false fullRedraw=false
[fifo] ar=5812 slots 0
[slots] p0 n=11 0:t0@(33,58)w13 1:t0@(35,58)w4812 2:t0@(35,62)w13 3:t3@(29,59)w0 4:t3@(30,59)w0 5:t3@(30,60)w0 6:t3@(29,60)w0 7:t4@(30,57)w0 8:t4@(30,56)w0 9:t4@(30,55)w0 10:t6@(28,58)w0
[dbg] ar=5823 am=6 aA=6 aH=0 l=false j=false fullRedraw=false
[fifo] ar=5835 retask 0 36 58
[devMouse] retask slot0 (33,57)w13 -> (36,58)
[fifo] ar=5843 retask 2 36 60
[devMouse] retask slot2 (34,62)w13 -> (36,60)
[dbg] ar=5848 am=6 aA=6 aH=0 l=false j=false fullRedraw=false
[fifo] ar=5851 save /tmp/aoe-camp/m1/t.aoesave
[save] wrote /tmp/aoe-camp/m1/t.aoesave (12294B) ar=5852
[dbg] ar=5873 am=6 aA=6 aH=0 l=false j=false fullRedraw=false
[fifo] ar=5898 state
[devMouse] aA=6/6 cursor=(31,58) cam=(-523,628) Q=3743 aE=512 Y=0 sel=6
[devMouse] p0 unit 0 tile=(35,60) type=0 sel=true
[devMouse] p0 unit 1 tile=(34,60) type=0 sel=true
[devMouse] p0 unit 2 tile=(35,61) type=0 sel=true
[devMouse] p0 unit 3 tile=(29,59) type=3 sel=true
[devMouse] p0 unit 4 tile=(30,59) type=3 sel=true
[devMouse] p0 unit 5 tile=(30,60) type=3 sel=true
[devMouse] p0 unit 6 tile=(29,60) type=3 sel=true
[devMouse] p0 unit 7 tile=(30,57) type=4 sel=true
[devMouse] p0 unit 8 tile=(30,56) type=4 sel=true
[devMouse] p0 unit 9 tile=(30,55) type=4 sel=true
[devMouse] p0 unit 10 tile=(28,58) type=6 sel=true
[devMouse] p1 unit 0 tile=(48,48) type=3 sel=false
[devMouse] p1 unit 1 tile=(40,34) type=3 sel=false
[devMouse] p1 unit 2 tile=(60,55) type=3 sel=false
[devMouse] p1 unit 3 tile=(61,45) type=3 sel=false
[devMouse] p1 unit 4 tile=(49,24) type=3 sel=false
[devMouse] p1 unit 5 tile=(48,25) type=3 sel=false
[devMouse] p1 unit 6 tile=(54,19) type=3 sel=false
[devMouse] p1 unit 7 tile=(36,23) type=4 sel=false
[devMouse] p1 unit 8 tile=(37,22) type=4 sel=false
[devMouse] p1 unit 9 tile=(49,33) type=4 sel=false
[devMouse] p1 unit 10 tile=(32,17) type=3 sel=false
[devMouse] p1 unit 11 tile=(25,21) type=4 sel=false
[devMouse] p1 unit 12 tile=(22,26) type=3 sel=false
[devMouse] p1 unit 13 tile=(23,27) type=3 sel=false
[devMouse] p1 unit 14 tile=(15,47) type=3 sel=false
[devMouse] p1 unit 15 tile=(16,54) type=3 sel=false
[dbg] ar=5898 am=6 aA=6 aH=0 l=false j=false fullRedraw=false
[dbg] ar=5923 am=6 aA=6 aH=0 l=false j=false fullRedraw=false
[dbg] ar=5948 am=6 aA=6 aH=0 l=false j=false fullRedraw=false
[fifo] ar=5953 slots 0
[slots] p0 n=11 0:t0@(35,59)w5412 1:t0@(34,56)w13 2:t0@(35,61)w412 3:t3@(29,59)w0 4:t3@(30,59)w0 5:t3@(30,60)w0 6:t3@(29,60)w0 7:t4@(30,57)w0 8:t4@(30,56)w0 9:t4@(30,55)w0 10:t6@(28,58)w0
[dbg] ar=5973 am=6 aA=6 aH=0 l=false j=false fullRedraw=false
[fifo] ar=5978 retask 1 36 59
[devMouse] retask slot1 (34,58)w13 -> (36,59)
[fifo] ar=5986 save /tmp/aoe-camp/m1/t.aoesave
[save] wrote /tmp/aoe-camp/m1/t.aoesave (12294B) ar=5987
[dbg] ar=5998 am=6 aA=6 aH=0 l=false j=false fullRedraw=false
[dbg] ar=6023 am=6 aA=6 aH=0 l=false j=false fullRedraw=false
[fifo] ar=6033 slots 0
[slots] p0 n=11 0:t0@(35,59)w412 1:t0@(35,58)w0 2:t0@(34,56)w13 3:t3@(29,59)w0 4:t3@(30,59)w0 5:t3@(30,60)w0 6:t3@(29,60)w0 7:t4@(30,57)w0 8:t4@(30,56)w0 9:t4@(30,55)w0 10:t6@(28,58)w0
[dbg] ar=6048 am=6 aA=6 aH=0 l=false j=false fullRedraw=false
[fifo] ar=6058 retask 1 36 59
[devMouse] retask slot1 (35,58)w5212 -> (36,59)
[fifo] ar=6066 retask 2 36 60
[devMouse] retask slot2 (33,58)w13 -> (36,60)
[dbg] ar=6073 am=6 aA=6 aH=0 l=false j=false fullRedraw=false
[fifo] ar=6074 save /tmp/aoe-camp/m1/t.aoesave
[save] wrote /tmp/aoe-camp/m1/t.aoesave (12294B) ar=6075
[dbg] ar=6098 am=6 aA=6 aH=0 l=false j=false fullRedraw=false
[fifo] ar=6121 slots 0
[slots] p0 n=11 0:t0@(35,56)w13 1:t0@(35,58)w2812 2:t0@(35,59)w4a12 3:t3@(29,59)w0 4:t3@(30,59)w0 5:t3@(30,60)w0 6:t3@(29,60)w0 7:t4@(30,57)w0 8:t4@(30,56)w0 9:t4@(30,55)w0 10:t6@(28,58)w0
[dbg] ar=6123 am=6 aA=6 aH=0 l=false j=false fullRedraw=false
[fifo] ar=6146 retask 0 36 58
[devMouse] retask slot0 (33,58)w13 -> (36,58)
[dbg] ar=6148 am=6 aA=6 aH=0 l=false j=false fullRedraw=false
[fifo] ar=6154 save /tmp/aoe-camp/m1/t.aoesave
[save] wrote /tmp/aoe-camp/m1/t.aoesave (12294B) ar=6155
[dbg] ar=6173 am=6 aA=6 aH=0 l=false j=false fullRedraw=false
[dbg] ar=6198 am=6 aA=6 aH=0 l=false j=false fullRedraw=false
[fifo] ar=6202 slots 0
[slots] p0 n=11 0:t0@(35,58)w4912 1:t0@(34,58)w13 2:t0@(35,60)w13 3:t3@(29,59)w0 4:t3@(30,59)w0 5:t3@(30,60)w0 6:t3@(29,60)w0 7:t4@(30,57)w0 8:t4@(30,56)w0 9:t4@(30,55)w0 10:t6@(28,58)w0
[dbg] ar=6223 am=6 aA=6 aH=0 l=false j=false fullRedraw=false
[fifo] ar=6228 retask 1 36 59
[devMouse] retask slot1 (34,61)w13 -> (36,59)
[fifo] ar=6236 retask 2 36 60
[devMouse] retask slot2 (34,63)w13 -> (36,60)
[fifo] ar=6244 save /tmp/aoe-camp/m1/t.aoesave
[save] wrote /tmp/aoe-camp/m1/t.aoesave (12294B) ar=6245
[dbg] ar=6248 am=6 aA=6 aH=0 l=false j=false fullRedraw=false
[dbg] ar=6273 am=6 aA=6 aH=0 l=false j=false fullRedraw=false
[fifo] ar=6286 slots 0
[slots] p0 n=11 0:t0@(34,60)w13 1:t0@(35,60)w3b12 2:t0@(35,61)w4b12 3:t3@(29,59)w0 4:t3@(30,59)w0 5:t3@(30,60)w0 6:t3@(29,60)w0 7:t4@(30,57)w0 8:t4@(30,56)w0 9:t4@(30,55)w0 10:t6@(28,58)w0
[dbg] ar=6298 am=6 aA=6 aH=0 l=false j=false fullRedraw=false
[fifo] ar=6312 retask 0 36 58
[devMouse] retask slot0 (33,59)w13 -> (36,58)
[fifo] ar=6319 save /tmp/aoe-camp/m1/t.aoesave
[save] wrote /tmp/aoe-camp/m1/t.aoesave (12294B) ar=6320
[dbg] ar=6323 am=6 aA=6 aH=0 l=false j=false fullRedraw=false
[dbg] ar=6348 am=6 aA=6 aH=0 l=false j=false fullRedraw=false
[fifo] ar=6367 state
[devMouse] aA=6/6 cursor=(31,58) cam=(-523,628) Q=3743 aE=512 Y=0 sel=6
[devMouse] p0 unit 0 tile=(35,58) type=0 sel=true
[devMouse] p0 unit 1 tile=(34,57) type=0 sel=true
[devMouse] p0 unit 2 tile=(35,60) type=0 sel=true
[devMouse] p0 unit 3 tile=(29,59) type=3 sel=true
[devMouse] p0 unit 4 tile=(30,59) type=3 sel=true
[devMouse] p0 unit 5 tile=(30,60) type=3 sel=true
[devMouse] p0 unit 6 tile=(29,60) type=3 sel=true
[devMouse] p0 unit 7 tile=(30,57) type=4 sel=true
[devMouse] p0 unit 8 tile=(30,56) type=4 sel=true
[devMouse] p0 unit 9 tile=(30,55) type=4 sel=true
[devMouse] p0 unit 10 tile=(28,58) type=6 sel=true
[devMouse] p1 unit 0 tile=(48,48) type=3 sel=false
[devMouse] p1 unit 1 tile=(40,34) type=3 sel=false
[devMouse] p1 unit 2 tile=(60,55) type=3 sel=false
[devMouse] p1 unit 3 tile=(61,45) type=3 sel=false
[devMouse] p1 unit 4 tile=(49,24) type=3 sel=false
[devMouse] p1 unit 5 tile=(48,25) type=3 sel=false
[devMouse] p1 unit 6 tile=(54,19) type=3 sel=false
[devMouse] p1 unit 7 tile=(36,23) type=4 sel=false
[devMouse] p1 unit 8 tile=(37,22) type=4 sel=false
[devMouse] p1 unit 9 tile=(49,33) type=4 sel=false
[devMouse] p1 unit 10 tile=(32,17) type=3 sel=false
[devMouse] p1 unit 11 tile=(25,21) type=4 sel=false
[devMouse] p1 unit 12 tile=(22,26) type=3 sel=false
[devMouse] p1 unit 13 tile=(23,27) type=3 sel=false
[devMouse] p1 unit 14 tile=(15,47) type=3 sel=false
[devMouse] p1 unit 15 tile=(16,54) type=3 sel=false
[dbg] ar=6373 am=6 aA=6 aH=0 l=false j=false fullRedraw=false
[dbg] ar=6398 am=6 aA=6 aH=0 l=false j=false fullRedraw=false
[fifo] ar=6422 slots 0
[slots] p0 n=11 0:t0@(35,58)w1312 1:t0@(32,55)w13 2:t0@(35,62)w13 3:t3@(29,59)w0 4:t3@(30,59)w0 5:t3@(30,60)w0 6:t3@(29,60)w0 7:t4@(30,57)w0 8:t4@(30,56)w0 9:t4@(30,55)w0 10:t6@(28,58)w0
[dbg] ar=6423 am=6 aA=6 aH=0 l=false j=false fullRedraw=false
[fifo] ar=6447 retask 1 36 59
[devMouse] retask slot1 (35,56)w13 -> (36,59)
[dbg] ar=6448 am=6 aA=6 aH=0 l=false j=false fullRedraw=false
[fifo] ar=6455 retask 2 36 60
[devMouse] retask slot2 (35,62)w13 -> (36,60)
[fifo] ar=6462 save /tmp/aoe-camp/m1/t.aoesave
[save] wrote /tmp/aoe-camp/m1/t.aoesave (12294B) ar=6463
[dbg] ar=6473 am=6 aA=6 aH=0 l=false j=false fullRedraw=false
[dbg] ar=6498 am=6 aA=6 aH=0 l=false j=false fullRedraw=false
[fifo] ar=6511 slots 0
[slots] p0 n=11 0:t0@(35,57)w13 1:t0@(35,59)w4812 2:t0@(35,61)w3d12 3:t3@(29,59)w0 4:t3@(30,59)w0 5:t3@(30,60)w0 6:t3@(29,60)w0 7:t4@(30,57)w0 8:t4@(30,56)w0 9:t4@(30,55)w0 10:t6@(28,58)w0
[dbg] ar=6523 am=6 aA=6 aH=0 l=false j=false fullRedraw=false
[fifo] ar=6536 retask 0 36 58
[devMouse] retask slot0 (34,54)w13 -> (36,58)
[fifo] ar=6544 save /tmp/aoe-camp/m1/t.aoesave
[save] wrote /tmp/aoe-camp/m1/t.aoesave (12294B) ar=6545
[dbg] ar=6548 am=6 aA=6 aH=0 l=false j=false fullRedraw=false
[dbg] ar=6573 am=6 aA=6 aH=0 l=false j=false fullRedraw=false
[fifo] ar=6590 slots 0
[slots] p0 n=11 0:t0@(36,58)w0 1:t0@(35,60)w13 2:t0@(34,59)w13 3:t3@(29,59)w0 4:t3@(30,59)w0 5:t3@(30,60)w0 6:t3@(29,60)w0 7:t4@(30,57)w0 8:t4@(30,56)w0 9:t4@(30,55)w0 10:t6@(28,58)w0
[dbg] ar=6598 am=6 aA=6 aH=0 l=false j=false fullRedraw=false
[fifo] ar=6615 retask 0 36 58
[devMouse] retask slot0 (36,58)w0 -> (36,58)
[fifo] ar=6622 retask 1 36 59
[devMouse] retask slot1 (34,63)w13 -> (36,59)
[dbg] ar=6623 am=6 aA=6 aH=0 l=false j=false fullRedraw=false
[fifo] ar=6631 retask 2 36 60
[devMouse] retask slot2 (35,62)w13 -> (36,60)
[fifo] ar=6638 save /tmp/aoe-camp/m1/t.aoesave
[save] wrote /tmp/aoe-camp/m1/t.aoesave (12294B) ar=6639
[dbg] ar=6648 am=6 aA=6 aH=0 l=false j=false fullRedraw=false
[dbg] ar=6673 am=6 aA=6 aH=0 l=false j=false fullRedraw=false
[fifo] ar=6685 slots 0
[slots] p0 n=11 0:t0@(36,58)w0 1:t0@(35,60)w5212 2:t0@(35,61)w5912 3:t3@(29,59)w0 4:t3@(30,59)w0 5:t3@(30,60)w0 6:t3@(29,60)w0 7:t4@(30,57)w0 8:t4@(30,56)w0 9:t4@(30,55)w0 10:t6@(28,58)w0
[dbg] ar=6698 am=6 aA=6 aH=0 l=false j=false fullRedraw=false
[fifo] ar=6710 retask 0 37 58
[devMouse] retask slot0 (36,58)w0 -> (37,58)
[fifo] ar=6718 save /tmp/aoe-camp/m1/t.aoesave
[save] wrote /tmp/aoe-camp/m1/t.aoesave (12294B) ar=6719
[dbg] ar=6723 am=6 aA=6 aH=0 l=false j=false fullRedraw=false
[dbg] ar=6748 am=6 aA=6 aH=0 l=false j=false fullRedraw=false
[fifo] ar=6765 slots 0
[slots] p0 n=11 0:t0@(36,58)w3012 1:t0@(35,60)w212 2:t0@(35,61)w912 3:t3@(29,59)w0 4:t3@(30,59)w0 5:t3@(30,60)w0 6:t3@(29,60)w0 7:t4@(30,57)w0 8:t4@(30,56)w0 9:t4@(30,55)w0 10:t6@(28,58)w0
[dbg] ar=6773 am=6 aA=6 aH=0 l=false j=false fullRedraw=false
[fifo] ar=6790 save /tmp/aoe-camp/m1/t.aoesave
[save] wrote /tmp/aoe-camp/m1/t.aoesave (12294B) ar=6791
[dbg] ar=6798 am=6 aA=6 aH=0 l=false j=false fullRedraw=false
[dbg] ar=6823 am=6 aA=6 aH=0 l=false j=false fullRedraw=false
[fifo] ar=6836 state
[devMouse] aA=6/6 cursor=(31,58) cam=(-523,628) Q=3743 aE=512 Y=0 sel=6
[devMouse] p0 unit 0 tile=(33,58) type=0 sel=true
[devMouse] p0 unit 1 tile=(35,61) type=0 sel=true
[devMouse] p0 unit 2 tile=(35,60) type=0 sel=true
[devMouse] p0 unit 3 tile=(29,59) type=3 sel=true
[devMouse] p0 unit 4 tile=(30,59) type=3 sel=true
[devMouse] p0 unit 5 tile=(30,60) type=3 sel=true
[devMouse] p0 unit 6 tile=(29,60) type=3 sel=true
[devMouse] p0 unit 7 tile=(30,57) type=4 sel=true
[devMouse] p0 unit 8 tile=(30,56) type=4 sel=true
[devMouse] p0 unit 9 tile=(30,55) type=4 sel=true
[devMouse] p0 unit 10 tile=(28,58) type=6 sel=true
[devMouse] p1 unit 0 tile=(48,48) type=3 sel=false
[devMouse] p1 unit 1 tile=(40,34) type=3 sel=false
[devMouse] p1 unit 2 tile=(60,55) type=3 sel=false
[devMouse] p1 unit 3 tile=(61,45) type=3 sel=false
[devMouse] p1 unit 4 tile=(49,24) type=3 sel=false
[devMouse] p1 unit 5 tile=(48,25) type=3 sel=false
[devMouse] p1 unit 6 tile=(54,19) type=3 sel=false
[devMouse] p1 unit 7 tile=(36,23) type=4 sel=false
[devMouse] p1 unit 8 tile=(37,22) type=4 sel=false
[devMouse] p1 unit 9 tile=(49,33) type=4 sel=false
[devMouse] p1 unit 10 tile=(32,17) type=3 sel=false
[devMouse] p1 unit 11 tile=(25,21) type=4 sel=false
[devMouse] p1 unit 12 tile=(22,26) type=3 sel=false
[devMouse] p1 unit 13 tile=(23,27) type=3 sel=false
[devMouse] p1 unit 14 tile=(15,47) type=3 sel=false
[devMouse] p1 unit 15 tile=(16,54) type=3 sel=false
[dbg] ar=6848 am=6 aA=6 aH=0 l=false j=false fullRedraw=false
[dbg] ar=6873 am=6 aA=6 aH=0 l=false j=false fullRedraw=false
[fifo] ar=6892 slots 0
[slots] p0 n=11 0:t0@(33,58)w13 1:t0@(35,61)w13 2:t0@(36,60)w13 3:t3@(29,59)w0 4:t3@(30,59)w0 5:t3@(30,60)w0 6:t3@(29,60)w0 7:t4@(30,57)w0 8:t4@(30,56)w0 9:t4@(30,55)w0 10:t6@(28,58)w0
[dbg] ar=6898 am=6 aA=6 aH=0 l=false j=false fullRedraw=false
[fifo] ar=6917 retask 0 37 58
[devMouse] retask slot0 (36,58)w13 -> (37,58)
[dbg] ar=6923 am=6 aA=6 aH=0 l=false j=false fullRedraw=false
[fifo] ar=6925 retask 1 36 59
[devMouse] retask slot1 (35,60)w13 -> (36,59)
[fifo] ar=6933 retask 2 37 60
[devMouse] retask slot2 (34,60)w13 -> (37,60)
[fifo] ar=6940 save /tmp/aoe-camp/m1/t.aoesave
[save] wrote /tmp/aoe-camp/m1/t.aoesave (12294B) ar=6941
[dbg] ar=6948 am=6 aA=6 aH=0 l=false j=false fullRedraw=false
[dbg] ar=6973 am=6 aA=6 aH=0 l=false j=false fullRedraw=false
[fifo] ar=6988 slots 0
[slots] p0 n=11 0:t0@(36,58)w2412 1:t0@(35,60)w2c12 2:t0@(36,60)w4512 3:t3@(29,59)w0 4:t3@(30,59)w0 5:t3@(30,60)w0 6:t3@(29,60)w0 7:t4@(30,57)w0 8:t4@(30,56)w0 9:t4@(30,55)w0 10:t6@(28,58)w0
[dbg] ar=6998 am=6 aA=6 aH=0 l=false j=false fullRedraw=false
[fifo] ar=7012 save /tmp/aoe-camp/m1/t.aoesave
[save] wrote /tmp/aoe-camp/m1/t.aoesave (12294B) ar=7013
[dbg] ar=7023 am=6 aA=6 aH=0 l=false j=false fullRedraw=false
[dbg] ar=7048 am=6 aA=6 aH=0 l=false j=false fullRedraw=false
[fifo] ar=7060 slots 0
[slots] p0 n=11 0:t0@(35,57)w13 1:t0@(36,60)w13 2:t0@(35,61)w13 3:t3@(29,59)w0 4:t3@(30,59)w0 5:t3@(30,60)w0 6:t3@(29,60)w0 7:t4@(30,57)w0 8:t4@(30,56)w0 9:t4@(30,55)w0 10:t6@(28,58)w0
[dbg] ar=7073 am=6 aA=6 aH=0 l=false j=false fullRedraw=false
[fifo] ar=7083 retask 0 37 58
[devMouse] retask slot0 (34,54)w13 -> (37,58)
[fifo] ar=7091 retask 1 36 59
[devMouse] retask slot1 (33,60)w13 -> (36,59)
[dbg] ar=7098 am=6 aA=6 aH=0 l=false j=false fullRedraw=false
[fifo] ar=7099 retask 2 37 60
[devMouse] retask slot2 (35,60)w13 -> (37,60)
[fifo] ar=7108 save /tmp/aoe-camp/m1/t.aoesave
[save] wrote /tmp/aoe-camp/m1/t.aoesave (12294B) ar=7109
[dbg] ar=7123 am=6 aA=6 aH=0 l=false j=false fullRedraw=false
[dbg] ar=7148 am=6 aA=6 aH=0 l=false j=false fullRedraw=false
[fifo] ar=7152 slots 0
[slots] p0 n=11 0:t0@(36,58)w5312 1:t0@(36,59)w0 2:t0@(36,60)w3e12 3:t3@(29,59)w0 4:t3@(30,59)w0 5:t3@(30,60)w0 6:t3@(29,60)w0 7:t4@(30,57)w0 8:t4@(30,56)w0 9:t4@(30,55)w0 10:t6@(28,58)w0
[dbg] ar=7173 am=6 aA=6 aH=0 l=false j=false fullRedraw=false
[fifo] ar=7177 retask 1 36 59
[devMouse] retask slot1 (36,59)w0 -> (36,59)
[fifo] ar=7185 save /tmp/aoe-camp/m1/t.aoesave
[save] wrote /tmp/aoe-camp/m1/t.aoesave (12294B) ar=7186
[dbg] ar=7198 am=6 aA=6 aH=0 l=false j=false fullRedraw=false
[dbg] ar=7223 am=6 aA=6 aH=0 l=false j=false fullRedraw=false
[fifo] ar=7232 slots 0
[slots] p0 n=11 0:t0@(36,58)w312 1:t0@(36,59)w0 2:t0@(34,61)w13 3:t3@(29,59)w0 4:t3@(30,59)w0 5:t3@(30,60)w0 6:t3@(29,60)w0 7:t4@(30,57)w0 8:t4@(30,56)w0 9:t4@(30,55)w0 10:t6@(28,58)w0
[dbg] ar=7248 am=6 aA=6 aH=0 l=false j=false fullRedraw=false
[fifo] ar=7257 retask 1 36 59
[devMouse] retask slot1 (36,59)w0 -> (36,59)
[fifo] ar=7265 retask 2 37 60
[devMouse] retask slot2 (36,60)w13 -> (37,60)
[fifo] ar=7273 save /tmp/aoe-camp/m1/t.aoesave
[dbg] ar=7273 am=6 aA=6 aH=0 l=false j=false fullRedraw=false
[save] wrote /tmp/aoe-camp/m1/t.aoesave (12294B) ar=7274
[dbg] ar=7298 am=6 aA=6 aH=0 l=false j=false fullRedraw=false
[fifo] ar=7319 state
[devMouse] aA=6/6 cursor=(31,58) cam=(-523,628) Q=3743 aE=512 Y=0 sel=6
[devMouse] p0 unit 0 tile=(34,58) type=0 sel=true
[devMouse] p0 unit 1 tile=(36,59) type=0 sel=true
[devMouse] p0 unit 2 tile=(36,60) type=0 sel=true
[devMouse] p0 unit 3 tile=(29,59) type=3 sel=true
[devMouse] p0 unit 4 tile=(30,59) type=3 sel=true
[devMouse] p0 unit 5 tile=(30,60) type=3 sel=true
[devMouse] p0 unit 6 tile=(29,60) type=3 sel=true
[devMouse] p0 unit 7 tile=(30,57) type=4 sel=true
[devMouse] p0 unit 8 tile=(30,56) type=4 sel=true
[devMouse] p0 unit 9 tile=(30,55) type=4 sel=true
[devMouse] p0 unit 10 tile=(28,58) type=6 sel=true
[devMouse] p1 unit 0 tile=(48,48) type=3 sel=false
[devMouse] p1 unit 1 tile=(40,34) type=3 sel=false
[devMouse] p1 unit 2 tile=(60,55) type=3 sel=false
[devMouse] p1 unit 3 tile=(61,45) type=3 sel=false
[devMouse] p1 unit 4 tile=(49,24) type=3 sel=false
[devMouse] p1 unit 5 tile=(48,25) type=3 sel=false
[devMouse] p1 unit 6 tile=(54,19) type=3 sel=false
[devMouse] p1 unit 7 tile=(36,23) type=4 sel=false
[devMouse] p1 unit 8 tile=(37,22) type=4 sel=false
[devMouse] p1 unit 9 tile=(49,33) type=4 sel=false
[devMouse] p1 unit 10 tile=(32,17) type=3 sel=false
[devMouse] p1 unit 11 tile=(25,21) type=4 sel=false
[devMouse] p1 unit 12 tile=(22,26) type=3 sel=false
[devMouse] p1 unit 13 tile=(23,27) type=3 sel=false
[devMouse] p1 unit 14 tile=(15,47) type=3 sel=false
[devMouse] p1 unit 15 tile=(16,54) type=3 sel=false
[dbg] ar=7323 am=6 aA=6 aH=0 l=false j=false fullRedraw=false
[dbg] ar=7348 am=6 aA=6 aH=0 l=false j=false fullRedraw=false
[dbg] ar=7373 am=6 aA=6 aH=0 l=false j=false fullRedraw=false
[fifo] ar=7375 slots 0
[slots] p0 n=11 0:t0@(34,58)w13 1:t0@(36,59)w0 2:t0@(35,61)w13 3:t3@(29,59)w0 4:t3@(30,59)w0 5:t3@(30,60)w0 6:t3@(29,60)w0 7:t4@(30,57)w0 8:t4@(30,56)w0 9:t4@(30,55)w0 10:t6@(28,58)w0
[dbg] ar=7398 am=6 aA=6 aH=0 l=false j=false fullRedraw=false
[fifo] ar=7400 retask 0 37 58
[devMouse] retask slot0 (35,59)w13 -> (37,58)
[fifo] ar=7408 retask 1 37 59
[devMouse] retask slot1 (36,59)w0 -> (37,59)
[fifo] ar=7416 retask 2 37 60
[devMouse] retask slot2 (35,60)w13 -> (37,60)
[dbg] ar=7423 am=6 aA=6 aH=0 l=false j=false fullRedraw=false
[fifo] ar=7424 save /tmp/aoe-camp/m1/t.aoesave
[save] wrote /tmp/aoe-camp/m1/t.aoesave (12294B) ar=7425
[dbg] ar=7448 am=6 aA=6 aH=0 l=false j=false fullRedraw=false
[fifo] ar=7471 slots 0
[slots] p0 n=11 0:t0@(36,58)w2f12 1:t0@(36,59)w2712 2:t0@(36,60)w3912 3:t3@(29,59)w0 4:t3@(30,59)w0 5:t3@(30,60)w0 6:t3@(29,60)w0 7:t4@(30,57)w0 8:t4@(30,56)w0 9:t4@(30,55)w0 10:t6@(28,58)w0
[dbg] ar=7473 am=6 aA=6 aH=0 l=false j=false fullRedraw=false
[fifo] ar=7495 save /tmp/aoe-camp/m1/t.aoesave
[save] wrote /tmp/aoe-camp/m1/t.aoesave (12294B) ar=7496
[dbg] ar=7498 am=6 aA=6 aH=0 l=false j=false fullRedraw=false
[dbg] ar=7523 am=6 aA=6 aH=0 l=false j=false fullRedraw=false
[fifo] ar=7542 slots 0
[slots] p0 n=11 0:t0@(36,60)w13 1:t0@(34,59)w13 2:t0@(35,58)w13 3:t3@(29,59)w0 4:t3@(30,59)w0 5:t3@(30,60)w0 6:t3@(29,60)w0 7:t4@(30,57)w0 8:t4@(30,56)w0 9:t4@(30,55)w0 10:t6@(28,58)w0
[dbg] ar=7548 am=6 aA=6 aH=0 l=false j=false fullRedraw=false
[fifo] ar=7566 retask 0 37 58
[devMouse] retask slot0 (36,58)w13 -> (37,58)
[dbg] ar=7573 am=6 aA=6 aH=0 l=false j=false fullRedraw=false
[fifo] ar=7574 retask 1 37 59
[devMouse] retask slot1 (36,60)w13 -> (37,59)
[fifo] ar=7581 retask 2 37 60
[devMouse] retask slot2 (35,60)w13 -> (37,60)
[fifo] ar=7588 save /tmp/aoe-camp/m1/t.aoesave
[save] wrote /tmp/aoe-camp/m1/t.aoesave (12294B) ar=7589
[dbg] ar=7598 am=6 aA=6 aH=0 l=false j=false fullRedraw=false
[dbg] ar=7623 am=6 aA=6 aH=0 l=false j=false fullRedraw=false
[fifo] ar=7635 slots 0
[slots] p0 n=11 0:t0@(36,58)w2812 1:t0@(36,60)w2912 2:t0@(34,62)w0 3:t3@(29,59)w0 4:t3@(30,59)w0 5:t3@(30,60)w0 6:t3@(29,60)w0 7:t4@(30,57)w0 8:t4@(30,56)w0 9:t4@(30,55)w0 10:t6@(28,58)w0
[dbg] ar=7648 am=6 aA=6 aH=0 l=false j=false fullRedraw=false
[fifo] ar=7660 retask 2 37 60
[devMouse] retask slot2 (35,61)w0 -> (37,60)
[fifo] ar=7668 save /tmp/aoe-camp/m1/t.aoesave
[save] wrote /tmp/aoe-camp/m1/t.aoesave (12294B) ar=7669
[dbg] ar=7673 am=6 aA=6 aH=0 l=false j=false fullRedraw=false
[dbg] ar=7698 am=6 aA=6 aH=0 l=false j=false fullRedraw=false
[fifo] ar=7716 slots 0
[slots] p0 n=11 0:t0@(35,58)w13 1:t0@(35,56)w13 2:t0@(36,63)w0 3:t3@(29,59)w0 4:t3@(30,59)w0 5:t3@(30,60)w0 6:t3@(29,60)w0 7:t4@(30,57)w0 8:t4@(30,56)w0 9:t4@(30,55)w0 10:t6@(28,58)w0
[dbg] ar=7723 am=6 aA=6 aH=0 l=false j=false fullRedraw=false
[fifo] ar=7740 retask 0 37 58
[devMouse] retask slot0 (35,60)w13 -> (37,58)
[dbg] ar=7748 am=6 aA=6 aH=0 l=false j=false fullRedraw=false
[fifo] ar=7749 retask 1 37 59
[devMouse] retask slot1 (32,55)w13 -> (37,59)
[fifo] ar=7756 retask 2 37 60
[devMouse] retask slot2 (35,60)w0 -> (37,60)
[fifo] ar=7765 save /tmp/aoe-camp/m1/t.aoesave
[save] wrote /tmp/aoe-camp/m1/t.aoesave (12294B) ar=7766
[dbg] ar=7773 am=6 aA=6 aH=0 l=false j=false fullRedraw=false
[dbg] ar=7798 am=6 aA=6 aH=0 l=false j=false fullRedraw=false
[fifo] ar=7814 state
[devMouse] aA=6/6 cursor=(31,58) cam=(-523,628) Q=3743 aE=512 Y=0 sel=6
[devMouse] p0 unit 0 tile=(36,59) type=0 sel=true
[devMouse] p0 unit 1 tile=(36,58) type=0 sel=true
[devMouse] p0 unit 2 tile=(36,60) type=0 sel=true
[devMouse] p0 unit 3 tile=(29,59) type=3 sel=true
[devMouse] p0 unit 4 tile=(30,59) type=3 sel=true
[devMouse] p0 unit 5 tile=(30,60) type=3 sel=true
[devMouse] p0 unit 6 tile=(29,60) type=3 sel=true
[devMouse] p0 unit 7 tile=(30,57) type=4 sel=true
[devMouse] p0 unit 8 tile=(30,56) type=4 sel=true
[devMouse] p0 unit 9 tile=(30,55) type=4 sel=true
[devMouse] p0 unit 10 tile=(28,58) type=6 sel=true
[devMouse] p1 unit 0 tile=(48,48) type=3 sel=false
[devMouse] p1 unit 1 tile=(40,34) type=3 sel=false
[devMouse] p1 unit 2 tile=(60,55) type=3 sel=false
[devMouse] p1 unit 3 tile=(61,45) type=3 sel=false
[devMouse] p1 unit 4 tile=(49,24) type=3 sel=false
[devMouse] p1 unit 5 tile=(48,25) type=3 sel=false
[devMouse] p1 unit 6 tile=(54,19) type=3 sel=false
[devMouse] p1 unit 7 tile=(36,23) type=4 sel=false
[devMouse] p1 unit 8 tile=(37,22) type=4 sel=false
[devMouse] p1 unit 9 tile=(49,33) type=4 sel=false
[devMouse] p1 unit 10 tile=(32,17) type=3 sel=false
[devMouse] p1 unit 11 tile=(25,21) type=4 sel=false
[devMouse] p1 unit 12 tile=(22,26) type=3 sel=false
[devMouse] p1 unit 13 tile=(23,27) type=3 sel=false
[devMouse] p1 unit 14 tile=(15,47) type=3 sel=false
[devMouse] p1 unit 15 tile=(16,54) type=3 sel=false
[dbg] ar=7823 am=6 aA=6 aH=0 l=false j=false fullRedraw=false
[dbg] ar=7848 am=6 aA=6 aH=0 l=false j=false fullRedraw=false
[fifo] ar=7865 slots 0
[slots] p0 n=11 0:t0@(35,58)w13 1:t0@(36,58)w1f12 2:t0@(36,60)w912 3:t3@(29,59)w0 4:t3@(30,59)w0 5:t3@(30,60)w0 6:t3@(29,60)w0 7:t4@(30,57)w0 8:t4@(30,56)w0 9:t4@(30,55)w0 10:t6@(28,58)w0
[dbg] ar=7873 am=6 aA=6 aH=0 l=false j=false fullRedraw=false
[fifo] ar=7889 retask 0 37 58
[devMouse] retask slot0 (35,56)w13 -> (37,58)
[fifo] ar=7897 save /tmp/aoe-camp/m1/t.aoesave
[save] wrote /tmp/aoe-camp/m1/t.aoesave (12294B) ar=7898
[dbg] ar=7898 am=6 aA=6 aH=0 l=false j=false fullRedraw=false
[dbg] ar=7923 am=6 aA=6 aH=0 l=false j=false fullRedraw=false
[fifo] ar=7944 slots 0
[slots] p0 n=11 0:t0@(36,58)w5112 1:t0@(35,57)w13 2:t0@(33,58)w13 3:t3@(29,59)w0 4:t3@(30,59)w0 5:t3@(30,60)w0 6:t3@(29,60)w0 7:t4@(30,57)w0 8:t4@(30,56)w0 9:t4@(30,55)w0 10:t6@(28,58)w0
[dbg] ar=7948 am=6 aA=6 aH=0 l=false j=false fullRedraw=false
[fifo] ar=7968 retask 1 37 59
[devMouse] retask slot1 (35,56)w13 -> (37,59)
[dbg] ar=7973 am=6 aA=6 aH=0 l=false j=false fullRedraw=false
[fifo] ar=7977 retask 2 37 60
[devMouse] retask slot2 (35,58)w13 -> (37,60)
[fifo] ar=7984 save /tmp/aoe-camp/m1/t.aoesave
[save] wrote /tmp/aoe-camp/m1/t.aoesave (12294B) ar=7985
[dbg] ar=7998 am=6 aA=6 aH=0 l=false j=false fullRedraw=false
[dbg] ar=8023 am=6 aA=6 aH=0 l=false j=false fullRedraw=false
[fifo] ar=8030 slots 0
[slots] p0 n=11 0:t0@(35,59)w13 1:t0@(35,61)w0 2:t0@(36,59)w4012 3:t3@(29,59)w0 4:t3@(30,59)w0 5:t3@(30,60)w0 6:t3@(29,60)w0 7:t4@(30,57)w0 8:t4@(30,56)w0 9:t4@(30,55)w0 10:t6@(28,58)w0
[dbg] ar=8048 am=6 aA=6 aH=0 l=false j=false fullRedraw=false
[fifo] ar=8055 retask 0 37 58
[devMouse] retask slot0 (34,58)w13 -> (37,58)
[fifo] ar=8062 retask 1 37 59
[devMouse] retask slot1 (36,60)w5112 -> (37,59)
[fifo] ar=8069 save /tmp/aoe-camp/m1/t.aoesave
[save] wrote /tmp/aoe-camp/m1/t.aoesave (12294B) ar=8070
[dbg] ar=8073 am=6 aA=6 aH=0 l=false j=false fullRedraw=false
[dbg] ar=8098 am=6 aA=6 aH=0 l=false j=false fullRedraw=false
[fifo] ar=8117 slots 0
[slots] p0 n=11 0:t0@(36,58)w4112 1:t0@(36,60)w3012 2:t0@(33,59)w13 3:t3@(29,59)w0 4:t3@(30,59)w0 5:t3@(30,60)w0 6:t3@(29,60)w0 7:t4@(30,57)w0 8:t4@(30,56)w0 9:t4@(30,55)w0 10:t6@(28,58)w0
[dbg] ar=8123 am=6 aA=6 aH=0 l=false j=false fullRedraw=false
[fifo] ar=8142 retask 2 37 60
[devMouse] retask slot2 (36,59)w13 -> (37,60)
[dbg] ar=8148 am=6 aA=6 aH=0 l=false j=false fullRedraw=false
[fifo] ar=8151 save /tmp/aoe-camp/m1/t.aoesave
[save] wrote /tmp/aoe-camp/m1/t.aoesave (12294B) ar=8152
[dbg] ar=8173 am=6 aA=6 aH=0 l=false j=false fullRedraw=false
[fifo] ar=8198 slots 0
[slots] p0 n=11 0:t0@(34,59)w13 1:t0@(35,59)w13 2:t0@(36,59)w3512 3:t3@(29,59)w0 4:t3@(30,59)w0 5:t3@(30,60)w0 6:t3@(29,60)w0 7:t4@(30,57)w0 8:t4@(30,56)w0 9:t4@(30,55)w0 10:t6@(28,58)w0
[dbg] ar=8198 am=6 aA=6 aH=0 l=false j=false fullRedraw=false
[fifo] ar=8223 retask 0 37 58
[devMouse] retask slot0 (35,58)w13 -> (37,58)
[dbg] ar=8223 am=6 aA=6 aH=0 l=false j=false fullRedraw=false
[fifo] ar=8231 retask 1 37 59
[devMouse] retask slot1 (35,58)w13 -> (37,59)
[fifo] ar=8239 save /tmp/aoe-camp/m1/t.aoesave
[save] wrote /tmp/aoe-camp/m1/t.aoesave (12294B) ar=8240
[dbg] ar=8248 am=6 aA=6 aH=0 l=false j=false fullRedraw=false
[dbg] ar=8273 am=6 aA=6 aH=0 l=false j=false fullRedraw=false
[fifo] ar=8285 state
[devMouse] aA=6/6 cursor=(31,58) cam=(-523,628) Q=3743 aE=512 Y=0 sel=6
[devMouse] p0 unit 0 tile=(36,58) type=0 sel=true
[devMouse] p0 unit 1 tile=(36,59) type=0 sel=true
[devMouse] p0 unit 2 tile=(33,60) type=0 sel=true
[devMouse] p0 unit 3 tile=(29,59) type=3 sel=true
[devMouse] p0 unit 4 tile=(30,59) type=3 sel=true
[devMouse] p0 unit 5 tile=(30,60) type=3 sel=true
[devMouse] p0 unit 6 tile=(29,60) type=3 sel=true
[devMouse] p0 unit 7 tile=(30,57) type=4 sel=true
[devMouse] p0 unit 8 tile=(30,56) type=4 sel=true
[devMouse] p0 unit 9 tile=(30,55) type=4 sel=true
[devMouse] p0 unit 10 tile=(28,58) type=6 sel=true
[devMouse] p1 unit 0 tile=(48,48) type=3 sel=false
[devMouse] p1 unit 1 tile=(40,34) type=3 sel=false
[devMouse] p1 unit 2 tile=(60,55) type=3 sel=false
[devMouse] p1 unit 3 tile=(61,45) type=3 sel=false
[devMouse] p1 unit 4 tile=(49,24) type=3 sel=false
[devMouse] p1 unit 5 tile=(48,25) type=3 sel=false
[devMouse] p1 unit 6 tile=(54,19) type=3 sel=false
[devMouse] p1 unit 7 tile=(36,23) type=4 sel=false
[devMouse] p1 unit 8 tile=(37,22) type=4 sel=false
[devMouse] p1 unit 9 tile=(49,33) type=4 sel=false
[devMouse] p1 unit 10 tile=(32,17) type=3 sel=false
[devMouse] p1 unit 11 tile=(25,21) type=4 sel=false
[devMouse] p1 unit 12 tile=(22,26) type=3 sel=false
[devMouse] p1 unit 13 tile=(23,27) type=3 sel=false
[devMouse] p1 unit 14 tile=(15,47) type=3 sel=false
[devMouse] p1 unit 15 tile=(16,54) type=3 sel=false
[dbg] ar=8298 am=6 aA=6 aH=0 l=false j=false fullRedraw=false
[dbg] ar=8323 am=6 aA=6 aH=0 l=false j=false fullRedraw=false
[fifo] ar=8341 slots 0
[slots] p0 n=11 0:t0@(35,59)w13 1:t0@(36,59)w2312 2:t0@(33,60)w13 3:t3@(29,59)w0 4:t3@(30,59)w0 5:t3@(30,60)w0 6:t3@(29,60)w0 7:t4@(30,57)w0 8:t4@(30,56)w0 9:t4@(30,55)w0 10:t6@(28,58)w0
[dbg] ar=8348 am=6 aA=6 aH=0 l=false j=false fullRedraw=false
[fifo] ar=8367 retask 0 37 58
[devMouse] retask slot0 (34,58)w13 -> (37,58)
[dbg] ar=8373 am=6 aA=6 aH=0 l=false j=false fullRedraw=false
[fifo] ar=8375 retask 2 37 60
[devMouse] retask slot2 (35,61)w13 -> (37,60)
[fifo] ar=8383 save /tmp/aoe-camp/m1/t.aoesave
[save] wrote /tmp/aoe-camp/m1/t.aoesave (12294B) ar=8384
[dbg] ar=8398 am=6 aA=6 aH=0 l=false j=false fullRedraw=false
[dbg] ar=8423 am=6 aA=6 aH=0 l=false j=false fullRedraw=false
[fifo] ar=8431 slots 0
[slots] p0 n=11 0:t0@(36,58)w4112 1:t0@(36,59)w13 2:t0@(36,60)w5e12 3:t3@(29,59)w0 4:t3@(30,59)w0 5:t3@(30,60)w0 6:t3@(29,60)w0 7:t4@(30,57)w0 8:t4@(30,56)w0 9:t4@(30,55)w0 10:t6@(28,58)w0
[dbg] ar=8448 am=6 aA=6 aH=0 l=false j=false fullRedraw=false
[fifo] ar=8455 retask 1 37 59
[devMouse] retask slot1 (35,57)w13 -> (37,59)
[fifo] ar=8463 save /tmp/aoe-camp/m1/t.aoesave
[save] wrote /tmp/aoe-camp/m1/t.aoesave (12294B) ar=8464
[dbg] ar=8473 am=6 aA=6 aH=0 l=false j=false fullRedraw=false
[dbg] ar=8498 am=6 aA=6 aH=0 l=false j=false fullRedraw=false
[fifo] ar=8510 slots 0
[slots] p0 n=11 0:t0@(35,60)w13 1:t0@(35,58)w0 2:t0@(36,60)wf12 3:t3@(29,59)w0 4:t3@(30,59)w0 5:t3@(30,60)w0 6:t3@(29,60)w0 7:t4@(30,57)w0 8:t4@(30,56)w0 9:t4@(30,55)w0 10:t6@(28,58)w0
[dbg] ar=8523 am=6 aA=6 aH=0 l=false j=false fullRedraw=false
[fifo] ar=8536 retask 0 37 58
[devMouse] retask slot0 (34,59)w13 -> (37,58)
[fifo] ar=8544 retask 1 37 59
[devMouse] retask slot1 (36,59)w4f12 -> (37,59)
[dbg] ar=8548 am=6 aA=6 aH=0 l=false j=false fullRedraw=false
[fifo] ar=8552 save /tmp/aoe-camp/m1/t.aoesave
[save] wrote /tmp/aoe-camp/m1/t.aoesave (12294B) ar=8553
[dbg] ar=8573 am=6 aA=6 aH=0 l=false j=false fullRedraw=false
[dbg] ar=8598 am=6 aA=6 aH=0 l=false j=false fullRedraw=false
[fifo] ar=8600 slots 0
[slots] p0 n=11 0:t0@(36,58)w3e12 1:t0@(36,59)w2f12 2:t0@(33,60)w13 3:t3@(29,59)w0 4:t3@(30,59)w0 5:t3@(30,60)w0 6:t3@(29,60)w0 7:t4@(30,57)w0 8:t4@(30,56)w0 9:t4@(30,55)w0 10:t6@(28,58)w0
[dbg] ar=8623 am=6 aA=6 aH=0 l=false j=false fullRedraw=false
[fifo] ar=8624 retask 2 37 60
[devMouse] retask slot2 (35,60)w13 -> (37,60)
[fifo] ar=8632 save /tmp/aoe-camp/m1/t.aoesave
[save] wrote /tmp/aoe-camp/m1/t.aoesave (12294B) ar=8633
[dbg] ar=8648 am=6 aA=6 aH=0 l=false j=false fullRedraw=false
[dbg] ar=8673 am=6 aA=6 aH=0 l=false j=false fullRedraw=false
[fifo] ar=8679 slots 0
[slots] p0 n=11 0:t0@(35,60)w13 1:t0@(34,59)w13 2:t0@(36,60)w3912 3:t3@(29,59)w0 4:t3@(30,59)w0 5:t3@(30,60)w0 6:t3@(29,60)w0 7:t4@(30,57)w0 8:t4@(30,56)w0 9:t4@(30,55)w0 10:t6@(28,58)w0
[dbg] ar=8698 am=6 aA=6 aH=0 l=false j=false fullRedraw=false
[fifo] ar=8703 retask 0 37 58
[devMouse] retask slot0 (34,59)w13 -> (37,58)
[fifo] ar=8711 retask 1 37 59
[devMouse] retask slot1 (35,57)w13 -> (37,59)
[fifo] ar=8720 save /tmp/aoe-camp/m1/t.aoesave
[save] wrote /tmp/aoe-camp/m1/t.aoesave (12294B) ar=8721
[dbg] ar=8723 am=6 aA=6 aH=0 l=false j=false fullRedraw=false
[dbg] ar=8748 am=6 aA=6 aH=0 l=false j=false fullRedraw=false
[fifo] ar=8767 state
[devMouse] aA=6/6 cursor=(31,58) cam=(-523,628) Q=3743 aE=512 Y=0 sel=6
[devMouse] p0 unit 0 tile=(36,58) type=0 sel=true
[devMouse] p0 unit 1 tile=(35,56) type=0 sel=true
[devMouse] p0 unit 2 tile=(34,56) type=0 sel=true
[devMouse] p0 unit 3 tile=(29,59) type=3 sel=true
[devMouse] p0 unit 4 tile=(30,59) type=3 sel=true
[devMouse] p0 unit 5 tile=(30,60) type=3 sel=true
[devMouse] p0 unit 6 tile=(29,60) type=3 sel=true
[devMouse] p0 unit 7 tile=(30,57) type=4 sel=true
[devMouse] p0 unit 8 tile=(30,56) type=4 sel=true
[devMouse] p0 unit 9 tile=(30,55) type=4 sel=true
[devMouse] p0 unit 10 tile=(28,58) type=6 sel=true
[devMouse] p1 unit 0 tile=(48,48) type=3 sel=false
[devMouse] p1 unit 1 tile=(40,34) type=3 sel=false
[devMouse] p1 unit 2 tile=(60,55) type=3 sel=false
[devMouse] p1 unit 3 tile=(61,45) type=3 sel=false
[devMouse] p1 unit 4 tile=(49,24) type=3 sel=false
[devMouse] p1 unit 5 tile=(48,25) type=3 sel=false
[devMouse] p1 unit 6 tile=(54,19) type=3 sel=false
[devMouse] p1 unit 7 tile=(36,23) type=4 sel=false
[devMouse] p1 unit 8 tile=(37,22) type=4 sel=false
[devMouse] p1 unit 9 tile=(49,33) type=4 sel=false
[devMouse] p1 unit 10 tile=(32,17) type=3 sel=false
[devMouse] p1 unit 11 tile=(25,21) type=4 sel=false
[devMouse] p1 unit 12 tile=(22,26) type=3 sel=false
[devMouse] p1 unit 13 tile=(23,27) type=3 sel=false
[devMouse] p1 unit 14 tile=(15,47) type=3 sel=false
[devMouse] p1 unit 15 tile=(16,54) type=3 sel=false
[dbg] ar=8773 am=6 aA=6 aH=0 l=false j=false fullRedraw=false
[dbg] ar=8798 am=6 aA=6 aH=0 l=false j=false fullRedraw=false
[fifo] ar=8816 slots 0
[slots] p0 n=11 0:t0@(36,58)wc12 1:t0@(36,59)w6012 2:t0@(33,56)w13 3:t3@(29,59)w0 4:t3@(30,59)w0 5:t3@(30,60)w0 6:t3@(29,60)w0 7:t4@(30,57)w0 8:t4@(30,56)w0 9:t4@(30,55)w0 10:t6@(28,58)w0
[dbg] ar=8823 am=6 aA=6 aH=0 l=false j=false fullRedraw=false
[fifo] ar=8840 retask 2 37 60
[devMouse] retask slot2 (35,57)w13 -> (37,60)
[fifo] ar=8848 save /tmp/aoe-camp/m1/t.aoesave
[dbg] ar=8848 am=6 aA=6 aH=0 l=false j=false fullRedraw=false
[save] wrote /tmp/aoe-camp/m1/t.aoesave (12294B) ar=8849
[dbg] ar=8873 am=6 aA=6 aH=0 l=false j=false fullRedraw=false
[fifo] ar=8895 slots 0
[slots] p0 n=11 0:t0@(34,59)w13 1:t0@(36,59)w1112 2:t0@(36,60)w4f12 3:t3@(29,59)w0 4:t3@(30,59)w0 5:t3@(30,60)w0 6:t3@(29,60)w0 7:t4@(30,57)w0 8:t4@(30,56)w0 9:t4@(30,55)w0 10:t6@(28,58)w0
[dbg] ar=8898 am=6 aA=6 aH=0 l=false j=false fullRedraw=false
[fifo] ar=8919 retask 0 37 58
[devMouse] retask slot0 (35,58)w13 -> (37,58)
[dbg] ar=8923 am=6 aA=6 aH=0 l=false j=false fullRedraw=false
[fifo] ar=8928 save /tmp/aoe-camp/m1/t.aoesave
[save] wrote /tmp/aoe-camp/m1/t.aoesave (12294B) ar=8929
[dbg] ar=8948 am=6 aA=6 aH=0 l=false j=false fullRedraw=false
[dbg] ar=8973 am=6 aA=6 aH=0 l=false j=false fullRedraw=false
[fifo] ar=8974 slots 0
[slots] p0 n=11 0:t0@(36,58)w4112 1:t0@(32,55)w13 2:t0@(36,60)w13 3:t3@(29,59)w0 4:t3@(30,59)w0 5:t3@(30,60)w0 6:t3@(29,60)w0 7:t4@(30,57)w0 8:t4@(30,56)w0 9:t4@(30,55)w0 10:t6@(28,58)w0
[dbg] ar=8998 am=6 aA=6 aH=0 l=false j=false fullRedraw=false
[fifo] ar=9001 retask 1 37 59
[devMouse] retask slot1 (35,56)w13 -> (37,59)
[fifo] ar=9009 retask 2 37 60
[devMouse] retask slot2 (34,56)w13 -> (37,60)
[fifo] ar=9017 save /tmp/aoe-camp/m1/t.aoesave
[save] wrote /tmp/aoe-camp/m1/t.aoesave (12294B) ar=9018
[dbg] ar=9023 am=6 aA=6 aH=0 l=false j=false fullRedraw=false
[dbg] ar=9048 am=6 aA=6 aH=0 l=false j=false fullRedraw=false
[fifo] ar=9063 slots 0
[slots] p0 n=11 0:t0@(33,58)w13 1:t0@(36,59)w5712 2:t0@(32,57)w0 3:t3@(29,59)w0 4:t3@(30,59)w0 5:t3@(30,60)w0 6:t3@(29,60)w0 7:t4@(30,57)w0 8:t4@(30,56)w0 9:t4@(30,55)w0 10:t6@(28,58)w0
[dbg] ar=9073 am=6 aA=6 aH=0 l=false j=false fullRedraw=false
[fifo] ar=9088 retask 0 37 58
[devMouse] retask slot0 (36,58)w13 -> (37,58)
[fifo] ar=9096 retask 2 37 60
[devMouse] retask slot2 (35,58)w0 -> (37,60)
[dbg] ar=9098 am=6 aA=6 aH=0 l=false j=false fullRedraw=false
[fifo] ar=9104 save /tmp/aoe-camp/m1/t.aoesave
[save] wrote /tmp/aoe-camp/m1/t.aoesave (12294B) ar=9105
[dbg] ar=9123 am=6 aA=6 aH=0 l=false j=false fullRedraw=false
[dbg] ar=9148 am=6 aA=6 aH=0 l=false j=false fullRedraw=false
[fifo] ar=9151 slots 0
[slots] p0 n=11 0:t0@(36,58)w2d12 1:t0@(35,60)w13 2:t0@(36,60)w4612 3:t3@(29,59)w0 4:t3@(30,59)w0 5:t3@(30,60)w0 6:t3@(29,60)w0 7:t4@(30,57)w0 8:t4@(30,56)w0 9:t4@(30,55)w0 10:t6@(28,58)w0
[dbg] ar=9173 am=6 aA=6 aH=0 l=false j=false fullRedraw=false
[fifo] ar=9176 retask 1 37 59
[devMouse] retask slot1 (33,59)w13 -> (37,59)
[fifo] ar=9183 save /tmp/aoe-camp/m1/t.aoesave
[save] wrote /tmp/aoe-camp/m1/t.aoesave (12294B) ar=9184
[dbg] ar=9198 am=6 aA=6 aH=0 l=false j=false fullRedraw=false
[dbg] ar=9223 am=6 aA=6 aH=0 l=false j=false fullRedraw=false
[fifo] ar=9230 state
[devMouse] aA=6/6 cursor=(31,58) cam=(-523,628) Q=3743 aE=512 Y=0 sel=6
[devMouse] p0 unit 0 tile=(34,58) type=0 sel=true
[devMouse] p0 unit 1 tile=(36,59) type=0 sel=true
[devMouse] p0 unit 2 tile=(35,61) type=0 sel=true
[devMouse] p0 unit 3 tile=(29,59) type=3 sel=true
[devMouse] p0 unit 4 tile=(30,59) type=3 sel=true
[devMouse] p0 unit 5 tile=(30,60) type=3 sel=true
[devMouse] p0 unit 6 tile=(29,60) type=3 sel=true
[devMouse] p0 unit 7 tile=(30,57) type=4 sel=true
[devMouse] p0 unit 8 tile=(30,56) type=4 sel=true
[devMouse] p0 unit 9 tile=(30,55) type=4 sel=true
[devMouse] p0 unit 10 tile=(28,58) type=6 sel=true
[devMouse] p1 unit 0 tile=(48,48) type=3 sel=false
[devMouse] p1 unit 1 tile=(40,34) type=3 sel=false
[devMouse] p1 unit 2 tile=(60,55) type=3 sel=false
[devMouse] p1 unit 3 tile=(61,45) type=3 sel=false
[devMouse] p1 unit 4 tile=(49,24) type=3 sel=false
[devMouse] p1 unit 5 tile=(48,25) type=3 sel=false
[devMouse] p1 unit 6 tile=(54,19) type=3 sel=false
[devMouse] p1 unit 7 tile=(36,23) type=4 sel=false
[devMouse] p1 unit 8 tile=(37,22) type=4 sel=false
[devMouse] p1 unit 9 tile=(49,33) type=4 sel=false
[devMouse] p1 unit 10 tile=(32,17) type=3 sel=false
[devMouse] p1 unit 11 tile=(25,21) type=4 sel=false
[devMouse] p1 unit 12 tile=(22,26) type=3 sel=false
[devMouse] p1 unit 13 tile=(23,27) type=3 sel=false
[devMouse] p1 unit 14 tile=(15,47) type=3 sel=false
[devMouse] p1 unit 15 tile=(16,54) type=3 sel=false
[dbg] ar=9248 am=6 aA=6 aH=0 l=false j=false fullRedraw=false
[dbg] ar=9273 am=6 aA=6 aH=0 l=false j=false fullRedraw=false
[fifo] ar=9283 slots 0
[slots] p0 n=11 0:t0@(34,58)w13 1:t0@(36,59)w1812 2:t0@(35,61)w13 3:t3@(29,59)w0 4:t3@(30,59)w0 5:t3@(30,60)w0 6:t3@(29,60)w0 7:t4@(30,57)w0 8:t4@(30,56)w0 9:t4@(30,55)w0 10:t6@(28,58)w0
[dbg] ar=9298 am=6 aA=6 aH=0 l=false j=false fullRedraw=false
[fifo] ar=9306 retask 0 37 58
[devMouse] retask slot0 (35,59)w13 -> (37,58)
[fifo] ar=9314 retask 2 37 60
[devMouse] retask slot2 (35,60)w13 -> (37,60)
[fifo] ar=9322 save /tmp/aoe-camp/m1/t.aoesave
[save] wrote /tmp/aoe-camp/m1/t.aoesave (12294B) ar=9323
[dbg] ar=9323 am=6 aA=6 aH=0 l=false j=false fullRedraw=false
[dbg] ar=9348 am=6 aA=6 aH=0 l=false j=false fullRedraw=false
[fifo] ar=9369 slots 0
[slots] p0 n=11 0:t0@(36,58)w3912 1:t0@(36,59)w13 2:t0@(36,60)w4012 3:t3@(29,59)w0 4:t3@(30,59)w0 5:t3@(30,60)w0 6:t3@(29,60)w0 7:t4@(30,57)w0 8:t4@(30,56)w0 9:t4@(30,55)w0 10:t6@(28,58)w0
[dbg] ar=9373 am=6 aA=6 aH=0 l=false j=false fullRedraw=false
[fifo] ar=9392 retask 1 37 59
[devMouse] retask slot1 (34,56)w13 -> (37,59)
[dbg] ar=9398 am=6 aA=6 aH=0 l=false j=false fullRedraw=false
[fifo] ar=9399 save /tmp/aoe-camp/m1/t.aoesave
[save] wrote /tmp/aoe-camp/m1/t.aoesave (12294B) ar=9400
[dbg] ar=9423 am=6 aA=6 aH=0 l=false j=false fullRedraw=false
[fifo] ar=9446 slots 0
[slots] p0 n=11 0:t0@(33,58)w13 1:t0@(36,59)w5112 2:t0@(34,61)w13 3:t3@(29,59)w0 4:t3@(30,59)w0 5:t3@(30,60)w0 6:t3@(29,60)w0 7:t4@(30,57)w0 8:t4@(30,56)w0 9:t4@(30,55)w0 10:t6@(28,58)w0
[dbg] ar=9448 am=6 aA=6 aH=0 l=false j=false fullRedraw=false
[fifo] ar=9472 retask 0 37 58
[devMouse] retask slot0 (36,58)w13 -> (37,58)
[dbg] ar=9473 am=6 aA=6 aH=0 l=false j=false fullRedraw=false
[fifo] ar=9479 retask 2 37 60
[devMouse] retask slot2 (36,60)w13 -> (37,60)
[fifo] ar=9487 save /tmp/aoe-camp/m1/t.aoesave
[save] wrote /tmp/aoe-camp/m1/t.aoesave (12294B) ar=9488
[dbg] ar=9498 am=6 aA=6 aH=0 l=false j=false fullRedraw=false
[dbg] ar=9523 am=6 aA=6 aH=0 l=false j=false fullRedraw=false
[fifo] ar=9533 slots 0
[slots] p0 n=11 0:t0@(36,58)w3112 1:t0@(35,60)w13 2:t0@(36,60)w3812 3:t3@(29,59)w0 4:t3@(30,59)w0 5:t3@(30,60)w0 6:t3@(29,60)w0 7:t4@(30,57)w0 8:t4@(30,56)w0 9:t4@(30,55)w0 10:t6@(28,58)w0
[dbg] ar=9548 am=6 aA=6 aH=0 l=false j=false fullRedraw=false
[fifo] ar=9558 retask 1 37 59
[devMouse] retask slot1 (34,59)w13 -> (37,59)
[fifo] ar=9566 save /tmp/aoe-camp/m1/t.aoesave
[save] wrote /tmp/aoe-camp/m1/t.aoesave (12294B) ar=9567
[dbg] ar=9573 am=6 aA=6 aH=0 l=false j=false fullRedraw=false
[dbg] ar=9598 am=6 aA=6 aH=0 l=false j=false fullRedraw=false
[fifo] ar=9612 slots 0
[slots] p0 n=11 0:t0@(34,58)w13 1:t0@(36,59)w4812 2:t0@(33,60)w13 3:t3@(29,59)w0 4:t3@(30,59)w0 5:t3@(30,60)w0 6:t3@(29,60)w0 7:t4@(30,57)w0 8:t4@(30,56)w0 9:t4@(30,55)w0 10:t6@(28,58)w0
[dbg] ar=9623 am=6 aA=6 aH=0 l=false j=false fullRedraw=false
[fifo] ar=9636 retask 0 37 58
[devMouse] retask slot0 (36,58)w13 -> (37,58)
[fifo] ar=9644 retask 2 37 60
[devMouse] retask slot2 (35,61)w13 -> (37,60)
[dbg] ar=9648 am=6 aA=6 aH=0 l=false j=false fullRedraw=false
[fifo] ar=9653 save /tmp/aoe-camp/m1/t.aoesave
[save] wrote /tmp/aoe-camp/m1/t.aoesave (12294B) ar=9654
[dbg] ar=9673 am=6 aA=6 aH=0 l=false j=false fullRedraw=false
[dbg] ar=9698 am=6 aA=6 aH=0 l=false j=false fullRedraw=false
[fifo] ar=9699 state
[devMouse] aA=6/6 cursor=(31,58) cam=(-523,628) Q=3743 aE=512 Y=0 sel=6
[devMouse] p0 unit 0 tile=(36,58) type=0 sel=true
[devMouse] p0 unit 1 tile=(34,60) type=0 sel=true
[devMouse] p0 unit 2 tile=(36,60) type=0 sel=true
[devMouse] p0 unit 3 tile=(29,59) type=3 sel=true
[devMouse] p0 unit 4 tile=(30,59) type=3 sel=true
[devMouse] p0 unit 5 tile=(30,60) type=3 sel=true
[devMouse] p0 unit 6 tile=(29,60) type=3 sel=true
[devMouse] p0 unit 7 tile=(30,57) type=4 sel=true
[devMouse] p0 unit 8 tile=(30,56) type=4 sel=true
[devMouse] p0 unit 9 tile=(30,55) type=4 sel=true
[devMouse] p0 unit 10 tile=(28,58) type=6 sel=true
[devMouse] p1 unit 0 tile=(48,48) type=3 sel=false
[devMouse] p1 unit 1 tile=(40,34) type=3 sel=false
[devMouse] p1 unit 2 tile=(60,55) type=3 sel=false
[devMouse] p1 unit 3 tile=(61,45) type=3 sel=false
[devMouse] p1 unit 4 tile=(49,24) type=3 sel=false
[devMouse] p1 unit 5 tile=(48,25) type=3 sel=false
[devMouse] p1 unit 6 tile=(54,19) type=3 sel=false
[devMouse] p1 unit 7 tile=(36,23) type=4 sel=false
[devMouse] p1 unit 8 tile=(37,22) type=4 sel=false
[devMouse] p1 unit 9 tile=(49,33) type=4 sel=false
[devMouse] p1 unit 10 tile=(32,17) type=3 sel=false
[devMouse] p1 unit 11 tile=(25,21) type=4 sel=false
[devMouse] p1 unit 12 tile=(22,26) type=3 sel=false
[devMouse] p1 unit 13 tile=(23,27) type=3 sel=false
[devMouse] p1 unit 14 tile=(15,47) type=3 sel=false
[devMouse] p1 unit 15 tile=(16,54) type=3 sel=false
[dbg] ar=9723 am=6 aA=6 aH=0 l=false j=false fullRedraw=false
[dbg] ar=9748 am=6 aA=6 aH=0 l=false j=false fullRedraw=false
[fifo] ar=9753 slots 0
[slots] p0 n=11 0:t0@(35,60)w13 1:t0@(34,60)w13 2:t0@(36,60)wb12 3:t3@(29,59)w0 4:t3@(30,59)w0 5:t3@(30,60)w0 6:t3@(29,60)w0 7:t4@(30,57)w0 8:t4@(30,56)w0 9:t4@(30,55)w0 10:t6@(28,58)w0
[dbg] ar=9773 am=6 aA=6 aH=0 l=false j=false fullRedraw=false
[fifo] ar=9778 retask 0 37 58
[devMouse] retask slot0 (34,59)w13 -> (37,58)
[fifo] ar=9786 retask 1 37 59
[devMouse] retask slot1 (36,59)w13 -> (37,59)
[fifo] ar=9794 save /tmp/aoe-camp/m1/t.aoesave
[save] wrote /tmp/aoe-camp/m1/t.aoesave (12294B) ar=9795
[dbg] ar=9798 am=6 aA=6 aH=0 l=false j=false fullRedraw=false
[dbg] ar=9823 am=6 aA=6 aH=0 l=false j=false fullRedraw=false
[fifo] ar=9842 slots 0
[slots] p0 n=11 0:t0@(36,58)w3f12 1:t0@(36,59)w3512 2:t0@(32,55)w13 3:t3@(29,59)w0 4:t3@(30,59)w0 5:t3@(30,60)w0 6:t3@(29,60)w0 7:t4@(30,57)w0 8:t4@(30,56)w0 9:t4@(30,55)w0 10:t6@(28,58)w0
[dbg] ar=9848 am=6 aA=6 aH=0 l=false j=false fullRedraw=false
[fifo] ar=9867 retask 2 37 60
[devMouse] retask slot2 (35,56)w13 -> (37,60)
[dbg] ar=9873 am=6 aA=6 aH=0 l=false j=false fullRedraw=false
[fifo] ar=9875 save /tmp/aoe-camp/m1/t.aoesave
[save] wrote /tmp/aoe-camp/m1/t.aoesave (12294B) ar=9876
[dbg] ar=9898 am=6 aA=6 aH=0 l=false j=false fullRedraw=false
[fifo] ar=9922 slots 0
[slots] p0 n=11 0:t0@(34,59)w13 1:t0@(34,61)w13 2:t0@(36,59)w5912 3:t3@(29,59)w0 4:t3@(30,59)w0 5:t3@(30,60)w0 6:t3@(29,60)w0 7:t4@(30,57)w0 8:t4@(30,56)w0 9:t4@(30,55)w0 10:t6@(28,58)w0
[dbg] ar=9923 am=6 aA=6 aH=0 l=false j=false fullRedraw=false
[fifo] ar=9948 retask 0 37 58
[devMouse] retask slot0 (35,58)w13 -> (37,58)
[dbg] ar=9948 am=6 aA=6 aH=0 l=false j=false fullRedraw=false
[fifo] ar=9955 retask 1 37 59
[devMouse] retask slot1 (36,60)w13 -> (37,59)
[fifo] ar=9963 save /tmp/aoe-camp/m1/t.aoesave
[save] wrote /tmp/aoe-camp/m1/t.aoesave (12294B) ar=9964
[dbg] ar=9973 am=6 aA=6 aH=0 l=false j=false fullRedraw=false
[dbg] ar=9998 am=6 aA=6 aH=0 l=false j=false fullRedraw=false
[fifo] ar=10008 slots 0
[slots] p0 n=11 0:t0@(36,58)w3612 1:t0@(36,60)w3512 2:t0@(36,59)w312 3:t3@(29,59)w0 4:t3@(30,59)w0 5:t3@(30,60)w0 6:t3@(29,60)w0 7:t4@(30,57)w0 8:t4@(30,56)w0 9:t4@(30,55)w0 10:t6@(28,58)w0
[dbg] ar=10023 am=6 aA=6 aH=0 l=false j=false fullRedraw=false
[fifo] ar=10033 save /tmp/aoe-camp/m1/t.aoesave
[save] wrote /tmp/aoe-camp/m1/t.aoesave (12294B) ar=10034
[dbg] ar=10048 am=6 aA=6 aH=0 l=false j=false fullRedraw=false
[dbg] ar=10073 am=6 aA=6 aH=0 l=false j=false fullRedraw=false
[fifo] ar=10080 slots 0
[slots] p0 n=11 0:t0@(35,56)w13 1:t0@(36,59)w13 2:t0@(35,61)w13 3:t3@(29,59)w0 4:t3@(30,59)w0 5:t3@(30,60)w0 6:t3@(29,60)w0 7:t4@(30,57)w0 8:t4@(30,56)w0 9:t4@(30,55)w0 10:t6@(28,58)w0
[dbg] ar=10098 am=6 aA=6 aH=0 l=false j=false fullRedraw=false
[fifo] ar=10105 retask 0 37 58
[devMouse] retask slot0 (33,54)w13 -> (37,58)
[fifo] ar=10113 retask 1 37 59
[devMouse] retask slot1 (33,60)w13 -> (37,59)
[fifo] ar=10121 retask 2 37 60
[devMouse] retask slot2 (36,60)w13 -> (37,60)
[dbg] ar=10123 am=6 aA=6 aH=0 l=false j=false fullRedraw=false
[fifo] ar=10130 save /tmp/aoe-camp/m1/t.aoesave
[save] wrote /tmp/aoe-camp/m1/t.aoesave (12294B) ar=10131
[dbg] ar=10148 am=6 aA=6 aH=0 l=false j=false fullRedraw=false
[dbg] ar=10173 am=6 aA=6 aH=0 l=false j=false fullRedraw=false
[fifo] ar=10178 state
[devMouse] aA=6/6 cursor=(31,58) cam=(-523,628) Q=3743 aE=512 Y=0 sel=6
[devMouse] p0 unit 0 tile=(36,58) type=0 sel=true
[devMouse] p0 unit 1 tile=(36,59) type=0 sel=true
[devMouse] p0 unit 2 tile=(36,60) type=0 sel=true
[devMouse] p0 unit 3 tile=(29,59) type=3 sel=true
[devMouse] p0 unit 4 tile=(30,59) type=3 sel=true
[devMouse] p0 unit 5 tile=(30,60) type=3 sel=true
[devMouse] p0 unit 6 tile=(29,60) type=3 sel=true
[devMouse] p0 unit 7 tile=(30,57) type=4 sel=true
[devMouse] p0 unit 8 tile=(30,56) type=4 sel=true
[devMouse] p0 unit 9 tile=(30,55) type=4 sel=true
[devMouse] p0 unit 10 tile=(28,58) type=6 sel=true
[devMouse] p1 unit 0 tile=(48,48) type=3 sel=false
[devMouse] p1 unit 1 tile=(40,34) type=3 sel=false
[devMouse] p1 unit 2 tile=(60,55) type=3 sel=false
[devMouse] p1 unit 3 tile=(61,45) type=3 sel=false
[devMouse] p1 unit 4 tile=(49,24) type=3 sel=false
[devMouse] p1 unit 5 tile=(48,25) type=3 sel=false
[devMouse] p1 unit 6 tile=(54,19) type=3 sel=false
[devMouse] p1 unit 7 tile=(36,23) type=4 sel=false
[devMouse] p1 unit 8 tile=(37,22) type=4 sel=false
[devMouse] p1 unit 9 tile=(49,33) type=4 sel=false
[devMouse] p1 unit 10 tile=(32,17) type=3 sel=false
[devMouse] p1 unit 11 tile=(25,21) type=4 sel=false
[devMouse] p1 unit 12 tile=(22,26) type=3 sel=false
[devMouse] p1 unit 13 tile=(23,27) type=3 sel=false
[devMouse] p1 unit 14 tile=(15,47) type=3 sel=false
[devMouse] p1 unit 15 tile=(16,54) type=3 sel=false
[dbg] ar=10198 am=6 aA=6 aH=0 l=false j=false fullRedraw=false
[dbg] ar=10223 am=6 aA=6 aH=0 l=false j=false fullRedraw=false
[fifo] ar=10231 slots 0
[slots] p0 n=11 0:t0@(36,58)wf12 1:t0@(36,59)we12 2:t0@(36,60)w13 3:t3@(29,59)w0 4:t3@(30,59)w0 5:t3@(30,60)w0 6:t3@(29,60)w0 7:t4@(30,57)w0 8:t4@(30,56)w0 9:t4@(30,55)w0 10:t6@(28,58)w0
[dbg] ar=10248 am=6 aA=6 aH=0 l=false j=false fullRedraw=false
[fifo] ar=10256 retask 2 37 60
[devMouse] retask slot2 (33,60)w13 -> (37,60)
[fifo] ar=10264 save /tmp/aoe-camp/m1/t.aoesave
[save] wrote /tmp/aoe-camp/m1/t.aoesave (12294B) ar=10265
[dbg] ar=10273 am=6 aA=6 aH=0 l=false j=false fullRedraw=false
[dbg] ar=10298 am=6 aA=6 aH=0 l=false j=false fullRedraw=false
[fifo] ar=10310 slots 0
[slots] p0 n=11 0:t0@(36,59)w13 1:t0@(36,58)w13 2:t0@(36,60)w4e12 3:t3@(29,59)w0 4:t3@(30,59)w0 5:t3@(30,60)w0 6:t3@(29,60)w0 7:t4@(30,57)w0 8:t4@(30,56)w0 9:t4@(30,55)w0 10:t6@(28,58)w0
[dbg] ar=10323 am=6 aA=6 aH=0 l=false j=false fullRedraw=false
[fifo] ar=10335 retask 0 37 58
[devMouse] retask slot0 (35,57)w13 -> (37,58)
[fifo] ar=10337 retask 1 37 59
[devMouse] retask slot1 (34,55)w13 -> (37,59)
[fifo] ar=10346 save /tmp/aoe-camp/m1/t.aoesave
[save] wrote /tmp/aoe-camp/m1/t.aoesave (12294B) ar=10347
[dbg] ar=10348 am=6 aA=6 aH=0 l=false j=false fullRedraw=false
[dbg] ar=10373 am=6 aA=6 aH=0 l=false j=false fullRedraw=false
[fifo] ar=10390 slots 0
[slots] p0 n=11 0:t0@(36,58)w3a12 1:t0@(36,59)w6612 2:t0@(35,61)w13 3:t3@(29,59)w0 4:t3@(30,59)w0 5:t3@(30,60)w0 6:t3@(29,60)w0 7:t4@(30,57)w0 8:t4@(30,56)w0 9:t4@(30,55)w0 10:t6@(28,58)w0
[dbg] ar=10398 am=6 aA=6 aH=0 l=false j=false fullRedraw=false
[fifo] ar=10414 retask 2 37 60
[devMouse] retask slot2 (33,60)w13 -> (37,60)
[fifo] ar=10422 save /tmp/aoe-camp/m1/t.aoesave
[save] wrote /tmp/aoe-camp/m1/t.aoesave (12294B) ar=10423
[dbg] ar=10423 am=6 aA=6 aH=0 l=false j=false fullRedraw=false
[dbg] ar=10448 am=6 aA=6 aH=0 l=false j=false fullRedraw=false
[fifo] ar=10470 slots 0
[slots] p0 n=11 0:t0@(37,58)w13 1:t0@(36,59)w1612 2:t0@(36,60)w4b12 3:t3@(29,59)w0 4:t3@(30,59)w0 5:t3@(30,60)w0 6:t3@(29,60)w0 7:t4@(30,57)w0 8:t4@(30,56)w0 9:t4@(30,55)w0 10:t6@(28,58)w0
[dbg] ar=10473 am=6 aA=6 aH=0 l=false j=false fullRedraw=false
[fifo] ar=10496 retask 0 37 58
[devMouse] retask slot0 (36,59)w13 -> (37,58)
[dbg] ar=10498 am=6 aA=6 aH=0 l=false j=false fullRedraw=false
[fifo] ar=10504 save /tmp/aoe-camp/m1/t.aoesave
[save] wrote /tmp/aoe-camp/m1/t.aoesave (12294B) ar=10505
[dbg] ar=10523 am=6 aA=6 aH=0 l=false j=false fullRedraw=false
[dbg] ar=10548 am=6 aA=6 aH=0 l=false j=false fullRedraw=false
[fifo] ar=10552 slots 0
[slots] p0 n=11 0:t0@(36,59)w0 1:t0@(37,58)w13 2:t0@(35,61)w13 3:t3@(29,59)w0 4:t3@(30,59)w0 5:t3@(30,60)w0 6:t3@(29,60)w0 7:t4@(30,57)w0 8:t4@(30,56)w0 9:t4@(30,55)w0 10:t6@(28,58)w0
[dbg] ar=10573 am=6 aA=6 aH=0 l=false j=false fullRedraw=false
[fifo] ar=10577 retask 0 37 58
[devMouse] retask slot0 (36,59)w0 -> (37,58)
[fifo] ar=10585 retask 1 37 59
[devMouse] retask slot1 (37,58)w13 -> (37,59)
[fifo] ar=10593 retask 2 37 60
[devMouse] retask slot2 (36,60)w13 -> (37,60)
[dbg] ar=10598 am=6 aA=6 aH=0 l=false j=false fullRedraw=false
[fifo] ar=10600 save /tmp/aoe-camp/m1/t.aoesave
[save] wrote /tmp/aoe-camp/m1/t.aoesave (12294B) ar=10601
[dbg] ar=10623 am=6 aA=6 aH=0 l=false j=false fullRedraw=false
[fifo] ar=10646 state
[devMouse] aA=6/6 cursor=(31,58) cam=(-523,628) Q=3743 aE=512 Y=0 sel=6
[devMouse] p0 unit 0 tile=(36,59) type=0 sel=true
[devMouse] p0 unit 1 tile=(37,58) type=0 sel=true
[devMouse] p0 unit 2 tile=(36,60) type=0 sel=true
[devMouse] p0 unit 3 tile=(29,59) type=3 sel=true
[devMouse] p0 unit 4 tile=(30,59) type=3 sel=true
[devMouse] p0 unit 5 tile=(30,60) type=3 sel=true
[devMouse] p0 unit 6 tile=(29,60) type=3 sel=true
[devMouse] p0 unit 7 tile=(30,57) type=4 sel=true
[devMouse] p0 unit 8 tile=(30,56) type=4 sel=true
[devMouse] p0 unit 9 tile=(30,55) type=4 sel=true
[devMouse] p0 unit 10 tile=(28,58) type=6 sel=true
[devMouse] p1 unit 0 tile=(48,48) type=3 sel=false
[devMouse] p1 unit 1 tile=(40,34) type=3 sel=false
[devMouse] p1 unit 2 tile=(60,55) type=3 sel=false
[devMouse] p1 unit 3 tile=(61,45) type=3 sel=false
[devMouse] p1 unit 4 tile=(49,24) type=3 sel=false
[devMouse] p1 unit 5 tile=(48,25) type=3 sel=false
[devMouse] p1 unit 6 tile=(54,19) type=3 sel=false
[devMouse] p1 unit 7 tile=(36,23) type=4 sel=false
[devMouse] p1 unit 8 tile=(37,22) type=4 sel=false
[devMouse] p1 unit 9 tile=(49,33) type=4 sel=false
[devMouse] p1 unit 10 tile=(32,17) type=3 sel=false
[devMouse] p1 unit 11 tile=(25,21) type=4 sel=false
[devMouse] p1 unit 12 tile=(22,26) type=3 sel=false
[devMouse] p1 unit 13 tile=(23,27) type=3 sel=false
[devMouse] p1 unit 14 tile=(15,47) type=3 sel=false
[devMouse] p1 unit 15 tile=(16,54) type=3 sel=false
[dbg] ar=10648 am=6 aA=6 aH=0 l=false j=false fullRedraw=false
[dbg] ar=10673 am=6 aA=6 aH=0 l=false j=false fullRedraw=false
[dbg] ar=10698 am=6 aA=6 aH=0 l=false j=false fullRedraw=false
[fifo] ar=10702 slots 0
[slots] p0 n=11 0:t0@(36,59)w0 1:t0@(35,57)w13 2:t0@(36,60)w13 3:t3@(29,59)w0 4:t3@(30,59)w0 5:t3@(30,60)w0 6:t3@(29,60)w0 7:t4@(30,57)w0 8:t4@(30,56)w0 9:t4@(30,55)w0 10:t6@(28,58)w0
[dbg] ar=10723 am=6 aA=6 aH=0 l=false j=false fullRedraw=false
[fifo] ar=10726 retask 0 38 58
[devMouse] retask slot0 (36,59)w0 -> (38,58)
[fifo] ar=10734 retask 1 37 59
[devMouse] retask slot1 (33,54)w13 -> (37,59)
[fifo] ar=10742 retask 2 37 60
[devMouse] retask slot2 (35,60)w13 -> (37,60)
[dbg] ar=10748 am=6 aA=6 aH=0 l=false j=false fullRedraw=false
[fifo] ar=10750 save /tmp/aoe-camp/m1/t.aoesave
[save] wrote /tmp/aoe-camp/m1/t.aoesave (12294B) ar=10751
[dbg] ar=10773 am=6 aA=6 aH=0 l=false j=false fullRedraw=false
[fifo] ar=10796 slots 0
[slots] p0 n=11 0:t0@(37,58)w2a12 1:t0@(36,58)w5512 2:t0@(36,60)w3f12 3:t3@(29,59)w0 4:t3@(30,59)w0 5:t3@(30,60)w0 6:t3@(29,60)w0 7:t4@(30,57)w0 8:t4@(30,56)w0 9:t4@(30,55)w0 10:t6@(28,58)w0
[dbg] ar=10798 am=6 aA=6 aH=0 l=false j=false fullRedraw=false
[fifo] ar=10819 save /tmp/aoe-camp/m1/t.aoesave
[save] wrote /tmp/aoe-camp/m1/t.aoesave (12294B) ar=10820
[dbg] ar=10823 am=6 aA=6 aH=0 l=false j=false fullRedraw=false
[dbg] ar=10848 am=6 aA=6 aH=0 l=false j=false fullRedraw=false
[fifo] ar=10866 slots 0
[slots] p0 n=11 0:t0@(34,58)w13 1:t0@(36,58)w1012 2:t0@(36,59)w13 3:t3@(29,59)w0 4:t3@(30,59)w0 5:t3@(30,60)w0 6:t3@(29,60)w0 7:t4@(30,57)w0 8:t4@(30,56)w0 9:t4@(30,55)w0 10:t6@(28,58)w0
[dbg] ar=10873 am=6 aA=6 aH=0 l=false j=false fullRedraw=false
[fifo] ar=10890 retask 0 38 58
[devMouse] retask slot0 (36,60)w13 -> (38,58)
[dbg] ar=10898 am=6 aA=6 aH=0 l=false j=false fullRedraw=false
[fifo] ar=10899 retask 2 37 60
[devMouse] retask slot2 (35,57)w13 -> (37,60)
[fifo] ar=10907 save /tmp/aoe-camp/m1/t.aoesave
[save] wrote /tmp/aoe-camp/m1/t.aoesave (12294B) ar=10908
[dbg] ar=10923 am=6 aA=6 aH=0 l=false j=false fullRedraw=false
[dbg] ar=10948 am=6 aA=6 aH=0 l=false j=false fullRedraw=false
[fifo] ar=10953 slots 0
[slots] p0 n=11 0:t0@(35,60)w0 1:t0@(34,54)w13 2:t0@(36,59)w4412 3:t3@(29,59)w0 4:t3@(30,59)w0 5:t3@(30,60)w0 6:t3@(29,60)w0 7:t4@(30,57)w0 8:t4@(30,56)w0 9:t4@(30,55)w0 10:t6@(28,58)w0
[dbg] ar=10973 am=6 aA=6 aH=0 l=false j=false fullRedraw=false
[fifo] ar=10978 retask 0 38 58
[devMouse] retask slot0 (34,61)w0 -> (38,58)
[fifo] ar=10986 retask 1 37 59
[devMouse] retask slot1 (34,55)w13 -> (37,59)
[fifo] ar=10995 save /tmp/aoe-camp/m1/t.aoesave
[save] wrote /tmp/aoe-camp/m1/t.aoesave (12294B) ar=10996
[dbg] ar=10998 am=6 aA=6 aH=0 l=false j=false fullRedraw=false
[dbg] ar=11023 am=6 aA=6 aH=0 l=false j=false fullRedraw=false
[fifo] ar=11042 slots 0
[slots] p0 n=11 0:t0@(36,59)w0 1:t0@(36,58)w4e12 2:t0@(37,60)w13 3:t3@(29,59)w0 4:t3@(30,59)w0 5:t3@(30,60)w0 6:t3@(29,60)w0 7:t4@(30,57)w0 8:t4@(30,56)w0 9:t4@(30,55)w0 10:t6@(28,58)w0
[dbg] ar=11048 am=6 aA=6 aH=0 l=false j=false fullRedraw=false
[fifo] ar=11066 retask 0 38 58
[devMouse] retask slot0 (37,58)w5b12 -> (38,58)
[dbg] ar=11073 am=6 aA=6 aH=0 l=false j=false fullRedraw=false
[fifo] ar=11075 retask 2 37 60
[devMouse] retask slot2 (35,58)w13 -> (37,60)
[fifo] ar=11083 save /tmp/aoe-camp/m1/t.aoesave
[save] wrote /tmp/aoe-camp/m1/t.aoesave (12294B) ar=11084
[dbg] ar=11098 am=6 aA=6 aH=0 l=false j=false fullRedraw=false
[dbg] ar=11123 am=6 aA=6 aH=0 l=false j=false fullRedraw=false
[fifo] ar=11129 state
[devMouse] aA=6/6 cursor=(31,58) cam=(-523,628) Q=3743 aE=512 Y=0 sel=6
[devMouse] p0 unit 0 tile=(37,58) type=0 sel=true
[devMouse] p0 unit 1 tile=(36,59) type=0 sel=true
[devMouse] p0 unit 2 tile=(37,60) type=0 sel=true
[devMouse] p0 unit 3 tile=(29,59) type=3 sel=true
[devMouse] p0 unit 4 tile=(30,59) type=3 sel=true
[devMouse] p0 unit 5 tile=(30,60) type=3 sel=true
[devMouse] p0 unit 6 tile=(29,60) type=3 sel=true
[devMouse] p0 unit 7 tile=(30,57) type=4 sel=true
[devMouse] p0 unit 8 tile=(30,56) type=4 sel=true
[devMouse] p0 unit 9 tile=(30,55) type=4 sel=true
[devMouse] p0 unit 10 tile=(28,58) type=6 sel=true
[devMouse] p1 unit 0 tile=(48,48) type=3 sel=false
[devMouse] p1 unit 1 tile=(40,34) type=3 sel=false
[devMouse] p1 unit 2 tile=(60,55) type=3 sel=false
[devMouse] p1 unit 3 tile=(61,45) type=3 sel=false
[devMouse] p1 unit 4 tile=(49,24) type=3 sel=false
[devMouse] p1 unit 5 tile=(48,25) type=3 sel=false
[devMouse] p1 unit 6 tile=(54,19) type=3 sel=false
[devMouse] p1 unit 7 tile=(36,23) type=4 sel=false
[devMouse] p1 unit 8 tile=(37,22) type=4 sel=false
[devMouse] p1 unit 9 tile=(49,33) type=4 sel=false
[devMouse] p1 unit 10 tile=(32,17) type=3 sel=false
[devMouse] p1 unit 11 tile=(25,21) type=4 sel=false
[devMouse] p1 unit 12 tile=(22,26) type=3 sel=false
[devMouse] p1 unit 13 tile=(23,27) type=3 sel=false
[devMouse] p1 unit 14 tile=(15,47) type=3 sel=false
[devMouse] p1 unit 15 tile=(16,54) type=3 sel=false
[dbg] ar=11148 am=6 aA=6 aH=0 l=false j=false fullRedraw=false
[dbg] ar=11173 am=6 aA=6 aH=0 l=false j=false fullRedraw=false
[fifo] ar=11183 slots 0
[slots] p0 n=11 0:t0@(35,59)w13 1:t0@(37,58)w13 2:t0@(37,60)w0 3:t3@(29,59)w0 4:t3@(30,59)w0 5:t3@(30,60)w0 6:t3@(29,60)w0 7:t4@(30,57)w0 8:t4@(30,56)w0 9:t4@(30,55)w0 10:t6@(28,58)w0
[dbg] ar=11198 am=6 aA=6 aH=0 l=false j=false fullRedraw=false
[fifo] ar=11209 retask 0 38 58
[devMouse] retask slot0 (36,58)w13 -> (38,58)
[fifo] ar=11217 retask 1 37 59
[devMouse] retask slot1 (35,58)w13 -> (37,59)
[dbg] ar=11223 am=6 aA=6 aH=0 l=false j=false fullRedraw=false
[fifo] ar=11226 retask 2 38 60
[devMouse] retask slot2 (37,60)w0 -> (38,60)
[fifo] ar=11234 save /tmp/aoe-camp/m1/t.aoesave
[save] wrote /tmp/aoe-camp/m1/t.aoesave (12294B) ar=11235
[dbg] ar=11248 am=6 aA=6 aH=0 l=false j=false fullRedraw=false
[dbg] ar=11273 am=6 aA=6 aH=0 l=false j=false fullRedraw=false
[fifo] ar=11281 slots 0
[slots] p0 n=11 0:t0@(37,58)w2d12 1:t0@(36,59)w3212 2:t0@(37,60)w3012 3:t3@(29,59)w0 4:t3@(30,59)w0 5:t3@(30,60)w0 6:t3@(29,60)w0 7:t4@(30,57)w0 8:t4@(30,56)w0 9:t4@(30,55)w0 10:t6@(28,58)w0
[dbg] ar=11298 am=6 aA=6 aH=0 l=false j=false fullRedraw=false
[fifo] ar=11303 save /tmp/aoe-camp/m1/t.aoesave
[save] wrote /tmp/aoe-camp/m1/t.aoesave (12294B) ar=11304
[dbg] ar=11323 am=6 aA=6 aH=0 l=false j=false fullRedraw=false
[dbg] ar=11348 am=6 aA=6 aH=0 l=false j=false fullRedraw=false
[fifo] ar=11349 slots 0
[slots] p0 n=11 0:t0@(35,56)w13 1:t0@(36,60)w13 2:t0@(36,59)w13 3:t3@(29,59)w0 4:t3@(30,59)w0 5:t3@(30,60)w0 6:t3@(29,60)w0 7:t4@(30,57)w0 8:t4@(30,56)w0 9:t4@(30,55)w0 10:t6@(28,58)w0
[fifo] ar=11373 retask 0 38 58
[devMouse] retask slot0 (33,54)w13 -> (38,58)
[dbg] ar=11373 am=6 aA=6 aH=0 l=false j=false fullRedraw=false
[fifo] ar=11381 retask 1 37 59
[devMouse] retask slot1 (36,60)w13 -> (37,59)
[fifo] ar=11389 retask 2 38 60
[devMouse] retask slot2 (36,59)w13 -> (38,60)
[fifo] ar=11396 save /tmp/aoe-camp/m1/t.aoesave
[save] wrote /tmp/aoe-camp/m1/t.aoesave (12294B) ar=11397
[dbg] ar=11398 am=6 aA=6 aH=0 l=false j=false fullRedraw=false
[dbg] ar=11423 am=6 aA=6 aH=0 l=false j=false fullRedraw=false
[fifo] ar=11442 slots 0
[slots] p0 n=11 0:t0@(37,58)w0 1:t0@(36,60)w2e12 2:t0@(37,60)w3e12 3:t3@(29,59)w0 4:t3@(30,59)w0 5:t3@(30,60)w0 6:t3@(29,60)w0 7:t4@(30,57)w0 8:t4@(30,56)w0 9:t4@(30,55)w0 10:t6@(28,58)w0
[dbg] ar=11448 am=6 aA=6 aH=0 l=false j=false fullRedraw=false
[fifo] ar=11467 retask 0 38 58
[devMouse] retask slot0 (37,58)w4f12 -> (38,58)
[dbg] ar=11473 am=6 aA=6 aH=0 l=false j=false fullRedraw=false
[fifo] ar=11475 save /tmp/aoe-camp/m1/t.aoesave
[save] wrote /tmp/aoe-camp/m1/t.aoesave (12294B) ar=11476
[dbg] ar=11498 am=6 aA=6 aH=0 l=false j=false fullRedraw=false
[fifo] ar=11523 slots 0
[slots] p0 n=11 0:t0@(37,58)w2f12 1:t0@(36,59)w13 2:t0@(34,58)w13 3:t3@(29,59)w0 4:t3@(30,59)w0 5:t3@(30,60)w0 6:t3@(29,60)w0 7:t4@(30,57)w0 8:t4@(30,56)w0 9:t4@(30,55)w0 10:t6@(28,58)w0
[dbg] ar=11523 am=6 aA=6 aH=0 l=false j=false fullRedraw=false
[fifo] ar=11547 retask 1 37 59
[devMouse] retask slot1 (37,60)w13 -> (37,59)
[dbg] ar=11548 am=6 aA=6 aH=0 l=false j=false fullRedraw=false
[fifo] ar=11555 retask 2 38 60
[devMouse] retask slot2 (36,59)w13 -> (38,60)
[fifo] ar=11562 save /tmp/aoe-camp/m1/t.aoesave
[save] wrote /tmp/aoe-camp/m1/t.aoesave (12294B) ar=11563
[dbg] ar=11573 am=6 aA=6 aH=0 l=false j=false fullRedraw=false
[dbg] ar=11598 am=6 aA=6 aH=0 l=false j=false fullRedraw=false
[fifo] ar=11611 state
[devMouse] aA=6/6 cursor=(31,58) cam=(-523,628) Q=3743 aE=512 Y=0 sel=6
[devMouse] p0 unit 0 tile=(36,58) type=0 sel=true
[devMouse] p0 unit 1 tile=(37,60) type=0 sel=true
[devMouse] p0 unit 2 tile=(34,60) type=0 sel=true
[devMouse] p0 unit 3 tile=(29,59) type=3 sel=true
[devMouse] p0 unit 4 tile=(30,59) type=3 sel=true
[devMouse] p0 unit 5 tile=(30,60) type=3 sel=true
[devMouse] p0 unit 6 tile=(29,60) type=3 sel=true
[devMouse] p0 unit 7 tile=(30,57) type=4 sel=true
[devMouse] p0 unit 8 tile=(30,56) type=4 sel=true
[devMouse] p0 unit 9 tile=(30,55) type=4 sel=true
[devMouse] p0 unit 10 tile=(28,58) type=6 sel=true
[devMouse] p1 unit 0 tile=(48,48) type=3 sel=false
[devMouse] p1 unit 1 tile=(40,34) type=3 sel=false
[devMouse] p1 unit 2 tile=(60,55) type=3 sel=false
[devMouse] p1 unit 3 tile=(61,45) type=3 sel=false
[devMouse] p1 unit 4 tile=(49,24) type=3 sel=false
[devMouse] p1 unit 5 tile=(48,25) type=3 sel=false
[devMouse] p1 unit 6 tile=(54,19) type=3 sel=false
[devMouse] p1 unit 7 tile=(36,23) type=4 sel=false
[devMouse] p1 unit 8 tile=(37,22) type=4 sel=false
[devMouse] p1 unit 9 tile=(49,33) type=4 sel=false
[devMouse] p1 unit 10 tile=(32,17) type=3 sel=false
[devMouse] p1 unit 11 tile=(25,21) type=4 sel=false
[devMouse] p1 unit 12 tile=(22,26) type=3 sel=false
[devMouse] p1 unit 13 tile=(23,27) type=3 sel=false
[devMouse] p1 unit 14 tile=(15,47) type=3 sel=false
[devMouse] p1 unit 15 tile=(16,54) type=3 sel=false
[dbg] ar=11623 am=6 aA=6 aH=0 l=false j=false fullRedraw=false
[dbg] ar=11648 am=6 aA=6 aH=0 l=false j=false fullRedraw=false
[fifo] ar=11664 slots 0
[slots] p0 n=11 0:t0@(36,58)w13 1:t0@(37,59)w13 2:t0@(34,60)w0 3:t3@(29,59)w0 4:t3@(30,59)w0 5:t3@(30,60)w0 6:t3@(29,60)w0 7:t4@(30,57)w0 8:t4@(30,56)w0 9:t4@(30,55)w0 10:t6@(28,58)w0
[dbg] ar=11673 am=6 aA=6 aH=0 l=false j=false fullRedraw=false
[fifo] ar=11690 retask 0 38 58
[devMouse] retask slot0 (36,60)w13 -> (38,58)
[fifo] ar=11698 retask 1 37 59
[devMouse] retask slot1 (37,59)w13 -> (37,59)
[dbg] ar=11698 am=6 aA=6 aH=0 l=false j=false fullRedraw=false
[fifo] ar=11706 retask 2 38 60
[devMouse] retask slot2 (37,60)w5a12 -> (38,60)
[fifo] ar=11713 save /tmp/aoe-camp/m1/t.aoesave
[save] wrote /tmp/aoe-camp/m1/t.aoesave (12294B) ar=11714
[dbg] ar=11723 am=6 aA=6 aH=0 l=false j=false fullRedraw=false
[dbg] ar=11748 am=6 aA=6 aH=0 l=false j=false fullRedraw=false
[fifo] ar=11759 slots 0
[slots] p0 n=11 0:t0@(37,58)w4c12 1:t0@(37,59)w0 2:t0@(37,60)w3212 3:t3@(29,59)w0 4:t3@(30,59)w0 5:t3@(30,60)w0 6:t3@(29,60)w0 7:t4@(30,57)w0 8:t4@(30,56)w0 9:t4@(30,55)w0 10:t6@(28,58)w0
[dbg] ar=11773 am=6 aA=6 aH=0 l=false j=false fullRedraw=false
[fifo] ar=11783 retask 1 37 59
[devMouse] retask slot1 (37,59)w0 -> (37,59)
[fifo] ar=11791 save /tmp/aoe-camp/m1/t.aoesave
[save] wrote /tmp/aoe-camp/m1/t.aoesave (12294B) ar=11792
[dbg] ar=11798 am=6 aA=6 aH=0 l=false j=false fullRedraw=false
[dbg] ar=11823 am=6 aA=6 aH=0 l=false j=false fullRedraw=false
[fifo] ar=11839 slots 0
[slots] p0 n=11 0:t0@(36,59)w13 1:t0@(37,59)w0 2:t0@(35,56)w13 3:t3@(29,59)w0 4:t3@(30,59)w0 5:t3@(30,60)w0 6:t3@(29,60)w0 7:t4@(30,57)w0 8:t4@(30,56)w0 9:t4@(30,55)w0 10:t6@(28,58)w0
[dbg] ar=11848 am=6 aA=6 aH=0 l=false j=false fullRedraw=false
[fifo] ar=11864 retask 0 38 58
[devMouse] retask slot0 (35,58)w13 -> (38,58)
[fifo] ar=11872 retask 1 37 59
[devMouse] retask slot1 (37,59)w0 -> (37,59)
[dbg] ar=11873 am=6 aA=6 aH=0 l=false j=false fullRedraw=false
[fifo] ar=11880 retask 2 38 60
[devMouse] retask slot2 (32,55)w13 -> (38,60)
[fifo] ar=11888 save /tmp/aoe-camp/m1/t.aoesave
[save] wrote /tmp/aoe-camp/m1/t.aoesave (12294B) ar=11889
[dbg] ar=11898 am=6 aA=6 aH=0 l=false j=false fullRedraw=false
[dbg] ar=11923 am=6 aA=6 aH=0 l=false j=false fullRedraw=false
[fifo] ar=11933 slots 0
[slots] p0 n=11 0:t0@(37,58)w3b12 1:t0@(37,59)w0 2:t0@(37,60)w0 3:t3@(29,59)w0 4:t3@(30,59)w0 5:t3@(30,60)w0 6:t3@(29,60)w0 7:t4@(30,57)w0 8:t4@(30,56)w0 9:t4@(30,55)w0 10:t6@(28,58)w0
[dbg] ar=11948 am=6 aA=6 aH=0 l=false j=false fullRedraw=false
[fifo] ar=11958 retask 1 38 59
[devMouse] retask slot1 (37,59)w0 -> (38,59)
[fifo] ar=11966 retask 2 38 60
[devMouse] retask slot2 (37,60)w4812 -> (38,60)
[dbg] ar=11973 am=6 aA=6 aH=0 l=false j=false fullRedraw=false
[fifo] ar=11974 save /tmp/aoe-camp/m1/t.aoesave
[save] wrote /tmp/aoe-camp/m1/t.aoesave (12294B) ar=11975
[dbg] ar=11998 am=6 aA=6 aH=0 l=false j=false fullRedraw=false
[fifo] ar=12021 slots 0
[slots] p0 n=11 0:t0@(35,58)w13 1:t0@(37,59)w2812 2:t0@(37,60)w3012 3:t3@(29,59)w0 4:t3@(30,59)w0 5:t3@(30,60)w0 6:t3@(29,60)w0 7:t4@(30,57)w0 8:t4@(30,56)w0 9:t4@(30,55)w0 10:t6@(28,58)w0
[dbg] ar=12023 am=6 aA=6 aH=0 l=false j=false fullRedraw=false
[fifo] ar=12046 retask 0 38 58
[devMouse] retask slot0 (37,58)w13 -> (38,58)
[dbg] ar=12048 am=6 aA=6 aH=0 l=false j=false fullRedraw=false
[fifo] ar=12053 save /tmp/aoe-camp/m1/t.aoesave
[save] wrote /tmp/aoe-camp/m1/t.aoesave (12294B) ar=12054
[dbg] ar=12073 am=6 aA=6 aH=0 l=false j=false fullRedraw=false
[dbg] ar=12098 am=6 aA=6 aH=0 l=false j=false fullRedraw=false
[fifo] ar=12099 state
[devMouse] aA=6/6 cursor=(31,58) cam=(-523,628) Q=3743 aE=512 Y=0 sel=6
[devMouse] p0 unit 0 tile=(37,58) type=0 sel=true
[devMouse] p0 unit 1 tile=(35,58) type=0 sel=true
[devMouse] p0 unit 2 tile=(34,57) type=0 sel=true
[devMouse] p0 unit 3 tile=(29,59) type=3 sel=true
[devMouse] p0 unit 4 tile=(30,59) type=3 sel=true
[devMouse] p0 unit 5 tile=(30,60) type=3 sel=true
[devMouse] p0 unit 6 tile=(29,60) type=3 sel=true
[devMouse] p0 unit 7 tile=(30,57) type=4 sel=true
[devMouse] p0 unit 8 tile=(30,56) type=4 sel=true
[devMouse] p0 unit 9 tile=(30,55) type=4 sel=true
[devMouse] p0 unit 10 tile=(28,58) type=6 sel=true
[devMouse] p1 unit 0 tile=(48,48) type=3 sel=false
[devMouse] p1 unit 1 tile=(40,34) type=3 sel=false
[devMouse] p1 unit 2 tile=(60,55) type=3 sel=false
[devMouse] p1 unit 3 tile=(61,45) type=3 sel=false
[devMouse] p1 unit 4 tile=(49,24) type=3 sel=false
[devMouse] p1 unit 5 tile=(48,25) type=3 sel=false
[devMouse] p1 unit 6 tile=(54,19) type=3 sel=false
[devMouse] p1 unit 7 tile=(36,23) type=4 sel=false
[devMouse] p1 unit 8 tile=(37,22) type=4 sel=false
[devMouse] p1 unit 9 tile=(49,33) type=4 sel=false
[devMouse] p1 unit 10 tile=(32,17) type=3 sel=false
[devMouse] p1 unit 11 tile=(25,21) type=4 sel=false
[devMouse] p1 unit 12 tile=(22,26) type=3 sel=false
[devMouse] p1 unit 13 tile=(23,27) type=3 sel=false
[devMouse] p1 unit 14 tile=(15,47) type=3 sel=false
[devMouse] p1 unit 15 tile=(16,54) type=3 sel=false
[dbg] ar=12123 am=6 aA=6 aH=0 l=false j=false fullRedraw=false
[dbg] ar=12148 am=6 aA=6 aH=0 l=false j=false fullRedraw=false
[fifo] ar=12152 slots 0
[slots] p0 n=11 0:t0@(36,59)w13 1:t0@(37,60)w13 2:t0@(36,60)w13 3:t3@(29,59)w0 4:t3@(30,59)w0 5:t3@(30,60)w0 6:t3@(29,60)w0 7:t4@(30,57)w0 8:t4@(30,56)w0 9:t4@(30,55)w0 10:t6@(28,58)w0
[dbg] ar=12173 am=6 aA=6 aH=0 l=false j=false fullRedraw=false
[fifo] ar=12178 retask 0 38 58
[devMouse] retask slot0 (36,60)w13 -> (38,58)
[fifo] ar=12185 retask 1 38 59
[devMouse] retask slot1 (36,59)w13 -> (38,59)
[fifo] ar=12193 retask 2 38 60
[devMouse] retask slot2 (37,60)w13 -> (38,60)
[dbg] ar=12198 am=6 aA=6 aH=0 l=false j=false fullRedraw=false
[fifo] ar=12200 save /tmp/aoe-camp/m1/t.aoesave
[save] wrote /tmp/aoe-camp/m1/t.aoesave (12294B) ar=12201
[dbg] ar=12223 am=6 aA=6 aH=0 l=false j=false fullRedraw=false
[fifo] ar=12245 slots 0
[slots] p0 n=11 0:t0@(37,58)w4612 1:t0@(37,59)w3612 2:t0@(37,60)w3512 3:t3@(29,59)w0 4:t3@(30,59)w0 5:t3@(30,60)w0 6:t3@(29,60)w0 7:t4@(30,57)w0 8:t4@(30,56)w0 9:t4@(30,55)w0 10:t6@(28,58)w0
[dbg] ar=12248 am=6 aA=6 aH=0 l=false j=false fullRedraw=false
[fifo] ar=12269 save /tmp/aoe-camp/m1/t.aoesave
[save] wrote /tmp/aoe-camp/m1/t.aoesave (12294B) ar=12270
[dbg] ar=12273 am=6 aA=6 aH=0 l=false j=false fullRedraw=false
[dbg] ar=12298 am=6 aA=6 aH=0 l=false j=false fullRedraw=false
[fifo] ar=12318 slots 0
[slots] p0 n=11 0:t0@(36,59)w13 1:t0@(35,59)w13 2:t0@(37,60)w13 3:t3@(29,59)w0 4:t3@(30,59)w0 5:t3@(30,60)w0 6:t3@(29,60)w0 7:t4@(30,57)w0 8:t4@(30,56)w0 9:t4@(30,55)w0 10:t6@(28,58)w0
[dbg] ar=12323 am=6 aA=6 aH=0 l=false j=false fullRedraw=false
[fifo] ar=12344 retask 0 38 58
[devMouse] retask slot0 (36,60)w13 -> (38,58)
[dbg] ar=12348 am=6 aA=6 aH=0 l=false j=false fullRedraw=false
[fifo] ar=12352 retask 1 38 59
[devMouse] retask slot1 (37,60)w13 -> (38,59)
[fifo] ar=12359 retask 2 38 60
[devMouse] retask slot2 (37,58)w13 -> (38,60)
[fifo] ar=12367 save /tmp/aoe-camp/m1/t.aoesave
[save] wrote /tmp/aoe-camp/m1/t.aoesave (12294B) ar=12368
[dbg] ar=12373 am=6 aA=6 aH=0 l=false j=false fullRedraw=false
[dbg] ar=12398 am=6 aA=6 aH=0 l=false j=false fullRedraw=false
[fifo] ar=12416 slots 0
[slots] p0 n=11 0:t0@(37,59)w2f12 1:t0@(37,60)w2812 2:t0@(34,55)w0 3:t3@(29,59)w0 4:t3@(30,59)w0 5:t3@(30,60)w0 6:t3@(29,60)w0 7:t4@(30,57)w0 8:t4@(30,56)w0 9:t4@(30,55)w0 10:t6@(28,58)w0
[dbg] ar=12423 am=6 aA=6 aH=0 l=false j=false fullRedraw=false
[fifo] ar=12440 retask 2 38 60
[devMouse] retask slot2 (35,57)w0 -> (38,60)
[fifo] ar=12448 save /tmp/aoe-camp/m1/t.aoesave
[dbg] ar=12448 am=6 aA=6 aH=0 l=false j=false fullRedraw=false
[save] wrote /tmp/aoe-camp/m1/t.aoesave (12294B) ar=12449
[dbg] ar=12473 am=6 aA=6 aH=0 l=false j=false fullRedraw=false
[fifo] ar=12495 slots 0
[slots] p0 n=11 0:t0@(35,56)w13 1:t0@(37,58)w13 2:t0@(37,60)w4d12 3:t3@(29,59)w0 4:t3@(30,59)w0 5:t3@(30,60)w0 6:t3@(29,60)w0 7:t4@(30,57)w0 8:t4@(30,56)w0 9:t4@(30,55)w0 10:t6@(28,58)w0
[dbg] ar=12498 am=6 aA=6 aH=0 l=false j=false fullRedraw=false
[fifo] ar=12520 retask 0 38 58
[devMouse] retask slot0 (33,54)w13 -> (38,58)
[dbg] ar=12523 am=6 aA=6 aH=0 l=false j=false fullRedraw=false
[fifo] ar=12528 retask 1 38 59
[devMouse] retask slot1 (35,56)w13 -> (38,59)
[fifo] ar=12535 save /tmp/aoe-camp/m1/t.aoesave
[save] wrote /tmp/aoe-camp/m1/t.aoesave (12294B) ar=12536
[dbg] ar=12548 am=6 aA=6 aH=0 l=false j=false fullRedraw=false
[dbg] ar=12573 am=6 aA=6 aH=0 l=false j=false fullRedraw=false
[fifo] ar=12583 state
[devMouse] aA=6/6 cursor=(31,58) cam=(-523,628) Q=3743 aE=512 Y=0 sel=6
[devMouse] p0 unit 0 tile=(37,58) type=0 sel=true
[devMouse] p0 unit 1 tile=(37,59) type=0 sel=true
[devMouse] p0 unit 2 tile=(36,58) type=0 sel=true
[devMouse] p0 unit 3 tile=(29,59) type=3 sel=true
[devMouse] p0 unit 4 tile=(30,59) type=3 sel=true
[devMouse] p0 unit 5 tile=(30,60) type=3 sel=true
[devMouse] p0 unit 6 tile=(29,60) type=3 sel=true
[devMouse] p0 unit 7 tile=(30,57) type=4 sel=true
[devMouse] p0 unit 8 tile=(30,56) type=4 sel=true
[devMouse] p0 unit 9 tile=(30,55) type=4 sel=true
[devMouse] p0 unit 10 tile=(28,58) type=6 sel=true
[devMouse] p1 unit 0 tile=(48,48) type=3 sel=false
[devMouse] p1 unit 1 tile=(40,34) type=3 sel=false
[devMouse] p1 unit 2 tile=(60,55) type=3 sel=false
[devMouse] p1 unit 3 tile=(61,45) type=3 sel=false
[devMouse] p1 unit 4 tile=(49,24) type=3 sel=false
[devMouse] p1 unit 5 tile=(48,25) type=3 sel=false
[devMouse] p1 unit 6 tile=(54,19) type=3 sel=false
[devMouse] p1 unit 7 tile=(36,23) type=4 sel=false
[devMouse] p1 unit 8 tile=(37,22) type=4 sel=false
[devMouse] p1 unit 9 tile=(49,33) type=4 sel=false
[devMouse] p1 unit 10 tile=(32,17) type=3 sel=false
[devMouse] p1 unit 11 tile=(25,21) type=4 sel=false
[devMouse] p1 unit 12 tile=(22,26) type=3 sel=false
[devMouse] p1 unit 13 tile=(23,27) type=3 sel=false
[devMouse] p1 unit 14 tile=(15,47) type=3 sel=false
[devMouse] p1 unit 15 tile=(16,54) type=3 sel=false
[dbg] ar=12598 am=6 aA=6 aH=0 l=false j=false fullRedraw=false
[dbg] ar=12623 am=6 aA=6 aH=0 l=false j=false fullRedraw=false
[fifo] ar=12632 slots 0
[slots] p0 n=11 0:t0@(37,58)w3c12 1:t0@(37,59)w2c12 2:t0@(33,54)w13 3:t3@(29,59)w0 4:t3@(30,59)w0 5:t3@(30,60)w0 6:t3@(29,60)w0 7:t4@(30,57)w0 8:t4@(30,56)w0 9:t4@(30,55)w0 10:t6@(28,58)w0
[dbg] ar=12648 am=6 aA=6 aH=0 l=false j=false fullRedraw=false
[fifo] ar=12657 retask 2 38 60
[devMouse] retask slot2 (34,55)w13 -> (38,60)
[fifo] ar=12665 save /tmp/aoe-camp/m1/t.aoesave
[save] wrote /tmp/aoe-camp/m1/t.aoesave (12294B) ar=12666
[dbg] ar=12673 am=6 aA=6 aH=0 l=false j=false fullRedraw=false
[dbg] ar=12698 am=6 aA=6 aH=0 l=false j=false fullRedraw=false
[fifo] ar=12713 slots 0
[slots] p0 n=11 0:t0@(37,60)w13 1:t0@(37,58)w13 2:t0@(37,59)w5812 3:t3@(29,59)w0 4:t3@(30,59)w0 5:t3@(30,60)w0 6:t3@(29,60)w0 7:t4@(30,57)w0 8:t4@(30,56)w0 9:t4@(30,55)w0 10:t6@(28,58)w0
[dbg] ar=12723 am=6 aA=6 aH=0 l=false j=false fullRedraw=false
[fifo] ar=12737 retask 0 38 58
[devMouse] retask slot0 (35,59)w13 -> (38,58)
[fifo] ar=12745 retask 1 38 59
[devMouse] retask slot1 (35,56)w13 -> (38,59)
[dbg] ar=12748 am=6 aA=6 aH=0 l=false j=false fullRedraw=false
[fifo] ar=12753 save /tmp/aoe-camp/m1/t.aoesave
[save] wrote /tmp/aoe-camp/m1/t.aoesave (12294B) ar=12754
[dbg] ar=12773 am=6 aA=6 aH=0 l=false j=false fullRedraw=false
[dbg] ar=12798 am=6 aA=6 aH=0 l=false j=false fullRedraw=false
[fifo] ar=12799 slots 0
[slots] p0 n=11 0:t0@(37,58)w3c12 1:t0@(35,57)w0 2:t0@(37,59)w312 3:t3@(29,59)w0 4:t3@(30,59)w0 5:t3@(30,60)w0 6:t3@(29,60)w0 7:t4@(30,57)w0 8:t4@(30,56)w0 9:t4@(30,55)w0 10:t6@(28,58)w0
[fifo] ar=12822 retask 1 38 59
[devMouse] retask slot1 (37,59)w0 -> (38,59)
[dbg] ar=12823 am=6 aA=6 aH=0 l=false j=false fullRedraw=false
[fifo] ar=12831 save /tmp/aoe-camp/m1/t.aoesave
[save] wrote /tmp/aoe-camp/m1/t.aoesave (12294B) ar=12832
[dbg] ar=12848 am=6 aA=6 aH=0 l=false j=false fullRedraw=false
[dbg] ar=12873 am=6 aA=6 aH=0 l=false j=false fullRedraw=false
[fifo] ar=12878 slots 0
[slots] p0 n=11 0:t0@(34,58)w13 1:t0@(37,59)w3612 2:t0@(36,58)w13 3:t3@(29,59)w0 4:t3@(30,59)w0 5:t3@(30,60)w0 6:t3@(29,60)w0 7:t4@(30,57)w0 8:t4@(30,56)w0 9:t4@(30,55)w0 10:t6@(28,58)w0
[dbg] ar=12898 am=6 aA=6 aH=0 l=false j=false fullRedraw=false
[fifo] ar=12903 retask 0 38 58
[devMouse] retask slot0 (36,58)w13 -> (38,58)
[fifo] ar=12911 retask 2 38 60
[devMouse] retask slot2 (34,58)w13 -> (38,60)
[fifo] ar=12919 save /tmp/aoe-camp/m1/t.aoesave
[save] wrote /tmp/aoe-camp/m1/t.aoesave (12294B) ar=12920
[dbg] ar=12923 am=6 aA=6 aH=0 l=false j=false fullRedraw=false
[dbg] ar=12948 am=6 aA=6 aH=0 l=false j=false fullRedraw=false
[fifo] ar=12964 slots 0
[slots] p0 n=11 0:t0@(37,58)w3312 1:t0@(36,59)w13 2:t0@(37,59)w5412 3:t3@(29,59)w0 4:t3@(30,59)w0 5:t3@(30,60)w0 6:t3@(29,60)w0 7:t4@(30,57)w0 8:t4@(30,56)w0 9:t4@(30,55)w0 10:t6@(28,58)w0
[dbg] ar=12973 am=6 aA=6 aH=0 l=false j=false fullRedraw=false
[fifo] ar=12989 retask 1 38 59
[devMouse] retask slot1 (35,59)w13 -> (38,59)
[fifo] ar=12997 save /tmp/aoe-camp/m1/t.aoesave
[save] wrote /tmp/aoe-camp/m1/t.aoesave (12294B) ar=12998
[dbg] ar=12998 am=6 aA=6 aH=0 l=false j=false fullRedraw=false
[dbg] ar=13023 am=6 aA=6 aH=0 l=false j=false fullRedraw=false
[fifo] ar=13045 state
[devMouse] aA=6/6 cursor=(31,58) cam=(-523,628) Q=3743 aE=512 Y=0 sel=6
[devMouse] p0 unit 0 tile=(35,58) type=0 sel=true
[devMouse] p0 unit 1 tile=(37,60) type=0 sel=true
[devMouse] p0 unit 2 tile=(37,59) type=0 sel=true
[devMouse] p0 unit 3 tile=(29,59) type=3 sel=true
[devMouse] p0 unit 4 tile=(30,59) type=3 sel=true
[devMouse] p0 unit 5 tile=(30,60) type=3 sel=true
[devMouse] p0 unit 6 tile=(29,60) type=3 sel=true
[devMouse] p0 unit 7 tile=(30,57) type=4 sel=true
[devMouse] p0 unit 8 tile=(30,56) type=4 sel=true
[devMouse] p0 unit 9 tile=(30,55) type=4 sel=true
[devMouse] p0 unit 10 tile=(28,58) type=6 sel=true
[devMouse] p1 unit 0 tile=(48,48) type=3 sel=false
[devMouse] p1 unit 1 tile=(40,34) type=3 sel=false
[devMouse] p1 unit 2 tile=(60,55) type=3 sel=false
[devMouse] p1 unit 3 tile=(61,45) type=3 sel=false
[devMouse] p1 unit 4 tile=(49,24) type=3 sel=false
[devMouse] p1 unit 5 tile=(48,25) type=3 sel=false
[devMouse] p1 unit 6 tile=(54,19) type=3 sel=false
[devMouse] p1 unit 7 tile=(36,23) type=4 sel=false
[devMouse] p1 unit 8 tile=(37,22) type=4 sel=false
[devMouse] p1 unit 9 tile=(49,33) type=4 sel=false
[devMouse] p1 unit 10 tile=(32,17) type=3 sel=false
[devMouse] p1 unit 11 tile=(25,21) type=4 sel=false
[devMouse] p1 unit 12 tile=(22,26) type=3 sel=false
[devMouse] p1 unit 13 tile=(23,27) type=3 sel=false
[devMouse] p1 unit 14 tile=(15,47) type=3 sel=false
[devMouse] p1 unit 15 tile=(16,54) type=3 sel=false
[dbg] ar=13048 am=6 aA=6 aH=0 l=false j=false fullRedraw=false
[dbg] ar=13073 am=6 aA=6 aH=0 l=false j=false fullRedraw=false
[fifo] ar=13097 slots 0
[slots] p0 n=11 0:t0@(34,59)w13 1:t0@(37,60)w1312 2:t0@(37,59)w13 3:t3@(29,59)w0 4:t3@(30,59)w0 5:t3@(30,60)w0 6:t3@(29,60)w0 7:t4@(30,57)w0 8:t4@(30,56)w0 9:t4@(30,55)w0 10:t6@(28,58)w0
[dbg] ar=13098 am=6 aA=6 aH=0 l=false j=false fullRedraw=false
[fifo] ar=13121 retask 0 38 58
[devMouse] retask slot0 (36,59)w13 -> (38,58)
[dbg] ar=13123 am=6 aA=6 aH=0 l=false j=false fullRedraw=false
[fifo] ar=13129 retask 2 38 60
[devMouse] retask slot2 (35,57)w13 -> (38,60)
[fifo] ar=13137 save /tmp/aoe-camp/m1/t.aoesave
[save] wrote /tmp/aoe-camp/m1/t.aoesave (12294B) ar=13138
[dbg] ar=13148 am=6 aA=6 aH=0 l=false j=false fullRedraw=false
[dbg] ar=13173 am=6 aA=6 aH=0 l=false j=false fullRedraw=false
[fifo] ar=13184 slots 0
[slots] p0 n=11 0:t0@(37,58)w3312 1:t0@(37,59)w13 2:t0@(35,57)w0 3:t3@(29,59)w0 4:t3@(30,59)w0 5:t3@(30,60)w0 6:t3@(29,60)w0 7:t4@(30,57)w0 8:t4@(30,56)w0 9:t4@(30,55)w0 10:t6@(28,58)w0
[dbg] ar=13198 am=6 aA=6 aH=0 l=false j=false fullRedraw=false
[fifo] ar=13208 retask 1 38 59
[devMouse] retask slot1 (35,59)w13 -> (38,59)
[fifo] ar=13215 retask 2 38 60
[devMouse] retask slot2 (37,59)w6212 -> (38,60)
[fifo] ar=13223 save /tmp/aoe-camp/m1/t.aoesave
[dbg] ar=13223 am=6 aA=6 aH=0 l=false j=false fullRedraw=false
[save] wrote /tmp/aoe-camp/m1/t.aoesave (12294B) ar=13224
[dbg] ar=13248 am=6 aA=6 aH=0 l=false j=false fullRedraw=false
[fifo] ar=13269 slots 0
[slots] p0 n=11 0:t0@(35,58)w13 1:t0@(37,60)w4312 2:t0@(37,59)w3112 3:t3@(29,59)w0 4:t3@(30,59)w0 5:t3@(30,60)w0 6:t3@(29,60)w0 7:t4@(30,57)w0 8:t4@(30,56)w0 9:t4@(30,55)w0 10:t6@(28,58)w0
[dbg] ar=13273 am=6 aA=6 aH=0 l=false j=false fullRedraw=false
[fifo] ar=13293 retask 0 38 58
[devMouse] retask slot0 (36,59)w13 -> (38,58)
[dbg] ar=13298 am=6 aA=6 aH=0 l=false j=false fullRedraw=false
[fifo] ar=13301 save /tmp/aoe-camp/m1/t.aoesave
[save] wrote /tmp/aoe-camp/m1/t.aoesave (12294B) ar=13302
[dbg] ar=13323 am=6 aA=6 aH=0 l=false j=false fullRedraw=false
[fifo] ar=13346 slots 0
[slots] p0 n=11 0:t0@(37,58)w4012 1:t0@(36,58)w13 2:t0@(35,59)w13 3:t3@(29,59)w0 4:t3@(30,59)w0 5:t3@(30,60)w0 6:t3@(29,60)w0 7:t4@(30,57)w0 8:t4@(30,56)w0 9:t4@(30,55)w0 10:t6@(28,58)w0
[dbg] ar=13348 am=6 aA=6 aH=0 l=false j=false fullRedraw=false
[fifo] ar=13370 retask 1 38 59
[devMouse] retask slot1 (34,57)w13 -> (38,59)
[dbg] ar=13373 am=6 aA=6 aH=0 l=false j=false fullRedraw=false
[fifo] ar=13377 retask 2 38 60
[devMouse] retask slot2 (37,60)w13 -> (38,60)
[fifo] ar=13384 save /tmp/aoe-camp/m1/t.aoesave
[save] wrote /tmp/aoe-camp/m1/t.aoesave (12294B) ar=13385
[dbg] ar=13398 am=6 aA=6 aH=0 l=false j=false fullRedraw=false
[dbg] ar=13423 am=6 aA=6 aH=0 l=false j=false fullRedraw=false
[fifo] ar=13430 slots 0
[slots] p0 n=11 0:t0@(34,58)w13 1:t0@(37,59)w4812 2:t0@(37,60)w3612 3:t3@(29,59)w0 4:t3@(30,59)w0 5:t3@(30,60)w0 6:t3@(29,60)w0 7:t4@(30,57)w0 8:t4@(30,56)w0 9:t4@(30,55)w0 10:t6@(28,58)w0
[dbg] ar=13448 am=6 aA=6 aH=0 l=false j=false fullRedraw=false
[fifo] ar=13456 retask 0 38 58
[devMouse] retask slot0 (37,58)w13 -> (38,58)
[fifo] ar=13464 save /tmp/aoe-camp/m1/t.aoesave
[save] wrote /tmp/aoe-camp/m1/t.aoesave (12294B) ar=13465
[dbg] ar=13473 am=6 aA=6 aH=0 l=false j=false fullRedraw=false
[dbg] ar=13498 am=6 aA=6 aH=0 l=false j=false fullRedraw=false
[fifo] ar=13511 state
[devMouse] aA=6/6 cursor=(31,58) cam=(-523,628) Q=3743 aE=512 Y=0 sel=6
[devMouse] p0 unit 0 tile=(37,58) type=0 sel=true
[devMouse] p0 unit 1 tile=(37,60) type=0 sel=true
[devMouse] p0 unit 2 tile=(35,57) type=0 sel=true
[devMouse] p0 unit 3 tile=(29,59) type=3 sel=true
[devMouse] p0 unit 4 tile=(30,59) type=3 sel=true
[devMouse] p0 unit 5 tile=(30,60) type=3 sel=true
[devMouse] p0 unit 6 tile=(29,60) type=3 sel=true
[devMouse] p0 unit 7 tile=(30,57) type=4 sel=true
[devMouse] p0 unit 8 tile=(30,56) type=4 sel=true
[devMouse] p0 unit 9 tile=(30,55) type=4 sel=true
[devMouse] p0 unit 10 tile=(28,58) type=6 sel=true
[devMouse] p1 unit 0 tile=(48,48) type=3 sel=false
[devMouse] p1 unit 1 tile=(40,34) type=3 sel=false
[devMouse] p1 unit 2 tile=(60,55) type=3 sel=false
[devMouse] p1 unit 3 tile=(61,45) type=3 sel=false
[devMouse] p1 unit 4 tile=(49,24) type=3 sel=false
[devMouse] p1 unit 5 tile=(48,25) type=3 sel=false
[devMouse] p1 unit 6 tile=(54,19) type=3 sel=false
[devMouse] p1 unit 7 tile=(36,23) type=4 sel=false
[devMouse] p1 unit 8 tile=(37,22) type=4 sel=false
[devMouse] p1 unit 9 tile=(49,33) type=4 sel=false
[devMouse] p1 unit 10 tile=(32,17) type=3 sel=false
[devMouse] p1 unit 11 tile=(25,21) type=4 sel=false
[devMouse] p1 unit 12 tile=(22,26) type=3 sel=false
[devMouse] p1 unit 13 tile=(23,27) type=3 sel=false
[devMouse] p1 unit 14 tile=(15,47) type=3 sel=false
[devMouse] p1 unit 15 tile=(16,54) type=3 sel=false
[dbg] ar=13523 am=6 aA=6 aH=0 l=false j=false fullRedraw=false
[dbg] ar=13548 am=6 aA=6 aH=0 l=false j=false fullRedraw=false
[fifo] ar=13565 slots 0
[slots] p0 n=11 0:t0@(37,58)w312 1:t0@(36,60)w13 2:t0@(33,55)w13 3:t3@(29,59)w0 4:t3@(30,59)w0 5:t3@(30,60)w0 6:t3@(29,60)w0 7:t4@(30,57)w0 8:t4@(30,56)w0 9:t4@(30,55)w0 10:t6@(28,58)w0
[dbg] ar=13573 am=6 aA=6 aH=0 l=false j=false fullRedraw=false
[fifo] ar=13589 retask 1 38 59
[devMouse] retask slot1 (37,59)w13 -> (38,59)
[fifo] ar=13597 retask 2 38 60
[devMouse] retask slot2 (34,58)w13 -> (38,60)
[dbg] ar=13598 am=6 aA=6 aH=0 l=false j=false fullRedraw=false
[fifo] ar=13605 save /tmp/aoe-camp/m1/t.aoesave
[save] wrote /tmp/aoe-camp/m1/t.aoesave (12294B) ar=13606
[dbg] ar=13623 am=6 aA=6 aH=0 l=false j=false fullRedraw=false
[dbg] ar=13648 am=6 aA=6 aH=0 l=false j=false fullRedraw=false
[fifo] ar=13651 slots 0
[slots] p0 n=11 0:t0@(35,58)w13 1:t0@(37,59)w2c12 2:t0@(37,60)w5012 3:t3@(29,59)w0 4:t3@(30,59)w0 5:t3@(30,60)w0 6:t3@(29,60)w0 7:t4@(30,57)w0 8:t4@(30,56)w0 9:t4@(30,55)w0 10:t6@(28,58)w0
[dbg] ar=13673 am=6 aA=6 aH=0 l=false j=false fullRedraw=false
[fifo] ar=13676 retask 0 38 58
[devMouse] retask slot0 (36,59)w13 -> (38,58)
[fifo] ar=13685 save /tmp/aoe-camp/m1/t.aoesave
[save] wrote /tmp/aoe-camp/m1/t.aoesave (12294B) ar=13686
[dbg] ar=13698 am=6 aA=6 aH=0 l=false j=false fullRedraw=false
[dbg] ar=13723 am=6 aA=6 aH=0 l=false j=false fullRedraw=false
[fifo] ar=13731 slots 0
[slots] p0 n=11 0:t0@(37,58)w4112 1:t0@(35,59)w13 2:t0@(37,60)w13 3:t3@(29,59)w0 4:t3@(30,59)w0 5:t3@(30,60)w0 6:t3@(29,60)w0 7:t4@(30,57)w0 8:t4@(30,56)w0 9:t4@(30,55)w0 10:t6@(28,58)w0
[dbg] ar=13748 am=6 aA=6 aH=0 l=false j=false fullRedraw=false
[fifo] ar=13755 retask 1 38 59
[devMouse] retask slot1 (36,60)w13 -> (38,59)
[fifo] ar=13763 retask 2 38 60
[devMouse] retask slot2 (34,57)w13 -> (38,60)
[fifo] ar=13772 save /tmp/aoe-camp/m1/t.aoesave
[save] wrote /tmp/aoe-camp/m1/t.aoesave (12294B) ar=13773
[dbg] ar=13773 am=6 aA=6 aH=0 l=false j=false fullRedraw=false
[dbg] ar=13798 am=6 aA=6 aH=0 l=false j=false fullRedraw=false
[fifo] ar=13818 slots 0
[slots] p0 n=11 0:t0@(34,58)w13 1:t0@(37,59)w3412 2:t0@(37,60)w5812 3:t3@(29,59)w0 4:t3@(30,59)w0 5:t3@(30,60)w0 6:t3@(29,60)w0 7:t4@(30,57)w0 8:t4@(30,56)w0 9:t4@(30,55)w0 10:t6@(28,58)w0
[dbg] ar=13823 am=6 aA=6 aH=0 l=false j=false fullRedraw=false
[fifo] ar=13843 retask 0 38 58
[devMouse] retask slot0 (37,58)w13 -> (38,58)
[dbg] ar=13848 am=6 aA=6 aH=0 l=false j=false fullRedraw=false
[fifo] ar=13852 save /tmp/aoe-camp/m1/t.aoesave
[save] wrote /tmp/aoe-camp/m1/t.aoesave (12294B) ar=13853
[dbg] ar=13873 am=6 aA=6 aH=0 l=false j=false fullRedraw=false
[fifo] ar=13898 slots 0
[slots] p0 n=11 0:t0@(37,58)w3712 1:t0@(35,59)w13 2:t0@(37,60)w812 3:t3@(29,59)w0 4:t3@(30,59)w0 5:t3@(30,60)w0 6:t3@(29,60)w0 7:t4@(30,57)w0 8:t4@(30,56)w0 9:t4@(30,55)w0 10:t6@(28,58)w0
[dbg] ar=13898 am=6 aA=6 aH=0 l=false j=false fullRedraw=false
[fifo] ar=13921 retask 1 38 59
[devMouse] retask slot1 (37,60)w13 -> (38,59)
[dbg] ar=13923 am=6 aA=6 aH=0 l=false j=false fullRedraw=false
[fifo] ar=13929 save /tmp/aoe-camp/m1/t.aoesave
[save] wrote /tmp/aoe-camp/m1/t.aoesave (12294B) ar=13930
[dbg] ar=13948 am=6 aA=6 aH=0 l=false j=false fullRedraw=false
[dbg] ar=13973 am=6 aA=6 aH=0 l=false j=false fullRedraw=false
[fifo] ar=13976 state
[devMouse] aA=6/6 cursor=(31,58) cam=(-523,628) Q=3743 aE=512 Y=0 sel=6
[devMouse] p0 unit 0 tile=(35,60) type=0 sel=true
[devMouse] p0 unit 1 tile=(37,60) type=0 sel=true
[devMouse] p0 unit 2 tile=(37,59) type=0 sel=true
[devMouse] p0 unit 3 tile=(29,59) type=3 sel=true
[devMouse] p0 unit 4 tile=(30,59) type=3 sel=true
[devMouse] p0 unit 5 tile=(30,60) type=3 sel=true
[devMouse] p0 unit 6 tile=(29,60) type=3 sel=true
[devMouse] p0 unit 7 tile=(30,57) type=4 sel=true
[devMouse] p0 unit 8 tile=(30,56) type=4 sel=true
[devMouse] p0 unit 9 tile=(30,55) type=4 sel=true
[devMouse] p0 unit 10 tile=(28,58) type=6 sel=true
[devMouse] p1 unit 0 tile=(48,48) type=3 sel=false
[devMouse] p1 unit 1 tile=(40,34) type=3 sel=false
[devMouse] p1 unit 2 tile=(60,55) type=3 sel=false
[devMouse] p1 unit 3 tile=(61,45) type=3 sel=false
[devMouse] p1 unit 4 tile=(49,24) type=3 sel=false
[devMouse] p1 unit 5 tile=(48,25) type=3 sel=false
[devMouse] p1 unit 6 tile=(54,19) type=3 sel=false
[devMouse] p1 unit 7 tile=(36,23) type=4 sel=false
[devMouse] p1 unit 8 tile=(37,22) type=4 sel=false
[devMouse] p1 unit 9 tile=(49,33) type=4 sel=false
[devMouse] p1 unit 10 tile=(32,17) type=3 sel=false
[devMouse] p1 unit 11 tile=(25,21) type=4 sel=false
[devMouse] p1 unit 12 tile=(22,26) type=3 sel=false
[devMouse] p1 unit 13 tile=(23,27) type=3 sel=false
[devMouse] p1 unit 14 tile=(15,47) type=3 sel=false
[devMouse] p1 unit 15 tile=(16,54) type=3 sel=false
[dbg] ar=13998 am=6 aA=6 aH=0 l=false j=false fullRedraw=false
[dbg] ar=14023 am=6 aA=6 aH=0 l=false j=false fullRedraw=false
[fifo] ar=14030 slots 0
[slots] p0 n=11 0:t0@(36,58)w13 1:t0@(36,59)w13 2:t0@(37,59)w13 3:t3@(29,59)w0 4:t3@(30,59)w0 5:t3@(30,60)w0 6:t3@(29,60)w0 7:t4@(30,57)w0 8:t4@(30,56)w0 9:t4@(30,55)w0 10:t6@(28,58)w0
[dbg] ar=14048 am=6 aA=6 aH=0 l=false j=false fullRedraw=false
[fifo] ar=14054 retask 0 38 58
[devMouse] retask slot0 (34,55)w13 -> (38,58)
[fifo] ar=14062 retask 1 38 59
[devMouse] retask slot1 (36,60)w13 -> (38,59)
[fifo] ar=14071 retask 2 38 60
[devMouse] retask slot2 (37,60)w13 -> (38,60)
[dbg] ar=14073 am=6 aA=6 aH=0 l=false j=false fullRedraw=false
[fifo] ar=14079 save /tmp/aoe-camp/m1/t.aoesave
[save] wrote /tmp/aoe-camp/m1/t.aoesave (12294B) ar=14080
[dbg] ar=14098 am=6 aA=6 aH=0 l=false j=false fullRedraw=false
[dbg] ar=14123 am=6 aA=6 aH=0 l=false j=false fullRedraw=false
[fifo] ar=14125 slots 0
[slots] p0 n=11 0:t0@(37,58)w5e12 1:t0@(37,59)w3312 2:t0@(37,60)w3812 3:t3@(29,59)w0 4:t3@(30,59)w0 5:t3@(30,60)w0 6:t3@(29,60)w0 7:t4@(30,57)w0 8:t4@(30,56)w0 9:t4@(30,55)w0 10:t6@(28,58)w0
[dbg] ar=14148 am=6 aA=6 aH=0 l=false j=false fullRedraw=false
[fifo] ar=14149 save /tmp/aoe-camp/m1/t.aoesave
[save] wrote /tmp/aoe-camp/m1/t.aoesave (12294B) ar=14150
[dbg] ar=14173 am=6 aA=6 aH=0 l=false j=false fullRedraw=false
[fifo] ar=14194 slots 0
[slots] p0 n=11 0:t0@(37,58)w1812 1:t0@(37,59)w13 2:t0@(36,58)w13 3:t3@(29,59)w0 4:t3@(30,59)w0 5:t3@(30,60)w0 6:t3@(29,60)w0 7:t4@(30,57)w0 8:t4@(30,56)w0 9:t4@(30,55)w0 10:t6@(28,58)w0
[dbg] ar=14198 am=6 aA=6 aH=0 l=false j=false fullRedraw=false
[fifo] ar=14218 retask 1 38 59
[devMouse] retask slot1 (35,58)w13 -> (38,59)
[dbg] ar=14223 am=6 aA=6 aH=0 l=false j=false fullRedraw=false
[fifo] ar=14227 retask 2 38 60
[devMouse] retask slot2 (35,58)w13 -> (38,60)
[fifo] ar=14234 save /tmp/aoe-camp/m1/t.aoesave
[save] wrote /tmp/aoe-camp/m1/t.aoesave (12294B) ar=14236
[dbg] ar=14248 am=6 aA=6 aH=0 l=false j=false fullRedraw=false
[dbg] ar=14273 am=6 aA=6 aH=0 l=false j=false fullRedraw=false
[fifo] ar=14278 slots 0
[slots] p0 n=11 0:t0@(36,59)w13 1:t0@(37,59)w3f12 2:t0@(37,60)w5612 3:t3@(29,59)w0 4:t3@(30,59)w0 5:t3@(30,60)w0 6:t3@(29,60)w0 7:t4@(30,57)w0 8:t4@(30,56)w0 9:t4@(30,55)w0 10:t6@(28,58)w0
[dbg] ar=14298 am=6 aA=6 aH=0 l=false j=false fullRedraw=false
[fifo] ar=14302 retask 0 38 58
[devMouse] retask slot0 (35,58)w13 -> (38,58)
[fifo] ar=14310 save /tmp/aoe-camp/m1/t.aoesave
[save] wrote /tmp/aoe-camp/m1/t.aoesave (12294B) ar=14311
[dbg] ar=14323 am=6 aA=6 aH=0 l=false j=false fullRedraw=false
[dbg] ar=14348 am=6 aA=6 aH=0 l=false j=false fullRedraw=false
[fifo] ar=14357 slots 0
[slots] p0 n=11 0:t0@(37,58)w4812 1:t0@(35,60)w13 2:t0@(37,60)w712 3:t3@(29,59)w0 4:t3@(30,59)w0 5:t3@(30,60)w0 6:t3@(29,60)w0 7:t4@(30,57)w0 8:t4@(30,56)w0 9:t4@(30,55)w0 10:t6@(28,58)w0
[dbg] ar=14373 am=6 aA=6 aH=0 l=false j=false fullRedraw=false
[fifo] ar=14382 retask 1 38 59
[devMouse] retask slot1 (36,59)w13 -> (38,59)
[fifo] ar=14390 save /tmp/aoe-camp/m1/t.aoesave
[save] wrote /tmp/aoe-camp/m1/t.aoesave (12294B) ar=14391
[dbg] ar=14398 am=6 aA=6 aH=0 l=false j=false fullRedraw=false
[dbg] ar=14423 am=6 aA=6 aH=0 l=false j=false fullRedraw=false
[fifo] ar=14435 state
[devMouse] aA=6/6 cursor=(31,58) cam=(-523,628) Q=3743 aE=512 Y=0 sel=6
[devMouse] p0 unit 0 tile=(36,59) type=0 sel=true
[devMouse] p0 unit 1 tile=(37,59) type=0 sel=true
[devMouse] p0 unit 2 tile=(35,60) type=0 sel=true
[devMouse] p0 unit 3 tile=(29,59) type=3 sel=true
[devMouse] p0 unit 4 tile=(30,59) type=3 sel=true
[devMouse] p0 unit 5 tile=(30,60) type=3 sel=true
[devMouse] p0 unit 6 tile=(29,60) type=3 sel=true
[devMouse] p0 unit 7 tile=(30,57) type=4 sel=true
[devMouse] p0 unit 8 tile=(30,56) type=4 sel=true
[devMouse] p0 unit 9 tile=(30,55) type=4 sel=true
[devMouse] p0 unit 10 tile=(28,58) type=6 sel=true
[devMouse] p1 unit 0 tile=(48,48) type=3 sel=false
[devMouse] p1 unit 1 tile=(40,34) type=3 sel=false
[devMouse] p1 unit 2 tile=(60,55) type=3 sel=false
[devMouse] p1 unit 3 tile=(61,45) type=3 sel=false
[devMouse] p1 unit 4 tile=(49,24) type=3 sel=false
[devMouse] p1 unit 5 tile=(48,25) type=3 sel=false
[devMouse] p1 unit 6 tile=(54,19) type=3 sel=false
[devMouse] p1 unit 7 tile=(36,23) type=4 sel=false
[devMouse] p1 unit 8 tile=(37,22) type=4 sel=false
[devMouse] p1 unit 9 tile=(49,33) type=4 sel=false
[devMouse] p1 unit 10 tile=(32,17) type=3 sel=false
[devMouse] p1 unit 11 tile=(25,21) type=4 sel=false
[devMouse] p1 unit 12 tile=(22,26) type=3 sel=false
[devMouse] p1 unit 13 tile=(23,27) type=3 sel=false
[devMouse] p1 unit 14 tile=(15,47) type=3 sel=false
[devMouse] p1 unit 15 tile=(16,54) type=3 sel=false
[dbg] ar=14448 am=6 aA=6 aH=0 l=false j=false fullRedraw=false
[dbg] ar=14473 am=6 aA=6 aH=0 l=false j=false fullRedraw=false
[fifo] ar=14489 slots 0
[slots] p0 n=11 0:t0@(37,60)w13 1:t0@(37,59)w912 2:t0@(36,59)w13 3:t3@(29,59)w0 4:t3@(30,59)w0 5:t3@(30,60)w0 6:t3@(29,60)w0 7:t4@(30,57)w0 8:t4@(30,56)w0 9:t4@(30,55)w0 10:t6@(28,58)w0
[dbg] ar=14498 am=6 aA=6 aH=0 l=false j=false fullRedraw=false
[fifo] ar=14512 retask 0 38 58
[devMouse] retask slot0 (37,60)w13 -> (38,58)
[fifo] ar=14521 retask 2 38 60
[devMouse] retask slot2 (36,58)w13 -> (38,60)
[dbg] ar=14523 am=6 aA=6 aH=0 l=false j=false fullRedraw=false
[fifo] ar=14528 save /tmp/aoe-camp/m1/t.aoesave
[save] wrote /tmp/aoe-camp/m1/t.aoesave (12294B) ar=14529
[dbg] ar=14548 am=6 aA=6 aH=0 l=false j=false fullRedraw=false
[dbg] ar=14573 am=6 aA=6 aH=0 l=false j=false fullRedraw=false
[fifo] ar=14574 slots 0
[slots] p0 n=11 0:t0@(37,58)w5412 1:t0@(37,60)w13 2:t0@(37,59)w4012 3:t3@(29,59)w0 4:t3@(30,59)w0 5:t3@(30,60)w0 6:t3@(29,60)w0 7:t4@(30,57)w0 8:t4@(30,56)w0 9:t4@(30,55)w0 10:t6@(28,58)w0
[dbg] ar=14598 am=6 aA=6 aH=0 l=false j=false fullRedraw=false
[fifo] ar=14600 retask 1 38 59
[devMouse] retask slot1 (36,59)w13 -> (38,59)
[fifo] ar=14607 save /tmp/aoe-camp/m1/t.aoesave
[save] wrote /tmp/aoe-camp/m1/t.aoesave (12294B) ar=14608
[dbg] ar=14623 am=6 aA=6 aH=0 l=false j=false fullRedraw=false
[dbg] ar=14648 am=6 aA=6 aH=0 l=false j=false fullRedraw=false
[fifo] ar=14654 slots 0
[slots] p0 n=11 0:t0@(37,58)w512 1:t0@(37,60)w4112 2:t0@(35,60)w13 3:t3@(29,59)w0 4:t3@(30,59)w0 5:t3@(30,60)w0 6:t3@(29,60)w0 7:t4@(30,57)w0 8:t4@(30,56)w0 9:t4@(30,55)w0 10:t6@(28,58)w0
[dbg] ar=14673 am=6 aA=6 aH=0 l=false j=false fullRedraw=false
[fifo] ar=14679 retask 2 38 60
[devMouse] retask slot2 (36,59)w13 -> (38,60)
[fifo] ar=14687 save /tmp/aoe-camp/m1/t.aoesave
[save] wrote /tmp/aoe-camp/m1/t.aoesave (12294B) ar=14688
[dbg] ar=14698 am=6 aA=6 aH=0 l=false j=false fullRedraw=false
[dbg] ar=14723 am=6 aA=6 aH=0 l=false j=false fullRedraw=false
[fifo] ar=14732 slots 0
[slots] p0 n=11 0:t0@(35,57)w13 1:t0@(35,59)w13 2:t0@(37,59)w4812 3:t3@(29,59)w0 4:t3@(30,59)w0 5:t3@(30,60)w0 6:t3@(29,60)w0 7:t4@(30,57)w0 8:t4@(30,56)w0 9:t4@(30,55)w0 10:t6@(28,58)w0
[dbg] ar=14748 am=6 aA=6 aH=0 l=false j=false fullRedraw=false
[fifo] ar=14755 retask 0 38 58
[devMouse] retask slot0 (34,55)w13 -> (38,58)
[fifo] ar=14763 retask 1 38 59
[devMouse] retask slot1 (36,58)w13 -> (38,59)
[fifo] ar=14771 save /tmp/aoe-camp/m1/t.aoesave
[save] wrote /tmp/aoe-camp/m1/t.aoesave (12294B) ar=14772
[dbg] ar=14773 am=6 aA=6 aH=0 l=false j=false fullRedraw=false
[dbg] ar=14798 am=6 aA=6 aH=0 l=false j=false fullRedraw=false
[fifo] ar=14817 slots 0
[slots] p0 n=11 0:t0@(35,60)w0 1:t0@(37,58)w5e12 2:t0@(36,60)w13 3:t3@(29,59)w0 4:t3@(30,59)w0 5:t3@(30,60)w0 6:t3@(29,60)w0 7:t4@(30,57)w0 8:t4@(30,56)w0 9:t4@(30,55)w0 10:t6@(28,58)w0
[dbg] ar=14823 am=6 aA=6 aH=0 l=false j=false fullRedraw=false
[fifo] ar=14841 retask 0 38 58
[devMouse] retask slot0 (34,59)w0 -> (38,58)
[dbg] ar=14848 am=6 aA=6 aH=0 l=false j=false fullRedraw=false
[fifo] ar=14849 retask 2 38 60
[devMouse] retask slot2 (37,59)w13 -> (38,60)
[fifo] ar=14857 save /tmp/aoe-camp/m1/t.aoesave
[save] wrote /tmp/aoe-camp/m1/t.aoesave (12294B) ar=14858
[dbg] ar=14873 am=6 aA=6 aH=0 l=false j=false fullRedraw=false
[dbg] ar=14898 am=6 aA=6 aH=0 l=false j=false fullRedraw=false
[fifo] ar=14903 state
[devMouse] aA=6/6 cursor=(31,58) cam=(-523,628) Q=3743 aE=512 Y=0 sel=6
[devMouse] p0 unit 0 tile=(36,59) type=0 sel=true
[devMouse] p0 unit 1 tile=(37,58) type=0 sel=true
[devMouse] p0 unit 2 tile=(37,59) type=0 sel=true
[devMouse] p0 unit 3 tile=(29,59) type=3 sel=true
[devMouse] p0 unit 4 tile=(30,59) type=3 sel=true
[devMouse] p0 unit 5 tile=(30,60) type=3 sel=true
[devMouse] p0 unit 6 tile=(29,60) type=3 sel=true
[devMouse] p0 unit 7 tile=(30,57) type=4 sel=true
[devMouse] p0 unit 8 tile=(30,56) type=4 sel=true
[devMouse] p0 unit 9 tile=(30,55) type=4 sel=true
[devMouse] p0 unit 10 tile=(28,58) type=6 sel=true
[devMouse] p1 unit 0 tile=(48,48) type=3 sel=false
[devMouse] p1 unit 1 tile=(40,34) type=3 sel=false
[devMouse] p1 unit 2 tile=(60,55) type=3 sel=false
[devMouse] p1 unit 3 tile=(61,45) type=3 sel=false
[devMouse] p1 unit 4 tile=(49,24) type=3 sel=false
[devMouse] p1 unit 5 tile=(48,25) type=3 sel=false
[devMouse] p1 unit 6 tile=(54,19) type=3 sel=false
[devMouse] p1 unit 7 tile=(36,23) type=4 sel=false
[devMouse] p1 unit 8 tile=(37,22) type=4 sel=false
[devMouse] p1 unit 9 tile=(49,33) type=4 sel=false
[devMouse] p1 unit 10 tile=(32,17) type=3 sel=false
[devMouse] p1 unit 11 tile=(25,21) type=4 sel=false
[devMouse] p1 unit 12 tile=(22,26) type=3 sel=false
[devMouse] p1 unit 13 tile=(23,27) type=3 sel=false
[devMouse] p1 unit 14 tile=(15,47) type=3 sel=false
[devMouse] p1 unit 15 tile=(16,54) type=3 sel=false
[dbg] ar=14923 am=6 aA=6 aH=0 l=false j=false fullRedraw=false
[dbg] ar=14948 am=6 aA=6 aH=0 l=false j=false fullRedraw=false
[fifo] ar=14957 slots 0
[slots] p0 n=11 0:t0@(36,60)w0 1:t0@(36,58)w13 2:t0@(37,60)w13 3:t3@(29,59)w0 4:t3@(30,59)w0 5:t3@(30,60)w0 6:t3@(29,60)w0 7:t4@(30,57)w0 8:t4@(30,56)w0 9:t4@(30,55)w0 10:t6@(28,58)w0
[dbg] ar=14973 am=6 aA=6 aH=0 l=false j=false fullRedraw=false
[fifo] ar=14981 retask 0 38 58
[devMouse] retask slot0 (37,59)w5f12 -> (38,58)
[fifo] ar=14989 retask 1 38 59
[devMouse] retask slot1 (35,59)w13 -> (38,59)
[fifo] ar=14998 retask 2 38 60
[devMouse] retask slot2 (35,59)w13 -> (38,60)
[dbg] ar=14998 am=6 aA=6 aH=0 l=false j=false fullRedraw=false
[fifo] ar=15006 save /tmp/aoe-camp/m1/t.aoesave
[save] wrote /tmp/aoe-camp/m1/t.aoesave (12294B) ar=15007
[dbg] ar=15023 am=6 aA=6 aH=0 l=false j=false fullRedraw=false
[dbg] ar=15048 am=6 aA=6 aH=0 l=false j=false fullRedraw=false
[fifo] ar=15055 slots 0
[slots] p0 n=11 0:t0@(37,59)w1e12 1:t0@(37,58)w5312 2:t0@(37,60)w4912 3:t3@(29,59)w0 4:t3@(30,59)w0 5:t3@(30,60)w0 6:t3@(29,60)w0 7:t4@(30,57)w0 8:t4@(30,56)w0 9:t4@(30,55)w0 10:t6@(28,58)w0
[dbg] ar=15073 am=6 aA=6 aH=0 l=false j=false fullRedraw=false
[fifo] ar=15079 save /tmp/aoe-camp/m1/t.aoesave
[save] wrote /tmp/aoe-camp/m1/t.aoesave (12294B) ar=15080
[dbg] ar=15098 am=6 aA=6 aH=0 l=false j=false fullRedraw=false
[dbg] ar=15123 am=6 aA=6 aH=0 l=false j=false fullRedraw=false
[fifo] ar=15126 slots 0
[slots] p0 n=11 0:t0@(36,58)w13 1:t0@(37,58)wb12 2:t0@(37,60)w112 3:t3@(29,59)w0 4:t3@(30,59)w0 5:t3@(30,60)w0 6:t3@(29,60)w0 7:t4@(30,57)w0 8:t4@(30,56)w0 9:t4@(30,55)w0 10:t6@(28,58)w0
[dbg] ar=15148 am=6 aA=6 aH=0 l=false j=false fullRedraw=false
[fifo] ar=15150 retask 0 38 58
[devMouse] retask slot0 (34,60)w13 -> (38,58)
[fifo] ar=15158 save /tmp/aoe-camp/m1/t.aoesave
[save] wrote /tmp/aoe-camp/m1/t.aoesave (12294B) ar=15159
[dbg] ar=15173 am=6 aA=6 aH=0 l=false j=false fullRedraw=false
[dbg] ar=15198 am=6 aA=6 aH=0 l=false j=false fullRedraw=false
[fifo] ar=15205 slots 0
[slots] p0 n=11 0:t0@(37,59)w5112 1:t0@(35,59)w13 2:t0@(37,58)w13 3:t3@(29,59)w0 4:t3@(30,59)w0 5:t3@(30,60)w0 6:t3@(29,60)w0 7:t4@(30,57)w0 8:t4@(30,56)w0 9:t4@(30,55)w0 10:t6@(28,58)w0
[dbg] ar=15223 am=6 aA=6 aH=0 l=false j=false fullRedraw=false
[fifo] ar=15230 retask 1 38 59
[devMouse] retask slot1 (36,58)w13 -> (38,59)
[fifo] ar=15238 retask 2 38 60
[devMouse] retask slot2 (35,58)w13 -> (38,60)
[fifo] ar=15246 save /tmp/aoe-camp/m1/t.aoesave
[save] wrote /tmp/aoe-camp/m1/t.aoesave (12294B) ar=15247
[dbg] ar=15248 am=6 aA=6 aH=0 l=false j=false fullRedraw=false
[dbg] ar=15273 am=6 aA=6 aH=0 l=false j=false fullRedraw=false
[fifo] ar=15293 slots 0
[slots] p0 n=11 0:t0@(36,58)w13 1:t0@(37,58)w5b12 2:t0@(37,60)w5112 3:t3@(29,59)w0 4:t3@(30,59)w0 5:t3@(30,60)w0 6:t3@(29,60)w0 7:t4@(30,57)w0 8:t4@(30,56)w0 9:t4@(30,55)w0 10:t6@(28,58)w0
[dbg] ar=15298 am=6 aA=6 aH=0 l=false j=false fullRedraw=false
[fifo] ar=15318 retask 0 38 58
[devMouse] retask slot0 (35,57)w13 -> (38,58)
[dbg] ar=15323 am=6 aA=6 aH=0 l=false j=false fullRedraw=false
[fifo] ar=15326 save /tmp/aoe-camp/m1/t.aoesave
[save] wrote /tmp/aoe-camp/m1/t.aoesave (12294B) ar=15327
[dbg] ar=15348 am=6 aA=6 aH=0 l=false j=false fullRedraw=false
[fifo] ar=15372 state
[devMouse] aA=6/6 cursor=(31,58) cam=(-523,628) Q=3743 aE=512 Y=0 sel=6
[devMouse] p0 unit 0 tile=(36,59) type=0 sel=true
[devMouse] p0 unit 1 tile=(37,58) type=0 sel=true
[devMouse] p0 unit 2 tile=(37,60) type=0 sel=true
[devMouse] p0 unit 3 tile=(29,59) type=3 sel=true
[devMouse] p0 unit 4 tile=(30,59) type=3 sel=true
[devMouse] p0 unit 5 tile=(30,60) type=3 sel=true
[devMouse] p0 unit 6 tile=(29,60) type=3 sel=true
[devMouse] p0 unit 7 tile=(30,57) type=4 sel=true
[devMouse] p0 unit 8 tile=(30,56) type=4 sel=true
[devMouse] p0 unit 9 tile=(30,55) type=4 sel=true
[devMouse] p0 unit 10 tile=(28,58) type=6 sel=true
[devMouse] p1 unit 0 tile=(48,48) type=3 sel=false
[devMouse] p1 unit 1 tile=(40,34) type=3 sel=false
[devMouse] p1 unit 2 tile=(60,55) type=3 sel=false
[devMouse] p1 unit 3 tile=(61,45) type=3 sel=false
[devMouse] p1 unit 4 tile=(49,24) type=3 sel=false
[devMouse] p1 unit 5 tile=(48,25) type=3 sel=false
[devMouse] p1 unit 6 tile=(54,19) type=3 sel=false
[devMouse] p1 unit 7 tile=(36,23) type=4 sel=false
[devMouse] p1 unit 8 tile=(37,22) type=4 sel=false
[devMouse] p1 unit 9 tile=(49,33) type=4 sel=false
[devMouse] p1 unit 10 tile=(32,17) type=3 sel=false
[devMouse] p1 unit 11 tile=(25,21) type=4 sel=false
[devMouse] p1 unit 12 tile=(22,26) type=3 sel=false
[devMouse] p1 unit 13 tile=(23,27) type=3 sel=false
[devMouse] p1 unit 14 tile=(15,47) type=3 sel=false
[devMouse] p1 unit 15 tile=(16,54) type=3 sel=false
[dbg] ar=15373 am=6 aA=6 aH=0 l=false j=false fullRedraw=false
[dbg] ar=15398 am=6 aA=6 aH=0 l=false j=false fullRedraw=false
[dbg] ar=15423 am=6 aA=6 aH=0 l=false j=false fullRedraw=false
[fifo] ar=15424 slots 0
[slots] p0 n=11 0:t0@(37,59)w5212 1:t0@(37,58)w13 2:t0@(34,58)w13 3:t3@(29,59)w0 4:t3@(30,59)w0 5:t3@(30,60)w0 6:t3@(29,60)w0 7:t4@(30,57)w0 8:t4@(30,56)w0 9:t4@(30,55)w0 10:t6@(28,58)w0
[dbg] ar=15448 am=6 aA=6 aH=0 l=false j=false fullRedraw=false
[fifo] ar=15449 retask 1 38 59
[devMouse] retask slot1 (34,58)w13 -> (38,59)
[fifo] ar=15457 retask 2 38 60
[devMouse] retask slot2 (36,59)w13 -> (38,60)
[fifo] ar=15465 save /tmp/aoe-camp/m1/t.aoesave
[save] wrote /tmp/aoe-camp/m1/t.aoesave (12294B) ar=15466
[dbg] ar=15473 am=6 aA=6 aH=0 l=false j=false fullRedraw=false
[dbg] ar=15498 am=6 aA=6 aH=0 l=false j=false fullRedraw=false
[fifo] ar=15507 slots 0
[slots] p0 n=11 0:t0@(37,59)w13 1:t0@(37,58)w5912 2:t0@(37,60)w4712 3:t3@(29,59)w0 4:t3@(30,59)w0 5:t3@(30,60)w0 6:t3@(29,60)w0 7:t4@(30,57)w0 8:t4@(30,56)w0 9:t4@(30,55)w0 10:t6@(28,58)w0
[dbg] ar=15523 am=6 aA=6 aH=0 l=false j=false fullRedraw=false
[fifo] ar=15530 retask 0 38 58
[devMouse] retask slot0 (34,57)w13 -> (38,58)
[fifo] ar=15537 save /tmp/aoe-camp/m1/t.aoesave
[save] wrote /tmp/aoe-camp/m1/t.aoesave (12294B) ar=15538
[dbg] ar=15548 am=6 aA=6 aH=0 l=false j=false fullRedraw=false
[dbg] ar=15573 am=6 aA=6 aH=0 l=false j=false fullRedraw=false
[fifo] ar=15584 slots 0
[slots] p0 n=11 0:t0@(35,59)w0 1:t0@(37,58)wb12 2:t0@(37,59)w13 3:t3@(29,59)w0 4:t3@(30,59)w0 5:t3@(30,60)w0 6:t3@(29,60)w0 7:t4@(30,57)w0 8:t4@(30,56)w0 9:t4@(30,55)w0 10:t6@(28,58)w0
[dbg] ar=15598 am=6 aA=6 aH=0 l=false j=false fullRedraw=false
[fifo] ar=15611 retask 0 38 58
[devMouse] retask slot0 (37,60)w0 -> (38,58)
[fifo] ar=15618 retask 2 38 60
[devMouse] retask slot2 (36,60)w13 -> (38,60)
[dbg] ar=15623 am=6 aA=6 aH=0 l=false j=false fullRedraw=false
[fifo] ar=15626 save /tmp/aoe-camp/m1/t.aoesave
[save] wrote /tmp/aoe-camp/m1/t.aoesave (12294B) ar=15627
[dbg] ar=15648 am=6 aA=6 aH=0 l=false j=false fullRedraw=false
[fifo] ar=15672 slots 0
[slots] p0 n=11 0:t0@(37,58)w3b12 1:t0@(36,58)w13 2:t0@(37,60)w3e12 3:t3@(29,59)w0 4:t3@(30,59)w0 5:t3@(30,60)w0 6:t3@(29,60)w0 7:t4@(30,57)w0 8:t4@(30,56)w0 9:t4@(30,55)w0 10:t6@(28,58)w0
[dbg] ar=15673 am=6 aA=6 aH=0 l=false j=false fullRedraw=false
[fifo] ar=15695 retask 1 38 59
[devMouse] retask slot1 (36,60)w13 -> (38,59)
[dbg] ar=15698 am=6 aA=6 aH=0 l=false j=false fullRedraw=false
[fifo] ar=15704 save /tmp/aoe-camp/m1/t.aoesave
[save] wrote /tmp/aoe-camp/m1/t.aoesave (12294B) ar=15705
[dbg] ar=15723 am=6 aA=6 aH=0 l=false j=false fullRedraw=false
[dbg] ar=15748 am=6 aA=6 aH=0 l=false j=false fullRedraw=false
[fifo] ar=15749 slots 0
[slots] p0 n=11 0:t0@(35,59)w13 1:t0@(37,59)w4312 2:t0@(35,61)w13 3:t3@(29,59)w0 4:t3@(30,59)w0 5:t3@(30,60)w0 6:t3@(29,60)w0 7:t4@(30,57)w0 8:t4@(30,56)w0 9:t4@(30,55)w0 10:t6@(28,58)w0
[dbg] ar=15773 am=6 aA=6 aH=0 l=false j=false fullRedraw=false
[fifo] ar=15775 retask 0 38 58
[devMouse] retask slot0 (36,58)w13 -> (38,58)
[fifo] ar=15783 retask 2 38 60
[devMouse] retask slot2 (35,60)w13 -> (38,60)
[fifo] ar=15792 save /tmp/aoe-camp/m1/t.aoesave
[save] wrote /tmp/aoe-camp/m1/t.aoesave (12294B) ar=15793
[dbg] ar=15798 am=6 aA=6 aH=0 l=false j=false fullRedraw=false
[dbg] ar=15823 am=6 aA=6 aH=0 l=false j=false fullRedraw=false
[fifo] ar=15839 state
[devMouse] aA=6/6 cursor=(31,58) cam=(-523,628) Q=3743 aE=512 Y=0 sel=6
[devMouse] p0 unit 0 tile=(37,58) type=0 sel=true
[devMouse] p0 unit 1 tile=(34,59) type=0 sel=true
[devMouse] p0 unit 2 tile=(37,60) type=0 sel=true
[devMouse] p0 unit 3 tile=(29,59) type=3 sel=true
[devMouse] p0 unit 4 tile=(30,59) type=3 sel=true
[devMouse] p0 unit 5 tile=(30,60) type=3 sel=true
[devMouse] p0 unit 6 tile=(29,60) type=3 sel=true
[devMouse] p0 unit 7 tile=(30,57) type=4 sel=true
[devMouse] p0 unit 8 tile=(30,56) type=4 sel=true
[devMouse] p0 unit 9 tile=(30,55) type=4 sel=true
[devMouse] p0 unit 10 tile=(28,58) type=6 sel=true
[devMouse] p1 unit 0 tile=(48,48) type=3 sel=false
[devMouse] p1 unit 1 tile=(40,34) type=3 sel=false
[devMouse] p1 unit 2 tile=(60,55) type=3 sel=false
[devMouse] p1 unit 3 tile=(61,45) type=3 sel=false
[devMouse] p1 unit 4 tile=(49,24) type=3 sel=false
[devMouse] p1 unit 5 tile=(48,25) type=3 sel=false
[devMouse] p1 unit 6 tile=(54,19) type=3 sel=false
[devMouse] p1 unit 7 tile=(36,23) type=4 sel=false
[devMouse] p1 unit 8 tile=(37,22) type=4 sel=false
[devMouse] p1 unit 9 tile=(49,33) type=4 sel=false
[devMouse] p1 unit 10 tile=(32,17) type=3 sel=false
[devMouse] p1 unit 11 tile=(25,21) type=4 sel=false
[devMouse] p1 unit 12 tile=(22,26) type=3 sel=false
[devMouse] p1 unit 13 tile=(23,27) type=3 sel=false
[devMouse] p1 unit 14 tile=(15,47) type=3 sel=false
[devMouse] p1 unit 15 tile=(16,54) type=3 sel=false
[dbg] ar=15848 am=6 aA=6 aH=0 l=false j=false fullRedraw=false
[dbg] ar=15873 am=6 aA=6 aH=0 l=false j=false fullRedraw=false
[fifo] ar=15894 slots 0
[slots] p0 n=11 0:t0@(37,59)w13 1:t0@(34,59)w13 2:t0@(37,60)wf12 3:t3@(29,59)w0 4:t3@(30,59)w0 5:t3@(30,60)w0 6:t3@(29,60)w0 7:t4@(30,57)w0 8:t4@(30,56)w0 9:t4@(30,55)w0 10:t6@(28,58)w0
[dbg] ar=15898 am=6 aA=6 aH=0 l=false j=false fullRedraw=false
[fifo] ar=15918 retask 0 38 58
[devMouse] retask slot0 (34,59)w13 -> (38,58)
[dbg] ar=15923 am=6 aA=6 aH=0 l=false j=false fullRedraw=false
[fifo] ar=15926 retask 1 38 59
[devMouse] retask slot1 (36,60)w13 -> (38,59)
[fifo] ar=15933 save /tmp/aoe-camp/m1/t.aoesave
[save] wrote /tmp/aoe-camp/m1/t.aoesave (12294B) ar=15934
[dbg] ar=15948 am=6 aA=6 aH=0 l=false j=false fullRedraw=false
[dbg] ar=15973 am=6 aA=6 aH=0 l=false j=false fullRedraw=false
[fifo] ar=15977 slots 0
[slots] p0 n=11 0:t0@(37,58)w4d12 1:t0@(37,59)w4312 2:t0@(36,58)w13 3:t3@(29,59)w0 4:t3@(30,59)w0 5:t3@(30,60)w0 6:t3@(29,60)w0 7:t4@(30,57)w0 8:t4@(30,56)w0 9:t4@(30,55)w0 10:t6@(28,58)w0
[dbg] ar=15998 am=6 aA=6 aH=0 l=false j=false fullRedraw=false
[fifo] ar=16002 retask 2 38 60
[devMouse] retask slot2 (36,60)w13 -> (38,60)
[fifo] ar=16010 save /tmp/aoe-camp/m1/t.aoesave
[save] wrote /tmp/aoe-camp/m1/t.aoesave (12294B) ar=16011
[dbg] ar=16023 am=6 aA=6 aH=0 l=false j=false fullRedraw=false
[dbg] ar=16048 am=6 aA=6 aH=0 l=false j=false fullRedraw=false
[fifo] ar=16057 slots 0
[slots] p0 n=11 0:t0@(38,58)w13 1:t0@(35,60)w13 2:t0@(37,60)w3f12 3:t3@(29,59)w0 4:t3@(30,59)w0 5:t3@(30,60)w0 6:t3@(29,60)w0 7:t4@(30,57)w0 8:t4@(30,56)w0 9:t4@(30,55)w0 10:t6@(28,58)w0
[dbg] ar=16073 am=6 aA=6 aH=0 l=false j=false fullRedraw=false
[fifo] ar=16083 retask 0 38 58
[devMouse] retask slot0 (35,58)w13 -> (38,58)
[fifo] ar=16091 retask 1 38 59
[devMouse] retask slot1 (35,61)w13 -> (38,59)
[dbg] ar=16098 am=6 aA=6 aH=0 l=false j=false fullRedraw=false
[fifo] ar=16099 save /tmp/aoe-camp/m1/t.aoesave
[save] wrote /tmp/aoe-camp/m1/t.aoesave (12294B) ar=16100
[dbg] ar=16123 am=6 aA=6 aH=0 l=false j=false fullRedraw=false
[fifo] ar=16145 slots 0
[slots] p0 n=11 0:t0@(38,58)w0 1:t0@(37,59)w5312 2:t0@(37,58)w13 3:t3@(29,59)w0 4:t3@(30,59)w0 5:t3@(30,60)w0 6:t3@(29,60)w0 7:t4@(30,57)w0 8:t4@(30,56)w0 9:t4@(30,55)w0 10:t6@(28,58)w0
[dbg] ar=16148 am=6 aA=6 aH=0 l=false j=false fullRedraw=false
[fifo] ar=16170 retask 0 38 58
[devMouse] retask slot0 (38,58)w0 -> (38,58)
[dbg] ar=16173 am=6 aA=6 aH=0 l=false j=false fullRedraw=false
[fifo] ar=16178 retask 2 38 60
[devMouse] retask slot2 (35,58)w13 -> (38,60)
[fifo] ar=16185 save /tmp/aoe-camp/m1/t.aoesave
[save] wrote /tmp/aoe-camp/m1/t.aoesave (12294B) ar=16186
[dbg] ar=16198 am=6 aA=6 aH=0 l=false j=false fullRedraw=false
[dbg] ar=16223 am=6 aA=6 aH=0 l=false j=false fullRedraw=false
[fifo] ar=16234 slots 0
[slots] p0 n=11 0:t0@(38,58)w0 1:t0@(37,58)w13 2:t0@(37,60)w4612 3:t3@(29,59)w0 4:t3@(30,59)w0 5:t3@(30,60)w0 6:t3@(29,60)w0 7:t4@(30,57)w0 8:t4@(30,56)w0 9:t4@(30,55)w0 10:t6@(28,58)w0
[dbg] ar=16248 am=6 aA=6 aH=0 l=false j=false fullRedraw=false
[fifo] ar=16259 retask 0 38 58
[devMouse] retask slot0 (38,58)w0 -> (38,58)
[fifo] ar=16267 retask 1 38 59
[devMouse] retask slot1 (34,55)w13 -> (38,59)
[dbg] ar=16273 am=6 aA=6 aH=0 l=false j=false fullRedraw=false
[fifo] ar=16275 save /tmp/aoe-camp/m1/t.aoesave
[save] wrote /tmp/aoe-camp/m1/t.aoesave (12294B) ar=16276
[dbg] ar=16298 am=6 aA=6 aH=0 l=false j=false fullRedraw=false
[fifo] ar=16321 state
[devMouse] aA=6/6 cursor=(31,58) cam=(-523,628) Q=3743 aE=512 Y=0 sel=6
[devMouse] p0 unit 0 tile=(38,58) type=0 sel=true
[devMouse] p0 unit 1 tile=(37,58) type=0 sel=true
[devMouse] p0 unit 2 tile=(36,58) type=0 sel=true
[devMouse] p0 unit 3 tile=(29,59) type=3 sel=true
[devMouse] p0 unit 4 tile=(30,59) type=3 sel=true
[devMouse] p0 unit 5 tile=(30,60) type=3 sel=true
[devMouse] p0 unit 6 tile=(29,60) type=3 sel=true
[devMouse] p0 unit 7 tile=(30,57) type=4 sel=true
[devMouse] p0 unit 8 tile=(30,56) type=4 sel=true
[devMouse] p0 unit 9 tile=(30,55) type=4 sel=true
[devMouse] p0 unit 10 tile=(28,58) type=6 sel=true
[devMouse] p1 unit 0 tile=(48,48) type=3 sel=false
[devMouse] p1 unit 1 tile=(40,34) type=3 sel=false
[devMouse] p1 unit 2 tile=(60,55) type=3 sel=false
[devMouse] p1 unit 3 tile=(61,45) type=3 sel=false
[devMouse] p1 unit 4 tile=(49,24) type=3 sel=false
[devMouse] p1 unit 5 tile=(48,25) type=3 sel=false
[devMouse] p1 unit 6 tile=(54,19) type=3 sel=false
[devMouse] p1 unit 7 tile=(36,23) type=4 sel=false
[devMouse] p1 unit 8 tile=(37,22) type=4 sel=false
[devMouse] p1 unit 9 tile=(49,33) type=4 sel=false
[devMouse] p1 unit 10 tile=(32,17) type=3 sel=false
[devMouse] p1 unit 11 tile=(25,21) type=4 sel=false
[devMouse] p1 unit 12 tile=(22,26) type=3 sel=false
[devMouse] p1 unit 13 tile=(23,27) type=3 sel=false
[devMouse] p1 unit 14 tile=(15,47) type=3 sel=false
[devMouse] p1 unit 15 tile=(16,54) type=3 sel=false
[dbg] ar=16323 am=6 aA=6 aH=0 l=false j=false fullRedraw=false
[dbg] ar=16348 am=6 aA=6 aH=0 l=false j=false fullRedraw=false
[dbg] ar=16373 am=6 aA=6 aH=0 l=false j=false fullRedraw=false
[fifo] ar=16375 slots 0
[slots] p0 n=11 0:t0@(38,58)w0 1:t0@(37,58)w2512 2:t0@(37,59)w13 3:t3@(29,59)w0 4:t3@(30,59)w0 5:t3@(30,60)w0 6:t3@(29,60)w0 7:t4@(30,57)w0 8:t4@(30,56)w0 9:t4@(30,55)w0 10:t6@(28,58)w0
[dbg] ar=16398 am=6 aA=6 aH=0 l=false j=false fullRedraw=false
[fifo] ar=16399 retask 0 39 58
[devMouse] retask slot0 (38,58)w0 -> (39,58)
[fifo] ar=16406 retask 2 38 60
[devMouse] retask slot2 (36,59)w13 -> (38,60)
[fifo] ar=16414 save /tmp/aoe-camp/m1/t.aoesave
[save] wrote /tmp/aoe-camp/m1/t.aoesave (12294B) ar=16415
[dbg] ar=16423 am=6 aA=6 aH=0 l=false j=false fullRedraw=false
[dbg] ar=16448 am=6 aA=6 aH=0 l=false j=false fullRedraw=false
[fifo] ar=16461 slots 0
[slots] p0 n=11 0:t0@(38,58)w2912 1:t0@(36,59)w13 2:t0@(37,60)w3f12 3:t3@(29,59)w0 4:t3@(30,59)w0 5:t3@(30,60)w0 6:t3@(29,60)w0 7:t4@(30,57)w0 8:t4@(30,56)w0 9:t4@(30,55)w0 10:t6@(28,58)w0
[dbg] ar=16473 am=6 aA=6 aH=0 l=false j=false fullRedraw=false
[fifo] ar=16487 retask 1 38 59
[devMouse] retask slot1 (36,58)w13 -> (38,59)
[fifo] ar=16495 save /tmp/aoe-camp/m1/t.aoesave
[save] wrote /tmp/aoe-camp/m1/t.aoesave (12294B) ar=16496
[dbg] ar=16498 am=6 aA=6 aH=0 l=false j=false fullRedraw=false
[dbg] ar=16523 am=6 aA=6 aH=0 l=false j=false fullRedraw=false
[fifo] ar=16543 slots 0
[slots] p0 n=11 0:t0@(35,58)w13 1:t0@(37,59)w3e12 2:t0@(37,58)w13 3:t3@(29,59)w0 4:t3@(30,59)w0 5:t3@(30,60)w0 6:t3@(29,60)w0 7:t4@(30,57)w0 8:t4@(30,56)w0 9:t4@(30,55)w0 10:t6@(28,58)w0
[dbg] ar=16548 am=6 aA=6 aH=0 l=false j=false fullRedraw=false
[fifo] ar=16566 retask 0 39 58
[devMouse] retask slot0 (36,59)w13 -> (39,58)
[dbg] ar=16573 am=6 aA=6 aH=0 l=false j=false fullRedraw=false
[fifo] ar=16575 retask 2 38 60
[devMouse] retask slot2 (38,58)w13 -> (38,60)
[fifo] ar=16583 save /tmp/aoe-camp/m1/t.aoesave
[save] wrote /tmp/aoe-camp/m1/t.aoesave (12294B) ar=16584
[dbg] ar=16598 am=6 aA=6 aH=0 l=false j=false fullRedraw=false
[dbg] ar=16623 am=6 aA=6 aH=0 l=false j=false fullRedraw=false
[fifo] ar=16630 slots 0
[slots] p0 n=11 0:t0@(38,58)w0 1:t0@(36,59)w13 2:t0@(37,60)w4a12 3:t3@(29,59)w0 4:t3@(30,59)w0 5:t3@(30,60)w0 6:t3@(29,60)w0 7:t4@(30,57)w0 8:t4@(30,56)w0 9:t4@(30,55)w0 10:t6@(28,58)w0
[dbg] ar=16648 am=6 aA=6 aH=0 l=false j=false fullRedraw=false
[fifo] ar=16655 retask 0 39 58
[devMouse] retask slot0 (38,58)w5512 -> (39,58)
[fifo] ar=16662 retask 1 38 59
[devMouse] retask slot1 (36,58)w13 -> (38,59)
[fifo] ar=16670 save /tmp/aoe-camp/m1/t.aoesave
[save] wrote /tmp/aoe-camp/m1/t.aoesave (12294B) ar=16671
[dbg] ar=16673 am=6 aA=6 aH=0 l=false j=false fullRedraw=false
[dbg] ar=16698 am=6 aA=6 aH=0 l=false j=false fullRedraw=false
[fifo] ar=16716 slots 0
[slots] p0 n=11 0:t0@(38,58)w2a12 1:t0@(37,59)w3c12 2:t0@(36,58)w13 3:t3@(29,59)w0 4:t3@(30,59)w0 5:t3@(30,60)w0 6:t3@(29,60)w0 7:t4@(30,57)w0 8:t4@(30,56)w0 9:t4@(30,55)w0 10:t6@(28,58)w0
[dbg] ar=16723 am=6 aA=6 aH=0 l=false j=false fullRedraw=false
[fifo] ar=16741 retask 2 38 60
[devMouse] retask slot2 (35,59)w13 -> (38,60)
[dbg] ar=16748 am=6 aA=6 aH=0 l=false j=false fullRedraw=false
[fifo] ar=16749 save /tmp/aoe-camp/m1/t.aoesave
[save] wrote /tmp/aoe-camp/m1/t.aoesave (12294B) ar=16750
[dbg] ar=16773 am=6 aA=6 aH=0 l=false j=false fullRedraw=false
[fifo] ar=16797 state
[devMouse] aA=6/6 cursor=(31,58) cam=(-523,628) Q=3743 aE=512 Y=0 sel=6
[devMouse] p0 unit 0 tile=(35,58) type=0 sel=true
[devMouse] p0 unit 1 tile=(36,59) type=0 sel=true
[devMouse] p0 unit 2 tile=(37,60) type=0 sel=true
[devMouse] p0 unit 3 tile=(29,59) type=3 sel=true
[devMouse] p0 unit 4 tile=(30,59) type=3 sel=true
[devMouse] p0 unit 5 tile=(30,60) type=3 sel=true
[devMouse] p0 unit 6 tile=(29,60) type=3 sel=true
[devMouse] p0 unit 7 tile=(30,57) type=4 sel=true
[devMouse] p0 unit 8 tile=(30,56) type=4 sel=true
[devMouse] p0 unit 9 tile=(30,55) type=4 sel=true
[devMouse] p0 unit 10 tile=(28,58) type=6 sel=true
[devMouse] p1 unit 0 tile=(48,48) type=3 sel=false
[devMouse] p1 unit 1 tile=(40,34) type=3 sel=false
[devMouse] p1 unit 2 tile=(60,55) type=3 sel=false
[devMouse] p1 unit 3 tile=(61,45) type=3 sel=false
[devMouse] p1 unit 4 tile=(49,24) type=3 sel=false
[devMouse] p1 unit 5 tile=(48,25) type=3 sel=false
[devMouse] p1 unit 6 tile=(54,19) type=3 sel=false
[devMouse] p1 unit 7 tile=(36,23) type=4 sel=false
[devMouse] p1 unit 8 tile=(37,22) type=4 sel=false
[devMouse] p1 unit 9 tile=(49,33) type=4 sel=false
[devMouse] p1 unit 10 tile=(32,17) type=3 sel=false
[devMouse] p1 unit 11 tile=(25,21) type=4 sel=false
[devMouse] p1 unit 12 tile=(22,26) type=3 sel=false
[devMouse] p1 unit 13 tile=(23,27) type=3 sel=false
[devMouse] p1 unit 14 tile=(15,47) type=3 sel=false
[devMouse] p1 unit 15 tile=(16,54) type=3 sel=false
[dbg] ar=16798 am=6 aA=6 aH=0 l=false j=false fullRedraw=false
[dbg] ar=16823 am=6 aA=6 aH=0 l=false j=false fullRedraw=false
[dbg] ar=16848 am=6 aA=6 aH=0 l=false j=false fullRedraw=false
[fifo] ar=16851 slots 0
[slots] p0 n=11 0:t0@(34,59)w13 1:t0@(38,58)w13 2:t0@(37,60)w1312 3:t3@(29,59)w0 4:t3@(30,59)w0 5:t3@(30,60)w0 6:t3@(29,60)w0 7:t4@(30,57)w0 8:t4@(30,56)w0 9:t4@(30,55)w0 10:t6@(28,58)w0
[dbg] ar=16873 am=6 aA=6 aH=0 l=false j=false fullRedraw=false
[fifo] ar=16877 retask 0 39 58
[devMouse] retask slot0 (37,60)w13 -> (39,58)
[fifo] ar=16886 retask 1 38 59
[devMouse] retask slot1 (35,58)w13 -> (38,59)
[fifo] ar=16894 save /tmp/aoe-camp/m1/t.aoesave
[save] wrote /tmp/aoe-camp/m1/t.aoesave (12294B) ar=16895
[dbg] ar=16898 am=6 aA=6 aH=0 l=false j=false fullRedraw=false
[dbg] ar=16923 am=6 aA=6 aH=0 l=false j=false fullRedraw=false
[fifo] ar=16942 slots 0
[slots] p0 n=11 0:t0@(38,58)w5112 1:t0@(37,59)w4812 2:t0@(37,60)w13 3:t3@(29,59)w0 4:t3@(30,59)w0 5:t3@(30,60)w0 6:t3@(29,60)w0 7:t4@(30,57)w0 8:t4@(30,56)w0 9:t4@(30,55)w0 10:t6@(28,58)w0
[dbg] ar=16948 am=6 aA=6 aH=0 l=false j=false fullRedraw=false
[fifo] ar=16967 retask 2 38 60
[devMouse] retask slot2 (36,59)w13 -> (38,60)
[dbg] ar=16973 am=6 aA=6 aH=0 l=false j=false fullRedraw=false
[fifo] ar=16975 save /tmp/aoe-camp/m1/t.aoesave
[save] wrote /tmp/aoe-camp/m1/t.aoesave (12294B) ar=16976
[dbg] ar=16998 am=6 aA=6 aH=0 l=false j=false fullRedraw=false
[fifo] ar=17021 slots 0
[slots] p0 n=11 0:t0@(38,58)w212 1:t0@(37,58)w13 2:t0@(37,60)w3c12 3:t3@(29,59)w0 4:t3@(30,59)w0 5:t3@(30,60)w0 6:t3@(29,60)w0 7:t4@(30,57)w0 8:t4@(30,56)w0 9:t4@(30,55)w0 10:t6@(28,58)w0
[dbg] ar=17023 am=6 aA=6 aH=0 l=false j=false fullRedraw=false
[fifo] ar=17040 retask 1 38 59
[devMouse] retask slot1 (37,59)w13 -> (38,59)
[fifo] ar=17048 save /tmp/aoe-camp/m1/t.aoesave
[dbg] ar=17048 am=6 aA=6 aH=0 l=false j=false fullRedraw=false
[save] wrote /tmp/aoe-camp/m1/t.aoesave (12294B) ar=17049
[dbg] ar=17073 am=6 aA=6 aH=0 l=false j=false fullRedraw=false
[fifo] ar=17094 slots 0
[slots] p0 n=11 0:t0@(38,58)w13 1:t0@(37,59)w3212 2:t0@(38,60)w13 3:t3@(29,59)w0 4:t3@(30,59)w0 5:t3@(30,60)w0 6:t3@(29,60)w0 7:t4@(30,57)w0 8:t4@(30,56)w0 9:t4@(30,55)w0 10:t6@(28,58)w0
[dbg] ar=17098 am=6 aA=6 aH=0 l=false j=false fullRedraw=false
[fifo] ar=17120 retask 0 39 58
[devMouse] retask slot0 (38,58)w13 -> (39,58)
[dbg] ar=17123 am=6 aA=6 aH=0 l=false j=false fullRedraw=false
[fifo] ar=17129 retask 2 38 60
[devMouse] retask slot2 (38,60)w13 -> (38,60)
[fifo] ar=17136 save /tmp/aoe-camp/m1/t.aoesave
[save] wrote /tmp/aoe-camp/m1/t.aoesave (12294B) ar=17137
[dbg] ar=17148 am=6 aA=6 aH=0 l=false j=false fullRedraw=false
[dbg] ar=17173 am=6 aA=6 aH=0 l=false j=false fullRedraw=false
[fifo] ar=17183 slots 0
[slots] p0 n=11 0:t0@(38,58)w2812 1:t0@(36,59)w13 2:t0@(38,60)w0 3:t3@(29,59)w0 4:t3@(30,59)w0 5:t3@(30,60)w0 6:t3@(29,60)w0 7:t4@(30,57)w0 8:t4@(30,56)w0 9:t4@(30,55)w0 10:t6@(28,58)w0
[dbg] ar=17198 am=6 aA=6 aH=0 l=false j=false fullRedraw=false
[fifo] ar=17206 retask 1 38 59
[devMouse] retask slot1 (38,59)w13 -> (38,59)
[fifo] ar=17214 retask 2 38 60
[devMouse] retask slot2 (38,60)w0 -> (38,60)
[fifo] ar=17222 save /tmp/aoe-camp/m1/t.aoesave
[save] wrote /tmp/aoe-camp/m1/t.aoesave (12294B) ar=17223
[dbg] ar=17223 am=6 aA=6 aH=0 l=false j=false fullRedraw=false
[dbg] ar=17248 am=6 aA=6 aH=0 l=false j=false fullRedraw=false
[fifo] ar=17267 state
[devMouse] aA=6/6 cursor=(31,58) cam=(-523,628) Q=3743 aE=512 Y=0 sel=6
[devMouse] p0 unit 0 tile=(37,58) type=0 sel=true
[devMouse] p0 unit 1 tile=(38,59) type=0 sel=true
[devMouse] p0 unit 2 tile=(38,60) type=0 sel=true
[devMouse] p0 unit 3 tile=(29,59) type=3 sel=true
[devMouse] p0 unit 4 tile=(30,59) type=3 sel=true
[devMouse] p0 unit 5 tile=(30,60) type=3 sel=true
[devMouse] p0 unit 6 tile=(29,60) type=3 sel=true
[devMouse] p0 unit 7 tile=(30,57) type=4 sel=true
[devMouse] p0 unit 8 tile=(30,56) type=4 sel=true
[devMouse] p0 unit 9 tile=(30,55) type=4 sel=true
[devMouse] p0 unit 10 tile=(28,58) type=6 sel=true
[devMouse] p1 unit 0 tile=(48,48) type=3 sel=false
[devMouse] p1 unit 1 tile=(40,34) type=3 sel=false
[devMouse] p1 unit 2 tile=(60,55) type=3 sel=false
[devMouse] p1 unit 3 tile=(61,45) type=3 sel=false
[devMouse] p1 unit 4 tile=(49,24) type=3 sel=false
[devMouse] p1 unit 5 tile=(48,25) type=3 sel=false
[devMouse] p1 unit 6 tile=(54,19) type=3 sel=false
[devMouse] p1 unit 7 tile=(36,23) type=4 sel=false
[devMouse] p1 unit 8 tile=(37,22) type=4 sel=false
[devMouse] p1 unit 9 tile=(49,33) type=4 sel=false
[devMouse] p1 unit 10 tile=(32,17) type=3 sel=false
[devMouse] p1 unit 11 tile=(25,21) type=4 sel=false
[devMouse] p1 unit 12 tile=(22,26) type=3 sel=false
[devMouse] p1 unit 13 tile=(23,27) type=3 sel=false
[devMouse] p1 unit 14 tile=(15,47) type=3 sel=false
[devMouse] p1 unit 15 tile=(16,54) type=3 sel=false
[dbg] ar=17273 am=6 aA=6 aH=0 l=false j=false fullRedraw=false
[dbg] ar=17298 am=6 aA=6 aH=0 l=false j=false fullRedraw=false
[fifo] ar=17321 slots 0
[slots] p0 n=11 0:t0@(37,58)w13 1:t0@(38,59)w0 2:t0@(38,60)w0 3:t3@(29,59)w0 4:t3@(30,59)w0 5:t3@(30,60)w0 6:t3@(29,60)w0 7:t4@(30,57)w0 8:t4@(30,56)w0 9:t4@(30,55)w0 10:t6@(28,58)w0
[dbg] ar=17323 am=6 aA=6 aH=0 l=false j=false fullRedraw=false
[fifo] ar=17346 retask 0 39 58
[devMouse] retask slot0 (36,59)w13 -> (39,58)
[dbg] ar=17348 am=6 aA=6 aH=0 l=false j=false fullRedraw=false
[fifo] ar=17354 retask 1 39 59
[devMouse] retask slot1 (38,59)w0 -> (39,59)
[fifo] ar=17362 retask 2 38 60
[devMouse] retask slot2 (38,60)w0 -> (38,60)
[fifo] ar=17370 save /tmp/aoe-camp/m1/t.aoesave
[save] wrote /tmp/aoe-camp/m1/t.aoesave (12294B) ar=17371
[dbg] ar=17373 am=6 aA=6 aH=0 l=false j=false fullRedraw=false
[dbg] ar=17398 am=6 aA=6 aH=0 l=false j=false fullRedraw=false
[fifo] ar=17417 slots 0
[slots] p0 n=11 0:t0@(38,58)w3512 1:t0@(38,59)w2812 2:t0@(38,60)w0 3:t3@(29,59)w0 4:t3@(30,59)w0 5:t3@(30,60)w0 6:t3@(29,60)w0 7:t4@(30,57)w0 8:t4@(30,56)w0 9:t4@(30,55)w0 10:t6@(28,58)w0
[dbg] ar=17423 am=6 aA=6 aH=0 l=false j=false fullRedraw=false
[fifo] ar=17441 retask 2 39 60
[devMouse] retask slot2 (38,60)w0 -> (39,60)
[fifo] ar=17448 save /tmp/aoe-camp/m1/t.aoesave
[dbg] ar=17448 am=6 aA=6 aH=0 l=false j=false fullRedraw=false
[save] wrote /tmp/aoe-camp/m1/t.aoesave (12294B) ar=17449
[dbg] ar=17473 am=6 aA=6 aH=0 l=false j=false fullRedraw=false
[fifo] ar=17494 slots 0
[slots] p0 n=11 0:t0@(36,60)w13 1:t0@(37,59)w13 2:t0@(38,60)w3212 3:t3@(29,59)w0 4:t3@(30,59)w0 5:t3@(30,60)w0 6:t3@(29,60)w0 7:t4@(30,57)w0 8:t4@(30,56)w0 9:t4@(30,55)w0 10:t6@(28,58)w0
[dbg] ar=17498 am=6 aA=6 aH=0 l=false j=false fullRedraw=false
[fifo] ar=17520 retask 0 39 58
[devMouse] retask slot0 (37,59)w13 -> (39,58)
[dbg] ar=17523 am=6 aA=6 aH=0 l=false j=false fullRedraw=false
[fifo] ar=17529 retask 1 39 59
[devMouse] retask slot1 (37,58)w13 -> (39,59)
[fifo] ar=17537 save /tmp/aoe-camp/m1/t.aoesave
[save] wrote /tmp/aoe-camp/m1/t.aoesave (12294B) ar=17538
[dbg] ar=17548 am=6 aA=6 aH=0 l=false j=false fullRedraw=false
[dbg] ar=17573 am=6 aA=6 aH=0 l=false j=false fullRedraw=false
[fifo] ar=17582 slots 0
[slots] p0 n=11 0:t0@(38,58)w3612 1:t0@(38,59)w3b12 2:t0@(35,56)w13 3:t3@(29,59)w0 4:t3@(30,59)w0 5:t3@(30,60)w0 6:t3@(29,60)w0 7:t4@(30,57)w0 8:t4@(30,56)w0 9:t4@(30,55)w0 10:t6@(28,58)w0
[dbg] ar=17598 am=6 aA=6 aH=0 l=false j=false fullRedraw=false
[fifo] ar=17607 retask 2 39 60
[devMouse] retask slot2 (34,54)w13 -> (39,60)
[fifo] ar=17615 save /tmp/aoe-camp/m1/t.aoesave
[save] wrote /tmp/aoe-camp/m1/t.aoesave (12294B) ar=17616
[dbg] ar=17623 am=6 aA=6 aH=0 l=false j=false fullRedraw=false
[dbg] ar=17648 am=6 aA=6 aH=0 l=false j=false fullRedraw=false
[fifo] ar=17662 slots 0
[slots] p0 n=11 0:t0@(38,60)w13 1:t0@(36,59)w13 2:t0@(38,59)w0 3:t3@(29,59)w0 4:t3@(30,59)w0 5:t3@(30,60)w0 6:t3@(29,60)w0 7:t4@(30,57)w0 8:t4@(30,56)w0 9:t4@(30,55)w0 10:t6@(28,58)w0
[dbg] ar=17673 am=6 aA=6 aH=0 l=false j=false fullRedraw=false
[fifo] ar=17686 retask 0 39 58
[devMouse] retask slot0 (37,59)w13 -> (39,58)
[fifo] ar=17694 retask 1 39 59
[devMouse] retask slot1 (37,60)w13 -> (39,59)
[dbg] ar=17698 am=6 aA=6 aH=0 l=false j=false fullRedraw=false
[fifo] ar=17702 retask 2 39 60
[devMouse] retask slot2 (38,59)w4712 -> (39,60)
[fifo] ar=17710 save /tmp/aoe-camp/m1/t.aoesave
[save] wrote /tmp/aoe-camp/m1/t.aoesave (12294B) ar=17711
[dbg] ar=17723 am=6 aA=6 aH=0 l=false j=false fullRedraw=false
[dbg] ar=17748 am=6 aA=6 aH=0 l=false j=false fullRedraw=false
[fifo] ar=17757 state
[devMouse] aA=6/6 cursor=(31,58) cam=(-523,628) Q=3743 aE=512 Y=0 sel=6
[devMouse] p0 unit 0 tile=(38,58) type=0 sel=true
[devMouse] p0 unit 1 tile=(38,60) type=0 sel=true
[devMouse] p0 unit 2 tile=(38,59) type=0 sel=true
[devMouse] p0 unit 3 tile=(29,59) type=3 sel=true
[devMouse] p0 unit 4 tile=(30,59) type=3 sel=true
[devMouse] p0 unit 5 tile=(30,60) type=3 sel=true
[devMouse] p0 unit 6 tile=(29,60) type=3 sel=true
[devMouse] p0 unit 7 tile=(30,57) type=4 sel=true
[devMouse] p0 unit 8 tile=(30,56) type=4 sel=true
[devMouse] p0 unit 9 tile=(30,55) type=4 sel=true
[devMouse] p0 unit 10 tile=(28,58) type=6 sel=true
[devMouse] p1 unit 0 tile=(48,48) type=3 sel=false
[devMouse] p1 unit 1 tile=(40,34) type=3 sel=false
[devMouse] p1 unit 2 tile=(60,55) type=3 sel=false
[devMouse] p1 unit 3 tile=(61,45) type=3 sel=false
[devMouse] p1 unit 4 tile=(49,24) type=3 sel=false
[devMouse] p1 unit 5 tile=(48,25) type=3 sel=false
[devMouse] p1 unit 6 tile=(54,19) type=3 sel=false
[devMouse] p1 unit 7 tile=(36,23) type=4 sel=false
[devMouse] p1 unit 8 tile=(37,22) type=4 sel=false
[devMouse] p1 unit 9 tile=(49,33) type=4 sel=false
[devMouse] p1 unit 10 tile=(32,17) type=3 sel=false
[devMouse] p1 unit 11 tile=(25,21) type=4 sel=false
[devMouse] p1 unit 12 tile=(22,26) type=3 sel=false
[devMouse] p1 unit 13 tile=(23,27) type=3 sel=false
[devMouse] p1 unit 14 tile=(15,47) type=3 sel=false
[devMouse] p1 unit 15 tile=(16,54) type=3 sel=false
[dbg] ar=17773 am=6 aA=6 aH=0 l=false j=false fullRedraw=false
[dbg] ar=17798 am=6 aA=6 aH=0 l=false j=false fullRedraw=false
[fifo] ar=17810 slots 0
[slots] p0 n=11 0:t0@(37,59)w13 1:t0@(38,60)wf12 2:t0@(37,60)w13 3:t3@(29,59)w0 4:t3@(30,59)w0 5:t3@(30,60)w0 6:t3@(29,60)w0 7:t4@(30,57)w0 8:t4@(30,56)w0 9:t4@(30,55)w0 10:t6@(28,58)w0
[dbg] ar=17823 am=6 aA=6 aH=0 l=false j=false fullRedraw=false
[fifo] ar=17834 retask 0 39 58
[devMouse] retask slot0 (37,58)w13 -> (39,58)
[fifo] ar=17842 retask 2 39 60
[devMouse] retask slot2 (36,59)w13 -> (39,60)
[dbg] ar=17848 am=6 aA=6 aH=0 l=false j=false fullRedraw=false
[fifo] ar=17849 save /tmp/aoe-camp/m1/t.aoesave
[save] wrote /tmp/aoe-camp/m1/t.aoesave (12294B) ar=17850
[dbg] ar=17873 am=6 aA=6 aH=0 l=false j=false fullRedraw=false
[fifo] ar=17897 slots 0
[slots] p0 n=11 0:t0@(38,58)w3512 1:t0@(35,59)w13 2:t0@(38,60)w4112 3:t3@(29,59)w0 4:t3@(30,59)w0 5:t3@(30,60)w0 6:t3@(29,60)w0 7:t4@(30,57)w0 8:t4@(30,56)w0 9:t4@(30,55)w0 10:t6@(28,58)w0
[dbg] ar=17898 am=6 aA=6 aH=0 l=false j=false fullRedraw=false
[fifo] ar=17921 retask 1 39 59
[devMouse] retask slot1 (38,59)w13 -> (39,59)
[dbg] ar=17923 am=6 aA=6 aH=0 l=false j=false fullRedraw=false
[fifo] ar=17929 save /tmp/aoe-camp/m1/t.aoesave
[save] wrote /tmp/aoe-camp/m1/t.aoesave (12294B) ar=17930
[dbg] ar=17948 am=6 aA=6 aH=0 l=false j=false fullRedraw=false
[dbg] ar=17973 am=6 aA=6 aH=0 l=false j=false fullRedraw=false
[fifo] ar=17977 slots 0
[slots] p0 n=11 0:t0@(35,58)w13 1:t0@(38,59)w3212 2:t0@(37,58)w13 3:t3@(29,59)w0 4:t3@(30,59)w0 5:t3@(30,60)w0 6:t3@(29,60)w0 7:t4@(30,57)w0 8:t4@(30,56)w0 9:t4@(30,55)w0 10:t6@(28,58)w0
[dbg] ar=17998 am=6 aA=6 aH=0 l=false j=false fullRedraw=false
[fifo] ar=18002 retask 0 39 58
[devMouse] retask slot0 (38,58)w13 -> (39,58)
[fifo] ar=18010 retask 2 39 60
[devMouse] retask slot2 (35,58)w13 -> (39,60)
[fifo] ar=18017 save /tmp/aoe-camp/m1/t.aoesave
[save] wrote /tmp/aoe-camp/m1/t.aoesave (12294B) ar=18018
[dbg] ar=18023 am=6 aA=6 aH=0 l=false j=false fullRedraw=false
[dbg] ar=18048 am=6 aA=6 aH=0 l=false j=false fullRedraw=false
[fifo] ar=18066 slots 0
[slots] p0 n=11 0:t0@(38,58)w2912 1:t0@(38,60)w13 2:t0@(38,59)w5012 3:t3@(29,59)w0 4:t3@(30,59)w0 5:t3@(30,60)w0 6:t3@(29,60)w0 7:t4@(30,57)w0 8:t4@(30,56)w0 9:t4@(30,55)w0 10:t6@(28,58)w0
[dbg] ar=18073 am=6 aA=6 aH=0 l=false j=false fullRedraw=false
[fifo] ar=18091 retask 1 39 59
[devMouse] retask slot1 (37,59)w13 -> (39,59)
[fifo] ar=18098 save /tmp/aoe-camp/m1/t.aoesave
[dbg] ar=18098 am=6 aA=6 aH=0 l=false j=false fullRedraw=false
[save] wrote /tmp/aoe-camp/m1/t.aoesave (12294B) ar=18099
[dbg] ar=18123 am=6 aA=6 aH=0 l=false j=false fullRedraw=false
[fifo] ar=18143 slots 0
[slots] p0 n=11 0:t0@(36,58)w13 1:t0@(38,60)w4412 2:t0@(38,59)w312 3:t3@(29,59)w0 4:t3@(30,59)w0 5:t3@(30,60)w0 6:t3@(29,60)w0 7:t4@(30,57)w0 8:t4@(30,56)w0 9:t4@(30,55)w0 10:t6@(28,58)w0
[dbg] ar=18148 am=6 aA=6 aH=0 l=false j=false fullRedraw=false
[fifo] ar=18167 retask 0 39 58
[devMouse] retask slot0 (38,59)w13 -> (39,58)
[dbg] ar=18173 am=6 aA=6 aH=0 l=false j=false fullRedraw=false
[fifo] ar=18174 save /tmp/aoe-camp/m1/t.aoesave
[save] wrote /tmp/aoe-camp/m1/t.aoesave (12294B) ar=18175
[dbg] ar=18198 am=6 aA=6 aH=0 l=false j=false fullRedraw=false
[fifo] ar=18219 state
[devMouse] aA=6/6 cursor=(31,58) cam=(-523,628) Q=3743 aE=512 Y=0 sel=6
[devMouse] p0 unit 0 tile=(38,59) type=0 sel=true
[devMouse] p0 unit 1 tile=(37,59) type=0 sel=true
[devMouse] p0 unit 2 tile=(35,59) type=0 sel=true
[devMouse] p0 unit 3 tile=(29,59) type=3 sel=true
[devMouse] p0 unit 4 tile=(30,59) type=3 sel=true
[devMouse] p0 unit 5 tile=(30,60) type=3 sel=true
[devMouse] p0 unit 6 tile=(29,60) type=3 sel=true
[devMouse] p0 unit 7 tile=(30,57) type=4 sel=true
[devMouse] p0 unit 8 tile=(30,56) type=4 sel=true
[devMouse] p0 unit 9 tile=(30,55) type=4 sel=true
[devMouse] p0 unit 10 tile=(28,58) type=6 sel=true
[devMouse] p1 unit 0 tile=(48,48) type=3 sel=false
[devMouse] p1 unit 1 tile=(40,34) type=3 sel=false
[devMouse] p1 unit 2 tile=(60,55) type=3 sel=false
[devMouse] p1 unit 3 tile=(61,45) type=3 sel=false
[devMouse] p1 unit 4 tile=(49,24) type=3 sel=false
[devMouse] p1 unit 5 tile=(48,25) type=3 sel=false
[devMouse] p1 unit 6 tile=(54,19) type=3 sel=false
[devMouse] p1 unit 7 tile=(36,23) type=4 sel=false
[devMouse] p1 unit 8 tile=(37,22) type=4 sel=false
[devMouse] p1 unit 9 tile=(49,33) type=4 sel=false
[devMouse] p1 unit 10 tile=(32,17) type=3 sel=false
[devMouse] p1 unit 11 tile=(25,21) type=4 sel=false
[devMouse] p1 unit 12 tile=(22,26) type=3 sel=false
[devMouse] p1 unit 13 tile=(23,27) type=3 sel=false
[devMouse] p1 unit 14 tile=(15,47) type=3 sel=false
[devMouse] p1 unit 15 tile=(16,54) type=3 sel=false
[dbg] ar=18223 am=6 aA=6 aH=0 l=false j=false fullRedraw=false
[dbg] ar=18248 am=6 aA=6 aH=0 l=false j=false fullRedraw=false
[dbg] ar=18273 am=6 aA=6 aH=0 l=false j=false fullRedraw=false
[fifo] ar=18274 slots 0
[slots] p0 n=11 0:t0@(38,58)w13 1:t0@(36,58)w13 2:t0@(37,59)w13 3:t3@(29,59)w0 4:t3@(30,59)w0 5:t3@(30,60)w0 6:t3@(29,60)w0 7:t4@(30,57)w0 8:t4@(30,56)w0 9:t4@(30,55)w0 10:t6@(28,58)w0
[fifo] ar=18298 retask 0 39 58
[devMouse] retask slot0 (38,59)w13 -> (39,58)
[dbg] ar=18298 am=6 aA=6 aH=0 l=false j=false fullRedraw=false
[fifo] ar=18306 retask 1 39 59
[devMouse] retask slot1 (36,59)w13 -> (39,59)
[fifo] ar=18315 retask 2 39 60
[devMouse] retask slot2 (37,59)w13 -> (39,60)
[fifo] ar=18323 save /tmp/aoe-camp/m1/t.aoesave
[dbg] ar=18323 am=6 aA=6 aH=0 l=false j=false fullRedraw=false
[save] wrote /tmp/aoe-camp/m1/t.aoesave (12294B) ar=18324
[dbg] ar=18348 am=6 aA=6 aH=0 l=false j=false fullRedraw=false
[fifo] ar=18369 slots 0
[slots] p0 n=11 0:t0@(38,59)w2312 1:t0@(36,59)w0 2:t0@(38,60)w3d12 3:t3@(29,59)w0 4:t3@(30,59)w0 5:t3@(30,60)w0 6:t3@(29,60)w0 7:t4@(30,57)w0 8:t4@(30,56)w0 9:t4@(30,55)w0 10:t6@(28,58)w0
[dbg] ar=18373 am=6 aA=6 aH=0 l=false j=false fullRedraw=false
[fifo] ar=18394 retask 1 39 59
[devMouse] retask slot1 (38,58)w6412 -> (39,59)
[dbg] ar=18398 am=6 aA=6 aH=0 l=false j=false fullRedraw=false
[fifo] ar=18403 save /tmp/aoe-camp/m1/t.aoesave
[save] wrote /tmp/aoe-camp/m1/t.aoesave (12294B) ar=18404
[dbg] ar=18423 am=6 aA=6 aH=0 l=false j=false fullRedraw=false
[dbg] ar=18448 am=6 aA=6 aH=0 l=false j=false fullRedraw=false
[fifo] ar=18451 slots 0
[slots] p0 n=11 0:t0@(34,54)w13 1:t0@(38,58)w2e12 2:t0@(36,58)w13 3:t3@(29,59)w0 4:t3@(30,59)w0 5:t3@(30,60)w0 6:t3@(29,60)w0 7:t4@(30,57)w0 8:t4@(30,56)w0 9:t4@(30,55)w0 10:t6@(28,58)w0
[dbg] ar=18473 am=6 aA=6 aH=0 l=false j=false fullRedraw=false
[fifo] ar=18474 retask 0 39 58
[devMouse] retask slot0 (32,55)w13 -> (39,58)
[fifo] ar=18481 retask 2 39 60
[devMouse] retask slot2 (34,55)w13 -> (39,60)
[fifo] ar=18488 save /tmp/aoe-camp/m1/t.aoesave
[save] wrote /tmp/aoe-camp/m1/t.aoesave (12294B) ar=18489
[dbg] ar=18498 am=6 aA=6 aH=0 l=false j=false fullRedraw=false
[dbg] ar=18523 am=6 aA=6 aH=0 l=false j=false fullRedraw=false
[fifo] ar=18532 slots 0
[slots] p0 n=11 0:t0@(36,58)w0 1:t0@(37,59)w13 2:t0@(38,59)w6312 3:t3@(29,59)w0 4:t3@(30,59)w0 5:t3@(30,60)w0 6:t3@(29,60)w0 7:t4@(30,57)w0 8:t4@(30,56)w0 9:t4@(30,55)w0 10:t6@(28,58)w0
[dbg] ar=18548 am=6 aA=6 aH=0 l=false j=false fullRedraw=false
[fifo] ar=18555 retask 0 39 58
[devMouse] retask slot0 (37,60)w0 -> (39,58)
[fifo] ar=18563 retask 1 39 59
[devMouse] retask slot1 (36,59)w13 -> (39,59)
[fifo] ar=18571 save /tmp/aoe-camp/m1/t.aoesave
[save] wrote /tmp/aoe-camp/m1/t.aoesave (12294B) ar=18573
[dbg] ar=18573 am=6 aA=6 aH=0 l=false j=false fullRedraw=false
[dbg] ar=18598 am=6 aA=6 aH=0 l=false j=false fullRedraw=false
[fifo] ar=18618 slots 0
[slots] p0 n=11 0:t0@(38,58)w4d12 1:t0@(35,59)w0 2:t0@(38,59)wd12 3:t3@(29,59)w0 4:t3@(30,59)w0 5:t3@(30,60)w0 6:t3@(29,60)w0 7:t4@(30,57)w0 8:t4@(30,56)w0 9:t4@(30,55)w0 10:t6@(28,58)w0
[dbg] ar=18623 am=6 aA=6 aH=0 l=false j=false fullRedraw=false
[fifo] ar=18643 retask 1 39 59
[devMouse] retask slot1 (38,59)w0 -> (39,59)
[dbg] ar=18648 am=6 aA=6 aH=0 l=false j=false fullRedraw=false
[fifo] ar=18650 save /tmp/aoe-camp/m1/t.aoesave
[save] wrote /tmp/aoe-camp/m1/t.aoesave (12294B) ar=18651
[dbg] ar=18673 am=6 aA=6 aH=0 l=false j=false fullRedraw=false
[fifo] ar=18696 state
[devMouse] aA=6/6 cursor=(31,58) cam=(-523,628) Q=3743 aE=512 Y=0 sel=6
[devMouse] p0 unit 0 tile=(37,58) type=0 sel=true
[devMouse] p0 unit 1 tile=(38,59) type=0 sel=true
[devMouse] p0 unit 2 tile=(37,59) type=0 sel=true
[devMouse] p0 unit 3 tile=(29,59) type=3 sel=true
[devMouse] p0 unit 4 tile=(30,59) type=3 sel=true
[devMouse] p0 unit 5 tile=(30,60) type=3 sel=true
[devMouse] p0 unit 6 tile=(29,60) type=3 sel=true
[devMouse] p0 unit 7 tile=(30,57) type=4 sel=true
[devMouse] p0 unit 8 tile=(30,56) type=4 sel=true
[devMouse] p0 unit 9 tile=(30,55) type=4 sel=true
[devMouse] p0 unit 10 tile=(28,58) type=6 sel=true
[devMouse] p1 unit 0 tile=(48,48) type=3 sel=false
[devMouse] p1 unit 1 tile=(40,34) type=3 sel=false
[devMouse] p1 unit 2 tile=(60,55) type=3 sel=false
[devMouse] p1 unit 3 tile=(61,45) type=3 sel=false
[devMouse] p1 unit 4 tile=(49,24) type=3 sel=false
[devMouse] p1 unit 5 tile=(48,25) type=3 sel=false
[devMouse] p1 unit 6 tile=(54,19) type=3 sel=false
[devMouse] p1 unit 7 tile=(36,23) type=4 sel=false
[devMouse] p1 unit 8 tile=(37,22) type=4 sel=false
[devMouse] p1 unit 9 tile=(49,33) type=4 sel=false
[devMouse] p1 unit 10 tile=(32,17) type=3 sel=false
[devMouse] p1 unit 11 tile=(25,21) type=4 sel=false
[devMouse] p1 unit 12 tile=(22,26) type=3 sel=false
[devMouse] p1 unit 13 tile=(23,27) type=3 sel=false
[devMouse] p1 unit 14 tile=(15,47) type=3 sel=false
[devMouse] p1 unit 15 tile=(16,54) type=3 sel=false
[dbg] ar=18698 am=6 aA=6 aH=0 l=false j=false fullRedraw=false
[dbg] ar=18723 am=6 aA=6 aH=0 l=false j=false fullRedraw=false
[dbg] ar=18748 am=6 aA=6 aH=0 l=false j=false fullRedraw=false
[fifo] ar=18750 slots 0
[slots] p0 n=11 0:t0@(37,59)w13 1:t0@(38,59)w312 2:t0@(37,60)w13 3:t3@(29,59)w0 4:t3@(30,59)w0 5:t3@(30,60)w0 6:t3@(29,60)w0 7:t4@(30,57)w0 8:t4@(30,56)w0 9:t4@(30,55)w0 10:t6@(28,58)w0
[dbg] ar=18773 am=6 aA=6 aH=0 l=false j=false fullRedraw=false
[fifo] ar=18775 retask 0 39 58
[devMouse] retask slot0 (38,60)w13 -> (39,58)
[fifo] ar=18783 retask 2 39 60
[devMouse] retask slot2 (38,59)w13 -> (39,60)
[fifo] ar=18791 save /tmp/aoe-camp/m1/t.aoesave
[save] wrote /tmp/aoe-camp/m1/t.aoesave (12294B) ar=18792
[dbg] ar=18798 am=6 aA=6 aH=0 l=false j=false fullRedraw=false
[dbg] ar=18823 am=6 aA=6 aH=0 l=false j=false fullRedraw=false
[fifo] ar=18838 slots 0
[slots] p0 n=11 0:t0@(38,58)w4d12 1:t0@(37,60)w13 2:t0@(38,59)w3112 3:t3@(29,59)w0 4:t3@(30,59)w0 5:t3@(30,60)w0 6:t3@(29,60)w0 7:t4@(30,57)w0 8:t4@(30,56)w0 9:t4@(30,55)w0 10:t6@(28,58)w0
[dbg] ar=18848 am=6 aA=6 aH=0 l=false j=false fullRedraw=false
[fifo] ar=18863 retask 1 39 59
[devMouse] retask slot1 (38,60)w13 -> (39,59)
[fifo] ar=18871 save /tmp/aoe-camp/m1/t.aoesave
[save] wrote /tmp/aoe-camp/m1/t.aoesave (12294B) ar=18872
[dbg] ar=18873 am=6 aA=6 aH=0 l=false j=false fullRedraw=false
[dbg] ar=18898 am=6 aA=6 aH=0 l=false j=false fullRedraw=false
[fifo] ar=18917 slots 0
[slots] p0 n=11 0:t0@(38,59)w13 1:t0@(38,60)w3812 2:t0@(36,59)w13 3:t3@(29,59)w0 4:t3@(30,59)w0 5:t3@(30,60)w0 6:t3@(29,60)w0 7:t4@(30,57)w0 8:t4@(30,56)w0 9:t4@(30,55)w0 10:t6@(28,58)w0
[dbg] ar=18923 am=6 aA=6 aH=0 l=false j=false fullRedraw=false
[fifo] ar=18942 retask 0 39 58
[devMouse] retask slot0 (36,60)w13 -> (39,58)
[dbg] ar=18948 am=6 aA=6 aH=0 l=false j=false fullRedraw=false
[fifo] ar=18950 retask 2 39 60
[devMouse] retask slot2 (38,58)w13 -> (39,60)
[fifo] ar=18959 save /tmp/aoe-camp/m1/t.aoesave
[save] wrote /tmp/aoe-camp/m1/t.aoesave (12294B) ar=18960
[dbg] ar=18973 am=6 aA=6 aH=0 l=false j=false fullRedraw=false
[dbg] ar=18998 am=6 aA=6 aH=0 l=false j=false fullRedraw=false
[fifo] ar=19006 slots 0
[slots] p0 n=11 0:t0@(38,59)w3a12 1:t0@(38,58)w13 2:t0@(38,60)w5412 3:t3@(29,59)w0 4:t3@(30,59)w0 5:t3@(30,60)w0 6:t3@(29,60)w0 7:t4@(30,57)w0 8:t4@(30,56)w0 9:t4@(30,55)w0 10:t6@(28,58)w0
[dbg] ar=19023 am=6 aA=6 aH=0 l=false j=false fullRedraw=false
[fifo] ar=19031 retask 1 39 59
[devMouse] retask slot1 (37,59)w13 -> (39,59)
[fifo] ar=19039 save /tmp/aoe-camp/m1/t.aoesave
[save] wrote /tmp/aoe-camp/m1/t.aoesave (12294B) ar=19040
[dbg] ar=19048 am=6 aA=6 aH=0 l=false j=false fullRedraw=false
[dbg] ar=19073 am=6 aA=6 aH=0 l=false j=false fullRedraw=false
[fifo] ar=19086 slots 0
[slots] p0 n=11 0:t0@(35,57)w13 1:t0@(38,58)w3e12 2:t0@(38,60)w312 3:t3@(29,59)w0 4:t3@(30,59)w0 5:t3@(30,60)w0 6:t3@(29,60)w0 7:t4@(30,57)w0 8:t4@(30,56)w0 9:t4@(30,55)w0 10:t6@(28,58)w0
[dbg] ar=19098 am=6 aA=6 aH=0 l=false j=false fullRedraw=false
[fifo] ar=19112 retask 0 39 58
[devMouse] retask slot0 (34,54)w13 -> (39,58)
[fifo] ar=19120 save /tmp/aoe-camp/m1/t.aoesave
[save] wrote /tmp/aoe-camp/m1/t.aoesave (12294B) ar=19121
[dbg] ar=19123 am=6 aA=6 aH=0 l=false j=false fullRedraw=false
[dbg] ar=19148 am=6 aA=6 aH=0 l=false j=false fullRedraw=false
[fifo] ar=19170 state
[devMouse] aA=6/6 cursor=(31,58) cam=(-523,628) Q=3743 aE=512 Y=0 sel=6
[devMouse] p0 unit 0 tile=(35,58) type=0 sel=true
[devMouse] p0 unit 1 tile=(38,60) type=0 sel=true
[devMouse] p0 unit 2 tile=(35,56) type=0 sel=true
[devMouse] p0 unit 3 tile=(29,59) type=3 sel=true
[devMouse] p0 unit 4 tile=(30,59) type=3 sel=true
[devMouse] p0 unit 5 tile=(30,60) type=3 sel=true
[devMouse] p0 unit 6 tile=(29,60) type=3 sel=true
[devMouse] p0 unit 7 tile=(30,57) type=4 sel=true
[devMouse] p0 unit 8 tile=(30,56) type=4 sel=true
[devMouse] p0 unit 9 tile=(30,55) type=4 sel=true
[devMouse] p0 unit 10 tile=(28,58) type=6 sel=true
[devMouse] p1 unit 0 tile=(48,48) type=3 sel=false
[devMouse] p1 unit 1 tile=(40,34) type=3 sel=false
[devMouse] p1 unit 2 tile=(60,55) type=3 sel=false
[devMouse] p1 unit 3 tile=(61,45) type=3 sel=false
[devMouse] p1 unit 4 tile=(49,24) type=3 sel=false
[devMouse] p1 unit 5 tile=(48,25) type=3 sel=false
[devMouse] p1 unit 6 tile=(54,19) type=3 sel=false
[devMouse] p1 unit 7 tile=(36,23) type=4 sel=false
[devMouse] p1 unit 8 tile=(37,22) type=4 sel=false
[devMouse] p1 unit 9 tile=(49,33) type=4 sel=false
[devMouse] p1 unit 10 tile=(32,17) type=3 sel=false
[devMouse] p1 unit 11 tile=(25,21) type=4 sel=false
[devMouse] p1 unit 12 tile=(22,26) type=3 sel=false
[devMouse] p1 unit 13 tile=(23,27) type=3 sel=false
[devMouse] p1 unit 14 tile=(15,47) type=3 sel=false
[devMouse] p1 unit 15 tile=(16,54) type=3 sel=false
[dbg] ar=19173 am=6 aA=6 aH=0 l=false j=false fullRedraw=false
[dbg] ar=19198 am=6 aA=6 aH=0 l=false j=false fullRedraw=false
[fifo] ar=19223 slots 0
[slots] p0 n=11 0:t0@(38,58)w4e12 1:t0@(37,60)w13 2:t0@(38,60)w13 3:t3@(29,59)w0 4:t3@(30,59)w0 5:t3@(30,60)w0 6:t3@(29,60)w0 7:t4@(30,57)w0 8:t4@(30,56)w0 9:t4@(30,55)w0 10:t6@(28,58)w0
[dbg] ar=19223 am=6 aA=6 aH=0 l=false j=false fullRedraw=false
[fifo] ar=19248 retask 1 39 59
[devMouse] retask slot1 (37,58)w13 -> (39,59)
[dbg] ar=19248 am=6 aA=6 aH=0 l=false j=false fullRedraw=false
[fifo] ar=19256 retask 2 39 60
[devMouse] retask slot2 (35,57)w13 -> (39,60)
[fifo] ar=19265 save /tmp/aoe-camp/m1/t.aoesave
[save] wrote /tmp/aoe-camp/m1/t.aoesave (12294B) ar=19266
[dbg] ar=19273 am=6 aA=6 aH=0 l=false j=false fullRedraw=false
[dbg] ar=19298 am=6 aA=6 aH=0 l=false j=false fullRedraw=false
[fifo] ar=19312 slots 0
[slots] p0 n=11 0:t0@(36,59)w13 1:t0@(38,59)w3812 2:t0@(38,60)w5712 3:t3@(29,59)w0 4:t3@(30,59)w0 5:t3@(30,60)w0 6:t3@(29,60)w0 7:t4@(30,57)w0 8:t4@(30,56)w0 9:t4@(30,55)w0 10:t6@(28,58)w0
[dbg] ar=19323 am=6 aA=6 aH=0 l=false j=false fullRedraw=false
[fifo] ar=19336 retask 0 39 58
[devMouse] retask slot0 (36,58)w13 -> (39,58)
[fifo] ar=19343 save /tmp/aoe-camp/m1/t.aoesave
[save] wrote /tmp/aoe-camp/m1/t.aoesave (12294B) ar=19344
[dbg] ar=19348 am=6 aA=6 aH=0 l=false j=false fullRedraw=false
[dbg] ar=19373 am=6 aA=6 aH=0 l=false j=false fullRedraw=false
[fifo] ar=19391 slots 0
[slots] p0 n=11 0:t0@(38,58)w4312 1:t0@(35,59)w13 2:t0@(38,60)w812 3:t3@(29,59)w0 4:t3@(30,59)w0 5:t3@(30,60)w0 6:t3@(29,60)w0 7:t4@(30,57)w0 8:t4@(30,56)w0 9:t4@(30,55)w0 10:t6@(28,58)w0
[dbg] ar=19398 am=6 aA=6 aH=0 l=false j=false fullRedraw=false
[fifo] ar=19416 retask 1 39 59
[devMouse] retask slot1 (38,59)w13 -> (39,59)
[dbg] ar=19423 am=6 aA=6 aH=0 l=false j=false fullRedraw=false
[fifo] ar=19424 save /tmp/aoe-camp/m1/t.aoesave
[save] wrote /tmp/aoe-camp/m1/t.aoesave (12294B) ar=19425
[dbg] ar=19448 am=6 aA=6 aH=0 l=false j=false fullRedraw=false
[fifo] ar=19470 slots 0
[slots] p0 n=11 0:t0@(36,59)w13 1:t0@(38,59)w3712 2:t0@(33,54)w13 3:t3@(29,59)w0 4:t3@(30,59)w0 5:t3@(30,60)w0 6:t3@(29,60)w0 7:t4@(30,57)w0 8:t4@(30,56)w0 9:t4@(30,55)w0 10:t6@(28,58)w0
[dbg] ar=19473 am=6 aA=6 aH=0 l=false j=false fullRedraw=false
[fifo] ar=19495 retask 0 39 58
[devMouse] retask slot0 (37,58)w13 -> (39,58)
[dbg] ar=19498 am=6 aA=6 aH=0 l=false j=false fullRedraw=false
[fifo] ar=19503 retask 2 39 60
[devMouse] retask slot2 (35,56)w13 -> (39,60)
[fifo] ar=19511 save /tmp/aoe-camp/m1/t.aoesave
[save] wrote /tmp/aoe-camp/m1/t.aoesave (12294B) ar=19512
[dbg] ar=19523 am=6 aA=6 aH=0 l=false j=false fullRedraw=false
[dbg] ar=19548 am=6 aA=6 aH=0 l=false j=false fullRedraw=false
[fifo] ar=19559 slots 0
[slots] p0 n=11 0:t0@(38,58)w3812 1:t0@(38,59)w13 2:t0@(37,60)w0 3:t3@(29,59)w0 4:t3@(30,59)w0 5:t3@(30,60)w0 6:t3@(29,60)w0 7:t4@(30,57)w0 8:t4@(30,56)w0 9:t4@(30,55)w0 10:t6@(28,58)w0
[dbg] ar=19573 am=6 aA=6 aH=0 l=false j=false fullRedraw=false
[fifo] ar=19584 retask 1 39 59
[devMouse] retask slot1 (36,59)w13 -> (39,59)
[fifo] ar=19590 retask 2 39 60
[devMouse] retask slot2 (38,59)w5312 -> (39,60)
[fifo] ar=19595 save /tmp/aoe-camp/m1/t.aoesave
[save] wrote /tmp/aoe-camp/m1/t.aoesave (12294B) ar=19596
[dbg] ar=19598 am=6 aA=6 aH=0 l=false j=false fullRedraw=false
[dbg] ar=19623 am=6 aA=6 aH=0 l=false j=false fullRedraw=false
[fifo] ar=19642 state
[devMouse] aA=6/6 cursor=(31,58) cam=(-523,628) Q=3743 aE=512 Y=0 sel=6
[devMouse] p0 unit 0 tile=(35,58) type=0 sel=true
[devMouse] p0 unit 1 tile=(38,60) type=0 sel=true
[devMouse] p0 unit 2 tile=(38,59) type=0 sel=true
[devMouse] p0 unit 3 tile=(29,59) type=3 sel=true
[devMouse] p0 unit 4 tile=(30,59) type=3 sel=true
[devMouse] p0 unit 5 tile=(30,60) type=3 sel=true
[devMouse] p0 unit 6 tile=(29,60) type=3 sel=true
[devMouse] p0 unit 7 tile=(30,57) type=4 sel=true
[devMouse] p0 unit 8 tile=(30,56) type=4 sel=true
[devMouse] p0 unit 9 tile=(30,55) type=4 sel=true
[devMouse] p0 unit 10 tile=(28,58) type=6 sel=true
[devMouse] p1 unit 0 tile=(48,48) type=3 sel=false
[devMouse] p1 unit 1 tile=(40,34) type=3 sel=false
[devMouse] p1 unit 2 tile=(60,55) type=3 sel=false
[devMouse] p1 unit 3 tile=(61,45) type=3 sel=false
[devMouse] p1 unit 4 tile=(49,24) type=3 sel=false
[devMouse] p1 unit 5 tile=(48,25) type=3 sel=false
[devMouse] p1 unit 6 tile=(54,19) type=3 sel=false
[devMouse] p1 unit 7 tile=(36,23) type=4 sel=false
[devMouse] p1 unit 8 tile=(37,22) type=4 sel=false
[devMouse] p1 unit 9 tile=(49,33) type=4 sel=false
[devMouse] p1 unit 10 tile=(32,17) type=3 sel=false
[devMouse] p1 unit 11 tile=(25,21) type=4 sel=false
[devMouse] p1 unit 12 tile=(22,26) type=3 sel=false
[devMouse] p1 unit 13 tile=(23,27) type=3 sel=false
[devMouse] p1 unit 14 tile=(15,47) type=3 sel=false
[devMouse] p1 unit 15 tile=(16,54) type=3 sel=false
[dbg] ar=19648 am=6 aA=6 aH=0 l=false j=false fullRedraw=false
[dbg] ar=19673 am=6 aA=6 aH=0 l=false j=false fullRedraw=false
[fifo] ar=19695 slots 0
[slots] p0 n=11 0:t0@(35,58)w13 1:t0@(38,60)we12 2:t0@(37,60)w13 3:t3@(29,59)w0 4:t3@(30,59)w0 5:t3@(30,60)w0 6:t3@(29,60)w0 7:t4@(30,57)w0 8:t4@(30,56)w0 9:t4@(30,55)w0 10:t6@(28,58)w0
[dbg] ar=19698 am=6 aA=6 aH=0 l=false j=false fullRedraw=false
[fifo] ar=19718 retask 0 39 58
[devMouse] retask slot0 (38,58)w13 -> (39,58)
[dbg] ar=19723 am=6 aA=6 aH=0 l=false j=false fullRedraw=false
[fifo] ar=19726 retask 2 39 60
[devMouse] retask slot2 (36,59)w13 -> (39,60)
[fifo] ar=19734 save /tmp/aoe-camp/m1/t.aoesave
[save] wrote /tmp/aoe-camp/m1/t.aoesave (12294B) ar=19735
[dbg] ar=19748 am=6 aA=6 aH=0 l=false j=false fullRedraw=false
[dbg] ar=19773 am=6 aA=6 aH=0 l=false j=false fullRedraw=false
[fifo] ar=19779 slots 0
[slots] p0 n=11 0:t0@(38,58)w2f12 1:t0@(33,54)w13 2:t0@(38,60)w4712 3:t3@(29,59)w0 4:t3@(30,59)w0 5:t3@(30,60)w0 6:t3@(29,60)w0 7:t4@(30,57)w0 8:t4@(30,56)w0 9:t4@(30,55)w0 10:t6@(28,58)w0
[dbg] ar=19798 am=6 aA=6 aH=0 l=false j=false fullRedraw=false
[fifo] ar=19804 retask 1 39 59
[devMouse] retask slot1 (34,55)w13 -> (39,59)
[fifo] ar=19811 save /tmp/aoe-camp/m1/t.aoesave
[save] wrote /tmp/aoe-camp/m1/t.aoesave (12294B) ar=19812
[dbg] ar=19823 am=6 aA=6 aH=0 l=false j=false fullRedraw=false
[dbg] ar=19848 am=6 aA=6 aH=0 l=false j=false fullRedraw=false
[fifo] ar=19858 slots 0
[slots] p0 n=11 0:t0@(35,59)w13 1:t0@(38,58)w6212 2:t0@(38,59)w13 3:t3@(29,59)w0 4:t3@(30,59)w0 5:t3@(30,60)w0 6:t3@(29,60)w0 7:t4@(30,57)w0 8:t4@(30,56)w0 9:t4@(30,55)w0 10:t6@(28,58)w0
[dbg] ar=19873 am=6 aA=6 aH=0 l=false j=false fullRedraw=false
[fifo] ar=19884 retask 0 39 58
[devMouse] retask slot0 (38,59)w13 -> (39,58)
[fifo] ar=19891 retask 2 39 60
[devMouse] retask slot2 (35,56)w13 -> (39,60)
[fifo] ar=19898 save /tmp/aoe-camp/m1/t.aoesave
[dbg] ar=19898 am=6 aA=6 aH=0 l=false j=false fullRedraw=false
[save] wrote /tmp/aoe-camp/m1/t.aoesave (12294B) ar=19899
[dbg] ar=19923 am=6 aA=6 aH=0 l=false j=false fullRedraw=false
[fifo] ar=19944 slots 0
[slots] p0 n=11 0:t0@(38,59)w3012 1:t0@(38,58)wc12 2:t0@(35,57)w0 3:t3@(29,59)w0 4:t3@(30,59)w0 5:t3@(30,60)w0 6:t3@(29,60)w0 7:t4@(30,57)w0 8:t4@(30,56)w0 9:t4@(30,55)w0 10:t6@(28,58)w0
[dbg] ar=19948 am=6 aA=6 aH=0 l=false j=false fullRedraw=false
[fifo] ar=19968 retask 2 39 60
[devMouse] retask slot2 (37,59)w0 -> (39,60)
[dbg] ar=19973 am=6 aA=6 aH=0 l=false j=false fullRedraw=false
[fifo] ar=19977 save /tmp/aoe-camp/m1/t.aoesave
[save] wrote /tmp/aoe-camp/m1/t.aoesave (12294B) ar=19978
[dbg] ar=19998 am=6 aA=6 aH=0 l=false j=false fullRedraw=false
[dbg] ar=20023 am=6 aA=6 aH=0 l=false j=false fullRedraw=false
[fifo] ar=20024 slots 0
[slots] p0 n=11 0:t0@(38,58)w13 1:t0@(38,59)w13 2:t0@(38,60)w4012 3:t3@(29,59)w0 4:t3@(30,59)w0 5:t3@(30,60)w0 6:t3@(29,60)w0 7:t4@(30,57)w0 8:t4@(30,56)w0 9:t4@(30,55)w0 10:t6@(28,58)w0
[dbg] ar=20048 am=6 aA=6 aH=0 l=false j=false fullRedraw=false
[fifo] ar=20049 retask 0 39 58
[devMouse] retask slot0 (37,59)w13 -> (39,58)
[fifo] ar=20057 retask 1 39 59
[devMouse] retask slot1 (37,59)w13 -> (39,59)
[fifo] ar=20065 save /tmp/aoe-camp/m1/t.aoesave
[save] wrote /tmp/aoe-camp/m1/t.aoesave (12294B) ar=20066
[dbg] ar=20073 am=6 aA=6 aH=0 l=false j=false fullRedraw=false
[dbg] ar=20098 am=6 aA=6 aH=0 l=false j=false fullRedraw=false
[fifo] ar=20113 state
[devMouse] aA=6/6 cursor=(31,58) cam=(-523,628) Q=3743 aE=512 Y=0 sel=6
[devMouse] p0 unit 0 tile=(38,58) type=0 sel=true
[devMouse] p0 unit 1 tile=(38,59) type=0 sel=true
[devMouse] p0 unit 2 tile=(36,58) type=0 sel=true
[devMouse] p0 unit 3 tile=(29,59) type=3 sel=true
[devMouse] p0 unit 4 tile=(30,59) type=3 sel=true
[devMouse] p0 unit 5 tile=(30,60) type=3 sel=true
[devMouse] p0 unit 6 tile=(29,60) type=3 sel=true
[devMouse] p0 unit 7 tile=(30,57) type=4 sel=true
[devMouse] p0 unit 8 tile=(30,56) type=4 sel=true
[devMouse] p0 unit 9 tile=(30,55) type=4 sel=true
[devMouse] p0 unit 10 tile=(28,58) type=6 sel=true
[devMouse] p1 unit 0 tile=(48,48) type=3 sel=false
[devMouse] p1 unit 1 tile=(40,34) type=3 sel=false
[devMouse] p1 unit 2 tile=(60,55) type=3 sel=false
[devMouse] p1 unit 3 tile=(61,45) type=3 sel=false
[devMouse] p1 unit 4 tile=(49,24) type=3 sel=false
[devMouse] p1 unit 5 tile=(48,25) type=3 sel=false
[devMouse] p1 unit 6 tile=(54,19) type=3 sel=false
[devMouse] p1 unit 7 tile=(36,23) type=4 sel=false
[devMouse] p1 unit 8 tile=(37,22) type=4 sel=false
[devMouse] p1 unit 9 tile=(49,33) type=4 sel=false
[devMouse] p1 unit 10 tile=(32,17) type=3 sel=false
[devMouse] p1 unit 11 tile=(25,21) type=4 sel=false
[devMouse] p1 unit 12 tile=(22,26) type=3 sel=false
[devMouse] p1 unit 13 tile=(23,27) type=3 sel=false
[devMouse] p1 unit 14 tile=(15,47) type=3 sel=false
[devMouse] p1 unit 15 tile=(16,54) type=3 sel=false
[dbg] ar=20123 am=6 aA=6 aH=0 l=false j=false fullRedraw=false
[dbg] ar=20148 am=6 aA=6 aH=0 l=false j=false fullRedraw=false
[fifo] ar=20167 slots 0
[slots] p0 n=11 0:t0@(38,58)w13 1:t0@(38,59)w912 2:t0@(32,55)w13 3:t3@(29,59)w0 4:t3@(30,59)w0 5:t3@(30,60)w0 6:t3@(29,60)w0 7:t4@(30,57)w0 8:t4@(30,56)w0 9:t4@(30,55)w0 10:t6@(28,58)w0
[dbg] ar=20173 am=6 aA=6 aH=0 l=false j=false fullRedraw=false
[fifo] ar=20191 retask 0 39 58
[devMouse] retask slot0 (35,58)w13 -> (39,58)
[fifo] ar=20198 retask 2 39 60
[devMouse] retask slot2 (35,57)w13 -> (39,60)
[dbg] ar=20198 am=6 aA=6 aH=0 l=false j=false fullRedraw=false
[fifo] ar=20206 save /tmp/aoe-camp/m1/t.aoesave
[save] wrote /tmp/aoe-camp/m1/t.aoesave (12294B) ar=20207
[dbg] ar=20223 am=6 aA=6 aH=0 l=false j=false fullRedraw=false
[dbg] ar=20248 am=6 aA=6 aH=0 l=false j=false fullRedraw=false
[fifo] ar=20253 slots 0
[slots] p0 n=11 0:t0@(38,58)w4712 1:t0@(37,59)w13 2:t0@(38,59)w5212 3:t3@(29,59)w0 4:t3@(30,59)w0 5:t3@(30,60)w0 6:t3@(29,60)w0 7:t4@(30,57)w0 8:t4@(30,56)w0 9:t4@(30,55)w0 10:t6@(28,58)w0
[dbg] ar=20273 am=6 aA=6 aH=0 l=false j=false fullRedraw=false
[fifo] ar=20277 retask 1 39 59
[devMouse] retask slot1 (36,59)w13 -> (39,59)
[fifo] ar=20285 save /tmp/aoe-camp/m1/t.aoesave
[save] wrote /tmp/aoe-camp/m1/t.aoesave (12294B) ar=20286
[dbg] ar=20298 am=6 aA=6 aH=0 l=false j=false fullRedraw=false
[dbg] ar=20323 am=6 aA=6 aH=0 l=false j=false fullRedraw=false
[fifo] ar=20334 slots 0
[slots] p0 n=11 0:t0@(36,59)w13 1:t0@(38,60)w4712 2:t0@(38,59)w112 3:t3@(29,59)w0 4:t3@(30,59)w0 5:t3@(30,60)w0 6:t3@(29,60)w0 7:t4@(30,57)w0 8:t4@(30,56)w0 9:t4@(30,55)w0 10:t6@(28,58)w0
[dbg] ar=20348 am=6 aA=6 aH=0 l=false j=false fullRedraw=false
[fifo] ar=20360 retask 0 39 58
[devMouse] retask slot0 (36,58)w13 -> (39,58)
[fifo] ar=20367 save /tmp/aoe-camp/m1/t.aoesave
[save] wrote /tmp/aoe-camp/m1/t.aoesave (12294B) ar=20368
[dbg] ar=20373 am=6 aA=6 aH=0 l=false j=false fullRedraw=false
[dbg] ar=20398 am=6 aA=6 aH=0 l=false j=false fullRedraw=false
[fifo] ar=20414 slots 0
[slots] p0 n=11 0:t0@(38,58)w4312 1:t0@(38,59)w13 2:t0@(35,59)w13 3:t3@(29,59)w0 4:t3@(30,59)w0 5:t3@(30,60)w0 6:t3@(29,60)w0 7:t4@(30,57)w0 8:t4@(30,56)w0 9:t4@(30,55)w0 10:t6@(28,58)w0
[dbg] ar=20423 am=6 aA=6 aH=0 l=false j=false fullRedraw=false
[fifo] ar=20439 retask 1 39 59
[devMouse] retask slot1 (35,57)w13 -> (39,59)
[fifo] ar=20446 retask 2 39 60
[devMouse] retask slot2 (38,60)w13 -> (39,60)
[dbg] ar=20448 am=6 aA=6 aH=0 l=false j=false fullRedraw=false
[fifo] ar=20454 save /tmp/aoe-camp/m1/t.aoesave
[save] wrote /tmp/aoe-camp/m1/t.aoesave (12294B) ar=20455
[dbg] ar=20473 am=6 aA=6 aH=0 l=false j=false fullRedraw=false
[dbg] ar=20498 am=6 aA=6 aH=0 l=false j=false fullRedraw=false
[fifo] ar=20501 slots 0
[slots] p0 n=11 0:t0@(35,58)w13 1:t0@(38,59)w4612 2:t0@(38,60)w3612 3:t3@(29,59)w0 4:t3@(30,59)w0 5:t3@(30,60)w0 6:t3@(29,60)w0 7:t4@(30,57)w0 8:t4@(30,56)w0 9:t4@(30,55)w0 10:t6@(28,58)w0
[dbg] ar=20523 am=6 aA=6 aH=0 l=false j=false fullRedraw=false
[fifo] ar=20527 retask 0 39 58
[devMouse] retask slot0 (37,58)w13 -> (39,58)
[fifo] ar=20535 save /tmp/aoe-camp/m1/t.aoesave
[save] wrote /tmp/aoe-camp/m1/t.aoesave (12294B) ar=20536
[dbg] ar=20548 am=6 aA=6 aH=0 l=false j=false fullRedraw=false
[dbg] ar=20573 am=6 aA=6 aH=0 l=false j=false fullRedraw=false
[fifo] ar=20583 state
[devMouse] aA=6/6 cursor=(31,58) cam=(-523,628) Q=3743 aE=512 Y=0 sel=6
[devMouse] p0 unit 0 tile=(38,58) type=0 sel=true
[devMouse] p0 unit 1 tile=(37,60) type=0 sel=true
[devMouse] p0 unit 2 tile=(35,57) type=0 sel=true
[devMouse] p0 unit 3 tile=(29,59) type=3 sel=true
[devMouse] p0 unit 4 tile=(30,59) type=3 sel=true
[devMouse] p0 unit 5 tile=(30,60) type=3 sel=true
[devMouse] p0 unit 6 tile=(29,60) type=3 sel=true
[devMouse] p0 unit 7 tile=(30,57) type=4 sel=true
[devMouse] p0 unit 8 tile=(30,56) type=4 sel=true
[devMouse] p0 unit 9 tile=(30,55) type=4 sel=true
[devMouse] p0 unit 10 tile=(28,58) type=6 sel=true
[devMouse] p1 unit 0 tile=(48,48) type=3 sel=false
[devMouse] p1 unit 1 tile=(40,34) type=3 sel=false
[devMouse] p1 unit 2 tile=(60,55) type=3 sel=false
[devMouse] p1 unit 3 tile=(61,45) type=3 sel=false
[devMouse] p1 unit 4 tile=(49,24) type=3 sel=false
[devMouse] p1 unit 5 tile=(48,25) type=3 sel=false
[devMouse] p1 unit 6 tile=(54,19) type=3 sel=false
[devMouse] p1 unit 7 tile=(36,23) type=4 sel=false
[devMouse] p1 unit 8 tile=(37,22) type=4 sel=false
[devMouse] p1 unit 9 tile=(49,33) type=4 sel=false
[devMouse] p1 unit 10 tile=(32,17) type=3 sel=false
[devMouse] p1 unit 11 tile=(25,21) type=4 sel=false
[devMouse] p1 unit 12 tile=(22,26) type=3 sel=false
[devMouse] p1 unit 13 tile=(23,27) type=3 sel=false
[devMouse] p1 unit 14 tile=(15,47) type=3 sel=false
[devMouse] p1 unit 15 tile=(16,54) type=3 sel=false
[dbg] ar=20598 am=6 aA=6 aH=0 l=false j=false fullRedraw=false
[dbg] ar=20623 am=6 aA=6 aH=0 l=false j=false fullRedraw=false
[fifo] ar=20637 slots 0
[slots] p0 n=11 0:t0@(38,58)w112 1:t0@(36,59)w13 2:t0@(33,55)w13 3:t3@(29,59)w0 4:t3@(30,59)w0 5:t3@(30,60)w0 6:t3@(29,60)w0 7:t4@(30,57)w0 8:t4@(30,56)w0 9:t4@(30,55)w0 10:t6@(28,58)w0
[dbg] ar=20648 am=6 aA=6 aH=0 l=false j=false fullRedraw=false
[fifo] ar=20660 retask 1 39 59
[devMouse] retask slot1 (38,59)w13 -> (39,59)
[fifo] ar=20669 retask 2 39 60
[devMouse] retask slot2 (35,57)w13 -> (39,60)
[dbg] ar=20673 am=6 aA=6 aH=0 l=false j=false fullRedraw=false
[fifo] ar=20677 save /tmp/aoe-camp/m1/t.aoesave
[save] wrote /tmp/aoe-camp/m1/t.aoesave (12294B) ar=20678
[dbg] ar=20698 am=6 aA=6 aH=0 l=false j=false fullRedraw=false
[dbg] ar=20723 am=6 aA=6 aH=0 l=false j=false fullRedraw=false
[fifo] ar=20725 slots 0
[slots] p0 n=11 0:t0@(35,58)w13 1:t0@(38,59)w2812 2:t0@(38,60)w5712 3:t3@(29,59)w0 4:t3@(30,59)w0 5:t3@(30,60)w0 6:t3@(29,60)w0 7:t4@(30,57)w0 8:t4@(30,56)w0 9:t4@(30,55)w0 10:t6@(28,58)w0
[dbg] ar=20748 am=6 aA=6 aH=0 l=false j=false fullRedraw=false
[fifo] ar=20749 retask 0 39 58
[devMouse] retask slot0 (38,58)w13 -> (39,58)
[fifo] ar=20756 save /tmp/aoe-camp/m1/t.aoesave
[save] wrote /tmp/aoe-camp/m1/t.aoesave (12294B) ar=20757
[dbg] ar=20773 am=6 aA=6 aH=0 l=false j=false fullRedraw=false
[dbg] ar=20798 am=6 aA=6 aH=0 l=false j=false fullRedraw=false
[fifo] ar=20803 slots 0
[slots] p0 n=11 0:t0@(38,58)w3712 1:t0@(37,59)w13 2:t0@(38,60)w912 3:t3@(29,59)w0 4:t3@(30,59)w0 5:t3@(30,60)w0 6:t3@(29,60)w0 7:t4@(30,57)w0 8:t4@(30,56)w0 9:t4@(30,55)w0 10:t6@(28,58)w0
[dbg] ar=20823 am=6 aA=6 aH=0 l=false j=false fullRedraw=false
[fifo] ar=20829 retask 1 39 59
[devMouse] retask slot1 (37,60)w13 -> (39,59)
[fifo] ar=20837 save /tmp/aoe-camp/m1/t.aoesave
[save] wrote /tmp/aoe-camp/m1/t.aoesave (12294B) ar=20838
[dbg] ar=20848 am=6 aA=6 aH=0 l=false j=false fullRedraw=false
[dbg] ar=20873 am=6 aA=6 aH=0 l=false j=false fullRedraw=false
[fifo] ar=20883 slots 0
[slots] p0 n=11 0:t0@(37,59)w13 1:t0@(38,59)w4112 2:t0@(37,60)w13 3:t3@(29,59)w0 4:t3@(30,59)w0 5:t3@(30,60)w0 6:t3@(29,60)w0 7:t4@(30,57)w0 8:t4@(30,56)w0 9:t4@(30,55)w0 10:t6@(28,58)w0
[dbg] ar=20898 am=6 aA=6 aH=0 l=false j=false fullRedraw=false
[fifo] ar=20908 retask 0 39 58
[devMouse] retask slot0 (36,59)w13 -> (39,58)
[fifo] ar=20916 retask 2 39 60
[devMouse] retask slot2 (37,60)w13 -> (39,60)
[dbg] ar=20923 am=6 aA=6 aH=0 l=false j=false fullRedraw=false
[fifo] ar=20925 save /tmp/aoe-camp/m1/t.aoesave
[save] wrote /tmp/aoe-camp/m1/t.aoesave (12294B) ar=20926
[dbg] ar=20948 am=6 aA=6 aH=0 l=false j=false fullRedraw=false
[fifo] ar=20972 state
[devMouse] aA=6/6 cursor=(31,58) cam=(-523,628) Q=3743 aE=512 Y=0 sel=6
[devMouse] p0 unit 0 tile=(38,58) type=0 sel=true
[devMouse] p0 unit 1 tile=(35,59) type=0 sel=true
[devMouse] p0 unit 2 tile=(38,60) type=0 sel=true
[devMouse] p0 unit 3 tile=(29,59) type=3 sel=true
[devMouse] p0 unit 4 tile=(30,59) type=3 sel=true
[devMouse] p0 unit 5 tile=(30,60) type=3 sel=true
[devMouse] p0 unit 6 tile=(29,60) type=3 sel=true
[devMouse] p0 unit 7 tile=(30,57) type=4 sel=true
[devMouse] p0 unit 8 tile=(30,56) type=4 sel=true
[devMouse] p0 unit 9 tile=(30,55) type=4 sel=true
[devMouse] p0 unit 10 tile=(28,58) type=6 sel=true
[devMouse] p1 unit 0 tile=(48,48) type=3 sel=false
[devMouse] p1 unit 1 tile=(40,34) type=3 sel=false
[devMouse] p1 unit 2 tile=(60,55) type=3 sel=false
[devMouse] p1 unit 3 tile=(61,45) type=3 sel=false
[devMouse] p1 unit 4 tile=(49,24) type=3 sel=false
[devMouse] p1 unit 5 tile=(48,25) type=3 sel=false
[devMouse] p1 unit 6 tile=(54,19) type=3 sel=false
[devMouse] p1 unit 7 tile=(36,23) type=4 sel=false
[devMouse] p1 unit 8 tile=(37,22) type=4 sel=false
[devMouse] p1 unit 9 tile=(49,33) type=4 sel=false
[devMouse] p1 unit 10 tile=(32,17) type=3 sel=false
[devMouse] p1 unit 11 tile=(25,21) type=4 sel=false
[devMouse] p1 unit 12 tile=(22,26) type=3 sel=false
[devMouse] p1 unit 13 tile=(23,27) type=3 sel=false
[devMouse] p1 unit 14 tile=(15,47) type=3 sel=false
[devMouse] p1 unit 15 tile=(16,54) type=3 sel=false
[dbg] ar=20973 am=6 aA=6 aH=0 l=false j=false fullRedraw=false
[dbg] ar=20998 am=6 aA=6 aH=0 l=false j=false fullRedraw=false
[dbg] ar=21023 am=6 aA=6 aH=0 l=false j=false fullRedraw=false
[dbg] ar=21048 am=6 aA=6 aH=0 l=false j=false fullRedraw=false
[dbg] ar=21073 am=6 aA=6 aH=0 l=false j=false fullRedraw=false
[dbg] ar=21098 am=6 aA=6 aH=0 l=false j=false fullRedraw=false
[dbg] ar=21123 am=6 aA=6 aH=0 l=false j=false fullRedraw=false
[dbg] ar=21148 am=6 aA=6 aH=0 l=false j=false fullRedraw=false
[dbg] ar=21173 am=6 aA=6 aH=0 l=false j=false fullRedraw=false
[dbg] ar=21198 am=6 aA=6 aH=0 l=false j=false fullRedraw=false
[dbg] ar=21223 am=6 aA=6 aH=0 l=false j=false fullRedraw=false
[dbg] ar=21248 am=6 aA=6 aH=0 l=false j=false fullRedraw=false
[dbg] ar=21273 am=6 aA=6 aH=0 l=false j=false fullRedraw=false
[dbg] ar=21298 am=6 aA=6 aH=0 l=false j=false fullRedraw=false
[dbg] ar=21323 am=6 aA=6 aH=0 l=false j=false fullRedraw=false
[dbg] ar=21348 am=6 aA=6 aH=0 l=false j=false fullRedraw=false
[dbg] ar=21373 am=6 aA=6 aH=0 l=false j=false fullRedraw=false
[dbg] ar=21398 am=6 aA=6 aH=0 l=false j=false fullRedraw=false
[dbg] ar=21423 am=6 aA=6 aH=0 l=false j=false fullRedraw=false
[dbg] ar=21448 am=6 aA=6 aH=0 l=false j=false fullRedraw=false
[dbg] ar=21473 am=6 aA=6 aH=0 l=false j=false fullRedraw=false
[dbg] ar=21498 am=6 aA=6 aH=0 l=false j=false fullRedraw=false
[dbg] ar=21523 am=6 aA=6 aH=0 l=false j=false fullRedraw=false
[dbg] ar=21548 am=6 aA=6 aH=0 l=false j=false fullRedraw=false
[dbg] ar=21573 am=6 aA=6 aH=0 l=false j=false fullRedraw=false
[dbg] ar=21598 am=6 aA=6 aH=0 l=false j=false fullRedraw=false
[dbg] ar=21623 am=6 aA=6 aH=0 l=false j=false fullRedraw=false
[dbg] ar=21648 am=6 aA=6 aH=0 l=false j=false fullRedraw=false
[dbg] ar=21673 am=6 aA=6 aH=0 l=false j=false fullRedraw=false
[dbg] ar=21698 am=6 aA=6 aH=0 l=false j=false fullRedraw=false
[dbg] ar=21723 am=6 aA=6 aH=0 l=false j=false fullRedraw=false
[dbg] ar=21748 am=6 aA=6 aH=0 l=false j=false fullRedraw=false
[dbg] ar=21773 am=6 aA=6 aH=0 l=false j=false fullRedraw=false
[dbg] ar=21798 am=6 aA=6 aH=0 l=false j=false fullRedraw=false
[dbg] ar=21823 am=6 aA=6 aH=0 l=false j=false fullRedraw=false
[dbg] ar=21848 am=6 aA=6 aH=0 l=false j=false fullRedraw=false
[dbg] ar=21873 am=6 aA=6 aH=0 l=false j=false fullRedraw=false
[dbg] ar=21898 am=6 aA=6 aH=0 l=false j=false fullRedraw=false
[dbg] ar=21923 am=6 aA=6 aH=0 l=false j=false fullRedraw=false
[dbg] ar=21948 am=6 aA=6 aH=0 l=false j=false fullRedraw=false
[dbg] ar=21973 am=6 aA=6 aH=0 l=false j=false fullRedraw=false
[dbg] ar=21998 am=6 aA=6 aH=0 l=false j=false fullRedraw=false
[dbg] ar=22023 am=6 aA=6 aH=0 l=false j=false fullRedraw=false
[dbg] ar=22048 am=6 aA=6 aH=0 l=false j=false fullRedraw=false
[dbg] ar=22073 am=6 aA=6 aH=0 l=false j=false fullRedraw=false
[dbg] ar=22098 am=6 aA=6 aH=0 l=false j=false fullRedraw=false
[dbg] ar=22123 am=6 aA=6 aH=0 l=false j=false fullRedraw=false
[dbg] ar=22148 am=6 aA=6 aH=0 l=false j=false fullRedraw=false
[dbg] ar=22173 am=6 aA=6 aH=0 l=false j=false fullRedraw=false
[dbg] ar=22198 am=6 aA=6 aH=0 l=false j=false fullRedraw=false
[dbg] ar=22223 am=6 aA=6 aH=0 l=false j=false fullRedraw=false
[dbg] ar=22248 am=6 aA=6 aH=0 l=false j=false fullRedraw=false
[dbg] ar=22273 am=6 aA=6 aH=0 l=false j=false fullRedraw=false
[dbg] ar=22298 am=6 aA=6 aH=0 l=false j=false fullRedraw=false
[dbg] ar=22323 am=6 aA=6 aH=0 l=false j=false fullRedraw=false
[dbg] ar=22348 am=6 aA=6 aH=0 l=false j=false fullRedraw=false
[dbg] ar=22373 am=6 aA=6 aH=0 l=false j=false fullRedraw=false
[dbg] ar=22398 am=6 aA=6 aH=0 l=false j=false fullRedraw=false
[dbg] ar=22423 am=6 aA=6 aH=0 l=false j=false fullRedraw=false
[dbg] ar=22448 am=6 aA=6 aH=0 l=false j=false fullRedraw=false
[dbg] ar=22473 am=6 aA=6 aH=0 l=false j=false fullRedraw=false
[dbg] ar=22498 am=6 aA=6 aH=0 l=false j=false fullRedraw=false
[dbg] ar=22523 am=6 aA=6 aH=0 l=false j=false fullRedraw=false
[dbg] ar=22548 am=6 aA=6 aH=0 l=false j=false fullRedraw=false
[dbg] ar=22573 am=6 aA=6 aH=0 l=false j=false fullRedraw=false
[dbg] ar=22598 am=6 aA=6 aH=0 l=false j=false fullRedraw=false
[dbg] ar=22623 am=6 aA=6 aH=0 l=false j=false fullRedraw=false
[dbg] ar=22648 am=6 aA=6 aH=0 l=false j=false fullRedraw=false
[dbg] ar=22673 am=6 aA=6 aH=0 l=false j=false fullRedraw=false
[dbg] ar=22698 am=6 aA=6 aH=0 l=false j=false fullRedraw=false
[dbg] ar=22723 am=6 aA=6 aH=0 l=false j=false fullRedraw=false
[dbg] ar=22748 am=6 aA=6 aH=0 l=false j=false fullRedraw=false
[dbg] ar=22773 am=6 aA=6 aH=0 l=false j=false fullRedraw=false
[dbg] ar=22798 am=6 aA=6 aH=0 l=false j=false fullRedraw=false
[dbg] ar=22823 am=6 aA=6 aH=0 l=false j=false fullRedraw=false
[dbg] ar=22848 am=6 aA=6 aH=0 l=false j=false fullRedraw=false
[dbg] ar=22873 am=6 aA=6 aH=0 l=false j=false fullRedraw=false
[dbg] ar=22898 am=6 aA=6 aH=0 l=false j=false fullRedraw=false
[dbg] ar=22923 am=6 aA=6 aH=0 l=false j=false fullRedraw=false
[dbg] ar=22948 am=6 aA=6 aH=0 l=false j=false fullRedraw=false
[dbg] ar=22973 am=6 aA=6 aH=0 l=false j=false fullRedraw=false
[dbg] ar=22998 am=6 aA=6 aH=0 l=false j=false fullRedraw=false
[dbg] ar=23023 am=6 aA=6 aH=0 l=false j=false fullRedraw=false
[dbg] ar=23048 am=6 aA=6 aH=0 l=false j=false fullRedraw=false
[dbg] ar=23073 am=6 aA=6 aH=0 l=false j=false fullRedraw=false
[dbg] ar=23098 am=6 aA=6 aH=0 l=false j=false fullRedraw=false
[dbg] ar=23123 am=6 aA=6 aH=0 l=false j=false fullRedraw=false
[dbg] ar=23148 am=6 aA=6 aH=0 l=false j=false fullRedraw=false
[dbg] ar=23173 am=6 aA=6 aH=0 l=false j=false fullRedraw=false
[dbg] ar=23198 am=6 aA=6 aH=0 l=false j=false fullRedraw=false
[dbg] ar=23223 am=6 aA=6 aH=0 l=false j=false fullRedraw=false
[dbg] ar=23248 am=6 aA=6 aH=0 l=false j=false fullRedraw=false
[dbg] ar=23273 am=6 aA=6 aH=0 l=false j=false fullRedraw=false
[dbg] ar=23298 am=6 aA=6 aH=0 l=false j=false fullRedraw=false
[dbg] ar=23323 am=6 aA=6 aH=0 l=false j=false fullRedraw=false
[dbg] ar=23348 am=6 aA=6 aH=0 l=false j=false fullRedraw=false
[dbg] ar=23373 am=6 aA=6 aH=0 l=false j=false fullRedraw=false
[dbg] ar=23398 am=6 aA=6 aH=0 l=false j=false fullRedraw=false
[dbg] ar=23423 am=6 aA=6 aH=0 l=false j=false fullRedraw=false
[dbg] ar=23448 am=6 aA=6 aH=0 l=false j=false fullRedraw=false
[dbg] ar=23473 am=6 aA=6 aH=0 l=false j=false fullRedraw=false
[dbg] ar=23498 am=6 aA=6 aH=0 l=false j=false fullRedraw=false
[dbg] ar=23523 am=6 aA=6 aH=0 l=false j=false fullRedraw=false
[dbg] ar=23548 am=6 aA=6 aH=0 l=false j=false fullRedraw=false
[dbg] ar=23573 am=6 aA=6 aH=0 l=false j=false fullRedraw=false
[dbg] ar=23598 am=6 aA=6 aH=0 l=false j=false fullRedraw=false
[dbg] ar=23623 am=6 aA=6 aH=0 l=false j=false fullRedraw=false
[dbg] ar=23648 am=6 aA=6 aH=0 l=false j=false fullRedraw=false
[dbg] ar=23673 am=6 aA=6 aH=0 l=false j=false fullRedraw=false
[dbg] ar=23698 am=6 aA=6 aH=0 l=false j=false fullRedraw=false
[dbg] ar=23723 am=6 aA=6 aH=0 l=false j=false fullRedraw=false
[dbg] ar=23748 am=6 aA=6 aH=0 l=false j=false fullRedraw=false
[dbg] ar=23773 am=6 aA=6 aH=0 l=false j=false fullRedraw=false
[dbg] ar=23798 am=6 aA=6 aH=0 l=false j=false fullRedraw=false
[dbg] ar=23823 am=6 aA=6 aH=0 l=false j=false fullRedraw=false
[fifo] ar=23846 slots 0
[slots] p0 n=11 0:t0@(37,60)w13 1:t0@(38,59)w13 2:t0@(36,59)w13 3:t3@(29,59)w0 4:t3@(30,59)w0 5:t3@(30,60)w0 6:t3@(29,60)w0 7:t4@(30,57)w0 8:t4@(30,56)w0 9:t4@(30,55)w0 10:t6@(28,58)w0
[dbg] ar=23848 am=6 aA=6 aH=0 l=false j=false fullRedraw=false
[fifo] ar=23872 retask 0 36 58
[devMouse] retask slot0 (38,59)w13 -> (36,58)
[dbg] ar=23873 am=6 aA=6 aH=0 l=false j=false fullRedraw=false
[fifo] ar=23879 retask 1 36 59
[devMouse] retask slot1 (37,59)w13 -> (36,59)
[fifo] ar=23887 retask 2 36 60
[devMouse] retask slot2 (37,59)w13 -> (36,60)
[fifo] ar=23894 save /tmp/aoe-camp/m1/t.aoesave
[save] wrote /tmp/aoe-camp/m1/t.aoesave (12294B) ar=23895
[dbg] ar=23898 am=6 aA=6 aH=0 l=false j=false fullRedraw=false
[dbg] ar=23923 am=6 aA=6 aH=0 l=false j=false fullRedraw=false
[fifo] ar=23941 slots 0
[slots] p0 n=11 0:t0@(36,58)w0 1:t0@(36,59)w0 2:t0@(36,60)w0 3:t3@(29,59)w0 4:t3@(30,59)w0 5:t3@(30,60)w0 6:t3@(29,60)w0 7:t4@(30,57)w0 8:t4@(30,56)w0 9:t4@(30,55)w0 10:t6@(28,58)w0
[dbg] ar=23948 am=6 aA=6 aH=0 l=false j=false fullRedraw=false
[fifo] ar=23965 retask 0 37 58
[devMouse] retask slot0 (36,58)w0 -> (37,58)
[dbg] ar=23973 am=6 aA=6 aH=0 l=false j=false fullRedraw=false
[fifo] ar=23974 retask 1 36 59
[devMouse] retask slot1 (36,59)w0 -> (36,59)
[fifo] ar=23982 retask 2 36 60
[devMouse] retask slot2 (36,60)w0 -> (36,60)
[fifo] ar=23990 save /tmp/aoe-camp/m1/t.aoesave
[save] wrote /tmp/aoe-camp/m1/t.aoesave (12294B) ar=23991
[dbg] ar=23998 am=6 aA=6 aH=0 l=false j=false fullRedraw=false
[dbg] ar=24023 am=6 aA=6 aH=0 l=false j=false fullRedraw=false
[fifo] ar=24037 slots 0
[slots] p0 n=11 0:t0@(37,58)w0 1:t0@(36,59)w0 2:t0@(36,60)w0 3:t3@(29,59)w0 4:t3@(30,59)w0 5:t3@(30,60)w0 6:t3@(29,60)w0 7:t4@(30,57)w0 8:t4@(30,56)w0 9:t4@(30,55)w0 10:t6@(28,58)w0
[dbg] ar=24048 am=6 aA=6 aH=0 l=false j=false fullRedraw=false
[fifo] ar=24062 retask 0 37 58
[devMouse] retask slot0 (37,58)w0 -> (37,58)
[fifo] ar=24070 retask 1 37 59
[devMouse] retask slot1 (36,59)w0 -> (37,59)
[dbg] ar=24073 am=6 aA=6 aH=0 l=false j=false fullRedraw=false
[fifo] ar=24078 retask 2 36 60
[devMouse] retask slot2 (36,60)w0 -> (36,60)
[fifo] ar=24087 save /tmp/aoe-camp/m1/t.aoesave
[save] wrote /tmp/aoe-camp/m1/t.aoesave (12294B) ar=24088
[dbg] ar=24098 am=6 aA=6 aH=0 l=false j=false fullRedraw=false
[dbg] ar=24123 am=6 aA=6 aH=0 l=false j=false fullRedraw=false
[fifo] ar=24134 slots 0
[slots] p0 n=11 0:t0@(37,58)w0 1:t0@(37,59)w0 2:t0@(36,60)w0 3:t3@(29,59)w0 4:t3@(30,59)w0 5:t3@(30,60)w0 6:t3@(29,60)w0 7:t4@(30,57)w0 8:t4@(30,56)w0 9:t4@(30,55)w0 10:t6@(28,58)w0
[dbg] ar=24148 am=6 aA=6 aH=0 l=false j=false fullRedraw=false
[fifo] ar=24158 retask 0 37 58
[devMouse] retask slot0 (37,58)w0 -> (37,58)
[fifo] ar=24165 retask 1 37 59
[devMouse] retask slot1 (37,59)w0 -> (37,59)
[fifo] ar=24173 retask 2 37 60
[devMouse] retask slot2 (36,60)w0 -> (37,60)
[dbg] ar=24173 am=6 aA=6 aH=0 l=false j=false fullRedraw=false
[fifo] ar=24180 save /tmp/aoe-camp/m1/t.aoesave
[save] wrote /tmp/aoe-camp/m1/t.aoesave (12294B) ar=24181
[dbg] ar=24198 am=6 aA=6 aH=0 l=false j=false fullRedraw=false
[dbg] ar=24223 am=6 aA=6 aH=0 l=false j=false fullRedraw=false
[fifo] ar=24226 state
[devMouse] aA=6/6 cursor=(31,58) cam=(-523,628) Q=3743 aE=512 Y=0 sel=6
[devMouse] p0 unit 0 tile=(37,58) type=0 sel=true
[devMouse] p0 unit 1 tile=(37,59) type=0 sel=true
[devMouse] p0 unit 2 tile=(37,60) type=0 sel=true
[devMouse] p0 unit 3 tile=(29,59) type=3 sel=true
[devMouse] p0 unit 4 tile=(30,59) type=3 sel=true
[devMouse] p0 unit 5 tile=(30,60) type=3 sel=true
[devMouse] p0 unit 6 tile=(29,60) type=3 sel=true
[devMouse] p0 unit 7 tile=(30,57) type=4 sel=true
[devMouse] p0 unit 8 tile=(30,56) type=4 sel=true
[devMouse] p0 unit 9 tile=(30,55) type=4 sel=true
[devMouse] p0 unit 10 tile=(28,58) type=6 sel=true
[devMouse] p1 unit 0 tile=(48,48) type=3 sel=false
[devMouse] p1 unit 1 tile=(40,34) type=3 sel=false
[devMouse] p1 unit 2 tile=(60,55) type=3 sel=false
[devMouse] p1 unit 3 tile=(61,45) type=3 sel=false
[devMouse] p1 unit 4 tile=(49,24) type=3 sel=false
[devMouse] p1 unit 5 tile=(48,25) type=3 sel=false
[devMouse] p1 unit 6 tile=(54,19) type=3 sel=false
[devMouse] p1 unit 7 tile=(36,23) type=4 sel=false
[devMouse] p1 unit 8 tile=(37,22) type=4 sel=false
[devMouse] p1 unit 9 tile=(49,33) type=4 sel=false
[devMouse] p1 unit 10 tile=(32,17) type=3 sel=false
[devMouse] p1 unit 11 tile=(25,21) type=4 sel=false
[devMouse] p1 unit 12 tile=(22,26) type=3 sel=false
[devMouse] p1 unit 13 tile=(23,27) type=3 sel=false
[devMouse] p1 unit 14 tile=(15,47) type=3 sel=false
[devMouse] p1 unit 15 tile=(16,54) type=3 sel=false
[dbg] ar=24248 am=6 aA=6 aH=0 l=false j=false fullRedraw=false
[dbg] ar=24273 am=6 aA=6 aH=0 l=false j=false fullRedraw=false
[fifo] ar=24279 slots 0
[slots] p0 n=11 0:t0@(37,58)w0 1:t0@(37,59)w0 2:t0@(37,60)w0 3:t3@(29,59)w0 4:t3@(30,59)w0 5:t3@(30,60)w0 6:t3@(29,60)w0 7:t4@(30,57)w0 8:t4@(30,56)w0 9:t4@(30,55)w0 10:t6@(28,58)w0
[dbg] ar=24298 am=6 aA=6 aH=0 l=false j=false fullRedraw=false
[fifo] ar=24305 retask 0 38 58
[devMouse] retask slot0 (37,58)w0 -> (38,58)
[fifo] ar=24313 retask 1 37 59
[devMouse] retask slot1 (37,59)w0 -> (37,59)
[fifo] ar=24318 retask 2 37 60
[devMouse] retask slot2 (37,60)w0 -> (37,60)
[dbg] ar=24323 am=6 aA=6 aH=0 l=false j=false fullRedraw=false
[fifo] ar=24326 save /tmp/aoe-camp/m1/t.aoesave
[save] wrote /tmp/aoe-camp/m1/t.aoesave (12294B) ar=24327
[dbg] ar=24348 am=6 aA=6 aH=0 l=false j=false fullRedraw=false
[dbg] ar=24373 am=6 aA=6 aH=0 l=false j=false fullRedraw=false
[fifo] ar=24374 slots 0
[slots] p0 n=11 0:t0@(38,58)w0 1:t0@(37,59)w0 2:t0@(37,60)w0 3:t3@(29,59)w0 4:t3@(30,59)w0 5:t3@(30,60)w0 6:t3@(29,60)w0 7:t4@(30,57)w0 8:t4@(30,56)w0 9:t4@(30,55)w0 10:t6@(28,58)w0
[fifo] ar=24398 retask 0 38 58
[devMouse] retask slot0 (38,58)w0 -> (38,58)
[dbg] ar=24398 am=6 aA=6 aH=0 l=false j=false fullRedraw=false
[fifo] ar=24406 retask 1 38 59
[devMouse] retask slot1 (37,59)w0 -> (38,59)
[fifo] ar=24414 retask 2 37 60
[devMouse] retask slot2 (37,60)w0 -> (37,60)
[fifo] ar=24422 save /tmp/aoe-camp/m1/t.aoesave
[save] wrote /tmp/aoe-camp/m1/t.aoesave (12294B) ar=24423
[dbg] ar=24423 am=6 aA=6 aH=0 l=false j=false fullRedraw=false
[dbg] ar=24448 am=6 aA=6 aH=0 l=false j=false fullRedraw=false
[fifo] ar=24468 slots 0
[slots] p0 n=11 0:t0@(38,58)w0 1:t0@(38,59)w0 2:t0@(37,60)w0 3:t3@(29,59)w0 4:t3@(30,59)w0 5:t3@(30,60)w0 6:t3@(29,60)w0 7:t4@(30,57)w0 8:t4@(30,56)w0 9:t4@(30,55)w0 10:t6@(28,58)w0
[dbg] ar=24473 am=6 aA=6 aH=0 l=false j=false fullRedraw=false
[fifo] ar=24493 retask 0 38 58
[devMouse] retask slot0 (38,58)w0 -> (38,58)
[dbg] ar=24498 am=6 aA=6 aH=0 l=false j=false fullRedraw=false
[fifo] ar=24502 retask 1 38 59
[devMouse] retask slot1 (38,59)w0 -> (38,59)
[fifo] ar=24510 retask 2 38 60
[devMouse] retask slot2 (37,60)w0 -> (38,60)
[fifo] ar=24517 save /tmp/aoe-camp/m1/t.aoesave
[save] wrote /tmp/aoe-camp/m1/t.aoesave (12294B) ar=24518
[dbg] ar=24523 am=6 aA=6 aH=0 l=false j=false fullRedraw=false
[dbg] ar=24548 am=6 aA=6 aH=0 l=false j=false fullRedraw=false
[fifo] ar=24565 slots 0
[slots] p0 n=11 0:t0@(38,58)w0 1:t0@(38,59)w0 2:t0@(38,60)w0 3:t3@(29,59)w0 4:t3@(30,59)w0 5:t3@(30,60)w0 6:t3@(29,60)w0 7:t4@(30,57)w0 8:t4@(30,56)w0 9:t4@(30,55)w0 10:t6@(28,58)w0
[dbg] ar=24573 am=6 aA=6 aH=0 l=false j=false fullRedraw=false
[fifo] ar=24589 retask 0 39 58
[devMouse] retask slot0 (38,58)w0 -> (39,58)
[fifo] ar=24598 retask 1 38 59
[devMouse] retask slot1 (38,59)w0 -> (38,59)
[dbg] ar=24598 am=6 aA=6 aH=0 l=false j=false fullRedraw=false
[fifo] ar=24606 retask 2 38 60
[devMouse] retask slot2 (38,60)w0 -> (38,60)
[fifo] ar=24613 save /tmp/aoe-camp/m1/t.aoesave
[save] wrote /tmp/aoe-camp/m1/t.aoesave (12294B) ar=24614
[dbg] ar=24623 am=6 aA=6 aH=0 l=false j=false fullRedraw=false
[dbg] ar=24648 am=6 aA=6 aH=0 l=false j=false fullRedraw=false
[fifo] ar=24662 slots 0
[slots] p0 n=11 0:t0@(38,58)w1e12 1:t0@(38,59)w0 2:t0@(38,60)w0 3:t3@(29,59)w0 4:t3@(30,59)w0 5:t3@(30,60)w0 6:t3@(29,60)w0 7:t4@(30,57)w0 8:t4@(30,56)w0 9:t4@(30,55)w0 10:t6@(28,58)w0
[dbg] ar=24673 am=6 aA=6 aH=0 l=false j=false fullRedraw=false
[fifo] ar=24687 retask 1 39 59
[devMouse] retask slot1 (38,59)w0 -> (39,59)
[fifo] ar=24696 retask 2 38 60
[devMouse] retask slot2 (38,60)w0 -> (38,60)
[dbg] ar=24698 am=6 aA=6 aH=0 l=false j=false fullRedraw=false
[fifo] ar=24703 save /tmp/aoe-camp/m1/t.aoesave
[save] wrote /tmp/aoe-camp/m1/t.aoesave (12294B) ar=24704
[dbg] ar=24723 am=6 aA=6 aH=0 l=false j=false fullRedraw=false
[dbg] ar=24748 am=6 aA=6 aH=0 l=false j=false fullRedraw=false
[fifo] ar=24749 state
[devMouse] aA=6/6 cursor=(31,58) cam=(-523,628) Q=3743 aE=512 Y=0 sel=6
[devMouse] p0 unit 0 tile=(37,59) type=0 sel=true
[devMouse] p0 unit 1 tile=(38,59) type=0 sel=true
[devMouse] p0 unit 2 tile=(38,60) type=0 sel=true
[devMouse] p0 unit 3 tile=(29,59) type=3 sel=true
[devMouse] p0 unit 4 tile=(30,59) type=3 sel=true
[devMouse] p0 unit 5 tile=(30,60) type=3 sel=true
[devMouse] p0 unit 6 tile=(29,60) type=3 sel=true
[devMouse] p0 unit 7 tile=(30,57) type=4 sel=true
[devMouse] p0 unit 8 tile=(30,56) type=4 sel=true
[devMouse] p0 unit 9 tile=(30,55) type=4 sel=true
[devMouse] p0 unit 10 tile=(28,58) type=6 sel=true
[devMouse] p1 unit 0 tile=(48,48) type=3 sel=false
[devMouse] p1 unit 1 tile=(40,34) type=3 sel=false
[devMouse] p1 unit 2 tile=(60,55) type=3 sel=false
[devMouse] p1 unit 3 tile=(61,45) type=3 sel=false
[devMouse] p1 unit 4 tile=(49,24) type=3 sel=false
[devMouse] p1 unit 5 tile=(48,25) type=3 sel=false
[devMouse] p1 unit 6 tile=(54,19) type=3 sel=false
[devMouse] p1 unit 7 tile=(36,23) type=4 sel=false
[devMouse] p1 unit 8 tile=(37,22) type=4 sel=false
[devMouse] p1 unit 9 tile=(49,33) type=4 sel=false
[devMouse] p1 unit 10 tile=(32,17) type=3 sel=false
[devMouse] p1 unit 11 tile=(25,21) type=4 sel=false
[devMouse] p1 unit 12 tile=(22,26) type=3 sel=false
[devMouse] p1 unit 13 tile=(23,27) type=3 sel=false
[devMouse] p1 unit 14 tile=(15,47) type=3 sel=false
[devMouse] p1 unit 15 tile=(16,54) type=3 sel=false
[dbg] ar=24773 am=6 aA=6 aH=0 l=false j=false fullRedraw=false
[dbg] ar=24798 am=6 aA=6 aH=0 l=false j=false fullRedraw=false
[fifo] ar=24802 slots 0
[slots] p0 n=11 0:t0@(37,60)w13 1:t0@(37,58)w13 2:t0@(38,60)w0 3:t3@(29,59)w0 4:t3@(30,59)w0 5:t3@(30,60)w0 6:t3@(29,60)w0 7:t4@(30,57)w0 8:t4@(30,56)w0 9:t4@(30,55)w0 10:t6@(28,58)w0
[dbg] ar=24823 am=6 aA=6 aH=0 l=false j=false fullRedraw=false
[fifo] ar=24826 retask 0 39 58
[devMouse] retask slot0 (35,59)w13 -> (39,58)
[fifo] ar=24834 retask 1 39 59
[devMouse] retask slot1 (38,59)w13 -> (39,59)
[fifo] ar=24842 retask 2 39 60
[devMouse] retask slot2 (38,60)w0 -> (39,60)
[dbg] ar=24848 am=6 aA=6 aH=0 l=false j=false fullRedraw=false
[fifo] ar=24850 save /tmp/aoe-camp/m1/t.aoesave
[save] wrote /tmp/aoe-camp/m1/t.aoesave (12294B) ar=24851
[dbg] ar=24873 am=6 aA=6 aH=0 l=false j=false fullRedraw=false
[fifo] ar=24897 slots 0
[slots] p0 n=11 0:t0@(38,58)w3c12 1:t0@(38,59)w2912 2:t0@(38,60)w3012 3:t3@(29,59)w0 4:t3@(30,59)w0 5:t3@(30,60)w0 6:t3@(29,60)w0 7:t4@(30,57)w0 8:t4@(30,56)w0 9:t4@(30,55)w0 10:t6@(28,58)w0
[dbg] ar=24898 am=6 aA=6 aH=0 l=false j=false fullRedraw=false
[fifo] ar=24922 save /tmp/aoe-camp/m1/t.aoesave
[save] wrote /tmp/aoe-camp/m1/t.aoesave (12294B) ar=24923
[dbg] ar=24923 am=6 aA=6 aH=0 l=false j=false fullRedraw=false
[dbg] ar=24948 am=6 aA=6 aH=0 l=false j=false fullRedraw=false
[fifo] ar=24969 slots 0
[slots] p0 n=11 0:t0@(38,59)w13 1:t0@(37,58)w13 2:t0@(38,58)w13 3:t3@(29,59)w0 4:t3@(30,59)w0 5:t3@(30,60)w0 6:t3@(29,60)w0 7:t4@(30,57)w0 8:t4@(30,56)w0 9:t4@(30,55)w0 10:t6@(28,58)w0
[dbg] ar=24973 am=6 aA=6 aH=0 l=false j=false fullRedraw=false
[fifo] ar=24993 retask 0 39 58
[devMouse] retask slot0 (37,60)w13 -> (39,58)
[dbg] ar=24998 am=6 aA=6 aH=0 l=false j=false fullRedraw=false
[fifo] ar=25001 retask 1 39 59
[devMouse] retask slot1 (38,59)w13 -> (39,59)
[fifo] ar=25009 retask 2 39 60
[devMouse] retask slot2 (36,59)w13 -> (39,60)
[fifo] ar=25017 save /tmp/aoe-camp/m1/t.aoesave
[save] wrote /tmp/aoe-camp/m1/t.aoesave (12294B) ar=25018
[dbg] ar=25023 am=6 aA=6 aH=0 l=false j=false fullRedraw=false
[dbg] ar=25048 am=6 aA=6 aH=0 l=false j=false fullRedraw=false
[fifo] ar=25063 slots 0
[slots] p0 n=11 0:t0@(38,58)w3c12 1:t0@(38,59)w2912 2:t0@(38,60)w4b12 3:t3@(29,59)w0 4:t3@(30,59)w0 5:t3@(30,60)w0 6:t3@(29,60)w0 7:t4@(30,57)w0 8:t4@(30,56)w0 9:t4@(30,55)w0 10:t6@(28,58)w0
[dbg] ar=25073 am=6 aA=6 aH=0 l=false j=false fullRedraw=false
[fifo] ar=25087 save /tmp/aoe-camp/m1/t.aoesave
[save] wrote /tmp/aoe-camp/m1/t.aoesave (12294B) ar=25088
[dbg] ar=25098 am=6 aA=6 aH=0 l=false j=false fullRedraw=false
[dbg] ar=25123 am=6 aA=6 aH=0 l=false j=false fullRedraw=false
[fifo] ar=25133 slots 0
[slots] p0 n=11 0:t0@(37,60)w13 1:t0@(36,59)w13 2:t0@(38,60)w512 3:t3@(29,59)w0 4:t3@(30,59)w0 5:t3@(30,60)w0 6:t3@(29,60)w0 7:t4@(30,57)w0 8:t4@(30,56)w0 9:t4@(30,55)w0 10:t6@(28,58)w0
[dbg] ar=25148 am=6 aA=6 aH=0 l=false j=false fullRedraw=false
[fifo] ar=25159 retask 0 39 58
[devMouse] retask slot0 (37,59)w13 -> (39,58)
[fifo] ar=25167 retask 1 39 59
[devMouse] retask slot1 (38,60)w13 -> (39,59)
[dbg] ar=25173 am=6 aA=6 aH=0 l=false j=false fullRedraw=false
[fifo] ar=25175 save /tmp/aoe-camp/m1/t.aoesave
[save] wrote /tmp/aoe-camp/m1/t.aoesave (12294B) ar=25176
[dbg] ar=25198 am=6 aA=6 aH=0 l=false j=false fullRedraw=false
[fifo] ar=25221 state
[devMouse] aA=6/6 cursor=(31,58) cam=(-523,628) Q=3743 aE=512 Y=0 sel=6
[devMouse] p0 unit 0 tile=(38,58) type=0 sel=true
[devMouse] p0 unit 1 tile=(38,60) type=0 sel=true
[devMouse] p0 unit 2 tile=(38,59) type=0 sel=true
[devMouse] p0 unit 3 tile=(29,59) type=3 sel=true
[devMouse] p0 unit 4 tile=(30,59) type=3 sel=true
[devMouse] p0 unit 5 tile=(30,60) type=3 sel=true
[devMouse] p0 unit 6 tile=(29,60) type=3 sel=true
[devMouse] p0 unit 7 tile=(30,57) type=4 sel=true
[devMouse] p0 unit 8 tile=(30,56) type=4 sel=true
[devMouse] p0 unit 9 tile=(30,55) type=4 sel=true
[devMouse] p0 unit 10 tile=(28,58) type=6 sel=true
[devMouse] p1 unit 0 tile=(48,48) type=3 sel=false
[devMouse] p1 unit 1 tile=(40,34) type=3 sel=false
[devMouse] p1 unit 2 tile=(60,55) type=3 sel=false
[devMouse] p1 unit 3 tile=(61,45) type=3 sel=false
[devMouse] p1 unit 4 tile=(49,24) type=3 sel=false
[devMouse] p1 unit 5 tile=(48,25) type=3 sel=false
[devMouse] p1 unit 6 tile=(54,19) type=3 sel=false
[devMouse] p1 unit 7 tile=(36,23) type=4 sel=false
[devMouse] p1 unit 8 tile=(37,22) type=4 sel=false
[devMouse] p1 unit 9 tile=(49,33) type=4 sel=false
[devMouse] p1 unit 10 tile=(32,17) type=3 sel=false
[devMouse] p1 unit 11 tile=(25,21) type=4 sel=false
[devMouse] p1 unit 12 tile=(22,26) type=3 sel=false
[devMouse] p1 unit 13 tile=(23,27) type=3 sel=false
[devMouse] p1 unit 14 tile=(15,47) type=3 sel=false
[devMouse] p1 unit 15 tile=(16,54) type=3 sel=false
[dbg] ar=25223 am=6 aA=6 aH=0 l=false j=false fullRedraw=false
[dbg] ar=25248 am=6 aA=6 aH=0 l=false j=false fullRedraw=false
[dbg] ar=25273 am=6 aA=6 aH=0 l=false j=false fullRedraw=false
[fifo] ar=25278 slots 0
[slots] p0 n=11 0:t0@(38,58)w212 1:t0@(38,59)w13 2:t0@(38,60)w13 3:t3@(29,59)w0 4:t3@(30,59)w0 5:t3@(30,60)w0 6:t3@(29,60)w0 7:t4@(30,57)w0 8:t4@(30,56)w0 9:t4@(30,55)w0 10:t6@(28,58)w0
[dbg] ar=25298 am=6 aA=6 aH=0 l=false j=false fullRedraw=false
[fifo] ar=25303 retask 1 39 59
[devMouse] retask slot1 (38,59)w13 -> (39,59)
[fifo] ar=25312 retask 2 39 60
[devMouse] retask slot2 (38,60)w13 -> (39,60)
[fifo] ar=25319 save /tmp/aoe-camp/m1/t.aoesave
[save] wrote /tmp/aoe-camp/m1/t.aoesave (12294B) ar=25320
[dbg] ar=25323 am=6 aA=6 aH=0 l=false j=false fullRedraw=false
[dbg] ar=25348 am=6 aA=6 aH=0 l=false j=false fullRedraw=false
[fifo] ar=25364 slots 0
[slots] p0 n=11 0:t0@(37,58)w13 1:t0@(38,59)w2d12 2:t0@(38,60)w3912 3:t3@(29,59)w0 4:t3@(30,59)w0 5:t3@(30,60)w0 6:t3@(29,60)w0 7:t4@(30,57)w0 8:t4@(30,56)w0 9:t4@(30,55)w0 10:t6@(28,58)w0
[dbg] ar=25373 am=6 aA=6 aH=0 l=false j=false fullRedraw=false
[fifo] ar=25389 retask 0 39 58
[devMouse] retask slot0 (36,59)w13 -> (39,58)
[fifo] ar=25397 save /tmp/aoe-camp/m1/t.aoesave
[save] wrote /tmp/aoe-camp/m1/t.aoesave (12294B) ar=25398
[dbg] ar=25398 am=6 aA=6 aH=0 l=false j=false fullRedraw=false
[dbg] ar=25423 am=6 aA=6 aH=0 l=false j=false fullRedraw=false
[fifo] ar=25444 slots 0
[slots] p0 n=11 0:t0@(38,58)w4b12 1:t0@(36,59)w13 2:t0@(36,58)w13 3:t3@(29,59)w0 4:t3@(30,59)w0 5:t3@(30,60)w0 6:t3@(29,60)w0 7:t4@(30,57)w0 8:t4@(30,56)w0 9:t4@(30,55)w0 10:t6@(28,58)w0
[dbg] ar=25448 am=6 aA=6 aH=0 l=false j=false fullRedraw=false
[fifo] ar=25469 retask 1 39 59
[devMouse] retask slot1 (38,60)w13 -> (39,59)
[dbg] ar=25473 am=6 aA=6 aH=0 l=false j=false fullRedraw=false
[fifo] ar=25476 retask 2 39 60
[devMouse] retask slot2 (34,54)w13 -> (39,60)
[fifo] ar=25483 save /tmp/aoe-camp/m1/t.aoesave
[save] wrote /tmp/aoe-camp/m1/t.aoesave (12294B) ar=25484
[dbg] ar=25498 am=6 aA=6 aH=0 l=false j=false fullRedraw=false
[dbg] ar=25523 am=6 aA=6 aH=0 l=false j=false fullRedraw=false
[fifo] ar=25529 slots 0
[slots] p0 n=11 0:t0@(37,60)w13 1:t0@(38,60)w2e12 2:t0@(36,58)w0 3:t3@(29,59)w0 4:t3@(30,59)w0 5:t3@(30,60)w0 6:t3@(29,60)w0 7:t4@(30,57)w0 8:t4@(30,56)w0 9:t4@(30,55)w0 10:t6@(28,58)w0
[dbg] ar=25548 am=6 aA=6 aH=0 l=false j=false fullRedraw=false
[fifo] ar=25553 retask 0 39 58
[devMouse] retask slot0 (35,59)w13 -> (39,58)
[fifo] ar=25561 retask 2 39 60
[devMouse] retask slot2 (38,59)w5912 -> (39,60)
[fifo] ar=25568 save /tmp/aoe-camp/m1/t.aoesave
[save] wrote /tmp/aoe-camp/m1/t.aoesave (12294B) ar=25569
[dbg] ar=25573 am=6 aA=6 aH=0 l=false j=false fullRedraw=false
[dbg] ar=25598 am=6 aA=6 aH=0 l=false j=false fullRedraw=false
[fifo] ar=25615 slots 0
[slots] p0 n=11 0:t0@(38,58)w4512 1:t0@(35,56)w13 2:t0@(38,59)w3112 3:t3@(29,59)w0 4:t3@(30,59)w0 5:t3@(30,60)w0 6:t3@(29,60)w0 7:t4@(30,57)w0 8:t4@(30,56)w0 9:t4@(30,55)w0 10:t6@(28,58)w0
[dbg] ar=25623 am=6 aA=6 aH=0 l=false j=false fullRedraw=false
[fifo] ar=25639 retask 1 39 59
[devMouse] retask slot1 (33,54)w13 -> (39,59)
[fifo] ar=25647 save /tmp/aoe-camp/m1/t.aoesave
[save] wrote /tmp/aoe-camp/m1/t.aoesave (12294B) ar=25648
[dbg] ar=25648 am=6 aA=6 aH=0 l=false j=false fullRedraw=false
[dbg] ar=25673 am=6 aA=6 aH=0 l=false j=false fullRedraw=false
[fifo] ar=25692 state
[devMouse] aA=6/6 cursor=(31,58) cam=(-523,628) Q=3743 aE=512 Y=0 sel=6
[devMouse] p0 unit 0 tile=(39,58) type=0 sel=true
[devMouse] p0 unit 1 tile=(37,58) type=0 sel=true
[devMouse] p0 unit 2 tile=(37,59) type=0 sel=true
[devMouse] p0 unit 3 tile=(29,59) type=3 sel=true
[devMouse] p0 unit 4 tile=(30,59) type=3 sel=true
[devMouse] p0 unit 5 tile=(30,60) type=3 sel=true
[devMouse] p0 unit 6 tile=(29,60) type=3 sel=true
[devMouse] p0 unit 7 tile=(30,57) type=4 sel=true
[devMouse] p0 unit 8 tile=(30,56) type=4 sel=true
[devMouse] p0 unit 9 tile=(30,55) type=4 sel=true
[devMouse] p0 unit 10 tile=(28,58) type=6 sel=true
[devMouse] p1 unit 0 tile=(48,48) type=3 sel=false
[devMouse] p1 unit 1 tile=(40,34) type=3 sel=false
[devMouse] p1 unit 2 tile=(60,55) type=3 sel=false
[devMouse] p1 unit 3 tile=(61,45) type=3 sel=false
[devMouse] p1 unit 4 tile=(49,24) type=3 sel=false
[devMouse] p1 unit 5 tile=(48,25) type=3 sel=false
[devMouse] p1 unit 6 tile=(54,19) type=3 sel=false
[devMouse] p1 unit 7 tile=(36,23) type=4 sel=false
[devMouse] p1 unit 8 tile=(37,22) type=4 sel=false
[devMouse] p1 unit 9 tile=(49,33) type=4 sel=false
[devMouse] p1 unit 10 tile=(32,17) type=3 sel=false
[devMouse] p1 unit 11 tile=(25,21) type=4 sel=false
[devMouse] p1 unit 12 tile=(22,26) type=3 sel=false
[devMouse] p1 unit 13 tile=(23,27) type=3 sel=false
[devMouse] p1 unit 14 tile=(15,47) type=3 sel=false
[devMouse] p1 unit 15 tile=(16,54) type=3 sel=false
[dbg] ar=25698 am=6 aA=6 aH=0 l=false j=false fullRedraw=false
[dbg] ar=25723 am=6 aA=6 aH=0 l=false j=false fullRedraw=false
[fifo] ar=25747 slots 0
[slots] p0 n=11 0:t0@(37,60)w13 1:t0@(38,58)w3912 2:t0@(38,59)w13 3:t3@(29,59)w0 4:t3@(30,59)w0 5:t3@(30,60)w0 6:t3@(29,60)w0 7:t4@(30,57)w0 8:t4@(30,56)w0 9:t4@(30,55)w0 10:t6@(28,58)w0
[dbg] ar=25748 am=6 aA=6 aH=0 l=false j=false fullRedraw=false
[fifo] ar=25771 retask 0 39 58
[devMouse] retask slot0 (37,58)w13 -> (39,58)
[dbg] ar=25773 am=6 aA=6 aH=0 l=false j=false fullRedraw=false
[fifo] ar=25779 retask 2 39 60
[devMouse] retask slot2 (39,58)w13 -> (39,60)
[fifo] ar=25788 save /tmp/aoe-camp/m1/t.aoesave
[save] wrote /tmp/aoe-camp/m1/t.aoesave (12294B) ar=25789
[dbg] ar=25798 am=6 aA=6 aH=0 l=false j=false fullRedraw=false
[dbg] ar=25823 am=6 aA=6 aH=0 l=false j=false fullRedraw=false
[fifo] ar=25836 slots 0
[slots] p0 n=11 0:t0@(34,55)w0 1:t0@(39,58)w13 2:t0@(38,59)w3712 3:t3@(29,59)w0 4:t3@(30,59)w0 5:t3@(30,60)w0 6:t3@(29,60)w0 7:t4@(30,57)w0 8:t4@(30,56)w0 9:t4@(30,55)w0 10:t6@(28,58)w0
[dbg] ar=25848 am=6 aA=6 aH=0 l=false j=false fullRedraw=false
[fifo] ar=25862 retask 0 39 58
[devMouse] retask slot0 (35,57)w0 -> (39,58)
[fifo] ar=25870 retask 1 39 59
[devMouse] retask slot1 (39,58)w13 -> (39,59)
[dbg] ar=25873 am=6 aA=6 aH=0 l=false j=false fullRedraw=false
[fifo] ar=25877 save /tmp/aoe-camp/m1/t.aoesave
[save] wrote /tmp/aoe-camp/m1/t.aoesave (12294B) ar=25878
[dbg] ar=25898 am=6 aA=6 aH=0 l=false j=false fullRedraw=false
[fifo] ar=25922 slots 0
[slots] p0 n=11 0:t0@(38,58)w0 1:t0@(39,58)w3212 2:t0@(37,59)w13 3:t3@(29,59)w0 4:t3@(30,59)w0 5:t3@(30,60)w0 6:t3@(29,60)w0 7:t4@(30,57)w0 8:t4@(30,56)w0 9:t4@(30,55)w0 10:t6@(28,58)w0
[dbg] ar=25923 am=6 aA=6 aH=0 l=false j=false fullRedraw=false
[fifo] ar=25947 retask 0 39 58
[devMouse] retask slot0 (38,58)w0 -> (39,58)
[dbg] ar=25948 am=6 aA=6 aH=0 l=false j=false fullRedraw=false
[fifo] ar=25956 retask 2 39 60
[devMouse] retask slot2 (36,59)w13 -> (39,60)
[fifo] ar=25964 save /tmp/aoe-camp/m1/t.aoesave
[save] wrote /tmp/aoe-camp/m1/t.aoesave (12294B) ar=25965
[dbg] ar=25973 am=6 aA=6 aH=0 l=false j=false fullRedraw=false
[dbg] ar=25998 am=6 aA=6 aH=0 l=false j=false fullRedraw=false
[fifo] ar=26011 slots 0
[slots] p0 n=11 0:t0@(38,58)w0 1:t0@(38,59)w13 2:t0@(38,60)w4912 3:t3@(29,59)w0 4:t3@(30,59)w0 5:t3@(30,60)w0 6:t3@(29,60)w0 7:t4@(30,57)w0 8:t4@(30,56)w0 9:t4@(30,55)w0 10:t6@(28,58)w0
[dbg] ar=26023 am=6 aA=6 aH=0 l=false j=false fullRedraw=false
[fifo] ar=26036 retask 0 40 58
[devMouse] retask slot0 (38,58)w0 -> (40,58)
[fifo] ar=26044 retask 1 39 59
[devMouse] retask slot1 (35,59)w13 -> (39,59)
[dbg] ar=26048 am=6 aA=6 aH=0 l=false j=false fullRedraw=false
[fifo] ar=26053 save /tmp/aoe-camp/m1/t.aoesave
[save] wrote /tmp/aoe-camp/m1/t.aoesave (12294B) ar=26054
[dbg] ar=26073 am=6 aA=6 aH=0 l=false j=false fullRedraw=false
[dbg] ar=26098 am=6 aA=6 aH=0 l=false j=false fullRedraw=false
[fifo] ar=26100 slots 0
[slots] p0 n=11 0:t0@(39,58)w3012 1:t0@(38,59)w4a12 2:t0@(37,58)w13 3:t3@(29,59)w0 4:t3@(30,59)w0 5:t3@(30,60)w0 6:t3@(29,60)w0 7:t4@(30,57)w0 8:t4@(30,56)w0 9:t4@(30,55)w0 10:t6@(28,58)w0
[dbg] ar=26123 am=6 aA=6 aH=0 l=false j=false fullRedraw=false
[fifo] ar=26124 retask 2 39 60
[devMouse] retask slot2 (36,59)w13 -> (39,60)
[fifo] ar=26133 save /tmp/aoe-camp/m1/t.aoesave
[save] wrote /tmp/aoe-camp/m1/t.aoesave (12294B) ar=26134
[dbg] ar=26148 am=6 aA=6 aH=0 l=false j=false fullRedraw=false
[dbg] ar=26173 am=6 aA=6 aH=0 l=false j=false fullRedraw=false
[fifo] ar=26178 state
[devMouse] aA=6/6 cursor=(31,58) cam=(-523,628) Q=3743 aE=512 Y=0 sel=6
[devMouse] p0 unit 0 tile=(35,58) type=0 sel=true
[devMouse] p0 unit 1 tile=(39,58) type=0 sel=true
[devMouse] p0 unit 2 tile=(38,60) type=0 sel=true
[devMouse] p0 unit 3 tile=(29,59) type=3 sel=true
[devMouse] p0 unit 4 tile=(30,59) type=3 sel=true
[devMouse] p0 unit 5 tile=(30,60) type=3 sel=true
[devMouse] p0 unit 6 tile=(29,60) type=3 sel=true
[devMouse] p0 unit 7 tile=(30,57) type=4 sel=true
[devMouse] p0 unit 8 tile=(30,56) type=4 sel=true
[devMouse] p0 unit 9 tile=(30,55) type=4 sel=true
[devMouse] p0 unit 10 tile=(28,58) type=6 sel=true
[devMouse] p1 unit 0 tile=(48,48) type=3 sel=false
[devMouse] p1 unit 1 tile=(40,34) type=3 sel=false
[devMouse] p1 unit 2 tile=(60,55) type=3 sel=false
[devMouse] p1 unit 3 tile=(61,45) type=3 sel=false
[devMouse] p1 unit 4 tile=(49,24) type=3 sel=false
[devMouse] p1 unit 5 tile=(48,25) type=3 sel=false
[devMouse] p1 unit 6 tile=(54,19) type=3 sel=false
[devMouse] p1 unit 7 tile=(36,23) type=4 sel=false
[devMouse] p1 unit 8 tile=(37,22) type=4 sel=false
[devMouse] p1 unit 9 tile=(49,33) type=4 sel=false
[devMouse] p1 unit 10 tile=(32,17) type=3 sel=false
[devMouse] p1 unit 11 tile=(25,21) type=4 sel=false
[devMouse] p1 unit 12 tile=(22,26) type=3 sel=false
[devMouse] p1 unit 13 tile=(23,27) type=3 sel=false
[devMouse] p1 unit 14 tile=(15,47) type=3 sel=false
[devMouse] p1 unit 15 tile=(16,54) type=3 sel=false
[dbg] ar=26198 am=6 aA=6 aH=0 l=false j=false fullRedraw=false
[dbg] ar=26223 am=6 aA=6 aH=0 l=false j=false fullRedraw=false
[fifo] ar=26233 slots 0
[slots] p0 n=11 0:t0@(36,60)w13 1:t0@(37,59)w13 2:t0@(38,60)w1112 3:t3@(29,59)w0 4:t3@(30,59)w0 5:t3@(30,60)w0 6:t3@(29,60)w0 7:t4@(30,57)w0 8:t4@(30,56)w0 9:t4@(30,55)w0 10:t6@(28,58)w0
[dbg] ar=26248 am=6 aA=6 aH=0 l=false j=false fullRedraw=false
[fifo] ar=26257 retask 0 40 58
[devMouse] retask slot0 (37,59)w13 -> (40,58)
[fifo] ar=26265 retask 1 39 59
[devMouse] retask slot1 (38,59)w13 -> (39,59)
[fifo] ar=26273 save /tmp/aoe-camp/m1/t.aoesave
[dbg] ar=26273 am=6 aA=6 aH=0 l=false j=false fullRedraw=false
[save] wrote /tmp/aoe-camp/m1/t.aoesave (12294B) ar=26274
[dbg] ar=26298 am=6 aA=6 aH=0 l=false j=false fullRedraw=false
[fifo] ar=26320 slots 0
[slots] p0 n=11 0:t0@(39,58)w6612 1:t0@(38,59)w3812 2:t0@(37,58)w13 3:t3@(29,59)w0 4:t3@(30,59)w0 5:t3@(30,60)w0 6:t3@(29,60)w0 7:t4@(30,57)w0 8:t4@(30,56)w0 9:t4@(30,55)w0 10:t6@(28,58)w0
[dbg] ar=26323 am=6 aA=6 aH=0 l=false j=false fullRedraw=false
[fifo] ar=26343 retask 2 39 60
[devMouse] retask slot2 (36,59)w13 -> (39,60)
[dbg] ar=26348 am=6 aA=6 aH=0 l=false j=false fullRedraw=false
[fifo] ar=26351 save /tmp/aoe-camp/m1/t.aoesave
[save] wrote /tmp/aoe-camp/m1/t.aoesave (12294B) ar=26352
[dbg] ar=26373 am=6 aA=6 aH=0 l=false j=false fullRedraw=false
[fifo] ar=26397 slots 0
[slots] p0 n=11 0:t0@(39,58)w1912 1:t0@(36,59)w13 2:t0@(38,60)w4912 3:t3@(29,59)w0 4:t3@(30,59)w0 5:t3@(30,60)w0 6:t3@(29,60)w0 7:t4@(30,57)w0 8:t4@(30,56)w0 9:t4@(30,55)w0 10:t6@(28,58)w0
[dbg] ar=26398 am=6 aA=6 aH=0 l=false j=false fullRedraw=false
[fifo] ar=26423 retask 1 39 59
[devMouse] retask slot1 (38,58)w13 -> (39,59)
[dbg] ar=26423 am=6 aA=6 aH=0 l=false j=false fullRedraw=false
[fifo] ar=26430 save /tmp/aoe-camp/m1/t.aoesave
[save] wrote /tmp/aoe-camp/m1/t.aoesave (12294B) ar=26431
[dbg] ar=26448 am=6 aA=6 aH=0 l=false j=false fullRedraw=false
[dbg] ar=26473 am=6 aA=6 aH=0 l=false j=false fullRedraw=false
[fifo] ar=26477 slots 0
[slots] p0 n=11 0:t0@(38,60)w13 1:t0@(38,58)w3812 2:t0@(38,59)w13 3:t3@(29,59)w0 4:t3@(30,59)w0 5:t3@(30,60)w0 6:t3@(29,60)w0 7:t4@(30,57)w0 8:t4@(30,56)w0 9:t4@(30,55)w0 10:t6@(28,58)w0
[dbg] ar=26498 am=6 aA=6 aH=0 l=false j=false fullRedraw=false
[fifo] ar=26502 retask 0 40 58
[devMouse] retask slot0 (37,58)w13 -> (40,58)
[fifo] ar=26510 retask 2 39 60
[devMouse] retask slot2 (39,58)w13 -> (39,60)
[fifo] ar=26518 save /tmp/aoe-camp/m1/t.aoesave
[save] wrote /tmp/aoe-camp/m1/t.aoesave (12294B) ar=26519
[dbg] ar=26523 am=6 aA=6 aH=0 l=false j=false fullRedraw=false
[dbg] ar=26548 am=6 aA=6 aH=0 l=false j=false fullRedraw=false
[fifo] ar=26564 slots 0
[slots] p0 n=11 0:t0@(34,55)w0 1:t0@(39,58)w13 2:t0@(38,59)w3b12 3:t3@(29,59)w0 4:t3@(30,59)w0 5:t3@(30,60)w0 6:t3@(29,60)w0 7:t4@(30,57)w0 8:t4@(30,56)w0 9:t4@(30,55)w0 10:t6@(28,58)w0
[dbg] ar=26573 am=6 aA=6 aH=0 l=false j=false fullRedraw=false
[fifo] ar=26583 retask 0 40 58
[devMouse] retask slot0 (35,56)w0 -> (40,58)
[fifo] ar=26591 retask 1 39 59
[devMouse] retask slot1 (39,58)w13 -> (39,59)
[dbg] ar=26598 am=6 aA=6 aH=0 l=false j=false fullRedraw=false
[fifo] ar=26600 save /tmp/aoe-camp/m1/t.aoesave
[save] wrote /tmp/aoe-camp/m1/t.aoesave (12294B) ar=26601
[dbg] ar=26623 am=6 aA=6 aH=0 l=false j=false fullRedraw=false
[fifo] ar=26647 state
[devMouse] aA=6/6 cursor=(31,58) cam=(-523,628) Q=3743 aE=512 Y=0 sel=6
[devMouse] p0 unit 0 tile=(38,59) type=0 sel=true
[devMouse] p0 unit 1 tile=(39,58) type=0 sel=true
[devMouse] p0 unit 2 tile=(36,59) type=0 sel=true
[devMouse] p0 unit 3 tile=(29,59) type=3 sel=true
[devMouse] p0 unit 4 tile=(30,59) type=3 sel=true
[devMouse] p0 unit 5 tile=(30,60) type=3 sel=true
[devMouse] p0 unit 6 tile=(29,60) type=3 sel=true
[devMouse] p0 unit 7 tile=(30,57) type=4 sel=true
[devMouse] p0 unit 8 tile=(30,56) type=4 sel=true
[devMouse] p0 unit 9 tile=(30,55) type=4 sel=true
[devMouse] p0 unit 10 tile=(28,58) type=6 sel=true
[devMouse] p1 unit 0 tile=(48,48) type=3 sel=false
[devMouse] p1 unit 1 tile=(40,34) type=3 sel=false
[devMouse] p1 unit 2 tile=(60,55) type=3 sel=false
[devMouse] p1 unit 3 tile=(61,45) type=3 sel=false
[devMouse] p1 unit 4 tile=(49,24) type=3 sel=false
[devMouse] p1 unit 5 tile=(48,25) type=3 sel=false
[devMouse] p1 unit 6 tile=(54,19) type=3 sel=false
[devMouse] p1 unit 7 tile=(36,23) type=4 sel=false
[devMouse] p1 unit 8 tile=(37,22) type=4 sel=false
[devMouse] p1 unit 9 tile=(49,33) type=4 sel=false
[devMouse] p1 unit 10 tile=(32,17) type=3 sel=false
[devMouse] p1 unit 11 tile=(25,21) type=4 sel=false
[devMouse] p1 unit 12 tile=(22,26) type=3 sel=false
[devMouse] p1 unit 13 tile=(23,27) type=3 sel=false
[devMouse] p1 unit 14 tile=(15,47) type=3 sel=false
[devMouse] p1 unit 15 tile=(16,54) type=3 sel=false
[dbg] ar=26648 am=6 aA=6 aH=0 l=false j=false fullRedraw=false
[dbg] ar=26673 am=6 aA=6 aH=0 l=false j=false fullRedraw=false
[dbg] ar=26698 am=6 aA=6 aH=0 l=false j=false fullRedraw=false
[fifo] ar=26701 slots 0
[slots] p0 n=11 0:t0@(37,60)w0 1:t0@(38,59)w13 2:t0@(37,59)w13 3:t3@(29,59)w0 4:t3@(30,59)w0 5:t3@(30,60)w0 6:t3@(29,60)w0 7:t4@(30,57)w0 8:t4@(30,56)w0 9:t4@(30,55)w0 10:t6@(28,58)w0
[dbg] ar=26723 am=6 aA=6 aH=0 l=false j=false fullRedraw=false
[fifo] ar=26725 retask 0 40 58
[devMouse] retask slot0 (38,58)w0 -> (40,58)
[fifo] ar=26732 retask 1 39 59
[devMouse] retask slot1 (37,59)w13 -> (39,59)
[fifo] ar=26739 retask 2 39 60
[devMouse] retask slot2 (38,59)w13 -> (39,60)
[fifo] ar=26746 save /tmp/aoe-camp/m1/t.aoesave
[save] wrote /tmp/aoe-camp/m1/t.aoesave (12294B) ar=26747
[dbg] ar=26748 am=6 aA=6 aH=0 l=false j=false fullRedraw=false
[dbg] ar=26773 am=6 aA=6 aH=0 l=false j=false fullRedraw=false
[fifo] ar=26792 slots 0
[slots] p0 n=11 0:t0@(39,58)w3912 1:t0@(38,60)w3b12 2:t0@(38,59)w3912 3:t3@(29,59)w0 4:t3@(30,59)w0 5:t3@(30,60)w0 6:t3@(29,60)w0 7:t4@(30,57)w0 8:t4@(30,56)w0 9:t4@(30,55)w0 10:t6@(28,58)w0
[dbg] ar=26798 am=6 aA=6 aH=0 l=false j=false fullRedraw=false
[fifo] ar=26817 save /tmp/aoe-camp/m1/t.aoesave
[save] wrote /tmp/aoe-camp/m1/t.aoesave (12294B) ar=26818
[dbg] ar=26823 am=6 aA=6 aH=0 l=false j=false fullRedraw=false
[dbg] ar=26848 am=6 aA=6 aH=0 l=false j=false fullRedraw=false
[fifo] ar=26863 slots 0
[slots] p0 n=11 0:t0@(37,59)w13 1:t0@(39,59)w13 2:t0@(38,60)w13 3:t3@(29,59)w0 4:t3@(30,59)w0 5:t3@(30,60)w0 6:t3@(29,60)w0 7:t4@(30,57)w0 8:t4@(30,56)w0 9:t4@(30,55)w0 10:t6@(28,58)w0
[dbg] ar=26873 am=6 aA=6 aH=0 l=false j=false fullRedraw=false
[fifo] ar=26889 retask 0 40 58
[devMouse] retask slot0 (39,58)w13 -> (40,58)
[fifo] ar=26896 retask 1 39 59
[devMouse] retask slot1 (37,59)w13 -> (39,59)
[dbg] ar=26898 am=6 aA=6 aH=0 l=false j=false fullRedraw=false
[fifo] ar=26904 retask 2 39 60
[devMouse] retask slot2 (38,60)w13 -> (39,60)
[fifo] ar=26912 save /tmp/aoe-camp/m1/t.aoesave
[save] wrote /tmp/aoe-camp/m1/t.aoesave (12294B) ar=26913
[dbg] ar=26923 am=6 aA=6 aH=0 l=false j=false fullRedraw=false
[dbg] ar=26948 am=6 aA=6 aH=0 l=false j=false fullRedraw=false
[fifo] ar=26958 slots 0
[slots] p0 n=11 0:t0@(39,58)w2712 1:t0@(39,59)w0 2:t0@(38,60)w3012 3:t3@(29,59)w0 4:t3@(30,59)w0 5:t3@(30,60)w0 6:t3@(29,60)w0 7:t4@(30,57)w0 8:t4@(30,56)w0 9:t4@(30,55)w0 10:t6@(28,58)w0
[dbg] ar=26973 am=6 aA=6 aH=0 l=false j=false fullRedraw=false
[fifo] ar=26983 retask 1 40 59
[devMouse] retask slot1 (39,59)w0 -> (40,59)
[fifo] ar=26991 save /tmp/aoe-camp/m1/t.aoesave
[save] wrote /tmp/aoe-camp/m1/t.aoesave (12294B) ar=26992
[dbg] ar=26998 am=6 aA=6 aH=0 l=false j=false fullRedraw=false
[dbg] ar=27023 am=6 aA=6 aH=0 l=false j=false fullRedraw=false
[fifo] ar=27038 slots 0
[slots] p0 n=11 0:t0@(38,59)w13 1:t0@(39,59)w3012 2:t0@(37,59)w13 3:t3@(29,59)w0 4:t3@(30,59)w0 5:t3@(30,60)w0 6:t3@(29,60)w0 7:t4@(30,57)w0 8:t4@(30,56)w0 9:t4@(30,55)w0 10:t6@(28,58)w0
[dbg] ar=27048 am=6 aA=6 aH=0 l=false j=false fullRedraw=false
[fifo] ar=27063 retask 0 40 58
[devMouse] retask slot0 (36,59)w13 -> (40,58)
[fifo] ar=27071 retask 2 39 60
[devMouse] retask slot2 (38,59)w13 -> (39,60)
[dbg] ar=27073 am=6 aA=6 aH=0 l=false j=false fullRedraw=false
[fifo] ar=27079 save /tmp/aoe-camp/m1/t.aoesave
[save] wrote /tmp/aoe-camp/m1/t.aoesave (12294B) ar=27080
[dbg] ar=27098 am=6 aA=6 aH=0 l=false j=false fullRedraw=false
[dbg] ar=27123 am=6 aA=6 aH=0 l=false j=false fullRedraw=false
[fifo] ar=27125 state
[devMouse] aA=6/6 cursor=(31,58) cam=(-523,628) Q=3743 aE=512 Y=0 sel=6
[devMouse] p0 unit 0 tile=(39,59) type=0 sel=true
[devMouse] p0 unit 1 tile=(35,58) type=0 sel=true
[devMouse] p0 unit 2 tile=(38,59) type=0 sel=true
[devMouse] p0 unit 3 tile=(29,59) type=3 sel=true
[devMouse] p0 unit 4 tile=(30,59) type=3 sel=true
[devMouse] p0 unit 5 tile=(30,60) type=3 sel=true
[devMouse] p0 unit 6 tile=(29,60) type=3 sel=true
[devMouse] p0 unit 7 tile=(30,57) type=4 sel=true
[devMouse] p0 unit 8 tile=(30,56) type=4 sel=true
[devMouse] p0 unit 9 tile=(30,55) type=4 sel=true
[devMouse] p0 unit 10 tile=(28,58) type=6 sel=true
[devMouse] p1 unit 0 tile=(48,48) type=3 sel=false
[devMouse] p1 unit 1 tile=(40,34) type=3 sel=false
[devMouse] p1 unit 2 tile=(60,55) type=3 sel=false
[devMouse] p1 unit 3 tile=(61,45) type=3 sel=false
[devMouse] p1 unit 4 tile=(49,24) type=3 sel=false
[devMouse] p1 unit 5 tile=(48,25) type=3 sel=false
[devMouse] p1 unit 6 tile=(54,19) type=3 sel=false
[devMouse] p1 unit 7 tile=(36,23) type=4 sel=false
[devMouse] p1 unit 8 tile=(37,22) type=4 sel=false
[devMouse] p1 unit 9 tile=(49,33) type=4 sel=false
[devMouse] p1 unit 10 tile=(32,17) type=3 sel=false
[devMouse] p1 unit 11 tile=(25,21) type=4 sel=false
[devMouse] p1 unit 12 tile=(22,26) type=3 sel=false
[devMouse] p1 unit 13 tile=(23,27) type=3 sel=false
[devMouse] p1 unit 14 tile=(15,47) type=3 sel=false
[devMouse] p1 unit 15 tile=(16,54) type=3 sel=false
[dbg] ar=27148 am=6 aA=6 aH=0 l=false j=false fullRedraw=false
[dbg] ar=27173 am=6 aA=6 aH=0 l=false j=false fullRedraw=false
[fifo] ar=27179 slots 0
[slots] p0 n=11 0:t0@(39,59)w1512 1:t0@(39,58)w13 2:t0@(38,59)w312 3:t3@(29,59)w0 4:t3@(30,59)w0 5:t3@(30,60)w0 6:t3@(29,60)w0 7:t4@(30,57)w0 8:t4@(30,56)w0 9:t4@(30,55)w0 10:t6@(28,58)w0
[dbg] ar=27198 am=6 aA=6 aH=0 l=false j=false fullRedraw=false
[fifo] ar=27204 retask 1 40 59
[devMouse] retask slot1 (36,58)w13 -> (40,59)
[fifo] ar=27212 save /tmp/aoe-camp/m1/t.aoesave
[save] wrote /tmp/aoe-camp/m1/t.aoesave (12294B) ar=27213
[dbg] ar=27223 am=6 aA=6 aH=0 l=false j=false fullRedraw=false
[dbg] ar=27248 am=6 aA=6 aH=0 l=false j=false fullRedraw=false
[fifo] ar=27261 slots 0
[slots] p0 n=11 0:t0@(38,59)w13 1:t0@(39,59)w5712 2:t0@(38,60)w13 3:t3@(29,59)w0 4:t3@(30,59)w0 5:t3@(30,60)w0 6:t3@(29,60)w0 7:t4@(30,57)w0 8:t4@(30,56)w0 9:t4@(30,55)w0 10:t6@(28,58)w0
[dbg] ar=27273 am=6 aA=6 aH=0 l=false j=false fullRedraw=false
[fifo] ar=27285 retask 0 40 58
[devMouse] retask slot0 (38,59)w13 -> (40,58)
[fifo] ar=27293 retask 2 39 60
[devMouse] retask slot2 (37,59)w13 -> (39,60)
[dbg] ar=27298 am=6 aA=6 aH=0 l=false j=false fullRedraw=false
[fifo] ar=27300 save /tmp/aoe-camp/m1/t.aoesave
[save] wrote /tmp/aoe-camp/m1/t.aoesave (12294B) ar=27301
[dbg] ar=27323 am=6 aA=6 aH=0 l=false j=false fullRedraw=false
[fifo] ar=27347 slots 0
[slots] p0 n=11 0:t0@(39,58)w3612 1:t0@(39,59)w112 2:t0@(38,60)w3f12 3:t3@(29,59)w0 4:t3@(30,59)w0 5:t3@(30,60)w0 6:t3@(29,60)w0 7:t4@(30,57)w0 8:t4@(30,56)w0 9:t4@(30,55)w0 10:t6@(28,58)w0
[dbg] ar=27348 am=6 aA=6 aH=0 l=false j=false fullRedraw=false
[fifo] ar=27372 save /tmp/aoe-camp/m1/t.aoesave
[save] wrote /tmp/aoe-camp/m1/t.aoesave (12294B) ar=27373
[dbg] ar=27373 am=6 aA=6 aH=0 l=false j=false fullRedraw=false
[dbg] ar=27398 am=6 aA=6 aH=0 l=false j=false fullRedraw=false
[fifo] ar=27417 slots 0
[slots] p0 n=11 0:t0@(39,59)w13 1:t0@(38,58)w13 2:t0@(38,59)w13 3:t3@(29,59)w0 4:t3@(30,59)w0 5:t3@(30,60)w0 6:t3@(29,60)w0 7:t4@(30,57)w0 8:t4@(30,56)w0 9:t4@(30,55)w0 10:t6@(28,58)w0
[dbg] ar=27423 am=6 aA=6 aH=0 l=false j=false fullRedraw=false
[fifo] ar=27442 retask 0 40 58
[devMouse] retask slot0 (37,59)w13 -> (40,58)
[dbg] ar=27448 am=6 aA=6 aH=0 l=false j=false fullRedraw=false
[fifo] ar=27449 retask 1 40 59
[devMouse] retask slot1 (39,58)w13 -> (40,59)
[fifo] ar=27457 retask 2 39 60
[devMouse] retask slot2 (38,59)w13 -> (39,60)
[fifo] ar=27465 save /tmp/aoe-camp/m1/t.aoesave
[save] wrote /tmp/aoe-camp/m1/t.aoesave (12294B) ar=27466
[dbg] ar=27473 am=6 aA=6 aH=0 l=false j=false fullRedraw=false
[dbg] ar=27498 am=6 aA=6 aH=0 l=false j=false fullRedraw=false
[fifo] ar=27513 slots 0
[slots] p0 n=11 0:t0@(39,59)w3f12 1:t0@(39,58)w2e12 2:t0@(38,59)w3612 3:t3@(29,59)w0 4:t3@(30,59)w0 5:t3@(30,60)w0 6:t3@(29,60)w0 7:t4@(30,57)w0 8:t4@(30,56)w0 9:t4@(30,55)w0 10:t6@(28,58)w0
[dbg] ar=27523 am=6 aA=6 aH=0 l=false j=false fullRedraw=false
[fifo] ar=27539 save /tmp/aoe-camp/m1/t.aoesave
[save] wrote /tmp/aoe-camp/m1/t.aoesave (12294B) ar=27540
[dbg] ar=27548 am=6 aA=6 aH=0 l=false j=false fullRedraw=false
[dbg] ar=27573 am=6 aA=6 aH=0 l=false j=false fullRedraw=false
[fifo] ar=27586 state
[devMouse] aA=6/6 cursor=(31,58) cam=(-523,628) Q=3743 aE=512 Y=0 sel=6
[devMouse] p0 unit 0 tile=(38,58) type=0 sel=true
[devMouse] p0 unit 1 tile=(38,59) type=0 sel=true
[devMouse] p0 unit 2 tile=(36,59) type=0 sel=true
[devMouse] p0 unit 3 tile=(29,59) type=3 sel=true
[devMouse] p0 unit 4 tile=(30,59) type=3 sel=true
[devMouse] p0 unit 5 tile=(30,60) type=3 sel=true
[devMouse] p0 unit 6 tile=(29,60) type=3 sel=true
[devMouse] p0 unit 7 tile=(30,57) type=4 sel=true
[devMouse] p0 unit 8 tile=(30,56) type=4 sel=true
[devMouse] p0 unit 9 tile=(30,55) type=4 sel=true
[devMouse] p0 unit 10 tile=(28,58) type=6 sel=true
[devMouse] p1 unit 0 tile=(48,48) type=3 sel=false
[devMouse] p1 unit 1 tile=(40,34) type=3 sel=false
[devMouse] p1 unit 2 tile=(60,55) type=3 sel=false
[devMouse] p1 unit 3 tile=(61,45) type=3 sel=false
[devMouse] p1 unit 4 tile=(49,24) type=3 sel=false
[devMouse] p1 unit 5 tile=(48,25) type=3 sel=false
[devMouse] p1 unit 6 tile=(54,19) type=3 sel=false
[devMouse] p1 unit 7 tile=(36,23) type=4 sel=false
[devMouse] p1 unit 8 tile=(37,22) type=4 sel=false
[devMouse] p1 unit 9 tile=(49,33) type=4 sel=false
[devMouse] p1 unit 10 tile=(32,17) type=3 sel=false
[devMouse] p1 unit 11 tile=(25,21) type=4 sel=false
[devMouse] p1 unit 12 tile=(22,26) type=3 sel=false
[devMouse] p1 unit 13 tile=(23,27) type=3 sel=false
[devMouse] p1 unit 14 tile=(15,47) type=3 sel=false
[devMouse] p1 unit 15 tile=(16,54) type=3 sel=false
[dbg] ar=27598 am=6 aA=6 aH=0 l=false j=false fullRedraw=false
[dbg] ar=27623 am=6 aA=6 aH=0 l=false j=false fullRedraw=false
[fifo] ar=27639 slots 0
[slots] p0 n=11 0:t0@(38,58)w13 1:t0@(39,59)w13 2:t0@(39,58)w13 3:t3@(29,59)w0 4:t3@(30,59)w0 5:t3@(30,60)w0 6:t3@(29,60)w0 7:t4@(30,57)w0 8:t4@(30,56)w0 9:t4@(30,55)w0 10:t6@(28,58)w0
[dbg] ar=27648 am=6 aA=6 aH=0 l=false j=false fullRedraw=false
[fifo] ar=27665 retask 0 40 58
[devMouse] retask slot0 (39,59)w13 -> (40,58)
[fifo] ar=27673 retask 1 40 59
[devMouse] retask slot1 (38,59)w13 -> (40,59)
[dbg] ar=27673 am=6 aA=6 aH=0 l=false j=false fullRedraw=false
[fifo] ar=27680 retask 2 39 60
[devMouse] retask slot2 (38,58)w13 -> (39,60)
[fifo] ar=27688 save /tmp/aoe-camp/m1/t.aoesave
[save] wrote /tmp/aoe-camp/m1/t.aoesave (12294B) ar=27689
[dbg] ar=27698 am=6 aA=6 aH=0 l=false j=false fullRedraw=false
[dbg] ar=27723 am=6 aA=6 aH=0 l=false j=false fullRedraw=false
[fifo] ar=27734 slots 0
[slots] p0 n=11 0:t0@(39,59)w2312 1:t0@(39,58)w3612 2:t0@(38,60)w4712 3:t3@(29,59)w0 4:t3@(30,59)w0 5:t3@(30,60)w0 6:t3@(29,60)w0 7:t4@(30,57)w0 8:t4@(30,56)w0 9:t4@(30,55)w0 10:t6@(28,58)w0
[dbg] ar=27748 am=6 aA=6 aH=0 l=false j=false fullRedraw=false
[fifo] ar=27758 save /tmp/aoe-camp/m1/t.aoesave
[save] wrote /tmp/aoe-camp/m1/t.aoesave (12294B) ar=27759
[dbg] ar=27773 am=6 aA=6 aH=0 l=false j=false fullRedraw=false
[dbg] ar=27798 am=6 aA=6 aH=0 l=false j=false fullRedraw=false
[fifo] ar=27806 slots 0
[slots] p0 n=11 0:t0@(38,58)w13 1:t0@(38,59)w13 2:t0@(39,60)w13 3:t3@(29,59)w0 4:t3@(30,59)w0 5:t3@(30,60)w0 6:t3@(29,60)w0 7:t4@(30,57)w0 8:t4@(30,56)w0 9:t4@(30,55)w0 10:t6@(28,58)w0
[dbg] ar=27823 am=6 aA=6 aH=0 l=false j=false fullRedraw=false
[fifo] ar=27831 retask 0 40 58
[devMouse] retask slot0 (38,59)w13 -> (40,58)
[fifo] ar=27841 retask 1 40 59
[devMouse] retask slot1 (39,59)w13 -> (40,59)
[fifo] ar=27848 retask 2 39 60
[devMouse] retask slot2 (38,59)w13 -> (39,60)
[dbg] ar=27848 am=6 aA=6 aH=0 l=false j=false fullRedraw=false
[fifo] ar=27857 save /tmp/aoe-camp/m1/t.aoesave
[save] wrote /tmp/aoe-camp/m1/t.aoesave (12294B) ar=27858
[dbg] ar=27873 am=6 aA=6 aH=0 l=false j=false fullRedraw=false
[dbg] ar=27898 am=6 aA=6 aH=0 l=false j=false fullRedraw=false
[fifo] ar=27905 slots 0
[slots] p0 n=11 0:t0@(39,58)w4c12 1:t0@(39,59)w2912 2:t0@(39,60)w0 3:t3@(29,59)w0 4:t3@(30,59)w0 5:t3@(30,60)w0 6:t3@(29,60)w0 7:t4@(30,57)w0 8:t4@(30,56)w0 9:t4@(30,55)w0 10:t6@(28,58)w0
[dbg] ar=27923 am=6 aA=6 aH=0 l=false j=false fullRedraw=false
[fifo] ar=27929 retask 2 40 60
[devMouse] retask slot2 (39,60)w0 -> (40,60)
[fifo] ar=27937 save /tmp/aoe-camp/m1/t.aoesave
[save] wrote /tmp/aoe-camp/m1/t.aoesave (12294B) ar=27938
[dbg] ar=27948 am=6 aA=6 aH=0 l=false j=false fullRedraw=false
[dbg] ar=27973 am=6 aA=6 aH=0 l=false j=false fullRedraw=false
[fifo] ar=27982 slots 0
[slots] p0 n=11 0:t0@(39,59)w13 1:t0@(38,59)w13 2:t0@(39,60)w3212 3:t3@(29,59)w0 4:t3@(30,59)w0 5:t3@(30,60)w0 6:t3@(29,60)w0 7:t4@(30,57)w0 8:t4@(30,56)w0 9:t4@(30,55)w0 10:t6@(28,58)w0
[dbg] ar=27998 am=6 aA=6 aH=0 l=false j=false fullRedraw=false
[fifo] ar=28007 retask 0 40 58
[devMouse] retask slot0 (37,60)w13 -> (40,58)
[fifo] ar=28015 retask 1 40 59
[devMouse] retask slot1 (38,58)w13 -> (40,59)
[fifo] ar=28023 save /tmp/aoe-camp/m1/t.aoesave
[dbg] ar=28023 am=6 aA=6 aH=0 l=false j=false fullRedraw=false
[save] wrote /tmp/aoe-camp/m1/t.aoesave (12294B) ar=28024
[dbg] ar=28048 am=6 aA=6 aH=0 l=false j=false fullRedraw=false
[fifo] ar=28071 state
[devMouse] aA=6/6 cursor=(31,58) cam=(-523,628) Q=3743 aE=512 Y=0 sel=6
[devMouse] p0 unit 0 tile=(39,59) type=0 sel=true
[devMouse] p0 unit 1 tile=(39,60) type=0 sel=true
[devMouse] p0 unit 2 tile=(38,58) type=0 sel=true
[devMouse] p0 unit 3 tile=(29,59) type=3 sel=true
[devMouse] p0 unit 4 tile=(30,59) type=3 sel=true
[devMouse] p0 unit 5 tile=(30,60) type=3 sel=true
[devMouse] p0 unit 6 tile=(29,60) type=3 sel=true
[devMouse] p0 unit 7 tile=(30,57) type=4 sel=true
[devMouse] p0 unit 8 tile=(30,56) type=4 sel=true
[devMouse] p0 unit 9 tile=(30,55) type=4 sel=true
[devMouse] p0 unit 10 tile=(28,58) type=6 sel=true
[devMouse] p1 unit 0 tile=(48,48) type=3 sel=false
[devMouse] p1 unit 1 tile=(40,34) type=3 sel=false
[devMouse] p1 unit 2 tile=(60,55) type=3 sel=false
[devMouse] p1 unit 3 tile=(61,45) type=3 sel=false
[devMouse] p1 unit 4 tile=(49,24) type=3 sel=false
[devMouse] p1 unit 5 tile=(48,25) type=3 sel=false
[devMouse] p1 unit 6 tile=(54,19) type=3 sel=false
[devMouse] p1 unit 7 tile=(36,23) type=4 sel=false
[devMouse] p1 unit 8 tile=(37,22) type=4 sel=false
[devMouse] p1 unit 9 tile=(49,33) type=4 sel=false
[devMouse] p1 unit 10 tile=(32,17) type=3 sel=false
[devMouse] p1 unit 11 tile=(25,21) type=4 sel=false
[devMouse] p1 unit 12 tile=(22,26) type=3 sel=false
[devMouse] p1 unit 13 tile=(23,27) type=3 sel=false
[devMouse] p1 unit 14 tile=(15,47) type=3 sel=false
[devMouse] p1 unit 15 tile=(16,54) type=3 sel=false
[dbg] ar=28073 am=6 aA=6 aH=0 l=false j=false fullRedraw=false
[dbg] ar=28098 am=6 aA=6 aH=0 l=false j=false fullRedraw=false
[dbg] ar=28123 am=6 aA=6 aH=0 l=false j=false fullRedraw=false
[fifo] ar=28126 slots 0
[slots] p0 n=11 0:t0@(39,59)w212 1:t0@(39,60)w1512 2:t0@(38,59)w13 3:t3@(29,59)w0 4:t3@(30,59)w0 5:t3@(30,60)w0 6:t3@(29,60)w0 7:t4@(30,57)w0 8:t4@(30,56)w0 9:t4@(30,55)w0 10:t6@(28,58)w0
[dbg] ar=28148 am=6 aA=6 aH=0 l=false j=false fullRedraw=false
[fifo] ar=28151 retask 2 40 60
[devMouse] retask slot2 (38,58)w13 -> (40,60)
[fifo] ar=28160 save /tmp/aoe-camp/m1/t.aoesave
[save] wrote /tmp/aoe-camp/m1/t.aoesave (12294B) ar=28161
[dbg] ar=28173 am=6 aA=6 aH=0 l=false j=false fullRedraw=false
[dbg] ar=28198 am=6 aA=6 aH=0 l=false j=false fullRedraw=false
[fifo] ar=28206 slots 0
[slots] p0 n=11 0:t0@(39,60)w13 1:t0@(38,58)w13 2:t0@(39,59)w4012 3:t3@(29,59)w0 4:t3@(30,59)w0 5:t3@(30,60)w0 6:t3@(29,60)w0 7:t4@(30,57)w0 8:t4@(30,56)w0 9:t4@(30,55)w0 10:t6@(28,58)w0
[dbg] ar=28223 am=6 aA=6 aH=0 l=false j=false fullRedraw=false
[fifo] ar=28232 retask 0 40 58
[devMouse] retask slot0 (37,58)w13 -> (40,58)
[fifo] ar=28240 retask 1 40 59
[devMouse] retask slot1 (36,58)w13 -> (40,59)
[fifo] ar=28247 save /tmp/aoe-camp/m1/t.aoesave
[save] wrote /tmp/aoe-camp/m1/t.aoesave (12294B) ar=28248
[dbg] ar=28248 am=6 aA=6 aH=0 l=false j=false fullRedraw=false
[dbg] ar=28273 am=6 aA=6 aH=0 l=false j=false fullRedraw=false
[fifo] ar=28294 slots 0
[slots] p0 n=11 0:t0@(39,58)w3f12 1:t0@(39,59)w5b12 2:t0@(37,59)w13 3:t3@(29,59)w0 4:t3@(30,59)w0 5:t3@(30,60)w0 6:t3@(29,60)w0 7:t4@(30,57)w0 8:t4@(30,56)w0 9:t4@(30,55)w0 10:t6@(28,58)w0
[dbg] ar=28298 am=6 aA=6 aH=0 l=false j=false fullRedraw=false
[fifo] ar=28318 retask 2 40 60
[devMouse] retask slot2 (38,60)w13 -> (40,60)
[dbg] ar=28323 am=6 aA=6 aH=0 l=false j=false fullRedraw=false
[fifo] ar=28325 save /tmp/aoe-camp/m1/t.aoesave
[save] wrote /tmp/aoe-camp/m1/t.aoesave (12294B) ar=28326
[dbg] ar=28348 am=6 aA=6 aH=0 l=false j=false fullRedraw=false
[fifo] ar=28372 slots 0
[slots] p0 n=11 0:t0@(37,59)w13 1:t0@(39,59)wd12 2:t0@(39,60)w4012 3:t3@(29,59)w0 4:t3@(30,59)w0 5:t3@(30,60)w0 6:t3@(29,60)w0 7:t4@(30,57)w0 8:t4@(30,56)w0 9:t4@(30,55)w0 10:t6@(28,58)w0
[dbg] ar=28373 am=6 aA=6 aH=0 l=false j=false fullRedraw=false
[fifo] ar=28396 retask 0 40 58
[devMouse] retask slot0 (38,58)w13 -> (40,58)
[dbg] ar=28398 am=6 aA=6 aH=0 l=false j=false fullRedraw=false
[fifo] ar=28404 save /tmp/aoe-camp/m1/t.aoesave
[save] wrote /tmp/aoe-camp/m1/t.aoesave (12294B) ar=28405
[dbg] ar=28423 am=6 aA=6 aH=0 l=false j=false fullRedraw=false
[dbg] ar=28448 am=6 aA=6 aH=0 l=false j=false fullRedraw=false
[fifo] ar=28453 slots 0
[slots] p0 n=11 0:t0@(39,58)w3d12 1:t0@(38,59)w13 2:t0@(38,58)w13 3:t3@(29,59)w0 4:t3@(30,59)w0 5:t3@(30,60)w0 6:t3@(29,60)w0 7:t4@(30,57)w0 8:t4@(30,56)w0 9:t4@(30,55)w0 10:t6@(28,58)w0
[dbg] ar=28473 am=6 aA=6 aH=0 l=false j=false fullRedraw=false
[fifo] ar=28477 retask 1 40 59
[devMouse] retask slot1 (38,60)w13 -> (40,59)
[fifo] ar=28486 retask 2 40 60
[devMouse] retask slot2 (38,59)w13 -> (40,60)
[fifo] ar=28494 save /tmp/aoe-camp/m1/t.aoesave
[save] wrote /tmp/aoe-camp/m1/t.aoesave (12294B) ar=28495
[dbg] ar=28498 am=6 aA=6 aH=0 l=false j=false fullRedraw=false
[dbg] ar=28523 am=6 aA=6 aH=0 l=false j=false fullRedraw=false
[fifo] ar=28538 state
[devMouse] aA=6/6 cursor=(31,58) cam=(-523,628) Q=3743 aE=512 Y=0 sel=6
[devMouse] p0 unit 0 tile=(36,58) type=0 sel=true
[devMouse] p0 unit 1 tile=(39,59) type=0 sel=true
[devMouse] p0 unit 2 tile=(39,60) type=0 sel=true
[devMouse] p0 unit 3 tile=(29,59) type=3 sel=true
[devMouse] p0 unit 4 tile=(30,59) type=3 sel=true
[devMouse] p0 unit 5 tile=(30,60) type=3 sel=true
[devMouse] p0 unit 6 tile=(29,60) type=3 sel=true
[devMouse] p0 unit 7 tile=(30,57) type=4 sel=true
[devMouse] p0 unit 8 tile=(30,56) type=4 sel=true
[devMouse] p0 unit 9 tile=(30,55) type=4 sel=true
[devMouse] p0 unit 10 tile=(28,58) type=6 sel=true
[devMouse] p1 unit 0 tile=(48,48) type=3 sel=false
[devMouse] p1 unit 1 tile=(40,34) type=3 sel=false
[devMouse] p1 unit 2 tile=(60,55) type=3 sel=false
[devMouse] p1 unit 3 tile=(61,45) type=3 sel=false
[devMouse] p1 unit 4 tile=(49,24) type=3 sel=false
[devMouse] p1 unit 5 tile=(48,25) type=3 sel=false
[devMouse] p1 unit 6 tile=(54,19) type=3 sel=false
[devMouse] p1 unit 7 tile=(36,23) type=4 sel=false
[devMouse] p1 unit 8 tile=(37,22) type=4 sel=false
[devMouse] p1 unit 9 tile=(49,33) type=4 sel=false
[devMouse] p1 unit 10 tile=(32,17) type=3 sel=false
[devMouse] p1 unit 11 tile=(25,21) type=4 sel=false
[devMouse] p1 unit 12 tile=(22,26) type=3 sel=false
[devMouse] p1 unit 13 tile=(23,27) type=3 sel=false
[devMouse] p1 unit 14 tile=(15,47) type=3 sel=false
[devMouse] p1 unit 15 tile=(16,54) type=3 sel=false
[dbg] ar=28548 am=6 aA=6 aH=0 l=false j=false fullRedraw=false
[dbg] ar=28573 am=6 aA=6 aH=0 l=false j=false fullRedraw=false
[fifo] ar=28593 slots 0
[slots] p0 n=11 0:t0@(36,58)w13 1:t0@(39,59)w312 2:t0@(39,60)w912 3:t3@(29,59)w0 4:t3@(30,59)w0 5:t3@(30,60)w0 6:t3@(29,60)w0 7:t4@(30,57)w0 8:t4@(30,56)w0 9:t4@(30,55)w0 10:t6@(28,58)w0
[dbg] ar=28598 am=6 aA=6 aH=0 l=false j=false fullRedraw=false
[fifo] ar=28617 retask 0 40 58
[devMouse] retask slot0 (39,58)w13 -> (40,58)
[dbg] ar=28623 am=6 aA=6 aH=0 l=false j=false fullRedraw=false
[fifo] ar=28626 save /tmp/aoe-camp/m1/t.aoesave
[save] wrote /tmp/aoe-camp/m1/t.aoesave (12294B) ar=28627
[dbg] ar=28648 am=6 aA=6 aH=0 l=false j=false fullRedraw=false
[fifo] ar=28672 slots 0
[slots] p0 n=11 0:t0@(39,58)w3512 1:t0@(36,59)w13 2:t0@(37,59)w13 3:t3@(29,59)w0 4:t3@(30,59)w0 5:t3@(30,60)w0 6:t3@(29,60)w0 7:t4@(30,57)w0 8:t4@(30,56)w0 9:t4@(30,55)w0 10:t6@(28,58)w0
[dbg] ar=28673 am=6 aA=6 aH=0 l=false j=false fullRedraw=false
[fifo] ar=28697 retask 1 40 59
[devMouse] retask slot1 (39,59)w13 -> (40,59)
[dbg] ar=28698 am=6 aA=6 aH=0 l=false j=false fullRedraw=false
[fifo] ar=28705 retask 2 40 60
[devMouse] retask slot2 (38,60)w13 -> (40,60)
[fifo] ar=28713 save /tmp/aoe-camp/m1/t.aoesave
[save] wrote /tmp/aoe-camp/m1/t.aoesave (12294B) ar=28714
[dbg] ar=28723 am=6 aA=6 aH=0 l=false j=false fullRedraw=false
[dbg] ar=28748 am=6 aA=6 aH=0 l=false j=false fullRedraw=false
[fifo] ar=28761 slots 0
[slots] p0 n=11 0:t0@(37,58)w13 1:t0@(39,59)w2e12 2:t0@(39,60)w3d12 3:t3@(29,59)w0 4:t3@(30,59)w0 5:t3@(30,60)w0 6:t3@(29,60)w0 7:t4@(30,57)w0 8:t4@(30,56)w0 9:t4@(30,55)w0 10:t6@(28,58)w0
[dbg] ar=28773 am=6 aA=6 aH=0 l=false j=false fullRedraw=false
[fifo] ar=28786 retask 0 40 58
[devMouse] retask slot0 (38,59)w13 -> (40,58)
[fifo] ar=28795 save /tmp/aoe-camp/m1/t.aoesave
[save] wrote /tmp/aoe-camp/m1/t.aoesave (12294B) ar=28796
[dbg] ar=28798 am=6 aA=6 aH=0 l=false j=false fullRedraw=false
[dbg] ar=28823 am=6 aA=6 aH=0 l=false j=false fullRedraw=false
[fifo] ar=28840 slots 0
[slots] p0 n=11 0:t0@(39,58)w3c12 1:t0@(37,59)w13 2:t0@(38,58)w13 3:t3@(29,59)w0 4:t3@(30,59)w0 5:t3@(30,60)w0 6:t3@(29,60)w0 7:t4@(30,57)w0 8:t4@(30,56)w0 9:t4@(30,55)w0 10:t6@(28,58)w0
[dbg] ar=28848 am=6 aA=6 aH=0 l=false j=false fullRedraw=false
[fifo] ar=28864 retask 1 40 59
[devMouse] retask slot1 (39,60)w13 -> (40,59)
[fifo] ar=28871 retask 2 40 60
[devMouse] retask slot2 (38,59)w13 -> (40,60)
[dbg] ar=28873 am=6 aA=6 aH=0 l=false j=false fullRedraw=false
[fifo] ar=28879 save /tmp/aoe-camp/m1/t.aoesave
[save] wrote /tmp/aoe-camp/m1/t.aoesave (12294B) ar=28880
[dbg] ar=28898 am=6 aA=6 aH=0 l=false j=false fullRedraw=false
[dbg] ar=28923 am=6 aA=6 aH=0 l=false j=false fullRedraw=false
[fifo] ar=28926 slots 0
[slots] p0 n=11 0:t0@(37,60)w13 1:t0@(39,60)w2f12 2:t0@(39,59)w0 3:t3@(29,59)w0 4:t3@(30,59)w0 5:t3@(30,60)w0 6:t3@(29,60)w0 7:t4@(30,57)w0 8:t4@(30,56)w0 9:t4@(30,55)w0 10:t6@(28,58)w0
[dbg] ar=28948 am=6 aA=6 aH=0 l=false j=false fullRedraw=false
[fifo] ar=28950 retask 0 40 58
[devMouse] retask slot0 (38,59)w13 -> (40,58)
[fifo] ar=28958 retask 2 40 60
[devMouse] retask slot2 (39,59)w4c12 -> (40,60)
[fifo] ar=28966 save /tmp/aoe-camp/m1/t.aoesave
[save] wrote /tmp/aoe-camp/m1/t.aoesave (12294B) ar=28967
[dbg] ar=28973 am=6 aA=6 aH=0 l=false j=false fullRedraw=false
[dbg] ar=28998 am=6 aA=6 aH=0 l=false j=false fullRedraw=false
[fifo] ar=29012 state
[devMouse] aA=6/6 cursor=(31,58) cam=(-523,628) Q=3743 aE=512 Y=0 sel=6
[devMouse] p0 unit 0 tile=(39,58) type=0 sel=true
[devMouse] p0 unit 1 tile=(37,59) type=0 sel=true
[devMouse] p0 unit 2 tile=(39,59) type=0 sel=true
[devMouse] p0 unit 3 tile=(29,59) type=3 sel=true
[devMouse] p0 unit 4 tile=(30,59) type=3 sel=true
[devMouse] p0 unit 5 tile=(30,60) type=3 sel=true
[devMouse] p0 unit 6 tile=(29,60) type=3 sel=true
[devMouse] p0 unit 7 tile=(30,57) type=4 sel=true
[devMouse] p0 unit 8 tile=(30,56) type=4 sel=true
[devMouse] p0 unit 9 tile=(30,55) type=4 sel=true
[devMouse] p0 unit 10 tile=(28,58) type=6 sel=true
[devMouse] p1 unit 0 tile=(48,48) type=3 sel=false
[devMouse] p1 unit 1 tile=(40,34) type=3 sel=false
[devMouse] p1 unit 2 tile=(60,55) type=3 sel=false
[devMouse] p1 unit 3 tile=(61,45) type=3 sel=false
[devMouse] p1 unit 4 tile=(49,24) type=3 sel=false
[devMouse] p1 unit 5 tile=(48,25) type=3 sel=false
[devMouse] p1 unit 6 tile=(54,19) type=3 sel=false
[devMouse] p1 unit 7 tile=(36,23) type=4 sel=false
[devMouse] p1 unit 8 tile=(37,22) type=4 sel=false
[devMouse] p1 unit 9 tile=(49,33) type=4 sel=false
[devMouse] p1 unit 10 tile=(32,17) type=3 sel=false
[devMouse] p1 unit 11 tile=(25,21) type=4 sel=false
[devMouse] p1 unit 12 tile=(22,26) type=3 sel=false
[devMouse] p1 unit 13 tile=(23,27) type=3 sel=false
[devMouse] p1 unit 14 tile=(15,47) type=3 sel=false
[devMouse] p1 unit 15 tile=(16,54) type=3 sel=false
[dbg] ar=29023 am=6 aA=6 aH=0 l=false j=false fullRedraw=false
[dbg] ar=29048 am=6 aA=6 aH=0 l=false j=false fullRedraw=false
[fifo] ar=29065 slots 0
[slots] p0 n=11 0:t0@(39,58)w112 1:t0@(39,59)w13 2:t0@(39,60)w13 3:t3@(29,59)w0 4:t3@(30,59)w0 5:t3@(30,60)w0 6:t3@(29,60)w0 7:t4@(30,57)w0 8:t4@(30,56)w0 9:t4@(30,55)w0 10:t6@(28,58)w0
[dbg] ar=29073 am=6 aA=6 aH=0 l=false j=false fullRedraw=false
[fifo] ar=29089 retask 1 40 59
[devMouse] retask slot1 (38,60)w13 -> (40,59)
[fifo] ar=29097 retask 2 40 60
[devMouse] retask slot2 (39,60)w13 -> (40,60)
[dbg] ar=29098 am=6 aA=6 aH=0 l=false j=false fullRedraw=false
[fifo] ar=29105 save /tmp/aoe-camp/m1/t.aoesave
[save] wrote /tmp/aoe-camp/m1/t.aoesave (12294B) ar=29106
[dbg] ar=29123 am=6 aA=6 aH=0 l=false j=false fullRedraw=false
[dbg] ar=29148 am=6 aA=6 aH=0 l=false j=false fullRedraw=false
[fifo] ar=29152 slots 0
[slots] p0 n=11 0:t0@(38,59)w13 1:t0@(39,59)w3212 2:t0@(39,60)w3812 3:t3@(29,59)w0 4:t3@(30,59)w0 5:t3@(30,60)w0 6:t3@(29,60)w0 7:t4@(30,57)w0 8:t4@(30,56)w0 9:t4@(30,55)w0 10:t6@(28,58)w0
[dbg] ar=29173 am=6 aA=6 aH=0 l=false j=false fullRedraw=false
[fifo] ar=29178 retask 0 40 58
[devMouse] retask slot0 (37,59)w13 -> (40,58)
[fifo] ar=29186 save /tmp/aoe-camp/m1/t.aoesave
[save] wrote /tmp/aoe-camp/m1/t.aoesave (12294B) ar=29187
[dbg] ar=29198 am=6 aA=6 aH=0 l=false j=false fullRedraw=false
[dbg] ar=29223 am=6 aA=6 aH=0 l=false j=false fullRedraw=false
[fifo] ar=29232 slots 0
[slots] p0 n=11 0:t0@(39,58)w4812 1:t0@(38,58)w13 2:t0@(37,58)w13 3:t3@(29,59)w0 4:t3@(30,59)w0 5:t3@(30,60)w0 6:t3@(29,60)w0 7:t4@(30,57)w0 8:t4@(30,56)w0 9:t4@(30,55)w0 10:t6@(28,58)w0
[dbg] ar=29248 am=6 aA=6 aH=0 l=false j=false fullRedraw=false
[fifo] ar=29257 retask 1 40 59
[devMouse] retask slot1 (37,59)w13 -> (40,59)
[fifo] ar=29264 retask 2 40 60
[devMouse] retask slot2 (39,59)w13 -> (40,60)
[fifo] ar=29272 save /tmp/aoe-camp/m1/t.aoesave
[save] wrote /tmp/aoe-camp/m1/t.aoesave (12294B) ar=29273
[dbg] ar=29273 am=6 aA=6 aH=0 l=false j=false fullRedraw=false
[dbg] ar=29298 am=6 aA=6 aH=0 l=false j=false fullRedraw=false
[fifo] ar=29317 slots 0
[slots] p0 n=11 0:t0@(37,59)w13 1:t0@(39,60)w4512 2:t0@(39,59)w3912 3:t3@(29,59)w0 4:t3@(30,59)w0 5:t3@(30,60)w0 6:t3@(29,60)w0 7:t4@(30,57)w0 8:t4@(30,56)w0 9:t4@(30,55)w0 10:t6@(28,58)w0
[dbg] ar=29323 am=6 aA=6 aH=0 l=false j=false fullRedraw=false
[fifo] ar=29342 retask 0 40 58
[devMouse] retask slot0 (38,58)w13 -> (40,58)
[dbg] ar=29348 am=6 aA=6 aH=0 l=false j=false fullRedraw=false
[fifo] ar=29351 save /tmp/aoe-camp/m1/t.aoesave
[save] wrote /tmp/aoe-camp/m1/t.aoesave (12294B) ar=29352
[dbg] ar=29373 am=6 aA=6 aH=0 l=false j=false fullRedraw=false
[fifo] ar=29397 slots 0
[slots] p0 n=11 0:t0@(39,58)w4012 1:t0@(38,58)w13 2:t0@(36,59)w13 3:t3@(29,59)w0 4:t3@(30,59)w0 5:t3@(30,60)w0 6:t3@(29,60)w0 7:t4@(30,57)w0 8:t4@(30,56)w0 9:t4@(30,55)w0 10:t6@(28,58)w0
[dbg] ar=29398 am=6 aA=6 aH=0 l=false j=false fullRedraw=false
[fifo] ar=29423 retask 1 40 59
[devMouse] retask slot1 (36,59)w13 -> (40,59)
[dbg] ar=29423 am=6 aA=6 aH=0 l=false j=false fullRedraw=false
[fifo] ar=29431 retask 2 40 60
[devMouse] retask slot2 (39,60)w13 -> (40,60)
[fifo] ar=29438 save /tmp/aoe-camp/m1/t.aoesave
[save] wrote /tmp/aoe-camp/m1/t.aoesave (12294B) ar=29439
[dbg] ar=29448 am=6 aA=6 aH=0 l=false j=false fullRedraw=false
[dbg] ar=29473 am=6 aA=6 aH=0 l=false j=false fullRedraw=false
[fifo] ar=29481 state
[devMouse] aA=6/6 cursor=(31,58) cam=(-523,628) Q=3743 aE=512 Y=0 sel=6
[devMouse] p0 unit 0 tile=(36,58) type=0 sel=true
[devMouse] p0 unit 1 tile=(39,59) type=0 sel=true
[devMouse] p0 unit 2 tile=(39,60) type=0 sel=true
[devMouse] p0 unit 3 tile=(29,59) type=3 sel=true
[devMouse] p0 unit 4 tile=(30,59) type=3 sel=true
[devMouse] p0 unit 5 tile=(30,60) type=3 sel=true
[devMouse] p0 unit 6 tile=(29,60) type=3 sel=true
[devMouse] p0 unit 7 tile=(30,57) type=4 sel=true
[devMouse] p0 unit 8 tile=(30,56) type=4 sel=true
[devMouse] p0 unit 9 tile=(30,55) type=4 sel=true
[devMouse] p0 unit 10 tile=(28,58) type=6 sel=true
[devMouse] p1 unit 0 tile=(48,48) type=3 sel=false
[devMouse] p1 unit 1 tile=(40,34) type=3 sel=false
[devMouse] p1 unit 2 tile=(60,55) type=3 sel=false
[devMouse] p1 unit 3 tile=(61,45) type=3 sel=false
[devMouse] p1 unit 4 tile=(49,24) type=3 sel=false
[devMouse] p1 unit 5 tile=(48,25) type=3 sel=false
[devMouse] p1 unit 6 tile=(54,19) type=3 sel=false
[devMouse] p1 unit 7 tile=(36,23) type=4 sel=false
[devMouse] p1 unit 8 tile=(37,22) type=4 sel=false
[devMouse] p1 unit 9 tile=(49,33) type=4 sel=false
[devMouse] p1 unit 10 tile=(32,17) type=3 sel=false
[devMouse] p1 unit 11 tile=(25,21) type=4 sel=false
[devMouse] p1 unit 12 tile=(22,26) type=3 sel=false
[devMouse] p1 unit 13 tile=(23,27) type=3 sel=false
[devMouse] p1 unit 14 tile=(15,47) type=3 sel=false
[devMouse] p1 unit 15 tile=(16,54) type=3 sel=false
[dbg] ar=29498 am=6 aA=6 aH=0 l=false j=false fullRedraw=false
[dbg] ar=29523 am=6 aA=6 aH=0 l=false j=false fullRedraw=false
[fifo] ar=29532 slots 0
[slots] p0 n=11 0:t0@(37,59)w13 1:t0@(39,59)w1412 2:t0@(39,60)w812 3:t3@(29,59)w0 4:t3@(30,59)w0 5:t3@(30,60)w0 6:t3@(29,60)w0 7:t4@(30,57)w0 8:t4@(30,56)w0 9:t4@(30,55)w0 10:t6@(28,58)w0
[dbg] ar=29548 am=6 aA=6 aH=0 l=false j=false fullRedraw=false
[fifo] ar=29558 retask 0 40 58
[devMouse] retask slot0 (38,59)w13 -> (40,58)
[fifo] ar=29566 save /tmp/aoe-camp/m1/t.aoesave
[save] wrote /tmp/aoe-camp/m1/t.aoesave (12294B) ar=29567
[dbg] ar=29573 am=6 aA=6 aH=0 l=false j=false fullRedraw=false
[dbg] ar=29598 am=6 aA=6 aH=0 l=false j=false fullRedraw=false
[fifo] ar=29612 slots 0
[slots] p0 n=11 0:t0@(39,59)w5712 1:t0@(36,58)w13 2:t0@(38,58)w13 3:t3@(29,59)w0 4:t3@(30,59)w0 5:t3@(30,60)w0 6:t3@(29,60)w0 7:t4@(30,57)w0 8:t4@(30,56)w0 9:t4@(30,55)w0 10:t6@(28,58)w0
[dbg] ar=29623 am=6 aA=6 aH=0 l=false j=false fullRedraw=false
[fifo] ar=29638 retask 1 40 59
[devMouse] retask slot1 (39,58)w13 -> (40,59)
[fifo] ar=29646 retask 2 40 60
[devMouse] retask slot2 (36,58)w13 -> (40,60)
[dbg] ar=29648 am=6 aA=6 aH=0 l=false j=false fullRedraw=false
[fifo] ar=29653 save /tmp/aoe-camp/m1/t.aoesave
[save] wrote /tmp/aoe-camp/m1/t.aoesave (12294B) ar=29654
[dbg] ar=29673 am=6 aA=6 aH=0 l=false j=false fullRedraw=false
[dbg] ar=29698 am=6 aA=6 aH=0 l=false j=false fullRedraw=false
[fifo] ar=29700 slots 0
[slots] p0 n=11 0:t0@(38,58)w13 1:t0@(39,58)w2d12 2:t0@(39,60)w5112 3:t3@(29,59)w0 4:t3@(30,59)w0 5:t3@(30,60)w0 6:t3@(29,60)w0 7:t4@(30,57)w0 8:t4@(30,56)w0 9:t4@(30,55)w0 10:t6@(28,58)w0
[dbg] ar=29723 am=6 aA=6 aH=0 l=false j=false fullRedraw=false
[fifo] ar=29725 retask 0 40 58
[devMouse] retask slot0 (36,59)w13 -> (40,58)
[fifo] ar=29733 save /tmp/aoe-camp/m1/t.aoesave
[save] wrote /tmp/aoe-camp/m1/t.aoesave (12294B) ar=29734
[dbg] ar=29748 am=6 aA=6 aH=0 l=false j=false fullRedraw=false
[dbg] ar=29773 am=6 aA=6 aH=0 l=false j=false fullRedraw=false
[fifo] ar=29780 slots 0
[slots] p0 n=11 0:t0@(39,59)w4c12 1:t0@(37,58)w13 2:t0@(39,60)w112 3:t3@(29,59)w0 4:t3@(30,59)w0 5:t3@(30,60)w0 6:t3@(29,60)w0 7:t4@(30,57)w0 8:t4@(30,56)w0 9:t4@(30,55)w0 10:t6@(28,58)w0
[dbg] ar=29798 am=6 aA=6 aH=0 l=false j=false fullRedraw=false
[fifo] ar=29805 retask 1 40 59
[devMouse] retask slot1 (38,59)w13 -> (40,59)
[fifo] ar=29813 save /tmp/aoe-camp/m1/t.aoesave
[save] wrote /tmp/aoe-camp/m1/t.aoesave (12294B) ar=29814
[dbg] ar=29823 am=6 aA=6 aH=0 l=false j=false fullRedraw=false
[dbg] ar=29848 am=6 aA=6 aH=0 l=false j=false fullRedraw=false
[fifo] ar=29859 slots 0
[slots] p0 n=11 0:t0@(38,58)w13 1:t0@(37,60)w0 2:t0@(39,58)w13 3:t3@(29,59)w0 4:t3@(30,59)w0 5:t3@(30,60)w0 6:t3@(29,60)w0 7:t4@(30,57)w0 8:t4@(30,56)w0 9:t4@(30,55)w0 10:t6@(28,58)w0
[dbg] ar=29873 am=6 aA=6 aH=0 l=false j=false fullRedraw=false
[fifo] ar=29883 retask 0 40 58
[devMouse] retask slot0 (39,59)w13 -> (40,58)
[fifo] ar=29892 retask 1 40 59
[devMouse] retask slot1 (39,58)w0 -> (40,59)
[dbg] ar=29898 am=6 aA=6 aH=0 l=false j=false fullRedraw=false
[fifo] ar=29900 retask 2 40 60
[devMouse] retask slot2 (38,58)w13 -> (40,60)
[fifo] ar=29908 save /tmp/aoe-camp/m1/t.aoesave
[save] wrote /tmp/aoe-camp/m1/t.aoesave (12294B) ar=29909
[dbg] ar=29923 am=6 aA=6 aH=0 l=false j=false fullRedraw=false
[dbg] ar=29948 am=6 aA=6 aH=0 l=false j=false fullRedraw=false
[fifo] ar=29956 state
[devMouse] aA=6/6 cursor=(31,58) cam=(-523,628) Q=3743 aE=512 Y=0 sel=6
[devMouse] p0 unit 0 tile=(39,59) type=0 sel=true
[devMouse] p0 unit 1 tile=(39,58) type=0 sel=true
[devMouse] p0 unit 2 tile=(39,60) type=0 sel=true
[devMouse] p0 unit 3 tile=(29,59) type=3 sel=true
[devMouse] p0 unit 4 tile=(30,59) type=3 sel=true
[devMouse] p0 unit 5 tile=(30,60) type=3 sel=true
[devMouse] p0 unit 6 tile=(29,60) type=3 sel=true
[devMouse] p0 unit 7 tile=(30,57) type=4 sel=true
[devMouse] p0 unit 8 tile=(30,56) type=4 sel=true
[devMouse] p0 unit 9 tile=(30,55) type=4 sel=true
[devMouse] p0 unit 10 tile=(28,58) type=6 sel=true
[devMouse] p1 unit 0 tile=(48,48) type=3 sel=false
[devMouse] p1 unit 1 tile=(40,34) type=3 sel=false
[devMouse] p1 unit 2 tile=(60,55) type=3 sel=false
[devMouse] p1 unit 3 tile=(61,45) type=3 sel=false
[devMouse] p1 unit 4 tile=(49,24) type=3 sel=false
[devMouse] p1 unit 5 tile=(48,25) type=3 sel=false
[devMouse] p1 unit 6 tile=(54,19) type=3 sel=false
[devMouse] p1 unit 7 tile=(36,23) type=4 sel=false
[devMouse] p1 unit 8 tile=(37,22) type=4 sel=false
[devMouse] p1 unit 9 tile=(49,33) type=4 sel=false
[devMouse] p1 unit 10 tile=(32,17) type=3 sel=false
[devMouse] p1 unit 11 tile=(25,21) type=4 sel=false
[devMouse] p1 unit 12 tile=(22,26) type=3 sel=false
[devMouse] p1 unit 13 tile=(23,27) type=3 sel=false
[devMouse] p1 unit 14 tile=(15,47) type=3 sel=false
[devMouse] p1 unit 15 tile=(16,54) type=3 sel=false
[dbg] ar=29973 am=6 aA=6 aH=0 l=false j=false fullRedraw=false
[dbg] ar=29998 am=6 aA=6 aH=0 l=false j=false fullRedraw=false
[fifo] ar=30010 slots 0
[slots] p0 n=11 0:t0@(36,59)w13 1:t0@(39,59)w13 2:t0@(39,60)w2412 3:t3@(29,59)w0 4:t3@(30,59)w0 5:t3@(30,60)w0 6:t3@(29,60)w0 7:t4@(30,57)w0 8:t4@(30,56)w0 9:t4@(30,55)w0 10:t6@(28,58)w0
[dbg] ar=30023 am=6 aA=6 aH=0 l=false j=false fullRedraw=false
[fifo] ar=30034 retask 0 40 58
[devMouse] retask slot0 (39,59)w13 -> (40,58)
[fifo] ar=30042 retask 1 40 59
[devMouse] retask slot1 (37,59)w13 -> (40,59)
[dbg] ar=30048 am=6 aA=6 aH=0 l=false j=false fullRedraw=false
[fifo] ar=30050 save /tmp/aoe-camp/m1/t.aoesave
[save] wrote /tmp/aoe-camp/m1/t.aoesave (12294B) ar=30051
[dbg] ar=30073 am=6 aA=6 aH=0 l=false j=false fullRedraw=false
[fifo] ar=30094 slots 0
[slots] p0 n=11 0:t0@(39,59)w3112 1:t0@(39,60)w4912 2:t0@(37,59)w13 3:t3@(29,59)w0 4:t3@(30,59)w0 5:t3@(30,60)w0 6:t3@(29,60)w0 7:t4@(30,57)w0 8:t4@(30,56)w0 9:t4@(30,55)w0 10:t6@(28,58)w0
[dbg] ar=30098 am=6 aA=6 aH=0 l=false j=false fullRedraw=false
[fifo] ar=30119 retask 2 40 60
[devMouse] retask slot2 (38,58)w13 -> (40,60)
[dbg] ar=30123 am=6 aA=6 aH=0 l=false j=false fullRedraw=false
[fifo] ar=30127 save /tmp/aoe-camp/m1/t.aoesave
[save] wrote /tmp/aoe-camp/m1/t.aoesave (12294B) ar=30128
[dbg] ar=30148 am=6 aA=6 aH=0 l=false j=false fullRedraw=false
[fifo] ar=30172 slots 0
[slots] p0 n=11 0:t0@(38,59)w13 1:t0@(39,59)w13 2:t0@(36,59)w0 3:t3@(29,59)w0 4:t3@(30,59)w0 5:t3@(30,60)w0 6:t3@(29,60)w0 7:t4@(30,57)w0 8:t4@(30,56)w0 9:t4@(30,55)w0 10:t6@(28,58)w0
[dbg] ar=30173 am=6 aA=6 aH=0 l=false j=false fullRedraw=false
[fifo] ar=30197 retask 0 40 58
[devMouse] retask slot0 (39,60)w13 -> (40,58)
[dbg] ar=30198 am=6 aA=6 aH=0 l=false j=false fullRedraw=false
[fifo] ar=30205 retask 1 40 59
[devMouse] retask slot1 (37,59)w13 -> (40,59)
[fifo] ar=30213 retask 2 40 60
[devMouse] retask slot2 (39,59)w5a12 -> (40,60)
[fifo] ar=30221 save /tmp/aoe-camp/m1/t.aoesave
[save] wrote /tmp/aoe-camp/m1/t.aoesave (12294B) ar=30222
[dbg] ar=30223 am=6 aA=6 aH=0 l=false j=false fullRedraw=false
[dbg] ar=30248 am=6 aA=6 aH=0 l=false j=false fullRedraw=false
[fifo] ar=30268 slots 0
[slots] p0 n=11 0:t0@(39,58)w3b12 1:t0@(37,59)w0 2:t0@(39,59)w2f12 3:t3@(29,59)w0 4:t3@(30,59)w0 5:t3@(30,60)w0 6:t3@(29,60)w0 7:t4@(30,57)w0 8:t4@(30,56)w0 9:t4@(30,55)w0 10:t6@(28,58)w0
[dbg] ar=30273 am=6 aA=6 aH=0 l=false j=false fullRedraw=false
[fifo] ar=30292 retask 1 40 59
[devMouse] retask slot1 (39,60)w0 -> (40,59)
[dbg] ar=30298 am=6 aA=6 aH=0 l=false j=false fullRedraw=false
[fifo] ar=30301 save /tmp/aoe-camp/m1/t.aoesave
[save] wrote /tmp/aoe-camp/m1/t.aoesave (12294B) ar=30302
[dbg] ar=30323 am=6 aA=6 aH=0 l=false j=false fullRedraw=false
[fifo] ar=30347 slots 0
[slots] p0 n=11 0:t0@(37,60)w13 1:t0@(39,60)w3112 2:t0@(37,59)w13 3:t3@(29,59)w0 4:t3@(30,59)w0 5:t3@(30,60)w0 6:t3@(29,60)w0 7:t4@(30,57)w0 8:t4@(30,56)w0 9:t4@(30,55)w0 10:t6@(28,58)w0
[dbg] ar=30348 am=6 aA=6 aH=0 l=false j=false fullRedraw=false
[fifo] ar=30371 retask 0 40 58
[devMouse] retask slot0 (37,59)w13 -> (40,58)
[dbg] ar=30373 am=6 aA=6 aH=0 l=false j=false fullRedraw=false
[fifo] ar=30379 retask 2 40 60
[devMouse] retask slot2 (38,58)w13 -> (40,60)
[fifo] ar=30387 save /tmp/aoe-camp/m1/t.aoesave
[save] wrote /tmp/aoe-camp/m1/t.aoesave (12294B) ar=30388
[dbg] ar=30398 am=6 aA=6 aH=0 l=false j=false fullRedraw=false
[dbg] ar=30423 am=6 aA=6 aH=0 l=false j=false fullRedraw=false
[fifo] ar=30435 state
[devMouse] aA=6/6 cursor=(31,58) cam=(-523,628) Q=3743 aE=512 Y=0 sel=6
[devMouse] p0 unit 0 tile=(39,58) type=0 sel=true
[devMouse] p0 unit 1 tile=(37,59) type=0 sel=true
[devMouse] p0 unit 2 tile=(39,59) type=0 sel=true
[devMouse] p0 unit 3 tile=(29,59) type=3 sel=true
[devMouse] p0 unit 4 tile=(30,59) type=3 sel=true
[devMouse] p0 unit 5 tile=(30,60) type=3 sel=true
[devMouse] p0 unit 6 tile=(29,60) type=3 sel=true
[devMouse] p0 unit 7 tile=(30,57) type=4 sel=true
[devMouse] p0 unit 8 tile=(30,56) type=4 sel=true
[devMouse] p0 unit 9 tile=(30,55) type=4 sel=true
[devMouse] p0 unit 10 tile=(28,58) type=6 sel=true
[devMouse] p1 unit 0 tile=(48,48) type=3 sel=false
[devMouse] p1 unit 1 tile=(40,34) type=3 sel=false
[devMouse] p1 unit 2 tile=(60,55) type=3 sel=false
[devMouse] p1 unit 3 tile=(61,45) type=3 sel=false
[devMouse] p1 unit 4 tile=(49,24) type=3 sel=false
[devMouse] p1 unit 5 tile=(48,25) type=3 sel=false
[devMouse] p1 unit 6 tile=(54,19) type=3 sel=false
[devMouse] p1 unit 7 tile=(36,23) type=4 sel=false
[devMouse] p1 unit 8 tile=(37,22) type=4 sel=false
[devMouse] p1 unit 9 tile=(49,33) type=4 sel=false
[devMouse] p1 unit 10 tile=(32,17) type=3 sel=false
[devMouse] p1 unit 11 tile=(25,21) type=4 sel=false
[devMouse] p1 unit 12 tile=(22,26) type=3 sel=false
[devMouse] p1 unit 13 tile=(23,27) type=3 sel=false
[devMouse] p1 unit 14 tile=(15,47) type=3 sel=false
[devMouse] p1 unit 15 tile=(16,54) type=3 sel=false
[dbg] ar=30448 am=6 aA=6 aH=0 l=false j=false fullRedraw=false
[dbg] ar=30473 am=6 aA=6 aH=0 l=false j=false fullRedraw=false
[fifo] ar=30489 slots 0
[slots] p0 n=11 0:t0@(39,58)w412 1:t0@(39,60)w13 2:t0@(39,59)wa12 3:t3@(29,59)w0 4:t3@(30,59)w0 5:t3@(30,60)w0 6:t3@(29,60)w0 7:t4@(30,57)w0 8:t4@(30,56)w0 9:t4@(30,55)w0 10:t6@(28,58)w0
[dbg] ar=30498 am=6 aA=6 aH=0 l=false j=false fullRedraw=false
[fifo] ar=30512 retask 1 40 59
[devMouse] retask slot1 (37,59)w13 -> (40,59)
[fifo] ar=30520 save /tmp/aoe-camp/m1/t.aoesave
[save] wrote /tmp/aoe-camp/m1/t.aoesave (12294B) ar=30521
[dbg] ar=30523 am=6 aA=6 aH=0 l=false j=false fullRedraw=false
[dbg] ar=30548 am=6 aA=6 aH=0 l=false j=false fullRedraw=false
[fifo] ar=30568 slots 0
[slots] p0 n=11 0:t0@(37,59)w13 1:t0@(39,59)w4312 2:t0@(38,59)w13 3:t3@(29,59)w0 4:t3@(30,59)w0 5:t3@(30,60)w0 6:t3@(29,60)w0 7:t4@(30,57)w0 8:t4@(30,56)w0 9:t4@(30,55)w0 10:t6@(28,58)w0
[dbg] ar=30573 am=6 aA=6 aH=0 l=false j=false fullRedraw=false
[fifo] ar=30593 retask 0 40 58
[devMouse] retask slot0 (38,60)w13 -> (40,58)
[dbg] ar=30598 am=6 aA=6 aH=0 l=false j=false fullRedraw=false
[fifo] ar=30601 retask 2 40 60
[devMouse] retask slot2 (38,59)w13 -> (40,60)
[fifo] ar=30608 save /tmp/aoe-camp/m1/t.aoesave
[save] wrote /tmp/aoe-camp/m1/t.aoesave (12294B) ar=30609
[dbg] ar=30623 am=6 aA=6 aH=0 l=false j=false fullRedraw=false
[dbg] ar=30648 am=6 aA=6 aH=0 l=false j=false fullRedraw=false
[fifo] ar=30654 slots 0
[slots] p0 n=11 0:t0@(39,58)w4d12 1:t0@(36,59)w13 2:t0@(39,60)w4112 3:t3@(29,59)w0 4:t3@(30,59)w0 5:t3@(30,60)w0 6:t3@(29,60)w0 7:t4@(30,57)w0 8:t4@(30,56)w0 9:t4@(30,55)w0 10:t6@(28,58)w0
[dbg] ar=30673 am=6 aA=6 aH=0 l=false j=false fullRedraw=false
[fifo] ar=30676 retask 1 40 59
[devMouse] retask slot1 (38,59)w13 -> (40,59)
[fifo] ar=30685 save /tmp/aoe-camp/m1/t.aoesave
[save] wrote /tmp/aoe-camp/m1/t.aoesave (12294B) ar=30686
[dbg] ar=30698 am=6 aA=6 aH=0 l=false j=false fullRedraw=false
[dbg] ar=30723 am=6 aA=6 aH=0 l=false j=false fullRedraw=false
[fifo] ar=30733 slots 0
[slots] p0 n=11 0:t0@(38,59)w13 1:t0@(39,59)w3a12 2:t0@(38,58)w13 3:t3@(29,59)w0 4:t3@(30,59)w0 5:t3@(30,60)w0 6:t3@(29,60)w0 7:t4@(30,57)w0 8:t4@(30,56)w0 9:t4@(30,55)w0 10:t6@(28,58)w0
[dbg] ar=30748 am=6 aA=6 aH=0 l=false j=false fullRedraw=false
[fifo] ar=30757 retask 0 40 58
[devMouse] retask slot0 (36,58)w13 -> (40,58)
[fifo] ar=30765 retask 2 40 60
[devMouse] retask slot2 (36,58)w13 -> (40,60)
[fifo] ar=30773 save /tmp/aoe-camp/m1/t.aoesave
[dbg] ar=30773 am=6 aA=6 aH=0 l=false j=false fullRedraw=false
[save] wrote /tmp/aoe-camp/m1/t.aoesave (12294B) ar=30774
[dbg] ar=30798 am=6 aA=6 aH=0 l=false j=false fullRedraw=false
[fifo] ar=30820 slots 0
[slots] p0 n=11 0:t0@(39,58)w4412 1:t0@(38,59)w13 2:t0@(39,59)w5312 3:t3@(29,59)w0 4:t3@(30,59)w0 5:t3@(30,60)w0 6:t3@(29,60)w0 7:t4@(30,57)w0 8:t4@(30,56)w0 9:t4@(30,55)w0 10:t6@(28,58)w0
[dbg] ar=30823 am=6 aA=6 aH=0 l=false j=false fullRedraw=false
[fifo] ar=30846 retask 1 40 59
[devMouse] retask slot1 (37,59)w13 -> (40,59)
[dbg] ar=30848 am=6 aA=6 aH=0 l=false j=false fullRedraw=false
[fifo] ar=30854 save /tmp/aoe-camp/m1/t.aoesave
[save] wrote /tmp/aoe-camp/m1/t.aoesave (12294B) ar=30855
[dbg] ar=30873 am=6 aA=6 aH=0 l=false j=false fullRedraw=false
[dbg] ar=30898 am=6 aA=6 aH=0 l=false j=false fullRedraw=false
[fifo] ar=30900 state
[devMouse] aA=6/6 cursor=(31,58) cam=(-523,628) Q=3743 aE=512 Y=0 sel=6
[devMouse] p0 unit 0 tile=(37,59) type=0 sel=true
[devMouse] p0 unit 1 tile=(39,60) type=0 sel=true
[devMouse] p0 unit 2 tile=(39,59) type=0 sel=true
[devMouse] p0 unit 3 tile=(29,59) type=3 sel=true
[devMouse] p0 unit 4 tile=(30,59) type=3 sel=true
[devMouse] p0 unit 5 tile=(30,60) type=3 sel=true
[devMouse] p0 unit 6 tile=(29,60) type=3 sel=true
[devMouse] p0 unit 7 tile=(30,57) type=4 sel=true
[devMouse] p0 unit 8 tile=(30,56) type=4 sel=true
[devMouse] p0 unit 9 tile=(30,55) type=4 sel=true
[devMouse] p0 unit 10 tile=(28,58) type=6 sel=true
[devMouse] p1 unit 0 tile=(48,48) type=3 sel=false
[devMouse] p1 unit 1 tile=(40,34) type=3 sel=false
[devMouse] p1 unit 2 tile=(60,55) type=3 sel=false
[devMouse] p1 unit 3 tile=(61,45) type=3 sel=false
[devMouse] p1 unit 4 tile=(49,24) type=3 sel=false
[devMouse] p1 unit 5 tile=(48,25) type=3 sel=false
[devMouse] p1 unit 6 tile=(54,19) type=3 sel=false
[devMouse] p1 unit 7 tile=(36,23) type=4 sel=false
[devMouse] p1 unit 8 tile=(37,22) type=4 sel=false
[devMouse] p1 unit 9 tile=(49,33) type=4 sel=false
[devMouse] p1 unit 10 tile=(32,17) type=3 sel=false
[devMouse] p1 unit 11 tile=(25,21) type=4 sel=false
[devMouse] p1 unit 12 tile=(22,26) type=3 sel=false
[devMouse] p1 unit 13 tile=(23,27) type=3 sel=false
[devMouse] p1 unit 14 tile=(15,47) type=3 sel=false
[devMouse] p1 unit 15 tile=(16,54) type=3 sel=false
[dbg] ar=30923 am=6 aA=6 aH=0 l=false j=false fullRedraw=false
[dbg] ar=30948 am=6 aA=6 aH=0 l=false j=false fullRedraw=false
[fifo] ar=30954 slots 0
[slots] p0 n=11 0:t0@(38,60)w13 1:t0@(39,60)w1612 2:t0@(39,58)w13 3:t3@(29,59)w0 4:t3@(30,59)w0 5:t3@(30,60)w0 6:t3@(29,60)w0 7:t4@(30,57)w0 8:t4@(30,56)w0 9:t4@(30,55)w0 10:t6@(28,58)w0
[dbg] ar=30973 am=6 aA=6 aH=0 l=false j=false fullRedraw=false
[fifo] ar=30978 retask 0 40 58
[devMouse] retask slot0 (36,59)w13 -> (40,58)
[fifo] ar=30987 retask 2 40 60
[devMouse] retask slot2 (39,59)w13 -> (40,60)
[fifo] ar=30995 save /tmp/aoe-camp/m1/t.aoesave
[save] wrote /tmp/aoe-camp/m1/t.aoesave (12294B) ar=30996
[dbg] ar=30998 am=6 aA=6 aH=0 l=false j=false fullRedraw=false
[dbg] ar=31023 am=6 aA=6 aH=0 l=false j=false fullRedraw=false
[fifo] ar=31044 slots 0
[slots] p0 n=11 0:t0@(39,58)w5912 1:t0@(38,58)w13 2:t0@(39,59)w3412 3:t3@(29,59)w0 4:t3@(30,59)w0 5:t3@(30,60)w0 6:t3@(29,60)w0 7:t4@(30,57)w0 8:t4@(30,56)w0 9:t4@(30,55)w0 10:t6@(28,58)w0
[dbg] ar=31048 am=6 aA=6 aH=0 l=false j=false fullRedraw=false
[fifo] ar=31067 retask 1 40 59
[devMouse] retask slot1 (38,60)w13 -> (40,59)
[dbg] ar=31073 am=6 aA=6 aH=0 l=false j=false fullRedraw=false
[fifo] ar=31076 save /tmp/aoe-camp/m1/t.aoesave
[save] wrote /tmp/aoe-camp/m1/t.aoesave (12294B) ar=31077
[dbg] ar=31098 am=6 aA=6 aH=0 l=false j=false fullRedraw=false
[fifo] ar=31122 slots 0
[slots] p0 n=11 0:t0@(39,58)wb12 1:t0@(39,59)w5b12 2:t0@(37,59)w13 3:t3@(29,59)w0 4:t3@(30,59)w0 5:t3@(30,60)w0 6:t3@(29,60)w0 7:t4@(30,57)w0 8:t4@(30,56)w0 9:t4@(30,55)w0 10:t6@(28,58)w0
[dbg] ar=31123 am=6 aA=6 aH=0 l=false j=false fullRedraw=false
[fifo] ar=31147 retask 2 40 60
[devMouse] retask slot2 (38,60)w13 -> (40,60)
[dbg] ar=31148 am=6 aA=6 aH=0 l=false j=false fullRedraw=false
[fifo] ar=31154 save /tmp/aoe-camp/m1/t.aoesave
[save] wrote /tmp/aoe-camp/m1/t.aoesave (12294B) ar=31155
[dbg] ar=31173 am=6 aA=6 aH=0 l=false j=false fullRedraw=false
[dbg] ar=31198 am=6 aA=6 aH=0 l=false j=false fullRedraw=false
[fifo] ar=31200 slots 0
[slots] p0 n=11 0:t0@(37,59)w13 1:t0@(39,59)wd12 2:t0@(39,60)w3e12 3:t3@(29,59)w0 4:t3@(30,59)w0 5:t3@(30,60)w0 6:t3@(29,60)w0 7:t4@(30,57)w0 8:t4@(30,56)w0 9:t4@(30,55)w0 10:t6@(28,58)w0
[dbg] ar=31223 am=6 aA=6 aH=0 l=false j=false fullRedraw=false
[fifo] ar=31224 retask 0 40 58
[devMouse] retask slot0 (38,59)w13 -> (40,58)
[fifo] ar=31232 save /tmp/aoe-camp/m1/t.aoesave
[save] wrote /tmp/aoe-camp/m1/t.aoesave (12294B) ar=31233
[dbg] ar=31248 am=6 aA=6 aH=0 l=false j=false fullRedraw=false
[dbg] ar=31273 am=6 aA=6 aH=0 l=false j=false fullRedraw=false
[fifo] ar=31278 slots 0
[slots] p0 n=11 0:t0@(39,58)w4312 1:t0@(39,59)w13 2:t0@(38,58)w13 3:t3@(29,59)w0 4:t3@(30,59)w0 5:t3@(30,60)w0 6:t3@(29,60)w0 7:t4@(30,57)w0 8:t4@(30,56)w0 9:t4@(30,55)w0 10:t6@(28,58)w0
[dbg] ar=31298 am=6 aA=6 aH=0 l=false j=false fullRedraw=false
[fifo] ar=31303 retask 1 40 59
[devMouse] retask slot1 (37,58)w13 -> (40,59)
[fifo] ar=31311 retask 2 40 60
[devMouse] retask slot2 (38,59)w13 -> (40,60)
[fifo] ar=31319 save /tmp/aoe-camp/m1/t.aoesave
[save] wrote /tmp/aoe-camp/m1/t.aoesave (12294B) ar=31320
[dbg] ar=31323 am=6 aA=6 aH=0 l=false j=false fullRedraw=false
[dbg] ar=31348 am=6 aA=6 aH=0 l=false j=false fullRedraw=false
[fifo] ar=31366 state
[devMouse] aA=6/6 cursor=(31,58) cam=(-523,628) Q=3743 aE=512 Y=0 sel=6
[devMouse] p0 unit 0 tile=(36,58) type=0 sel=true
[devMouse] p0 unit 1 tile=(39,59) type=0 sel=true
[devMouse] p0 unit 2 tile=(39,60) type=0 sel=true
[devMouse] p0 unit 3 tile=(29,59) type=3 sel=true
[devMouse] p0 unit 4 tile=(30,59) type=3 sel=true
[devMouse] p0 unit 5 tile=(30,60) type=3 sel=true
[devMouse] p0 unit 6 tile=(29,60) type=3 sel=true
[devMouse] p0 unit 7 tile=(30,57) type=4 sel=true
[devMouse] p0 unit 8 tile=(30,56) type=4 sel=true
[devMouse] p0 unit 9 tile=(30,55) type=4 sel=true
[devMouse] p0 unit 10 tile=(28,58) type=6 sel=true
[devMouse] p1 unit 0 tile=(48,48) type=3 sel=false
[devMouse] p1 unit 1 tile=(40,34) type=3 sel=false
[devMouse] p1 unit 2 tile=(60,55) type=3 sel=false
[devMouse] p1 unit 3 tile=(61,45) type=3 sel=false
[devMouse] p1 unit 4 tile=(49,24) type=3 sel=false
[devMouse] p1 unit 5 tile=(48,25) type=3 sel=false
[devMouse] p1 unit 6 tile=(54,19) type=3 sel=false
[devMouse] p1 unit 7 tile=(36,23) type=4 sel=false
[devMouse] p1 unit 8 tile=(37,22) type=4 sel=false
[devMouse] p1 unit 9 tile=(49,33) type=4 sel=false
[devMouse] p1 unit 10 tile=(32,17) type=3 sel=false
[devMouse] p1 unit 11 tile=(25,21) type=4 sel=false
[devMouse] p1 unit 12 tile=(22,26) type=3 sel=false
[devMouse] p1 unit 13 tile=(23,27) type=3 sel=false
[devMouse] p1 unit 14 tile=(15,47) type=3 sel=false
[devMouse] p1 unit 15 tile=(16,54) type=3 sel=false
[dbg] ar=31373 am=6 aA=6 aH=0 l=false j=false fullRedraw=false
[dbg] ar=31398 am=6 aA=6 aH=0 l=false j=false fullRedraw=false
[fifo] ar=31418 slots 0
[slots] p0 n=11 0:t0@(36,58)w13 1:t0@(39,59)w612 2:t0@(39,60)wa12 3:t3@(29,59)w0 4:t3@(30,59)w0 5:t3@(30,60)w0 6:t3@(29,60)w0 7:t4@(30,57)w0 8:t4@(30,56)w0 9:t4@(30,55)w0 10:t6@(28,58)w0
[dbg] ar=31423 am=6 aA=6 aH=0 l=false j=false fullRedraw=false
[fifo] ar=31443 retask 0 40 58
[devMouse] retask slot0 (38,59)w13 -> (40,58)
[dbg] ar=31448 am=6 aA=6 aH=0 l=false j=false fullRedraw=false
[fifo] ar=31451 save /tmp/aoe-camp/m1/t.aoesave
[save] wrote /tmp/aoe-camp/m1/t.aoesave (12294B) ar=31452
[dbg] ar=31473 am=6 aA=6 aH=0 l=false j=false fullRedraw=false
[fifo] ar=31498 slots 0
[slots] p0 n=11 0:t0@(39,58)w3912 1:t0@(39,59)w13 2:t0@(37,59)w13 3:t3@(29,59)w0 4:t3@(30,59)w0 5:t3@(30,60)w0 6:t3@(29,60)w0 7:t4@(30,57)w0 8:t4@(30,56)w0 9:t4@(30,55)w0 10:t6@(28,58)w0
[dbg] ar=31498 am=6 aA=6 aH=0 l=false j=false fullRedraw=false
[fifo] ar=31522 retask 1 40 59
[devMouse] retask slot1 (38,60)w13 -> (40,59)
[dbg] ar=31523 am=6 aA=6 aH=0 l=false j=false fullRedraw=false
[fifo] ar=31530 retask 2 40 60
[devMouse] retask slot2 (38,60)w13 -> (40,60)
[fifo] ar=31539 save /tmp/aoe-camp/m1/t.aoesave
[save] wrote /tmp/aoe-camp/m1/t.aoesave (12294B) ar=31540
[dbg] ar=31548 am=6 aA=6 aH=0 l=false j=false fullRedraw=false
[dbg] ar=31573 am=6 aA=6 aH=0 l=false j=false fullRedraw=false
[fifo] ar=31585 slots 0
[slots] p0 n=11 0:t0@(37,58)w13 1:t0@(39,59)w3212 2:t0@(39,60)w3f12 3:t3@(29,59)w0 4:t3@(30,59)w0 5:t3@(30,60)w0 6:t3@(29,60)w0 7:t4@(30,57)w0 8:t4@(30,56)w0 9:t4@(30,55)w0 10:t6@(28,58)w0
[dbg] ar=31598 am=6 aA=6 aH=0 l=false j=false fullRedraw=false
[fifo] ar=31609 retask 0 40 58
[devMouse] retask slot0 (39,58)w13 -> (40,58)
[fifo] ar=31617 save /tmp/aoe-camp/m1/t.aoesave
[save] wrote /tmp/aoe-camp/m1/t.aoesave (12294B) ar=31618
[dbg] ar=31623 am=6 aA=6 aH=0 l=false j=false fullRedraw=false
[dbg] ar=31648 am=6 aA=6 aH=0 l=false j=false fullRedraw=false
[fifo] ar=31664 slots 0
[slots] p0 n=11 0:t0@(39,58)w3012 1:t0@(37,59)w13 2:t0@(38,58)w13 3:t3@(29,59)w0 4:t3@(30,59)w0 5:t3@(30,60)w0 6:t3@(29,60)w0 7:t4@(30,57)w0 8:t4@(30,56)w0 9:t4@(30,55)w0 10:t6@(28,58)w0
[dbg] ar=31673 am=6 aA=6 aH=0 l=false j=false fullRedraw=false
[fifo] ar=31691 retask 1 40 59
[devMouse] retask slot1 (39,60)w13 -> (40,59)
[dbg] ar=31698 am=6 aA=6 aH=0 l=false j=false fullRedraw=false
[fifo] ar=31699 retask 2 40 60
[devMouse] retask slot2 (38,59)w13 -> (40,60)
[fifo] ar=31707 save /tmp/aoe-camp/m1/t.aoesave
[save] wrote /tmp/aoe-camp/m1/t.aoesave (12294B) ar=31708
[dbg] ar=31723 am=6 aA=6 aH=0 l=false j=false fullRedraw=false
[dbg] ar=31748 am=6 aA=6 aH=0 l=false j=false fullRedraw=false
[fifo] ar=31754 slots 0
[slots] p0 n=11 0:t0@(37,59)w13 1:t0@(39,60)w2f12 2:t0@(39,59)w0 3:t3@(29,59)w0 4:t3@(30,59)w0 5:t3@(30,60)w0 6:t3@(29,60)w0 7:t4@(30,57)w0 8:t4@(30,56)w0 9:t4@(30,55)w0 10:t6@(28,58)w0
[dbg] ar=31773 am=6 aA=6 aH=0 l=false j=false fullRedraw=false
[fifo] ar=31778 retask 0 40 58
[devMouse] retask slot0 (38,58)w13 -> (40,58)
[fifo] ar=31786 retask 2 40 60
[devMouse] retask slot2 (39,59)w4912 -> (40,60)
[fifo] ar=31794 save /tmp/aoe-camp/m1/t.aoesave
[save] wrote /tmp/aoe-camp/m1/t.aoesave (12294B) ar=31795
[dbg] ar=31798 am=6 aA=6 aH=0 l=false j=false fullRedraw=false
[dbg] ar=31823 am=6 aA=6 aH=0 l=false j=false fullRedraw=false
[fifo] ar=31835 state
[devMouse] aA=6/6 cursor=(31,58) cam=(-523,628) Q=3743 aE=512 Y=0 sel=6
[devMouse] p0 unit 0 tile=(39,58) type=0 sel=true
[devMouse] p0 unit 1 tile=(36,59) type=0 sel=true
[devMouse] p0 unit 2 tile=(39,59) type=0 sel=true
[devMouse] p0 unit 3 tile=(29,59) type=3 sel=true
[devMouse] p0 unit 4 tile=(30,59) type=3 sel=true
[devMouse] p0 unit 5 tile=(30,60) type=3 sel=true
[devMouse] p0 unit 6 tile=(29,60) type=3 sel=true
[devMouse] p0 unit 7 tile=(30,57) type=4 sel=true
[devMouse] p0 unit 8 tile=(30,56) type=4 sel=true
[devMouse] p0 unit 9 tile=(30,55) type=4 sel=true
[devMouse] p0 unit 10 tile=(28,58) type=6 sel=true
[devMouse] p1 unit 0 tile=(48,48) type=3 sel=false
[devMouse] p1 unit 1 tile=(40,34) type=3 sel=false
[devMouse] p1 unit 2 tile=(60,55) type=3 sel=false
[devMouse] p1 unit 3 tile=(61,45) type=3 sel=false
[devMouse] p1 unit 4 tile=(49,24) type=3 sel=false
[devMouse] p1 unit 5 tile=(48,25) type=3 sel=false
[devMouse] p1 unit 6 tile=(54,19) type=3 sel=false
[devMouse] p1 unit 7 tile=(36,23) type=4 sel=false
[devMouse] p1 unit 8 tile=(37,22) type=4 sel=false
[devMouse] p1 unit 9 tile=(49,33) type=4 sel=false
[devMouse] p1 unit 10 tile=(32,17) type=3 sel=false
[devMouse] p1 unit 11 tile=(25,21) type=4 sel=false
[devMouse] p1 unit 12 tile=(22,26) type=3 sel=false
[devMouse] p1 unit 13 tile=(23,27) type=3 sel=false
[devMouse] p1 unit 14 tile=(15,47) type=3 sel=false
[devMouse] p1 unit 15 tile=(16,54) type=3 sel=false
[dbg] ar=31848 am=6 aA=6 aH=0 l=false j=false fullRedraw=false
[dbg] ar=31873 am=6 aA=6 aH=0 l=false j=false fullRedraw=false
[fifo] ar=31887 slots 0
[slots] p0 n=11 0:t0@(39,58)w912 1:t0@(38,59)w13 2:t0@(39,59)w212 3:t3@(29,59)w0 4:t3@(30,59)w0 5:t3@(30,60)w0 6:t3@(29,60)w0 7:t4@(30,57)w0 8:t4@(30,56)w0 9:t4@(30,55)w0 10:t6@(28,58)w0
[dbg] ar=31898 am=6 aA=6 aH=0 l=false j=false fullRedraw=false
[fifo] ar=31912 retask 1 40 59
[devMouse] retask slot1 (38,60)w13 -> (40,59)
[fifo] ar=31920 save /tmp/aoe-camp/m1/t.aoesave
[save] wrote /tmp/aoe-camp/m1/t.aoesave (12294B) ar=31921
[dbg] ar=31923 am=6 aA=6 aH=0 l=false j=false fullRedraw=false
[dbg] ar=31948 am=6 aA=6 aH=0 l=false j=false fullRedraw=false
[fifo] ar=31967 slots 0
[slots] p0 n=11 0:t0@(38,60)w13 1:t0@(39,59)w4012 2:t0@(39,60)w13 3:t3@(29,59)w0 4:t3@(30,59)w0 5:t3@(30,60)w0 6:t3@(29,60)w0 7:t4@(30,57)w0 8:t4@(30,56)w0 9:t4@(30,55)w0 10:t6@(28,58)w0
[dbg] ar=31973 am=6 aA=6 aH=0 l=false j=false fullRedraw=false
[fifo] ar=31991 retask 0 40 58
[devMouse] retask slot0 (39,60)w13 -> (40,58)
[fifo] ar=31998 retask 2 40 60
[devMouse] retask slot2 (39,60)w13 -> (40,60)
[dbg] ar=31998 am=6 aA=6 aH=0 l=false j=false fullRedraw=false
[fifo] ar=32006 save /tmp/aoe-camp/m1/t.aoesave
[save] wrote /tmp/aoe-camp/m1/t.aoesave (12294B) ar=32007
[dbg] ar=32023 am=6 aA=6 aH=0 l=false j=false fullRedraw=false
[dbg] ar=32048 am=6 aA=6 aH=0 l=false j=false fullRedraw=false
[fifo] ar=32052 slots 0
[slots] p0 n=11 0:t0@(39,58)w5212 1:t0@(36,59)w13 2:t0@(39,60)w3912 3:t3@(29,59)w0 4:t3@(30,59)w0 5:t3@(30,60)w0 6:t3@(29,60)w0 7:t4@(30,57)w0 8:t4@(30,56)w0 9:t4@(30,55)w0 10:t6@(28,58)w0
[dbg] ar=32073 am=6 aA=6 aH=0 l=false j=false fullRedraw=false
[fifo] ar=32078 retask 1 40 59
[devMouse] retask slot1 (39,59)w13 -> (40,59)
[fifo] ar=32085 save /tmp/aoe-camp/m1/t.aoesave
[save] wrote /tmp/aoe-camp/m1/t.aoesave (12294B) ar=32086
[dbg] ar=32098 am=6 aA=6 aH=0 l=false j=false fullRedraw=false
[dbg] ar=32123 am=6 aA=6 aH=0 l=false j=false fullRedraw=false
[fifo] ar=32132 slots 0
[slots] p0 n=11 0:t0@(39,58)w212 1:t0@(39,59)w3712 2:t0@(37,58)w13 3:t3@(29,59)w0 4:t3@(30,59)w0 5:t3@(30,60)w0 6:t3@(29,60)w0 7:t4@(30,57)w0 8:t4@(30,56)w0 9:t4@(30,55)w0 10:t6@(28,58)w0
[dbg] ar=32148 am=6 aA=6 aH=0 l=false j=false fullRedraw=false
[fifo] ar=32156 retask 2 40 60
[devMouse] retask slot2 (38,59)w13 -> (40,60)
[fifo] ar=32164 save /tmp/aoe-camp/m1/t.aoesave
[save] wrote /tmp/aoe-camp/m1/t.aoesave (12294B) ar=32165
[dbg] ar=32173 am=6 aA=6 aH=0 l=false j=false fullRedraw=false
[dbg] ar=32198 am=6 aA=6 aH=0 l=false j=false fullRedraw=false
[fifo] ar=32208 slots 0
[slots] p0 n=11 0:t0@(37,58)w13 1:t0@(39,59)w13 2:t0@(39,60)w4312 3:t3@(29,59)w0 4:t3@(30,59)w0 5:t3@(30,60)w0 6:t3@(29,60)w0 7:t4@(30,57)w0 8:t4@(30,56)w0 9:t4@(30,55)w0 10:t6@(28,58)w0
[dbg] ar=32223 am=6 aA=6 aH=0 l=false j=false fullRedraw=false
[fifo] ar=32234 retask 0 41 58
[devMouse] retask slot0 (40,58)w13 -> (41,58)
[fifo] ar=32242 retask 1 40 59
[devMouse] retask slot1 (39,58)w13 -> (40,59)
[dbg] ar=32248 am=6 aA=6 aH=0 l=false j=false fullRedraw=false
[fifo] ar=32250 save /tmp/aoe-camp/m1/t.aoesave
[save] wrote /tmp/aoe-camp/m1/t.aoesave (12294B) ar=32251
[dbg] ar=32273 am=6 aA=6 aH=0 l=false j=false fullRedraw=false
[fifo] ar=32297 state
[devMouse] aA=6/6 cursor=(31,58) cam=(-523,628) Q=3743 aE=512 Y=0 sel=6
[devMouse] p0 unit 0 tile=(40,58) type=0 sel=true
[devMouse] p0 unit 1 tile=(39,58) type=0 sel=true
[devMouse] p0 unit 2 tile=(37,58) type=0 sel=true
[devMouse] p0 unit 3 tile=(29,59) type=3 sel=true
[devMouse] p0 unit 4 tile=(30,59) type=3 sel=true
[devMouse] p0 unit 5 tile=(30,60) type=3 sel=true
[devMouse] p0 unit 6 tile=(29,60) type=3 sel=true
[devMouse] p0 unit 7 tile=(30,57) type=4 sel=true
[devMouse] p0 unit 8 tile=(30,56) type=4 sel=true
[devMouse] p0 unit 9 tile=(30,55) type=4 sel=true
[devMouse] p0 unit 10 tile=(28,58) type=6 sel=true
[devMouse] p1 unit 0 tile=(48,48) type=3 sel=false
[devMouse] p1 unit 1 tile=(40,34) type=3 sel=false
[devMouse] p1 unit 2 tile=(60,55) type=3 sel=false
[devMouse] p1 unit 3 tile=(61,45) type=3 sel=false
[devMouse] p1 unit 4 tile=(49,24) type=3 sel=false
[devMouse] p1 unit 5 tile=(48,25) type=3 sel=false
[devMouse] p1 unit 6 tile=(54,19) type=3 sel=false
[devMouse] p1 unit 7 tile=(36,23) type=4 sel=false
[devMouse] p1 unit 8 tile=(37,22) type=4 sel=false
[devMouse] p1 unit 9 tile=(49,33) type=4 sel=false
[devMouse] p1 unit 10 tile=(32,17) type=3 sel=false
[devMouse] p1 unit 11 tile=(25,21) type=4 sel=false
[devMouse] p1 unit 12 tile=(22,26) type=3 sel=false
[devMouse] p1 unit 13 tile=(23,27) type=3 sel=false
[devMouse] p1 unit 14 tile=(15,47) type=3 sel=false
[devMouse] p1 unit 15 tile=(16,54) type=3 sel=false
[dbg] ar=32298 am=6 aA=6 aH=0 l=false j=false fullRedraw=false
[dbg] ar=32323 am=6 aA=6 aH=0 l=false j=false fullRedraw=false
[dbg] ar=32348 am=6 aA=6 aH=0 l=false j=false fullRedraw=false
[fifo] ar=32353 slots 0
[slots] p0 n=11 0:t0@(39,59)w13 1:t0@(39,58)w13 2:t0@(38,60)w13 3:t3@(29,59)w0 4:t3@(30,59)w0 5:t3@(30,60)w0 6:t3@(29,60)w0 7:t4@(30,57)w0 8:t4@(30,56)w0 9:t4@(30,55)w0 10:t6@(28,58)w0
[dbg] ar=32373 am=6 aA=6 aH=0 l=false j=false fullRedraw=false
[fifo] ar=32377 retask 0 41 58
[devMouse] retask slot0 (38,58)w13 -> (41,58)
[fifo] ar=32385 retask 1 40 59
[devMouse] retask slot1 (38,60)w13 -> (40,59)
[fifo] ar=32393 retask 2 40 60
[devMouse] retask slot2 (40,58)w13 -> (40,60)
[dbg] ar=32398 am=6 aA=6 aH=0 l=false j=false fullRedraw=false
[fifo] ar=32400 save /tmp/aoe-camp/m1/t.aoesave
[save] wrote /tmp/aoe-camp/m1/t.aoesave (12294B) ar=32401
[dbg] ar=32423 am=6 aA=6 aH=0 l=false j=false fullRedraw=false
[fifo] ar=32448 slots 0
[slots] p0 n=11 0:t0@(40,58)w0 1:t0@(39,59)w3512 2:t0@(39,60)w4a12 3:t3@(29,59)w0 4:t3@(30,59)w0 5:t3@(30,60)w0 6:t3@(29,60)w0 7:t4@(30,57)w0 8:t4@(30,56)w0 9:t4@(30,55)w0 10:t6@(28,58)w0
[dbg] ar=32448 am=6 aA=6 aH=0 l=false j=false fullRedraw=false
[dbg] ar=32473 am=6 aA=6 aH=0 l=false j=false fullRedraw=false
[fifo] ar=32474 retask 0 41 58
[devMouse] retask slot0 (40,58)w5212 -> (41,58)
[fifo] ar=32482 save /tmp/aoe-camp/m1/t.aoesave
[save] wrote /tmp/aoe-camp/m1/t.aoesave (12294B) ar=32483
[dbg] ar=32498 am=6 aA=6 aH=0 l=false j=false fullRedraw=false
[dbg] ar=32523 am=6 aA=6 aH=0 l=false j=false fullRedraw=false
[fifo] ar=32530 slots 0
[slots] p0 n=11 0:t0@(40,58)w2f12 1:t0@(38,59)w13 2:t0@(39,59)w13 3:t3@(29,59)w0 4:t3@(30,59)w0 5:t3@(30,60)w0 6:t3@(29,60)w0 7:t4@(30,57)w0 8:t4@(30,56)w0 9:t4@(30,55)w0 10:t6@(28,58)w0
[dbg] ar=32548 am=6 aA=6 aH=0 l=false j=false fullRedraw=false
[fifo] ar=32556 retask 1 40 59
[devMouse] retask slot1 (38,60)w13 -> (40,59)
[fifo] ar=32563 retask 2 40 60
[devMouse] retask slot2 (38,59)w13 -> (40,60)
[fifo] ar=32571 save /tmp/aoe-camp/m1/t.aoesave
[save] wrote /tmp/aoe-camp/m1/t.aoesave (12294B) ar=32572
[dbg] ar=32573 am=6 aA=6 aH=0 l=false j=false fullRedraw=false
[dbg] ar=32598 am=6 aA=6 aH=0 l=false j=false fullRedraw=false
[fifo] ar=32618 slots 0
[slots] p0 n=11 0:t0@(37,58)w13 1:t0@(39,59)w3b12 2:t0@(39,60)w3e12 3:t3@(29,59)w0 4:t3@(30,59)w0 5:t3@(30,60)w0 6:t3@(29,60)w0 7:t4@(30,57)w0 8:t4@(30,56)w0 9:t4@(30,55)w0 10:t6@(28,58)w0
[dbg] ar=32623 am=6 aA=6 aH=0 l=false j=false fullRedraw=false
[fifo] ar=32642 retask 0 41 58
[devMouse] retask slot0 (40,58)w13 -> (41,58)
[dbg] ar=32648 am=6 aA=6 aH=0 l=false j=false fullRedraw=false
[fifo] ar=32651 save /tmp/aoe-camp/m1/t.aoesave
[save] wrote /tmp/aoe-camp/m1/t.aoesave (12294B) ar=32652
[dbg] ar=32673 am=6 aA=6 aH=0 l=false j=false fullRedraw=false
[fifo] ar=32696 slots 0
[slots] p0 n=11 0:t0@(40,58)w3812 1:t0@(37,59)w13 2:t0@(38,59)w13 3:t3@(29,59)w0 4:t3@(30,59)w0 5:t3@(30,60)w0 6:t3@(29,60)w0 7:t4@(30,57)w0 8:t4@(30,56)w0 9:t4@(30,55)w0 10:t6@(28,58)w0
[dbg] ar=32698 am=6 aA=6 aH=0 l=false j=false fullRedraw=false
[fifo] ar=32721 retask 1 40 59
[devMouse] retask slot1 (39,59)w13 -> (40,59)
[dbg] ar=32723 am=6 aA=6 aH=0 l=false j=false fullRedraw=false
[fifo] ar=32729 retask 2 40 60
[devMouse] retask slot2 (38,59)w13 -> (40,60)
[fifo] ar=32737 save /tmp/aoe-camp/m1/t.aoesave
[save] wrote /tmp/aoe-camp/m1/t.aoesave (12294B) ar=32738
[dbg] ar=32748 am=6 aA=6 aH=0 l=false j=false fullRedraw=false
[dbg] ar=32773 am=6 aA=6 aH=0 l=false j=false fullRedraw=false
[fifo] ar=32782 state
[devMouse] aA=6/6 cursor=(31,58) cam=(-523,628) Q=3743 aE=512 Y=0 sel=6
[devMouse] p0 unit 0 tile=(36,58) type=0 sel=true
[devMouse] p0 unit 1 tile=(39,59) type=0 sel=true
[devMouse] p0 unit 2 tile=(39,60) type=0 sel=true
[devMouse] p0 unit 3 tile=(29,59) type=3 sel=true
[devMouse] p0 unit 4 tile=(30,59) type=3 sel=true
[devMouse] p0 unit 5 tile=(30,60) type=3 sel=true
[devMouse] p0 unit 6 tile=(29,60) type=3 sel=true
[devMouse] p0 unit 7 tile=(30,57) type=4 sel=true
[devMouse] p0 unit 8 tile=(30,56) type=4 sel=true
[devMouse] p0 unit 9 tile=(30,55) type=4 sel=true
[devMouse] p0 unit 10 tile=(28,58) type=6 sel=true
[devMouse] p1 unit 0 tile=(48,48) type=3 sel=false
[devMouse] p1 unit 1 tile=(40,34) type=3 sel=false
[devMouse] p1 unit 2 tile=(60,55) type=3 sel=false
[devMouse] p1 unit 3 tile=(61,45) type=3 sel=false
[devMouse] p1 unit 4 tile=(49,24) type=3 sel=false
[devMouse] p1 unit 5 tile=(48,25) type=3 sel=false
[devMouse] p1 unit 6 tile=(54,19) type=3 sel=false
[devMouse] p1 unit 7 tile=(36,23) type=4 sel=false
[devMouse] p1 unit 8 tile=(37,22) type=4 sel=false
[devMouse] p1 unit 9 tile=(49,33) type=4 sel=false
[devMouse] p1 unit 10 tile=(32,17) type=3 sel=false
[devMouse] p1 unit 11 tile=(25,21) type=4 sel=false
[devMouse] p1 unit 12 tile=(22,26) type=3 sel=false
[devMouse] p1 unit 13 tile=(23,27) type=3 sel=false
[devMouse] p1 unit 14 tile=(15,47) type=3 sel=false
[devMouse] p1 unit 15 tile=(16,54) type=3 sel=false
[dbg] ar=32798 am=6 aA=6 aH=0 l=false j=false fullRedraw=false
[dbg] ar=32823 am=6 aA=6 aH=0 l=false j=false fullRedraw=false
[fifo] ar=32837 slots 0
[slots] p0 n=11 0:t0@(38,59)w13 1:t0@(40,58)w13 2:t0@(39,60)w812 3:t3@(29,59)w0 4:t3@(30,59)w0 5:t3@(30,60)w0 6:t3@(29,60)w0 7:t4@(30,57)w0 8:t4@(30,56)w0 9:t4@(30,55)w0 10:t6@(28,58)w0
[dbg] ar=32848 am=6 aA=6 aH=0 l=false j=false fullRedraw=false
[fifo] ar=32861 retask 0 41 58
[devMouse] retask slot0 (38,58)w13 -> (41,58)
[fifo] ar=32869 retask 1 40 59
[devMouse] retask slot1 (38,60)w13 -> (40,59)
[dbg] ar=32873 am=6 aA=6 aH=0 l=false j=false fullRedraw=false
[fifo] ar=32877 save /tmp/aoe-camp/m1/t.aoesave
[save] wrote /tmp/aoe-camp/m1/t.aoesave (12294B) ar=32878
[dbg] ar=32898 am=6 aA=6 aH=0 l=false j=false fullRedraw=false
[fifo] ar=32920 slots 0
[slots] p0 n=11 0:t0@(39,58)w0 1:t0@(39,59)w3d12 2:t0@(38,58)w13 3:t3@(29,59)w0 4:t3@(30,59)w0 5:t3@(30,60)w0 6:t3@(29,60)w0 7:t4@(30,57)w0 8:t4@(30,56)w0 9:t4@(30,55)w0 10:t6@(28,58)w0
[dbg] ar=32923 am=6 aA=6 aH=0 l=false j=false fullRedraw=false
[fifo] ar=32945 retask 0 41 58
[devMouse] retask slot0 (40,58)w5b12 -> (41,58)
[dbg] ar=32948 am=6 aA=6 aH=0 l=false j=false fullRedraw=false
[fifo] ar=32953 retask 2 40 60
[devMouse] retask slot2 (37,59)w13 -> (40,60)
[fifo] ar=32961 save /tmp/aoe-camp/m1/t.aoesave
[save] wrote /tmp/aoe-camp/m1/t.aoesave (12294B) ar=32962
[dbg] ar=32973 am=6 aA=6 aH=0 l=false j=false fullRedraw=false
[dbg] ar=32998 am=6 aA=6 aH=0 l=false j=false fullRedraw=false
[fifo] ar=33008 slots 0
[slots] p0 n=11 0:t0@(40,58)w2812 1:t0@(38,58)w13 2:t0@(39,60)w4212 3:t3@(29,59)w0 4:t3@(30,59)w0 5:t3@(30,60)w0 6:t3@(29,60)w0 7:t4@(30,57)w0 8:t4@(30,56)w0 9:t4@(30,55)w0 10:t6@(28,58)w0
[dbg] ar=33023 am=6 aA=6 aH=0 l=false j=false fullRedraw=false
[fifo] ar=33032 retask 1 40 59
[devMouse] retask slot1 (39,59)w13 -> (40,59)
[fifo] ar=33040 save /tmp/aoe-camp/m1/t.aoesave
[save] wrote /tmp/aoe-camp/m1/t.aoesave (12294B) ar=33041
[dbg] ar=33048 am=6 aA=6 aH=0 l=false j=false fullRedraw=false
[dbg] ar=33073 am=6 aA=6 aH=0 l=false j=false fullRedraw=false
[fifo] ar=33087 slots 0
[slots] p0 n=11 0:t0@(39,58)w13 1:t0@(40,59)w0 2:t0@(40,58)w13 3:t3@(29,59)w0 4:t3@(30,59)w0 5:t3@(30,60)w0 6:t3@(29,60)w0 7:t4@(30,57)w0 8:t4@(30,56)w0 9:t4@(30,55)w0 10:t6@(28,58)w0
[dbg] ar=33098 am=6 aA=6 aH=0 l=false j=false fullRedraw=false
[fifo] ar=33112 retask 0 41 58
[devMouse] retask slot0 (39,60)w13 -> (41,58)
[fifo] ar=33120 retask 1 40 59
[devMouse] retask slot1 (40,59)w0 -> (40,59)
[dbg] ar=33123 am=6 aA=6 aH=0 l=false j=false fullRedraw=false
[fifo] ar=33128 retask 2 40 60
[devMouse] retask slot2 (40,58)w13 -> (40,60)
[fifo] ar=33136 save /tmp/aoe-camp/m1/t.aoesave
[save] wrote /tmp/aoe-camp/m1/t.aoesave (12294B) ar=33137
[dbg] ar=33148 am=6 aA=6 aH=0 l=false j=false fullRedraw=false
[dbg] ar=33173 am=6 aA=6 aH=0 l=false j=false fullRedraw=false
[fifo] ar=33182 slots 0
[slots] p0 n=11 0:t0@(40,58)w4412 1:t0@(40,59)w0 2:t0@(39,60)w4d12 3:t3@(29,59)w0 4:t3@(30,59)w0 5:t3@(30,60)w0 6:t3@(29,60)w0 7:t4@(30,57)w0 8:t4@(30,56)w0 9:t4@(30,55)w0 10:t6@(28,58)w0
[dbg] ar=33198 am=6 aA=6 aH=0 l=false j=false fullRedraw=false
[fifo] ar=33207 retask 1 41 59
[devMouse] retask slot1 (40,59)w0 -> (41,59)
[fifo] ar=33216 save /tmp/aoe-camp/m1/t.aoesave
[save] wrote /tmp/aoe-camp/m1/t.aoesave (12294B) ar=33217
[dbg] ar=33223 am=6 aA=6 aH=0 l=false j=false fullRedraw=false
[dbg] ar=33248 am=6 aA=6 aH=0 l=false j=false fullRedraw=false
[fifo] ar=33262 state
[devMouse] aA=6/6 cursor=(31,58) cam=(-523,628) Q=3743 aE=512 Y=0 sel=6
[devMouse] p0 unit 0 tile=(38,59) type=0 sel=true
[devMouse] p0 unit 1 tile=(40,59) type=0 sel=true
[devMouse] p0 unit 2 tile=(39,59) type=0 sel=true
[devMouse] p0 unit 3 tile=(29,59) type=3 sel=true
[devMouse] p0 unit 4 tile=(30,59) type=3 sel=true
[devMouse] p0 unit 5 tile=(30,60) type=3 sel=true
[devMouse] p0 unit 6 tile=(29,60) type=3 sel=true
[devMouse] p0 unit 7 tile=(30,57) type=4 sel=true
[devMouse] p0 unit 8 tile=(30,56) type=4 sel=true
[devMouse] p0 unit 9 tile=(30,55) type=4 sel=true
[devMouse] p0 unit 10 tile=(28,58) type=6 sel=true
[devMouse] p1 unit 0 tile=(48,48) type=3 sel=false
[devMouse] p1 unit 1 tile=(40,34) type=3 sel=false
[devMouse] p1 unit 2 tile=(60,55) type=3 sel=false
[devMouse] p1 unit 3 tile=(61,45) type=3 sel=false
[devMouse] p1 unit 4 tile=(49,24) type=3 sel=false
[devMouse] p1 unit 5 tile=(48,25) type=3 sel=false
[devMouse] p1 unit 6 tile=(54,19) type=3 sel=false
[devMouse] p1 unit 7 tile=(36,23) type=4 sel=false
[devMouse] p1 unit 8 tile=(37,22) type=4 sel=false
[devMouse] p1 unit 9 tile=(49,33) type=4 sel=false
[devMouse] p1 unit 10 tile=(32,17) type=3 sel=false
[devMouse] p1 unit 11 tile=(25,21) type=4 sel=false
[devMouse] p1 unit 12 tile=(22,26) type=3 sel=false
[devMouse] p1 unit 13 tile=(23,27) type=3 sel=false
[devMouse] p1 unit 14 tile=(15,47) type=3 sel=false
[devMouse] p1 unit 15 tile=(16,54) type=3 sel=false
[dbg] ar=33273 am=6 aA=6 aH=0 l=false j=false fullRedraw=false
[dbg] ar=33298 am=6 aA=6 aH=0 l=false j=false fullRedraw=false
[fifo] ar=33318 slots 0
[slots] p0 n=11 0:t0@(37,59)w13 1:t0@(39,60)w13 2:t0@(40,59)w13 3:t3@(29,59)w0 4:t3@(30,59)w0 5:t3@(30,60)w0 6:t3@(29,60)w0 7:t4@(30,57)w0 8:t4@(30,56)w0 9:t4@(30,55)w0 10:t6@(28,58)w0
[dbg] ar=33323 am=6 aA=6 aH=0 l=false j=false fullRedraw=false
[fifo] ar=33343 retask 0 41 58
[devMouse] retask slot0 (40,59)w13 -> (41,58)
[dbg] ar=33348 am=6 aA=6 aH=0 l=false j=false fullRedraw=false
[fifo] ar=33351 retask 1 41 59
[devMouse] retask slot1 (39,59)w13 -> (41,59)
[fifo] ar=33358 retask 2 40 60
[devMouse] retask slot2 (38,59)w13 -> (40,60)
[fifo] ar=33366 save /tmp/aoe-camp/m1/t.aoesave
[save] wrote /tmp/aoe-camp/m1/t.aoesave (12294B) ar=33367
[dbg] ar=33373 am=6 aA=6 aH=0 l=false j=false fullRedraw=false
[dbg] ar=33398 am=6 aA=6 aH=0 l=false j=false fullRedraw=false
[fifo] ar=33411 slots 0
[slots] p0 n=11 0:t0@(40,59)w2912 1:t0@(40,58)w3812 2:t0@(39,60)w3b12 3:t3@(29,59)w0 4:t3@(30,59)w0 5:t3@(30,60)w0 6:t3@(29,60)w0 7:t4@(30,57)w0 8:t4@(30,56)w0 9:t4@(30,55)w0 10:t6@(28,58)w0
[dbg] ar=33423 am=6 aA=6 aH=0 l=false j=false fullRedraw=false
[fifo] ar=33437 save /tmp/aoe-camp/m1/t.aoesave
[save] wrote /tmp/aoe-camp/m1/t.aoesave (12294B) ar=33438
[dbg] ar=33448 am=6 aA=6 aH=0 l=false j=false fullRedraw=false
[dbg] ar=33473 am=6 aA=6 aH=0 l=false j=false fullRedraw=false
[fifo] ar=33480 slots 0
[slots] p0 n=11 0:t0@(38,59)w13 1:t0@(39,60)w13 2:t0@(40,59)w13 3:t3@(29,59)w0 4:t3@(30,59)w0 5:t3@(30,60)w0 6:t3@(29,60)w0 7:t4@(30,57)w0 8:t4@(30,56)w0 9:t4@(30,55)w0 10:t6@(28,58)w0
[dbg] ar=33498 am=6 aA=6 aH=0 l=false j=false fullRedraw=false
[fifo] ar=33504 retask 0 41 58
[devMouse] retask slot0 (40,59)w13 -> (41,58)
[fifo] ar=33511 retask 1 41 59
[devMouse] retask slot1 (38,59)w13 -> (41,59)
[fifo] ar=33519 retask 2 40 60
[devMouse] retask slot2 (38,60)w13 -> (40,60)
[dbg] ar=33523 am=6 aA=6 aH=0 l=false j=false fullRedraw=false
[fifo] ar=33528 save /tmp/aoe-camp/m1/t.aoesave
[save] wrote /tmp/aoe-camp/m1/t.aoesave (12294B) ar=33529
[dbg] ar=33548 am=6 aA=6 aH=0 l=false j=false fullRedraw=false
[dbg] ar=33573 am=6 aA=6 aH=0 l=false j=false fullRedraw=false
[fifo] ar=33575 slots 0
[slots] p0 n=11 0:t0@(40,59)w2212 1:t0@(40,58)w4312 2:t0@(39,60)w3d12 3:t3@(29,59)w0 4:t3@(30,59)w0 5:t3@(30,60)w0 6:t3@(29,60)w0 7:t4@(30,57)w0 8:t4@(30,56)w0 9:t4@(30,55)w0 10:t6@(28,58)w0
[fifo] ar=33597 save /tmp/aoe-camp/m1/t.aoesave
[save] wrote /tmp/aoe-camp/m1/t.aoesave (12294B) ar=33598
[dbg] ar=33598 am=6 aA=6 aH=0 l=false j=false fullRedraw=false
[dbg] ar=33623 am=6 aA=6 aH=0 l=false j=false fullRedraw=false
[fifo] ar=33644 slots 0
[slots] p0 n=11 0:t0@(38,59)w13 1:t0@(39,59)w13 2:t0@(40,59)w13 3:t3@(29,59)w0 4:t3@(30,59)w0 5:t3@(30,60)w0 6:t3@(29,60)w0 7:t4@(30,57)w0 8:t4@(30,56)w0 9:t4@(30,55)w0 10:t6@(28,58)w0
[dbg] ar=33648 am=6 aA=6 aH=0 l=false j=false fullRedraw=false
[fifo] ar=33669 retask 0 41 58
[devMouse] retask slot0 (37,59)w13 -> (41,58)
[dbg] ar=33673 am=6 aA=6 aH=0 l=false j=false fullRedraw=false
[fifo] ar=33678 retask 1 41 59
[devMouse] retask slot1 (39,58)w13 -> (41,59)
[fifo] ar=33686 retask 2 40 60
[devMouse] retask slot2 (40,58)w13 -> (40,60)
[fifo] ar=33694 save /tmp/aoe-camp/m1/t.aoesave
[save] wrote /tmp/aoe-camp/m1/t.aoesave (12294B) ar=33695
[dbg] ar=33698 am=6 aA=6 aH=0 l=false j=false fullRedraw=false
[dbg] ar=33723 am=6 aA=6 aH=0 l=false j=false fullRedraw=false
[fifo] ar=33740 state
[devMouse] aA=6/6 cursor=(31,58) cam=(-523,628) Q=3743 aE=512 Y=0 sel=6
[devMouse] p0 unit 0 tile=(40,58) type=0 sel=true
[devMouse] p0 unit 1 tile=(40,59) type=0 sel=true
[devMouse] p0 unit 2 tile=(39,59) type=0 sel=true
[devMouse] p0 unit 3 tile=(29,59) type=3 sel=true
[devMouse] p0 unit 4 tile=(30,59) type=3 sel=true
[devMouse] p0 unit 5 tile=(30,60) type=3 sel=true
[devMouse] p0 unit 6 tile=(29,60) type=3 sel=true
[devMouse] p0 unit 7 tile=(30,57) type=4 sel=true
[devMouse] p0 unit 8 tile=(30,56) type=4 sel=true
[devMouse] p0 unit 9 tile=(30,55) type=4 sel=true
[devMouse] p0 unit 10 tile=(28,58) type=6 sel=true
[devMouse] p1 unit 0 tile=(48,48) type=3 sel=false
[devMouse] p1 unit 1 tile=(40,34) type=3 sel=false
[devMouse] p1 unit 2 tile=(60,55) type=3 sel=false
[devMouse] p1 unit 3 tile=(61,45) type=3 sel=false
[devMouse] p1 unit 4 tile=(49,24) type=3 sel=false
[devMouse] p1 unit 5 tile=(48,25) type=3 sel=false
[devMouse] p1 unit 6 tile=(54,19) type=3 sel=false
[devMouse] p1 unit 7 tile=(36,23) type=4 sel=false
[devMouse] p1 unit 8 tile=(37,22) type=4 sel=false
[devMouse] p1 unit 9 tile=(49,33) type=4 sel=false
[devMouse] p1 unit 10 tile=(32,17) type=3 sel=false
[devMouse] p1 unit 11 tile=(25,21) type=4 sel=false
[devMouse] p1 unit 12 tile=(22,26) type=3 sel=false
[devMouse] p1 unit 13 tile=(23,27) type=3 sel=false
[devMouse] p1 unit 14 tile=(15,47) type=3 sel=false
[devMouse] p1 unit 15 tile=(16,54) type=3 sel=false
[dbg] ar=33748 am=6 aA=6 aH=0 l=false j=false fullRedraw=false
[dbg] ar=33773 am=6 aA=6 aH=0 l=false j=false fullRedraw=false
[fifo] ar=33795 slots 0
[slots] p0 n=11 0:t0@(40,58)w1012 1:t0@(39,60)w13 2:t0@(39,59)w712 3:t3@(29,59)w0 4:t3@(30,59)w0 5:t3@(30,60)w0 6:t3@(29,60)w0 7:t4@(30,57)w0 8:t4@(30,56)w0 9:t4@(30,55)w0 10:t6@(28,58)w0
[dbg] ar=33798 am=6 aA=6 aH=0 l=false j=false fullRedraw=false
[fifo] ar=33819 retask 1 41 59
[devMouse] retask slot1 (38,59)w13 -> (41,59)
[dbg] ar=33823 am=6 aA=6 aH=0 l=false j=false fullRedraw=false
[fifo] ar=33828 save /tmp/aoe-camp/m1/t.aoesave
[save] wrote /tmp/aoe-camp/m1/t.aoesave (12294B) ar=33829
[dbg] ar=33848 am=6 aA=6 aH=0 l=false j=false fullRedraw=false
[dbg] ar=33873 am=6 aA=6 aH=0 l=false j=false fullRedraw=false
[fifo] ar=33875 slots 0
[slots] p0 n=11 0:t0@(39,58)w13 1:t0@(40,59)w4812 2:t0@(39,59)w13 3:t3@(29,59)w0 4:t3@(30,59)w0 5:t3@(30,60)w0 6:t3@(29,60)w0 7:t4@(30,57)w0 8:t4@(30,56)w0 9:t4@(30,55)w0 10:t6@(28,58)w0
[dbg] ar=33898 am=6 aA=6 aH=0 l=false j=false fullRedraw=false
[fifo] ar=33900 retask 0 41 58
[devMouse] retask slot0 (39,59)w13 -> (41,58)
[fifo] ar=33909 retask 2 40 60
[devMouse] retask slot2 (38,59)w13 -> (40,60)
[fifo] ar=33918 save /tmp/aoe-camp/m1/t.aoesave
[save] wrote /tmp/aoe-camp/m1/t.aoesave (12294B) ar=33919
[dbg] ar=33923 am=6 aA=6 aH=0 l=false j=false fullRedraw=false
[dbg] ar=33948 am=6 aA=6 aH=0 l=false j=false fullRedraw=false
[fifo] ar=33966 slots 0
[slots] p0 n=11 0:t0@(40,58)w2f12 1:t0@(37,59)w13 2:t0@(39,60)w3812 3:t3@(29,59)w0 4:t3@(30,59)w0 5:t3@(30,60)w0 6:t3@(29,60)w0 7:t4@(30,57)w0 8:t4@(30,56)w0 9:t4@(30,55)w0 10:t6@(28,58)w0
[dbg] ar=33973 am=6 aA=6 aH=0 l=false j=false fullRedraw=false
[fifo] ar=33989 retask 1 41 59
[devMouse] retask slot1 (39,59)w13 -> (41,59)
[fifo] ar=33998 save /tmp/aoe-camp/m1/t.aoesave
[dbg] ar=33998 am=6 aA=6 aH=0 l=false j=false fullRedraw=false
[save] wrote /tmp/aoe-camp/m1/t.aoesave (12294B) ar=33999
[dbg] ar=34023 am=6 aA=6 aH=0 l=false j=false fullRedraw=false
[fifo] ar=34045 slots 0
[slots] p0 n=11 0:t0@(38,58)w13 1:t0@(40,59)w3b12 2:t0@(39,58)w13 3:t3@(29,59)w0 4:t3@(30,59)w0 5:t3@(30,60)w0 6:t3@(29,60)w0 7:t4@(30,57)w0 8:t4@(30,56)w0 9:t4@(30,55)w0 10:t6@(28,58)w0
[dbg] ar=34048 am=6 aA=6 aH=0 l=false j=false fullRedraw=false
[fifo] ar=34070 retask 0 41 58
[devMouse] retask slot0 (40,60)w13 -> (41,58)
[dbg] ar=34073 am=6 aA=6 aH=0 l=false j=false fullRedraw=false
[fifo] ar=34077 retask 2 40 60
[devMouse] retask slot2 (37,58)w13 -> (40,60)
[fifo] ar=34083 save /tmp/aoe-camp/m1/t.aoesave
[save] wrote /tmp/aoe-camp/m1/t.aoesave (12294B) ar=34084
[dbg] ar=34098 am=6 aA=6 aH=0 l=false j=false fullRedraw=false
[dbg] ar=34123 am=6 aA=6 aH=0 l=false j=false fullRedraw=false
[fifo] ar=34130 slots 0
[slots] p0 n=11 0:t0@(40,58)w4312 1:t0@(37,59)w13 2:t0@(40,60)w0 3:t3@(29,59)w0 4:t3@(30,59)w0 5:t3@(30,60)w0 6:t3@(29,60)w0 7:t4@(30,57)w0 8:t4@(30,56)w0 9:t4@(30,55)w0 10:t6@(28,58)w0
[dbg] ar=34148 am=6 aA=6 aH=0 l=false j=false fullRedraw=false
[fifo] ar=34155 retask 1 41 59
[devMouse] retask slot1 (40,59)w13 -> (41,59)
[fifo] ar=34163 retask 2 41 60
[devMouse] retask slot2 (40,60)w0 -> (41,60)
[fifo] ar=34170 save /tmp/aoe-camp/m1/t.aoesave
[save] wrote /tmp/aoe-camp/m1/t.aoesave (12294B) ar=34171
[dbg] ar=34173 am=6 aA=6 aH=0 l=false j=false fullRedraw=false
[dbg] ar=34198 am=6 aA=6 aH=0 l=false j=false fullRedraw=false
[fifo] ar=34217 state
[devMouse] aA=6/6 cursor=(31,58) cam=(-523,628) Q=3743 aE=512 Y=0 sel=6
[devMouse] p0 unit 0 tile=(37,58) type=0 sel=true
[devMouse] p0 unit 1 tile=(40,59) type=0 sel=true
[devMouse] p0 unit 2 tile=(40,60) type=0 sel=true
[devMouse] p0 unit 3 tile=(29,59) type=3 sel=true
[devMouse] p0 unit 4 tile=(30,59) type=3 sel=true
[devMouse] p0 unit 5 tile=(30,60) type=3 sel=true
[devMouse] p0 unit 6 tile=(29,60) type=3 sel=true
[devMouse] p0 unit 7 tile=(30,57) type=4 sel=true
[devMouse] p0 unit 8 tile=(30,56) type=4 sel=true
[devMouse] p0 unit 9 tile=(30,55) type=4 sel=true
[devMouse] p0 unit 10 tile=(28,58) type=6 sel=true
[devMouse] p1 unit 0 tile=(48,48) type=3 sel=false
[devMouse] p1 unit 1 tile=(40,34) type=3 sel=false
[devMouse] p1 unit 2 tile=(60,55) type=3 sel=false
[devMouse] p1 unit 3 tile=(61,45) type=3 sel=false
[devMouse] p1 unit 4 tile=(49,24) type=3 sel=false
[devMouse] p1 unit 5 tile=(48,25) type=3 sel=false
[devMouse] p1 unit 6 tile=(54,19) type=3 sel=false
[devMouse] p1 unit 7 tile=(36,23) type=4 sel=false
[devMouse] p1 unit 8 tile=(37,22) type=4 sel=false
[devMouse] p1 unit 9 tile=(49,33) type=4 sel=false
[devMouse] p1 unit 10 tile=(32,17) type=3 sel=false
[devMouse] p1 unit 11 tile=(25,21) type=4 sel=false
[devMouse] p1 unit 12 tile=(22,26) type=3 sel=false
[devMouse] p1 unit 13 tile=(23,27) type=3 sel=false
[devMouse] p1 unit 14 tile=(15,47) type=3 sel=false
[devMouse] p1 unit 15 tile=(16,54) type=3 sel=false
[dbg] ar=34223 am=6 aA=6 aH=0 l=false j=false fullRedraw=false
[dbg] ar=34248 am=6 aA=6 aH=0 l=false j=false fullRedraw=false
[fifo] ar=34269 slots 0
[slots] p0 n=11 0:t0@(38,59)w13 1:t0@(40,58)w13 2:t0@(40,59)w13 3:t3@(29,59)w0 4:t3@(30,59)w0 5:t3@(30,60)w0 6:t3@(29,60)w0 7:t4@(30,57)w0 8:t4@(30,56)w0 9:t4@(30,55)w0 10:t6@(28,58)w0
[dbg] ar=34273 am=6 aA=6 aH=0 l=false j=false fullRedraw=false
[fifo] ar=34293 retask 0 41 58
[devMouse] retask slot0 (39,58)w13 -> (41,58)
[dbg] ar=34298 am=6 aA=6 aH=0 l=false j=false fullRedraw=false
[fifo] ar=34300 retask 1 41 59
[devMouse] retask slot1 (40,59)w13 -> (41,59)
[fifo] ar=34308 retask 2 41 60
[devMouse] retask slot2 (40,60)w13 -> (41,60)
[fifo] ar=34315 save /tmp/aoe-camp/m1/t.aoesave
[save] wrote /tmp/aoe-camp/m1/t.aoesave (12294B) ar=34316
[dbg] ar=34323 am=6 aA=6 aH=0 l=false j=false fullRedraw=false
[dbg] ar=34348 am=6 aA=6 aH=0 l=false j=false fullRedraw=false
[fifo] ar=34362 slots 0
[slots] p0 n=11 0:t0@(40,58)w2e12 1:t0@(40,59)w2f12 2:t0@(40,60)w3412 3:t3@(29,59)w0 4:t3@(30,59)w0 5:t3@(30,60)w0 6:t3@(29,60)w0 7:t4@(30,57)w0 8:t4@(30,56)w0 9:t4@(30,55)w0 10:t6@(28,58)w0
[dbg] ar=34373 am=6 aA=6 aH=0 l=false j=false fullRedraw=false
[fifo] ar=34386 save /tmp/aoe-camp/m1/t.aoesave
[save] wrote /tmp/aoe-camp/m1/t.aoesave (12294B) ar=34387
[dbg] ar=34398 am=6 aA=6 aH=0 l=false j=false fullRedraw=false
[dbg] ar=34423 am=6 aA=6 aH=0 l=false j=false fullRedraw=false
[fifo] ar=34432 slots 0
[slots] p0 n=11 0:t0@(37,58)w13 1:t0@(38,59)w13 2:t0@(39,59)w13 3:t3@(29,59)w0 4:t3@(30,59)w0 5:t3@(30,60)w0 6:t3@(29,60)w0 7:t4@(30,57)w0 8:t4@(30,56)w0 9:t4@(30,55)w0 10:t6@(28,58)w0
[dbg] ar=34448 am=6 aA=6 aH=0 l=false j=false fullRedraw=false
[fifo] ar=34457 retask 0 41 58
[devMouse] retask slot0 (35,56)w13 -> (41,58)
[fifo] ar=34465 retask 1 41 59
[devMouse] retask slot1 (39,60)w13 -> (41,59)
[fifo] ar=34473 retask 2 41 60
[devMouse] retask slot2 (39,59)w13 -> (41,60)
[dbg] ar=34473 am=6 aA=6 aH=0 l=false j=false fullRedraw=false
[fifo] ar=34480 save /tmp/aoe-camp/m1/t.aoesave
[save] wrote /tmp/aoe-camp/m1/t.aoesave (12294B) ar=34481
[dbg] ar=34498 am=6 aA=6 aH=0 l=false j=false fullRedraw=false
[dbg] ar=34523 am=6 aA=6 aH=0 l=false j=false fullRedraw=false
[fifo] ar=34527 slots 0
[slots] p0 n=11 0:t0@(34,58)w0 1:t0@(40,59)w3912 2:t0@(40,60)w3e12 3:t3@(29,59)w0 4:t3@(30,59)w0 5:t3@(30,60)w0 6:t3@(29,60)w0 7:t4@(30,57)w0 8:t4@(30,56)w0 9:t4@(30,55)w0 10:t6@(28,58)w0
[dbg] ar=34548 am=6 aA=6 aH=0 l=false j=false fullRedraw=false
[fifo] ar=34551 retask 0 41 58
[devMouse] retask slot0 (36,58)w0 -> (41,58)
[fifo] ar=34560 save /tmp/aoe-camp/m1/t.aoesave
[save] wrote /tmp/aoe-camp/m1/t.aoesave (12294B) ar=34561
[dbg] ar=34573 am=6 aA=6 aH=0 l=false j=false fullRedraw=false
[dbg] ar=34598 am=6 aA=6 aH=0 l=false j=false fullRedraw=false
[fifo] ar=34606 slots 0
[slots] p0 n=11 0:t0@(40,58)w5512 1:t0@(40,59)w13 2:t0@(39,58)w13 3:t3@(29,59)w0 4:t3@(30,59)w0 5:t3@(30,60)w0 6:t3@(29,60)w0 7:t4@(30,57)w0 8:t4@(30,56)w0 9:t4@(30,55)w0 10:t6@(28,58)w0
[dbg] ar=34623 am=6 aA=6 aH=0 l=false j=false fullRedraw=false
[fifo] ar=34631 retask 1 41 59
[devMouse] retask slot1 (37,59)w13 -> (41,59)
[fifo] ar=34639 retask 2 41 60
[devMouse] retask slot2 (39,59)w13 -> (41,60)
[fifo] ar=34647 save /tmp/aoe-camp/m1/t.aoesave
[save] wrote /tmp/aoe-camp/m1/t.aoesave (12294B) ar=34648
[dbg] ar=34648 am=6 aA=6 aH=0 l=false j=false fullRedraw=false
[dbg] ar=34673 am=6 aA=6 aH=0 l=false j=false fullRedraw=false
[fifo] ar=34694 state
[devMouse] aA=6/6 cursor=(31,58) cam=(-523,628) Q=3743 aE=512 Y=0 sel=6
[devMouse] p0 unit 0 tile=(39,59) type=0 sel=true
[devMouse] p0 unit 1 tile=(40,59) type=0 sel=true
[devMouse] p0 unit 2 tile=(40,60) type=0 sel=true
[devMouse] p0 unit 3 tile=(29,59) type=3 sel=true
[devMouse] p0 unit 4 tile=(30,59) type=3 sel=true
[devMouse] p0 unit 5 tile=(30,60) type=3 sel=true
[devMouse] p0 unit 6 tile=(29,60) type=3 sel=true
[devMouse] p0 unit 7 tile=(30,57) type=4 sel=true
[devMouse] p0 unit 8 tile=(30,56) type=4 sel=true
[devMouse] p0 unit 9 tile=(30,55) type=4 sel=true
[devMouse] p0 unit 10 tile=(28,58) type=6 sel=true
[devMouse] p1 unit 0 tile=(48,48) type=3 sel=false
[devMouse] p1 unit 1 tile=(40,34) type=3 sel=false
[devMouse] p1 unit 2 tile=(60,55) type=3 sel=false
[devMouse] p1 unit 3 tile=(61,45) type=3 sel=false
[devMouse] p1 unit 4 tile=(49,24) type=3 sel=false
[devMouse] p1 unit 5 tile=(48,25) type=3 sel=false
[devMouse] p1 unit 6 tile=(54,19) type=3 sel=false
[devMouse] p1 unit 7 tile=(36,23) type=4 sel=false
[devMouse] p1 unit 8 tile=(37,22) type=4 sel=false
[devMouse] p1 unit 9 tile=(49,33) type=4 sel=false
[devMouse] p1 unit 10 tile=(32,17) type=3 sel=false
[devMouse] p1 unit 11 tile=(25,21) type=4 sel=false
[devMouse] p1 unit 12 tile=(22,26) type=3 sel=false
[devMouse] p1 unit 13 tile=(23,27) type=3 sel=false
[devMouse] p1 unit 14 tile=(15,47) type=3 sel=false
[devMouse] p1 unit 15 tile=(16,54) type=3 sel=false
[dbg] ar=34698 am=6 aA=6 aH=0 l=false j=false fullRedraw=false
[dbg] ar=34723 am=6 aA=6 aH=0 l=false j=false fullRedraw=false
[fifo] ar=34748 slots 0
[slots] p0 n=11 0:t0@(39,59)w13 1:t0@(40,59)w1412 2:t0@(40,60)w712 3:t3@(29,59)w0 4:t3@(30,59)w0 5:t3@(30,60)w0 6:t3@(29,60)w0 7:t4@(30,57)w0 8:t4@(30,56)w0 9:t4@(30,55)w0 10:t6@(28,58)w0
[dbg] ar=34748 am=6 aA=6 aH=0 l=false j=false fullRedraw=false
[fifo] ar=34773 retask 0 41 58
[devMouse] retask slot0 (38,58)w13 -> (41,58)
[dbg] ar=34773 am=6 aA=6 aH=0 l=false j=false fullRedraw=false
[fifo] ar=34780 save /tmp/aoe-camp/m1/t.aoesave
[save] wrote /tmp/aoe-camp/m1/t.aoesave (12294B) ar=34781
[dbg] ar=34798 am=6 aA=6 aH=0 l=false j=false fullRedraw=false
[dbg] ar=34823 am=6 aA=6 aH=0 l=false j=false fullRedraw=false
[fifo] ar=34825 slots 0
[slots] p0 n=11 0:t0@(40,58)w4d12 1:t0@(39,60)w13 2:t0@(40,59)w13 3:t3@(29,59)w0 4:t3@(30,59)w0 5:t3@(30,60)w0 6:t3@(29,60)w0 7:t4@(30,57)w0 8:t4@(30,56)w0 9:t4@(30,55)w0 10:t6@(28,58)w0
[dbg] ar=34848 am=6 aA=6 aH=0 l=false j=false fullRedraw=false
[fifo] ar=34850 retask 1 41 59
[devMouse] retask slot1 (40,59)w13 -> (41,59)
[fifo] ar=34857 retask 2 41 60
[devMouse] retask slot2 (39,59)w13 -> (41,60)
[fifo] ar=34865 save /tmp/aoe-camp/m1/t.aoesave
[save] wrote /tmp/aoe-camp/m1/t.aoesave (12294B) ar=34866
[dbg] ar=34873 am=6 aA=6 aH=0 l=false j=false fullRedraw=false
[dbg] ar=34898 am=6 aA=6 aH=0 l=false j=false fullRedraw=false
[fifo] ar=34912 slots 0
[slots] p0 n=11 0:t0@(38,59)w13 1:t0@(40,59)w3112 2:t0@(40,60)w3f12 3:t3@(29,59)w0 4:t3@(30,59)w0 5:t3@(30,60)w0 6:t3@(29,60)w0 7:t4@(30,57)w0 8:t4@(30,56)w0 9:t4@(30,55)w0 10:t6@(28,58)w0
[dbg] ar=34923 am=6 aA=6 aH=0 l=false j=false fullRedraw=false
[fifo] ar=34937 retask 0 41 58
[devMouse] retask slot0 (38,58)w13 -> (41,58)
[fifo] ar=34946 save /tmp/aoe-camp/m1/t.aoesave
[save] wrote /tmp/aoe-camp/m1/t.aoesave (12294B) ar=34947
[dbg] ar=34948 am=6 aA=6 aH=0 l=false j=false fullRedraw=false
[dbg] ar=34973 am=6 aA=6 aH=0 l=false j=false fullRedraw=false
[fifo] ar=34994 slots 0
[slots] p0 n=11 0:t0@(40,58)w4112 1:t0@(38,59)w13 2:t0@(38,58)w13 3:t3@(29,59)w0 4:t3@(30,59)w0 5:t3@(30,60)w0 6:t3@(29,60)w0 7:t4@(30,57)w0 8:t4@(30,56)w0 9:t4@(30,55)w0 10:t6@(28,58)w0
[dbg] ar=34998 am=6 aA=6 aH=0 l=false j=false fullRedraw=false
[fifo] ar=35018 retask 1 41 59
[devMouse] retask slot1 (40,60)w13 -> (41,59)
[dbg] ar=35023 am=6 aA=6 aH=0 l=false j=false fullRedraw=false
[fifo] ar=35026 retask 2 41 60
[devMouse] retask slot2 (39,59)w13 -> (41,60)
[fifo] ar=35034 save /tmp/aoe-camp/m1/t.aoesave
[save] wrote /tmp/aoe-camp/m1/t.aoesave (12294B) ar=35035
[dbg] ar=35048 am=6 aA=6 aH=0 l=false j=false fullRedraw=false
[dbg] ar=35073 am=6 aA=6 aH=0 l=false j=false fullRedraw=false
[fifo] ar=35079 slots 0
[slots] p0 n=11 0:t0@(38,58)w13 1:t0@(40,60)w3012 2:t0@(40,59)w0 3:t3@(29,59)w0 4:t3@(30,59)w0 5:t3@(30,60)w0 6:t3@(29,60)w0 7:t4@(30,57)w0 8:t4@(30,56)w0 9:t4@(30,55)w0 10:t6@(28,58)w0
[dbg] ar=35098 am=6 aA=6 aH=0 l=false j=false fullRedraw=false
[fifo] ar=35105 retask 0 41 58
[devMouse] retask slot0 (39,59)w13 -> (41,58)
[fifo] ar=35112 retask 2 41 60
[devMouse] retask slot2 (40,59)w4a12 -> (41,60)
[fifo] ar=35120 save /tmp/aoe-camp/m1/t.aoesave
[save] wrote /tmp/aoe-camp/m1/t.aoesave (12294B) ar=35121
[dbg] ar=35123 am=6 aA=6 aH=0 l=false j=false fullRedraw=false
[dbg] ar=35148 am=6 aA=6 aH=0 l=false j=false fullRedraw=false
[fifo] ar=35167 state
[devMouse] aA=6/6 cursor=(31,58) cam=(-523,628) Q=3743 aE=512 Y=0 sel=6
[devMouse] p0 unit 0 tile=(40,58) type=0 sel=true
[devMouse] p0 unit 1 tile=(38,59) type=0 sel=true
[devMouse] p0 unit 2 tile=(40,59) type=0 sel=true
[devMouse] p0 unit 3 tile=(29,59) type=3 sel=true
[devMouse] p0 unit 4 tile=(30,59) type=3 sel=true
[devMouse] p0 unit 5 tile=(30,60) type=3 sel=true
[devMouse] p0 unit 6 tile=(29,60) type=3 sel=true
[devMouse] p0 unit 7 tile=(30,57) type=4 sel=true
[devMouse] p0 unit 8 tile=(30,56) type=4 sel=true
[devMouse] p0 unit 9 tile=(30,55) type=4 sel=true
[devMouse] p0 unit 10 tile=(28,58) type=6 sel=true
[devMouse] p1 unit 0 tile=(48,48) type=3 sel=false
[devMouse] p1 unit 1 tile=(40,34) type=3 sel=false
[devMouse] p1 unit 2 tile=(60,55) type=3 sel=false
[devMouse] p1 unit 3 tile=(61,45) type=3 sel=false
[devMouse] p1 unit 4 tile=(49,24) type=3 sel=false
[devMouse] p1 unit 5 tile=(48,25) type=3 sel=false
[devMouse] p1 unit 6 tile=(54,19) type=3 sel=false
[devMouse] p1 unit 7 tile=(36,23) type=4 sel=false
[devMouse] p1 unit 8 tile=(37,22) type=4 sel=false
[devMouse] p1 unit 9 tile=(49,33) type=4 sel=false
[devMouse] p1 unit 10 tile=(32,17) type=3 sel=false
[devMouse] p1 unit 11 tile=(25,21) type=4 sel=false
[devMouse] p1 unit 12 tile=(22,26) type=3 sel=false
[devMouse] p1 unit 13 tile=(23,27) type=3 sel=false
[devMouse] p1 unit 14 tile=(15,47) type=3 sel=false
[devMouse] p1 unit 15 tile=(16,54) type=3 sel=false
[dbg] ar=35173 am=6 aA=6 aH=0 l=false j=false fullRedraw=false
[dbg] ar=35198 am=6 aA=6 aH=0 l=false j=false fullRedraw=false
[fifo] ar=35220 slots 0
[slots] p0 n=11 0:t0@(40,58)w512 1:t0@(40,59)w13 2:t0@(40,60)w13 3:t3@(29,59)w0 4:t3@(30,59)w0 5:t3@(30,60)w0 6:t3@(29,60)w0 7:t4@(30,57)w0 8:t4@(30,56)w0 9:t4@(30,55)w0 10:t6@(28,58)w0
[dbg] ar=35223 am=6 aA=6 aH=0 l=false j=false fullRedraw=false
[fifo] ar=35244 retask 1 41 59
[devMouse] retask slot1 (39,60)w13 -> (41,59)
[dbg] ar=35248 am=6 aA=6 aH=0 l=false j=false fullRedraw=false
[fifo] ar=35252 retask 2 41 60
[devMouse] retask slot2 (40,58)w13 -> (41,60)
[fifo] ar=35262 save /tmp/aoe-camp/m1/t.aoesave
[save] wrote /tmp/aoe-camp/m1/t.aoesave (12294B) ar=35263
[dbg] ar=35273 am=6 aA=6 aH=0 l=false j=false fullRedraw=false
[dbg] ar=35298 am=6 aA=6 aH=0 l=false j=false fullRedraw=false
[fifo] ar=35307 slots 0
[slots] p0 n=11 0:t0@(38,59)w13 1:t0@(40,59)w3112 2:t0@(40,60)w5312 3:t3@(29,59)w0 4:t3@(30,59)w0 5:t3@(30,60)w0 6:t3@(29,60)w0 7:t4@(30,57)w0 8:t4@(30,56)w0 9:t4@(30,55)w0 10:t6@(28,58)w0
[dbg] ar=35323 am=6 aA=6 aH=0 l=false j=false fullRedraw=false
[fifo] ar=35332 retask 0 41 58
[devMouse] retask slot0 (38,58)w13 -> (41,58)
[fifo] ar=35340 save /tmp/aoe-camp/m1/t.aoesave
[save] wrote /tmp/aoe-camp/m1/t.aoesave (12294B) ar=35341
[dbg] ar=35348 am=6 aA=6 aH=0 l=false j=false fullRedraw=false
[dbg] ar=35373 am=6 aA=6 aH=0 l=false j=false fullRedraw=false
[fifo] ar=35387 slots 0
[slots] p0 n=11 0:t0@(40,58)w4312 1:t0@(38,59)w13 2:t0@(40,60)w312 3:t3@(29,59)w0 4:t3@(30,59)w0 5:t3@(30,60)w0 6:t3@(29,60)w0 7:t4@(30,57)w0 8:t4@(30,56)w0 9:t4@(30,55)w0 10:t6@(28,58)w0
[dbg] ar=35398 am=6 aA=6 aH=0 l=false j=false fullRedraw=false
[fifo] ar=35411 retask 1 41 59
[devMouse] retask slot1 (40,60)w13 -> (41,59)
[fifo] ar=35419 save /tmp/aoe-camp/m1/t.aoesave
[save] wrote /tmp/aoe-camp/m1/t.aoesave (12294B) ar=35420
[dbg] ar=35423 am=6 aA=6 aH=0 l=false j=false fullRedraw=false
[dbg] ar=35448 am=6 aA=6 aH=0 l=false j=false fullRedraw=false
[fifo] ar=35465 slots 0
[slots] p0 n=11 0:t0@(39,60)w13 1:t0@(40,60)w3912 2:t0@(38,60)w13 3:t3@(29,59)w0 4:t3@(30,59)w0 5:t3@(30,60)w0 6:t3@(29,60)w0 7:t4@(30,57)w0 8:t4@(30,56)w0 9:t4@(30,55)w0 10:t6@(28,58)w0
[dbg] ar=35473 am=6 aA=6 aH=0 l=false j=false fullRedraw=false
[fifo] ar=35490 retask 0 41 58
[devMouse] retask slot0 (37,59)w13 -> (41,58)
[fifo] ar=35498 retask 2 41 60
[devMouse] retask slot2 (39,59)w13 -> (41,60)
[dbg] ar=35498 am=6 aA=6 aH=0 l=false j=false fullRedraw=false
[fifo] ar=35507 save /tmp/aoe-camp/m1/t.aoesave
[save] wrote /tmp/aoe-camp/m1/t.aoesave (12294B) ar=35508
[dbg] ar=35523 am=6 aA=6 aH=0 l=false j=false fullRedraw=false
[dbg] ar=35548 am=6 aA=6 aH=0 l=false j=false fullRedraw=false
[fifo] ar=35554 slots 0
[slots] p0 n=11 0:t0@(40,58)w4212 1:t0@(37,59)w13 2:t0@(40,59)w4112 3:t3@(29,59)w0 4:t3@(30,59)w0 5:t3@(30,60)w0 6:t3@(29,60)w0 7:t4@(30,57)w0 8:t4@(30,56)w0 9:t4@(30,55)w0 10:t6@(28,58)w0
[dbg] ar=35573 am=6 aA=6 aH=0 l=false j=false fullRedraw=false
[fifo] ar=35580 retask 1 41 59
[devMouse] retask slot1 (40,60)w13 -> (41,59)
[fifo] ar=35589 save /tmp/aoe-camp/m1/t.aoesave
[save] wrote /tmp/aoe-camp/m1/t.aoesave (12294B) ar=35590
[dbg] ar=35598 am=6 aA=6 aH=0 l=false j=false fullRedraw=false
[dbg] ar=35623 am=6 aA=6 aH=0 l=false j=false fullRedraw=false
[fifo] ar=35629 state
[devMouse] aA=6/6 cursor=(31,58) cam=(-523,628) Q=3743 aE=512 Y=0 sel=6
[devMouse] p0 unit 0 tile=(40,59) type=0 sel=true
[devMouse] p0 unit 1 tile=(40,60) type=0 sel=true
[devMouse] p0 unit 2 tile=(38,60) type=0 sel=true
[devMouse] p0 unit 3 tile=(29,59) type=3 sel=true
[devMouse] p0 unit 4 tile=(30,59) type=3 sel=true
[devMouse] p0 unit 5 tile=(30,60) type=3 sel=true
[devMouse] p0 unit 6 tile=(29,60) type=3 sel=true
[devMouse] p0 unit 7 tile=(30,57) type=4 sel=true
[devMouse] p0 unit 8 tile=(30,56) type=4 sel=true
[devMouse] p0 unit 9 tile=(30,55) type=4 sel=true
[devMouse] p0 unit 10 tile=(28,58) type=6 sel=true
[devMouse] p1 unit 0 tile=(48,48) type=3 sel=false
[devMouse] p1 unit 1 tile=(40,34) type=3 sel=false
[devMouse] p1 unit 2 tile=(60,55) type=3 sel=false
[devMouse] p1 unit 3 tile=(61,45) type=3 sel=false
[devMouse] p1 unit 4 tile=(49,24) type=3 sel=false
[devMouse] p1 unit 5 tile=(48,25) type=3 sel=false
[devMouse] p1 unit 6 tile=(54,19) type=3 sel=false
[devMouse] p1 unit 7 tile=(36,23) type=4 sel=false
[devMouse] p1 unit 8 tile=(37,22) type=4 sel=false
[devMouse] p1 unit 9 tile=(49,33) type=4 sel=false
[devMouse] p1 unit 10 tile=(32,17) type=3 sel=false
[devMouse] p1 unit 11 tile=(25,21) type=4 sel=false
[devMouse] p1 unit 12 tile=(22,26) type=3 sel=false
[devMouse] p1 unit 13 tile=(23,27) type=3 sel=false
[devMouse] p1 unit 14 tile=(15,47) type=3 sel=false
[devMouse] p1 unit 15 tile=(16,54) type=3 sel=false
[dbg] ar=35648 am=6 aA=6 aH=0 l=false j=false fullRedraw=false
[dbg] ar=35673 am=6 aA=6 aH=0 l=false j=false fullRedraw=false
[fifo] ar=35683 slots 0
[slots] p0 n=11 0:t0@(40,59)w13 1:t0@(40,60)w512 2:t0@(39,58)w13 3:t3@(29,59)w0 4:t3@(30,59)w0 5:t3@(30,60)w0 6:t3@(29,60)w0 7:t4@(30,57)w0 8:t4@(30,56)w0 9:t4@(30,55)w0 10:t6@(28,58)w0
[dbg] ar=35698 am=6 aA=6 aH=0 l=false j=false fullRedraw=false
[fifo] ar=35707 retask 0 41 58
[devMouse] retask slot0 (38,59)w13 -> (41,58)
[fifo] ar=35714 retask 2 41 60
[devMouse] retask slot2 (36,58)w13 -> (41,60)
[fifo] ar=35722 save /tmp/aoe-camp/m1/t.aoesave
[save] wrote /tmp/aoe-camp/m1/t.aoesave (12294B) ar=35723
[dbg] ar=35723 am=6 aA=6 aH=0 l=false j=false fullRedraw=false
[dbg] ar=35748 am=6 aA=6 aH=0 l=false j=false fullRedraw=false
[fifo] ar=35769 slots 0
[slots] p0 n=11 0:t0@(40,58)w3e12 1:t0@(39,59)w13 2:t0@(40,60)w5812 3:t3@(29,59)w0 4:t3@(30,59)w0 5:t3@(30,60)w0 6:t3@(29,60)w0 7:t4@(30,57)w0 8:t4@(30,56)w0 9:t4@(30,55)w0 10:t6@(28,58)w0
[dbg] ar=35773 am=6 aA=6 aH=0 l=false j=false fullRedraw=false
[fifo] ar=35794 retask 1 41 59
[devMouse] retask slot1 (38,60)w13 -> (41,59)
[dbg] ar=35798 am=6 aA=6 aH=0 l=false j=false fullRedraw=false
[fifo] ar=35801 save /tmp/aoe-camp/m1/t.aoesave
[save] wrote /tmp/aoe-camp/m1/t.aoesave (12294B) ar=35802
[dbg] ar=35823 am=6 aA=6 aH=0 l=false j=false fullRedraw=false
[fifo] ar=35848 slots 0
[slots] p0 n=11 0:t0@(38,59)w13 1:t0@(40,59)w4512 2:t0@(40,60)w912 3:t3@(29,59)w0 4:t3@(30,59)w0 5:t3@(30,60)w0 6:t3@(29,60)w0 7:t4@(30,57)w0 8:t4@(30,56)w0 9:t4@(30,55)w0 10:t6@(28,58)w0
[dbg] ar=35848 am=6 aA=6 aH=0 l=false j=false fullRedraw=false
[dbg] ar=35873 am=6 aA=6 aH=0 l=false j=false fullRedraw=false
[fifo] ar=35874 retask 0 41 58
[devMouse] retask slot0 (39,59)w13 -> (41,58)
[fifo] ar=35881 save /tmp/aoe-camp/m1/t.aoesave
[save] wrote /tmp/aoe-camp/m1/t.aoesave (12294B) ar=35882
[dbg] ar=35898 am=6 aA=6 aH=0 l=false j=false fullRedraw=false
[dbg] ar=35923 am=6 aA=6 aH=0 l=false j=false fullRedraw=false
[fifo] ar=35927 slots 0
[slots] p0 n=11 0:t0@(40,58)w6112 1:t0@(39,60)w13 2:t0@(39,58)w13 3:t3@(29,59)w0 4:t3@(30,59)w0 5:t3@(30,60)w0 6:t3@(29,60)w0 7:t4@(30,57)w0 8:t4@(30,56)w0 9:t4@(30,55)w0 10:t6@(28,58)w0
[dbg] ar=35948 am=6 aA=6 aH=0 l=false j=false fullRedraw=false
[fifo] ar=35952 retask 1 41 59
[devMouse] retask slot1 (39,59)w13 -> (41,59)
[fifo] ar=35960 retask 2 41 60
[devMouse] retask slot2 (38,59)w13 -> (41,60)
[fifo] ar=35967 save /tmp/aoe-camp/m1/t.aoesave
[save] wrote /tmp/aoe-camp/m1/t.aoesave (12294B) ar=35968
[dbg] ar=35973 am=6 aA=6 aH=0 l=false j=false fullRedraw=false
[dbg] ar=35998 am=6 aA=6 aH=0 l=false j=false fullRedraw=false
[fifo] ar=36015 slots 0
[slots] p0 n=11 0:t0@(40,58)w912 1:t0@(40,59)w3212 2:t0@(40,60)w4712 3:t3@(29,59)w0 4:t3@(30,59)w0 5:t3@(30,60)w0 6:t3@(29,60)w0 7:t4@(30,57)w0 8:t4@(30,56)w0 9:t4@(30,55)w0 10:t6@(28,58)w0
[dbg] ar=36023 am=6 aA=6 aH=0 l=false j=false fullRedraw=false
[fifo] ar=36041 save /tmp/aoe-camp/m1/t.aoesave
[save] wrote /tmp/aoe-camp/m1/t.aoesave (12294B) ar=36042
[dbg] ar=36048 am=6 aA=6 aH=0 l=false j=false fullRedraw=false
[dbg] ar=36073 am=6 aA=6 aH=0 l=false j=false fullRedraw=false
[fifo] ar=36086 state
[devMouse] aA=6/6 cursor=(31,58) cam=(-523,628) Q=3743 aE=512 Y=0 sel=6
[devMouse] p0 unit 0 tile=(39,60) type=0 sel=true
[devMouse] p0 unit 1 tile=(38,59) type=0 sel=true
[devMouse] p0 unit 2 tile=(40,60) type=0 sel=true
[devMouse] p0 unit 3 tile=(29,59) type=3 sel=true
[devMouse] p0 unit 4 tile=(30,59) type=3 sel=true
[devMouse] p0 unit 5 tile=(30,60) type=3 sel=true
[devMouse] p0 unit 6 tile=(29,60) type=3 sel=true
[devMouse] p0 unit 7 tile=(30,57) type=4 sel=true
[devMouse] p0 unit 8 tile=(30,56) type=4 sel=true
[devMouse] p0 unit 9 tile=(30,55) type=4 sel=true
[devMouse] p0 unit 10 tile=(28,58) type=6 sel=true
[devMouse] p1 unit 0 tile=(48,48) type=3 sel=false
[devMouse] p1 unit 1 tile=(40,34) type=3 sel=false
[devMouse] p1 unit 2 tile=(60,55) type=3 sel=false
[devMouse] p1 unit 3 tile=(61,45) type=3 sel=false
[devMouse] p1 unit 4 tile=(49,24) type=3 sel=false
[devMouse] p1 unit 5 tile=(48,25) type=3 sel=false
[devMouse] p1 unit 6 tile=(54,19) type=3 sel=false
[devMouse] p1 unit 7 tile=(36,23) type=4 sel=false
[devMouse] p1 unit 8 tile=(37,22) type=4 sel=false
[devMouse] p1 unit 9 tile=(49,33) type=4 sel=false
[devMouse] p1 unit 10 tile=(32,17) type=3 sel=false
[devMouse] p1 unit 11 tile=(25,21) type=4 sel=false
[devMouse] p1 unit 12 tile=(22,26) type=3 sel=false
[devMouse] p1 unit 13 tile=(23,27) type=3 sel=false
[devMouse] p1 unit 14 tile=(15,47) type=3 sel=false
[devMouse] p1 unit 15 tile=(16,54) type=3 sel=false
[dbg] ar=36098 am=6 aA=6 aH=0 l=false j=false fullRedraw=false
[dbg] ar=36123 am=6 aA=6 aH=0 l=false j=false fullRedraw=false
[fifo] ar=36141 slots 0
[slots] p0 n=11 0:t0@(39,60)w13 1:t0@(40,59)w13 2:t0@(39,59)w13 3:t3@(29,59)w0 4:t3@(30,59)w0 5:t3@(30,60)w0 6:t3@(29,60)w0 7:t4@(30,57)w0 8:t4@(30,56)w0 9:t4@(30,55)w0 10:t6@(28,58)w0
[dbg] ar=36148 am=6 aA=6 aH=0 l=false j=false fullRedraw=false
[fifo] ar=36167 retask 0 41 58
[devMouse] retask slot0 (40,59)w13 -> (41,58)
[dbg] ar=36173 am=6 aA=6 aH=0 l=false j=false fullRedraw=false
[fifo] ar=36174 retask 1 41 59
[devMouse] retask slot1 (39,59)w13 -> (41,59)
[fifo] ar=36182 retask 2 41 60
[devMouse] retask slot2 (38,59)w13 -> (41,60)
[fifo] ar=36190 save /tmp/aoe-camp/m1/t.aoesave
[save] wrote /tmp/aoe-camp/m1/t.aoesave (12294B) ar=36191
[dbg] ar=36198 am=6 aA=6 aH=0 l=false j=false fullRedraw=false
[dbg] ar=36223 am=6 aA=6 aH=0 l=false j=false fullRedraw=false
[fifo] ar=36238 slots 0
[slots] p0 n=11 0:t0@(40,59)w2112 1:t0@(40,60)w3812 2:t0@(40,58)w0 3:t3@(29,59)w0 4:t3@(30,59)w0 5:t3@(30,60)w0 6:t3@(29,60)w0 7:t4@(30,57)w0 8:t4@(30,56)w0 9:t4@(30,55)w0 10:t6@(28,58)w0
[dbg] ar=36248 am=6 aA=6 aH=0 l=false j=false fullRedraw=false
[fifo] ar=36262 retask 2 41 60
[devMouse] retask slot2 (39,59)w0 -> (41,60)
[fifo] ar=36270 save /tmp/aoe-camp/m1/t.aoesave
[save] wrote /tmp/aoe-camp/m1/t.aoesave (12294B) ar=36271
[dbg] ar=36273 am=6 aA=6 aH=0 l=false j=false fullRedraw=false
[dbg] ar=36298 am=6 aA=6 aH=0 l=false j=false fullRedraw=false
[fifo] ar=36318 slots 0
[slots] p0 n=11 0:t0@(38,58)w13 1:t0@(40,58)w13 2:t0@(40,59)w4512 3:t3@(29,59)w0 4:t3@(30,59)w0 5:t3@(30,60)w0 6:t3@(29,60)w0 7:t4@(30,57)w0 8:t4@(30,56)w0 9:t4@(30,55)w0 10:t6@(28,58)w0
[dbg] ar=36323 am=6 aA=6 aH=0 l=false j=false fullRedraw=false
[fifo] ar=36343 retask 0 41 58
[devMouse] retask slot0 (39,60)w13 -> (41,58)
[dbg] ar=36348 am=6 aA=6 aH=0 l=false j=false fullRedraw=false
[fifo] ar=36351 retask 1 41 59
[devMouse] retask slot1 (40,60)w13 -> (41,59)
[fifo] ar=36360 save /tmp/aoe-camp/m1/t.aoesave
[save] wrote /tmp/aoe-camp/m1/t.aoesave (12294B) ar=36361
[dbg] ar=36373 am=6 aA=6 aH=0 l=false j=false fullRedraw=false
[dbg] ar=36398 am=6 aA=6 aH=0 l=false j=false fullRedraw=false
[fifo] ar=36405 slots 0
[slots] p0 n=11 0:t0@(40,58)w4d12 1:t0@(40,60)w3712 2:t0@(38,60)w13 3:t3@(29,59)w0 4:t3@(30,59)w0 5:t3@(30,60)w0 6:t3@(29,60)w0 7:t4@(30,57)w0 8:t4@(30,56)w0 9:t4@(30,55)w0 10:t6@(28,58)w0
[dbg] ar=36423 am=6 aA=6 aH=0 l=false j=false fullRedraw=false
[fifo] ar=36430 retask 2 41 60
[devMouse] retask slot2 (39,59)w13 -> (41,60)
[fifo] ar=36438 save /tmp/aoe-camp/m1/t.aoesave
[save] wrote /tmp/aoe-camp/m1/t.aoesave (12294B) ar=36439
[dbg] ar=36448 am=6 aA=6 aH=0 l=false j=false fullRedraw=false
[dbg] ar=36473 am=6 aA=6 aH=0 l=false j=false fullRedraw=false
[fifo] ar=36485 slots 0
[slots] p0 n=11 0:t0@(40,59)w13 1:t0@(38,58)w13 2:t0@(40,60)w0 3:t3@(29,59)w0 4:t3@(30,59)w0 5:t3@(30,60)w0 6:t3@(29,60)w0 7:t4@(30,57)w0 8:t4@(30,56)w0 9:t4@(30,55)w0 10:t6@(28,58)w0
[dbg] ar=36498 am=6 aA=6 aH=0 l=false j=false fullRedraw=false
[fifo] ar=36509 retask 0 41 58
[devMouse] retask slot0 (38,60)w13 -> (41,58)
[fifo] ar=36518 retask 1 41 59
[devMouse] retask slot1 (40,59)w13 -> (41,59)
[dbg] ar=36523 am=6 aA=6 aH=0 l=false j=false fullRedraw=false
[fifo] ar=36526 retask 2 41 60
[devMouse] retask slot2 (40,60)w3f12 -> (41,60)
[fifo] ar=36533 save /tmp/aoe-camp/m1/t.aoesave
[save] wrote /tmp/aoe-camp/m1/t.aoesave (12294B) ar=36534
[dbg] ar=36548 am=6 aA=6 aH=0 l=false j=false fullRedraw=false
[dbg] ar=36573 am=6 aA=6 aH=0 l=false j=false fullRedraw=false
[fifo] ar=36581 state
[devMouse] aA=6/6 cursor=(31,58) cam=(-523,628) Q=3743 aE=512 Y=0 sel=6
[devMouse] p0 unit 0 tile=(40,58) type=0 sel=true
[devMouse] p0 unit 1 tile=(40,59) type=0 sel=true
[devMouse] p0 unit 2 tile=(40,60) type=0 sel=true
[devMouse] p0 unit 3 tile=(29,59) type=3 sel=true
[devMouse] p0 unit 4 tile=(30,59) type=3 sel=true
[devMouse] p0 unit 5 tile=(30,60) type=3 sel=true
[devMouse] p0 unit 6 tile=(29,60) type=3 sel=true
[devMouse] p0 unit 7 tile=(30,57) type=4 sel=true
[devMouse] p0 unit 8 tile=(30,56) type=4 sel=true
[devMouse] p0 unit 9 tile=(30,55) type=4 sel=true
[devMouse] p0 unit 10 tile=(28,58) type=6 sel=true
[devMouse] p1 unit 0 tile=(48,48) type=3 sel=false
[devMouse] p1 unit 1 tile=(40,34) type=3 sel=false
[devMouse] p1 unit 2 tile=(60,55) type=3 sel=false
[devMouse] p1 unit 3 tile=(61,45) type=3 sel=false
[devMouse] p1 unit 4 tile=(49,24) type=3 sel=false
[devMouse] p1 unit 5 tile=(48,25) type=3 sel=false
[devMouse] p1 unit 6 tile=(54,19) type=3 sel=false
[devMouse] p1 unit 7 tile=(36,23) type=4 sel=false
[devMouse] p1 unit 8 tile=(37,22) type=4 sel=false
[devMouse] p1 unit 9 tile=(49,33) type=4 sel=false
[devMouse] p1 unit 10 tile=(32,17) type=3 sel=false
[devMouse] p1 unit 11 tile=(25,21) type=4 sel=false
[devMouse] p1 unit 12 tile=(22,26) type=3 sel=false
[devMouse] p1 unit 13 tile=(23,27) type=3 sel=false
[devMouse] p1 unit 14 tile=(15,47) type=3 sel=false
[devMouse] p1 unit 15 tile=(16,54) type=3 sel=false
[dbg] ar=36598 am=6 aA=6 aH=0 l=false j=false fullRedraw=false
[dbg] ar=36623 am=6 aA=6 aH=0 l=false j=false fullRedraw=false
[fifo] ar=36634 slots 0
[slots] p0 n=11 0:t0@(40,58)we12 1:t0@(39,60)w13 2:t0@(40,59)w13 3:t3@(29,59)w0 4:t3@(30,59)w0 5:t3@(30,60)w0 6:t3@(29,60)w0 7:t4@(30,57)w0 8:t4@(30,56)w0 9:t4@(30,55)w0 10:t6@(28,58)w0
[dbg] ar=36648 am=6 aA=6 aH=0 l=false j=false fullRedraw=false
[fifo] ar=36658 retask 1 41 59
[devMouse] retask slot1 (39,58)w13 -> (41,59)
[fifo] ar=36667 retask 2 41 60
[devMouse] retask slot2 (38,59)w13 -> (41,60)
[dbg] ar=36673 am=6 aA=6 aH=0 l=false j=false fullRedraw=false
[fifo] ar=36675 save /tmp/aoe-camp/m1/t.aoesave
[save] wrote /tmp/aoe-camp/m1/t.aoesave (12294B) ar=36676
[dbg] ar=36698 am=6 aA=6 aH=0 l=false j=false fullRedraw=false
[fifo] ar=36721 slots 0
[slots] p0 n=11 0:t0@(39,58)w13 1:t0@(38,59)w0 2:t0@(40,60)w4b12 3:t3@(29,59)w0 4:t3@(30,59)w0 5:t3@(30,60)w0 6:t3@(29,60)w0 7:t4@(30,57)w0 8:t4@(30,56)w0 9:t4@(30,55)w0 10:t6@(28,58)w0
[dbg] ar=36723 am=6 aA=6 aH=0 l=false j=false fullRedraw=false
[fifo] ar=36745 retask 0 41 58
[devMouse] retask slot0 (40,58)w13 -> (41,58)
[dbg] ar=36748 am=6 aA=6 aH=0 l=false j=false fullRedraw=false
[fifo] ar=36753 retask 1 41 59
[devMouse] retask slot1 (38,59)w0 -> (41,59)
[fifo] ar=36761 save /tmp/aoe-camp/m1/t.aoesave
[save] wrote /tmp/aoe-camp/m1/t.aoesave (12294B) ar=36762
[dbg] ar=36773 am=6 aA=6 aH=0 l=false j=false fullRedraw=false
[dbg] ar=36798 am=6 aA=6 aH=0 l=false j=false fullRedraw=false
[fifo] ar=36808 slots 0
[slots] p0 n=11 0:t0@(40,58)w2a12 1:t0@(40,59)w4a12 2:t0@(39,58)w13 3:t3@(29,59)w0 4:t3@(30,59)w0 5:t3@(30,60)w0 6:t3@(29,60)w0 7:t4@(30,57)w0 8:t4@(30,56)w0 9:t4@(30,55)w0 10:t6@(28,58)w0
[dbg] ar=36823 am=6 aA=6 aH=0 l=false j=false fullRedraw=false
[fifo] ar=36833 retask 2 41 60
[devMouse] retask slot2 (38,59)w13 -> (41,60)
[fifo] ar=36840 save /tmp/aoe-camp/m1/t.aoesave
[save] wrote /tmp/aoe-camp/m1/t.aoesave (12294B) ar=36841
[dbg] ar=36848 am=6 aA=6 aH=0 l=false j=false fullRedraw=false
[dbg] ar=36873 am=6 aA=6 aH=0 l=false j=false fullRedraw=false
[fifo] ar=36886 slots 0
[slots] p0 n=11 0:t0@(38,58)w13 1:t0@(40,58)w13 2:t0@(40,60)w4b12 3:t3@(29,59)w0 4:t3@(30,59)w0 5:t3@(30,60)w0 6:t3@(29,60)w0 7:t4@(30,57)w0 8:t4@(30,56)w0 9:t4@(30,55)w0 10:t6@(28,58)w0
[dbg] ar=36898 am=6 aA=6 aH=0 l=false j=false fullRedraw=false
[fifo] ar=36911 retask 0 41 58
[devMouse] retask slot0 (39,59)w13 -> (41,58)
[fifo] ar=36920 retask 1 41 59
[devMouse] retask slot1 (39,58)w13 -> (41,59)
[dbg] ar=36923 am=6 aA=6 aH=0 l=false j=false fullRedraw=false
[fifo] ar=36928 save /tmp/aoe-camp/m1/t.aoesave
[save] wrote /tmp/aoe-camp/m1/t.aoesave (12294B) ar=36929
[dbg] ar=36948 am=6 aA=6 aH=0 l=false j=false fullRedraw=false
[dbg] ar=36973 am=6 aA=6 aH=0 l=false j=false fullRedraw=false
[fifo] ar=36975 slots 0
[slots] p0 n=11 0:t0@(40,58)w5612 1:t0@(40,59)w4012 2:t0@(39,58)w13 3:t3@(29,59)w0 4:t3@(30,59)w0 5:t3@(30,60)w0 6:t3@(29,60)w0 7:t4@(30,57)w0 8:t4@(30,56)w0 9:t4@(30,55)w0 10:t6@(28,58)w0
[fifo] ar=36998 retask 2 41 60
[devMouse] retask slot2 (38,59)w13 -> (41,60)
[dbg] ar=36998 am=6 aA=6 aH=0 l=false j=false fullRedraw=false
[fifo] ar=37007 save /tmp/aoe-camp/m1/t.aoesave
[save] wrote /tmp/aoe-camp/m1/t.aoesave (12294B) ar=37008
[dbg] ar=37023 am=6 aA=6 aH=0 l=false j=false fullRedraw=false
[dbg] ar=37048 am=6 aA=6 aH=0 l=false j=false fullRedraw=false
[fifo] ar=37051 state
[devMouse] aA=6/6 cursor=(31,58) cam=(-523,628) Q=3743 aE=512 Y=0 sel=6
[devMouse] p0 unit 0 tile=(40,58) type=0 sel=true
[devMouse] p0 unit 1 tile=(38,60) type=0 sel=true
[devMouse] p0 unit 2 tile=(40,60) type=0 sel=true
[devMouse] p0 unit 3 tile=(29,59) type=3 sel=true
[devMouse] p0 unit 4 tile=(30,59) type=3 sel=true
[devMouse] p0 unit 5 tile=(30,60) type=3 sel=true
[devMouse] p0 unit 6 tile=(29,60) type=3 sel=true
[devMouse] p0 unit 7 tile=(30,57) type=4 sel=true
[devMouse] p0 unit 8 tile=(30,56) type=4 sel=true
[devMouse] p0 unit 9 tile=(30,55) type=4 sel=true
[devMouse] p0 unit 10 tile=(28,58) type=6 sel=true
[devMouse] p1 unit 0 tile=(48,48) type=3 sel=false
[devMouse] p1 unit 1 tile=(40,34) type=3 sel=false
[devMouse] p1 unit 2 tile=(60,55) type=3 sel=false
[devMouse] p1 unit 3 tile=(61,45) type=3 sel=false
[devMouse] p1 unit 4 tile=(49,24) type=3 sel=false
[devMouse] p1 unit 5 tile=(48,25) type=3 sel=false
[devMouse] p1 unit 6 tile=(54,19) type=3 sel=false
[devMouse] p1 unit 7 tile=(36,23) type=4 sel=false
[devMouse] p1 unit 8 tile=(37,22) type=4 sel=false
[devMouse] p1 unit 9 tile=(49,33) type=4 sel=false
[devMouse] p1 unit 10 tile=(32,17) type=3 sel=false
[devMouse] p1 unit 11 tile=(25,21) type=4 sel=false
[devMouse] p1 unit 12 tile=(22,26) type=3 sel=false
[devMouse] p1 unit 13 tile=(23,27) type=3 sel=false
[devMouse] p1 unit 14 tile=(15,47) type=3 sel=false
[devMouse] p1 unit 15 tile=(16,54) type=3 sel=false
[dbg] ar=37073 am=6 aA=6 aH=0 l=false j=false fullRedraw=false
[dbg] ar=37098 am=6 aA=6 aH=0 l=false j=false fullRedraw=false
[fifo] ar=37105 slots 0
[slots] p0 n=11 0:t0@(38,59)w13 1:t0@(39,58)w13 2:t0@(40,60)w1612 3:t3@(29,59)w0 4:t3@(30,59)w0 5:t3@(30,60)w0 6:t3@(29,60)w0 7:t4@(30,57)w0 8:t4@(30,56)w0 9:t4@(30,55)w0 10:t6@(28,58)w0
[dbg] ar=37123 am=6 aA=6 aH=0 l=false j=false fullRedraw=false
[fifo] ar=37129 retask 0 41 58
[devMouse] retask slot0 (40,58)w13 -> (41,58)
[fifo] ar=37137 retask 1 41 59
[devMouse] retask slot1 (40,60)w13 -> (41,59)
[fifo] ar=37145 save /tmp/aoe-camp/m1/t.aoesave
[save] wrote /tmp/aoe-camp/m1/t.aoesave (12294B) ar=37146
[dbg] ar=37148 am=6 aA=6 aH=0 l=false j=false fullRedraw=false
[dbg] ar=37173 am=6 aA=6 aH=0 l=false j=false fullRedraw=false
[fifo] ar=37189 slots 0
[slots] p0 n=11 0:t0@(40,58)w2f12 1:t0@(40,60)w3412 2:t0@(40,59)w13 3:t3@(29,59)w0 4:t3@(30,59)w0 5:t3@(30,60)w0 6:t3@(29,60)w0 7:t4@(30,57)w0 8:t4@(30,56)w0 9:t4@(30,55)w0 10:t6@(28,58)w0
[dbg] ar=37198 am=6 aA=6 aH=0 l=false j=false fullRedraw=false
[fifo] ar=37213 retask 2 41 60
[devMouse] retask slot2 (37,59)w13 -> (41,60)
[fifo] ar=37220 save /tmp/aoe-camp/m1/t.aoesave
[save] wrote /tmp/aoe-camp/m1/t.aoesave (12294B) ar=37221
[dbg] ar=37223 am=6 aA=6 aH=0 l=false j=false fullRedraw=false
[dbg] ar=37248 am=6 aA=6 aH=0 l=false j=false fullRedraw=false
[fifo] ar=37268 slots 0
[slots] p0 n=11 0:t0@(38,58)w13 1:t0@(40,58)w13 2:t0@(40,59)w5012 3:t3@(29,59)w0 4:t3@(30,59)w0 5:t3@(30,60)w0 6:t3@(29,60)w0 7:t4@(30,57)w0 8:t4@(30,56)w0 9:t4@(30,55)w0 10:t6@(28,58)w0
[dbg] ar=37273 am=6 aA=6 aH=0 l=false j=false fullRedraw=false
[fifo] ar=37293 retask 0 41 58
[devMouse] retask slot0 (40,60)w13 -> (41,58)
[dbg] ar=37298 am=6 aA=6 aH=0 l=false j=false fullRedraw=false
[fifo] ar=37300 retask 1 41 59
[devMouse] retask slot1 (40,58)w13 -> (41,59)
[fifo] ar=37308 save /tmp/aoe-camp/m1/t.aoesave
[save] wrote /tmp/aoe-camp/m1/t.aoesave (12294B) ar=37309
[dbg] ar=37323 am=6 aA=6 aH=0 l=false j=false fullRedraw=false
[dbg] ar=37348 am=6 aA=6 aH=0 l=false j=false fullRedraw=false
[fifo] ar=37355 slots 0
[slots] p0 n=11 0:t0@(40,59)w0 1:t0@(40,58)w3412 2:t0@(40,60)w13 3:t3@(29,59)w0 4:t3@(30,59)w0 5:t3@(30,60)w0 6:t3@(29,60)w0 7:t4@(30,57)w0 8:t4@(30,56)w0 9:t4@(30,55)w0 10:t6@(28,58)w0
[dbg] ar=37373 am=6 aA=6 aH=0 l=false j=false fullRedraw=false
[fifo] ar=37381 retask 0 41 58
[devMouse] retask slot0 (40,59)w5412 -> (41,58)
[fifo] ar=37388 retask 2 41 60
[devMouse] retask slot2 (40,60)w13 -> (41,60)
[fifo] ar=37396 save /tmp/aoe-camp/m1/t.aoesave
[save] wrote /tmp/aoe-camp/m1/t.aoesave (12294B) ar=37397
[dbg] ar=37398 am=6 aA=6 aH=0 l=false j=false fullRedraw=false
[dbg] ar=37423 am=6 aA=6 aH=0 l=false j=false fullRedraw=false
[fifo] ar=37442 slots 0
[slots] p0 n=11 0:t0@(40,59)w2a12 1:t0@(38,58)w13 2:t0@(40,60)w3512 3:t3@(29,59)w0 4:t3@(30,59)w0 5:t3@(30,60)w0 6:t3@(29,60)w0 7:t4@(30,57)w0 8:t4@(30,56)w0 9:t4@(30,55)w0 10:t6@(28,58)w0
[dbg] ar=37448 am=6 aA=6 aH=0 l=false j=false fullRedraw=false
[fifo] ar=37467 retask 1 41 59
[devMouse] retask slot1 (39,59)w13 -> (41,59)
[dbg] ar=37473 am=6 aA=6 aH=0 l=false j=false fullRedraw=false
[fifo] ar=37475 save /tmp/aoe-camp/m1/t.aoesave
[save] wrote /tmp/aoe-camp/m1/t.aoesave (12294B) ar=37476
[dbg] ar=37498 am=6 aA=6 aH=0 l=false j=false fullRedraw=false
[fifo] ar=37523 state
[devMouse] aA=6/6 cursor=(31,58) cam=(-523,628) Q=3743 aE=512 Y=0 sel=6
[devMouse] p0 unit 0 tile=(40,60) type=0 sel=true
[devMouse] p0 unit 1 tile=(40,59) type=0 sel=true
[devMouse] p0 unit 2 tile=(39,59) type=0 sel=true
[devMouse] p0 unit 3 tile=(29,59) type=3 sel=true
[devMouse] p0 unit 4 tile=(30,59) type=3 sel=true
[devMouse] p0 unit 5 tile=(30,60) type=3 sel=true
[devMouse] p0 unit 6 tile=(29,60) type=3 sel=true
[devMouse] p0 unit 7 tile=(30,57) type=4 sel=true
[devMouse] p0 unit 8 tile=(30,56) type=4 sel=true
[devMouse] p0 unit 9 tile=(30,55) type=4 sel=true
[devMouse] p0 unit 10 tile=(28,58) type=6 sel=true
[devMouse] p1 unit 0 tile=(48,48) type=3 sel=false
[devMouse] p1 unit 1 tile=(40,34) type=3 sel=false
[devMouse] p1 unit 2 tile=(60,55) type=3 sel=false
[devMouse] p1 unit 3 tile=(61,45) type=3 sel=false
[devMouse] p1 unit 4 tile=(49,24) type=3 sel=false
[devMouse] p1 unit 5 tile=(48,25) type=3 sel=false
[devMouse] p1 unit 6 tile=(54,19) type=3 sel=false
[devMouse] p1 unit 7 tile=(36,23) type=4 sel=false
[devMouse] p1 unit 8 tile=(37,22) type=4 sel=false
[devMouse] p1 unit 9 tile=(49,33) type=4 sel=false
[devMouse] p1 unit 10 tile=(32,17) type=3 sel=false
[devMouse] p1 unit 11 tile=(25,21) type=4 sel=false
[devMouse] p1 unit 12 tile=(22,26) type=3 sel=false
[devMouse] p1 unit 13 tile=(23,27) type=3 sel=false
[devMouse] p1 unit 14 tile=(15,47) type=3 sel=false
[devMouse] p1 unit 15 tile=(16,54) type=3 sel=false
[dbg] ar=37523 am=6 aA=6 aH=0 l=false j=false fullRedraw=false
[dbg] ar=37548 am=6 aA=6 aH=0 l=false j=false fullRedraw=false
[dbg] ar=37573 am=6 aA=6 aH=0 l=false j=false fullRedraw=false
[fifo] ar=37578 slots 0
[slots] p0 n=11 0:t0@(39,59)w13 1:t0@(40,59)w2812 2:t0@(40,60)w13 3:t3@(29,59)w0 4:t3@(30,59)w0 5:t3@(30,60)w0 6:t3@(29,60)w0 7:t4@(30,57)w0 8:t4@(30,56)w0 9:t4@(30,55)w0 10:t6@(28,58)w0
[dbg] ar=37598 am=6 aA=6 aH=0 l=false j=false fullRedraw=false
[fifo] ar=37603 retask 0 41 58
[devMouse] retask slot0 (39,59)w13 -> (41,58)
[fifo] ar=37611 retask 2 41 60
[devMouse] retask slot2 (37,58)w13 -> (41,60)
[fifo] ar=37619 save /tmp/aoe-camp/m1/t.aoesave
[save] wrote /tmp/aoe-camp/m1/t.aoesave (12294B) ar=37620
[dbg] ar=37623 am=6 aA=6 aH=0 l=false j=false fullRedraw=false
[dbg] ar=37648 am=6 aA=6 aH=0 l=false j=false fullRedraw=false
[fifo] ar=37665 slots 0
[slots] p0 n=11 0:t0@(40,58)w3a12 1:t0@(39,60)w13 2:t0@(40,59)w4e12 3:t3@(29,59)w0 4:t3@(30,59)w0 5:t3@(30,60)w0 6:t3@(29,60)w0 7:t4@(30,57)w0 8:t4@(30,56)w0 9:t4@(30,55)w0 10:t6@(28,58)w0
[dbg] ar=37673 am=6 aA=6 aH=0 l=false j=false fullRedraw=false
[fifo] ar=37688 retask 1 41 59
[devMouse] retask slot1 (39,59)w13 -> (41,59)
[fifo] ar=37696 save /tmp/aoe-camp/m1/t.aoesave
[save] wrote /tmp/aoe-camp/m1/t.aoesave (12294B) ar=37697
[dbg] ar=37698 am=6 aA=6 aH=0 l=false j=false fullRedraw=false
[dbg] ar=37723 am=6 aA=6 aH=0 l=false j=false fullRedraw=false
[fifo] ar=37742 slots 0
[slots] p0 n=11 0:t0@(37,58)w13 1:t0@(40,60)w3c12 2:t0@(40,59)w13 3:t3@(29,59)w0 4:t3@(30,59)w0 5:t3@(30,60)w0 6:t3@(29,60)w0 7:t4@(30,57)w0 8:t4@(30,56)w0 9:t4@(30,55)w0 10:t6@(28,58)w0
[dbg] ar=37748 am=6 aA=6 aH=0 l=false j=false fullRedraw=false
[fifo] ar=37767 retask 0 41 58
[devMouse] retask slot0 (39,58)w13 -> (41,58)
[dbg] ar=37773 am=6 aA=6 aH=0 l=false j=false fullRedraw=false
[fifo] ar=37775 retask 2 41 60
[devMouse] retask slot2 (38,59)w13 -> (41,60)
[fifo] ar=37783 save /tmp/aoe-camp/m1/t.aoesave
[save] wrote /tmp/aoe-camp/m1/t.aoesave (12294B) ar=37784
[dbg] ar=37798 am=6 aA=6 aH=0 l=false j=false fullRedraw=false
[dbg] ar=37823 am=6 aA=6 aH=0 l=false j=false fullRedraw=false
[fifo] ar=37829 slots 0
[slots] p0 n=11 0:t0@(40,58)w3212 1:t0@(38,58)w13 2:t0@(39,60)w0 3:t3@(29,59)w0 4:t3@(30,59)w0 5:t3@(30,60)w0 6:t3@(29,60)w0 7:t4@(30,57)w0 8:t4@(30,56)w0 9:t4@(30,55)w0 10:t6@(28,58)w0
[dbg] ar=37848 am=6 aA=6 aH=0 l=false j=false fullRedraw=false
[fifo] ar=37855 retask 1 41 59
[devMouse] retask slot1 (39,59)w13 -> (41,59)
[fifo] ar=37863 retask 2 41 60
[devMouse] retask slot2 (40,60)w5112 -> (41,60)
[fifo] ar=37871 save /tmp/aoe-camp/m1/t.aoesave
[save] wrote /tmp/aoe-camp/m1/t.aoesave (12294B) ar=37872
[dbg] ar=37873 am=6 aA=6 aH=0 l=false j=false fullRedraw=false
[dbg] ar=37898 am=6 aA=6 aH=0 l=false j=false fullRedraw=false
[fifo] ar=37918 slots 0
[slots] p0 n=11 0:t0@(39,58)w13 1:t0@(40,59)w3212 2:t0@(40,60)w3012 3:t3@(29,59)w0 4:t3@(30,59)w0 5:t3@(30,60)w0 6:t3@(29,60)w0 7:t4@(30,57)w0 8:t4@(30,56)w0 9:t4@(30,55)w0 10:t6@(28,58)w0
[dbg] ar=37923 am=6 aA=6 aH=0 l=false j=false fullRedraw=false
[fifo] ar=37944 retask 0 41 58
[devMouse] retask slot0 (38,59)w13 -> (41,58)
[dbg] ar=37948 am=6 aA=6 aH=0 l=false j=false fullRedraw=false
[fifo] ar=37952 save /tmp/aoe-camp/m1/t.aoesave
[save] wrote /tmp/aoe-camp/m1/t.aoesave (12294B) ar=37953
[dbg] ar=37973 am=6 aA=6 aH=0 l=false j=false fullRedraw=false
[fifo] ar=37997 state
[devMouse] aA=6/6 cursor=(31,58) cam=(-523,628) Q=3743 aE=512 Y=0 sel=6
[devMouse] p0 unit 0 tile=(40,58) type=0 sel=true
[devMouse] p0 unit 1 tile=(39,59) type=0 sel=true
[devMouse] p0 unit 2 tile=(39,60) type=0 sel=true
[devMouse] p0 unit 3 tile=(29,59) type=3 sel=true
[devMouse] p0 unit 4 tile=(30,59) type=3 sel=true
[devMouse] p0 unit 5 tile=(30,60) type=3 sel=true
[devMouse] p0 unit 6 tile=(29,60) type=3 sel=true
[devMouse] p0 unit 7 tile=(30,57) type=4 sel=true
[devMouse] p0 unit 8 tile=(30,56) type=4 sel=true
[devMouse] p0 unit 9 tile=(30,55) type=4 sel=true
[devMouse] p0 unit 10 tile=(28,58) type=6 sel=true
[devMouse] p1 unit 0 tile=(48,48) type=3 sel=false
[devMouse] p1 unit 1 tile=(40,34) type=3 sel=false
[devMouse] p1 unit 2 tile=(60,55) type=3 sel=false
[devMouse] p1 unit 3 tile=(61,45) type=3 sel=false
[devMouse] p1 unit 4 tile=(49,24) type=3 sel=false
[devMouse] p1 unit 5 tile=(48,25) type=3 sel=false
[devMouse] p1 unit 6 tile=(54,19) type=3 sel=false
[devMouse] p1 unit 7 tile=(36,23) type=4 sel=false
[devMouse] p1 unit 8 tile=(37,22) type=4 sel=false
[devMouse] p1 unit 9 tile=(49,33) type=4 sel=false
[devMouse] p1 unit 10 tile=(32,17) type=3 sel=false
[devMouse] p1 unit 11 tile=(25,21) type=4 sel=false
[devMouse] p1 unit 12 tile=(22,26) type=3 sel=false
[devMouse] p1 unit 13 tile=(23,27) type=3 sel=false
[devMouse] p1 unit 14 tile=(15,47) type=3 sel=false
[devMouse] p1 unit 15 tile=(16,54) type=3 sel=false
[dbg] ar=37998 am=6 aA=6 aH=0 l=false j=false fullRedraw=false
[dbg] ar=38023 am=6 aA=6 aH=0 l=false j=false fullRedraw=false
[dbg] ar=38048 am=6 aA=6 aH=0 l=false j=false fullRedraw=false
[fifo] ar=38051 slots 0
[slots] p0 n=11 0:t0@(40,58)w1512 1:t0@(40,59)w13 2:t0@(38,59)w13 3:t3@(29,59)w0 4:t3@(30,59)w0 5:t3@(30,60)w0 6:t3@(29,60)w0 7:t4@(30,57)w0 8:t4@(30,56)w0 9:t4@(30,55)w0 10:t6@(28,58)w0
[dbg] ar=38073 am=6 aA=6 aH=0 l=false j=false fullRedraw=false
[fifo] ar=38076 retask 1 41 59
[devMouse] retask slot1 (39,60)w13 -> (41,59)
[fifo] ar=38084 retask 2 41 60
[devMouse] retask slot2 (40,60)w13 -> (41,60)
[fifo] ar=38092 save /tmp/aoe-camp/m1/t.aoesave
[save] wrote /tmp/aoe-camp/m1/t.aoesave (12294B) ar=38093
[dbg] ar=38098 am=6 aA=6 aH=0 l=false j=false fullRedraw=false
[dbg] ar=38123 am=6 aA=6 aH=0 l=false j=false fullRedraw=false
[fifo] ar=38138 slots 0
[slots] p0 n=11 0:t0@(38,59)w13 1:t0@(40,59)w3212 2:t0@(40,60)w3012 3:t3@(29,59)w0 4:t3@(30,59)w0 5:t3@(30,60)w0 6:t3@(29,60)w0 7:t4@(30,57)w0 8:t4@(30,56)w0 9:t4@(30,55)w0 10:t6@(28,58)w0
[dbg] ar=38148 am=6 aA=6 aH=0 l=false j=false fullRedraw=false
[fifo] ar=38163 retask 0 41 58
[devMouse] retask slot0 (39,58)w13 -> (41,58)
[fifo] ar=38171 save /tmp/aoe-camp/m1/t.aoesave
[save] wrote /tmp/aoe-camp/m1/t.aoesave (12294B) ar=38172
[dbg] ar=38173 am=6 aA=6 aH=0 l=false j=false fullRedraw=false
[dbg] ar=38198 am=6 aA=6 aH=0 l=false j=false fullRedraw=false
[fifo] ar=38213 slots 0
[slots] p0 n=11 0:t0@(40,58)w4612 1:t0@(38,59)w13 2:t0@(40,60)w13 3:t3@(29,59)w0 4:t3@(30,59)w0 5:t3@(30,60)w0 6:t3@(29,60)w0 7:t4@(30,57)w0 8:t4@(30,56)w0 9:t4@(30,55)w0 10:t6@(28,58)w0
[dbg] ar=38223 am=6 aA=6 aH=0 l=false j=false fullRedraw=false
[fifo] ar=38237 retask 1 41 59
[devMouse] retask slot1 (40,60)w13 -> (41,59)
[fifo] ar=38246 retask 2 41 60
[devMouse] retask slot2 (40,59)w13 -> (41,60)
[dbg] ar=38248 am=6 aA=6 aH=0 l=false j=false fullRedraw=false
[fifo] ar=38254 save /tmp/aoe-camp/m1/t.aoesave
[save] wrote /tmp/aoe-camp/m1/t.aoesave (12294B) ar=38255
[dbg] ar=38273 am=6 aA=6 aH=0 l=false j=false fullRedraw=false
[dbg] ar=38298 am=6 aA=6 aH=0 l=false j=false fullRedraw=false
[fifo] ar=38299 slots 0
[slots] p0 n=11 0:t0@(38,59)w13 1:t0@(40,60)w2e12 2:t0@(40,59)w3512 3:t3@(29,59)w0 4:t3@(30,59)w0 5:t3@(30,60)w0 6:t3@(29,60)w0 7:t4@(30,57)w0 8:t4@(30,56)w0 9:t4@(30,55)w0 10:t6@(28,58)w0
[fifo] ar=38323 retask 0 41 58
[devMouse] retask slot0 (39,58)w13 -> (41,58)
[dbg] ar=38323 am=6 aA=6 aH=0 l=false j=false fullRedraw=false
[fifo] ar=38331 save /tmp/aoe-camp/m1/t.aoesave
[save] wrote /tmp/aoe-camp/m1/t.aoesave (12294B) ar=38332
[dbg] ar=38348 am=6 aA=6 aH=0 l=false j=false fullRedraw=false
[dbg] ar=38373 am=6 aA=6 aH=0 l=false j=false fullRedraw=false
[fifo] ar=38379 slots 0
[slots] p0 n=11 0:t0@(40,58)w3d12 1:t0@(39,60)w13 2:t0@(38,59)w13 3:t3@(29,59)w0 4:t3@(30,59)w0 5:t3@(30,60)w0 6:t3@(29,60)w0 7:t4@(30,57)w0 8:t4@(30,56)w0 9:t4@(30,55)w0 10:t6@(28,58)w0
[dbg] ar=38398 am=6 aA=6 aH=0 l=false j=false fullRedraw=false
[fifo] ar=38404 retask 1 41 59
[devMouse] retask slot1 (40,59)w13 -> (41,59)
[fifo] ar=38412 retask 2 41 60
[devMouse] retask slot2 (39,60)w13 -> (41,60)
[fifo] ar=38420 save /tmp/aoe-camp/m1/t.aoesave
[save] wrote /tmp/aoe-camp/m1/t.aoesave (12294B) ar=38421
[dbg] ar=38423 am=6 aA=6 aH=0 l=false j=false fullRedraw=false
[dbg] ar=38448 am=6 aA=6 aH=0 l=false j=false fullRedraw=false
[fifo] ar=38467 state
[devMouse] aA=6/6 cursor=(31,58) cam=(-523,628) Q=3743 aE=512 Y=0 sel=6
[devMouse] p0 unit 0 tile=(41,58) type=0 sel=true
[devMouse] p0 unit 1 tile=(40,59) type=0 sel=true
[devMouse] p0 unit 2 tile=(40,60) type=0 sel=true
[devMouse] p0 unit 3 tile=(29,59) type=3 sel=true
[devMouse] p0 unit 4 tile=(30,59) type=3 sel=true
[devMouse] p0 unit 5 tile=(30,60) type=3 sel=true
[devMouse] p0 unit 6 tile=(29,60) type=3 sel=true
[devMouse] p0 unit 7 tile=(30,57) type=4 sel=true
[devMouse] p0 unit 8 tile=(30,56) type=4 sel=true
[devMouse] p0 unit 9 tile=(30,55) type=4 sel=true
[devMouse] p0 unit 10 tile=(28,58) type=6 sel=true
[devMouse] p1 unit 0 tile=(48,48) type=3 sel=false
[devMouse] p1 unit 1 tile=(40,34) type=3 sel=false
[devMouse] p1 unit 2 tile=(60,55) type=3 sel=false
[devMouse] p1 unit 3 tile=(61,45) type=3 sel=false
[devMouse] p1 unit 4 tile=(49,24) type=3 sel=false
[devMouse] p1 unit 5 tile=(48,25) type=3 sel=false
[devMouse] p1 unit 6 tile=(54,19) type=3 sel=false
[devMouse] p1 unit 7 tile=(36,23) type=4 sel=false
[devMouse] p1 unit 8 tile=(37,22) type=4 sel=false
[devMouse] p1 unit 9 tile=(49,33) type=4 sel=false
[devMouse] p1 unit 10 tile=(32,17) type=3 sel=false
[devMouse] p1 unit 11 tile=(25,21) type=4 sel=false
[devMouse] p1 unit 12 tile=(22,26) type=3 sel=false
[devMouse] p1 unit 13 tile=(23,27) type=3 sel=false
[devMouse] p1 unit 14 tile=(15,47) type=3 sel=false
[devMouse] p1 unit 15 tile=(16,54) type=3 sel=false
[dbg] ar=38473 am=6 aA=6 aH=0 l=false j=false fullRedraw=false
[dbg] ar=38498 am=6 aA=6 aH=0 l=false j=false fullRedraw=false
[fifo] ar=38522 slots 0
[slots] p0 n=11 0:t0@(39,59)w13 1:t0@(41,58)w13 2:t0@(40,60)w512 3:t3@(29,59)w0 4:t3@(30,59)w0 5:t3@(30,60)w0 6:t3@(29,60)w0 7:t4@(30,57)w0 8:t4@(30,56)w0 9:t4@(30,55)w0 10:t6@(28,58)w0
[dbg] ar=38523 am=6 aA=6 aH=0 l=false j=false fullRedraw=false
[fifo] ar=38546 retask 0 41 58
[devMouse] retask slot0 (37,58)w13 -> (41,58)
[dbg] ar=38548 am=6 aA=6 aH=0 l=false j=false fullRedraw=false
[fifo] ar=38553 retask 1 41 59
[devMouse] retask slot1 (39,59)w13 -> (41,59)
[fifo] ar=38560 save /tmp/aoe-camp/m1/t.aoesave
[save] wrote /tmp/aoe-camp/m1/t.aoesave (12294B) ar=38561
[dbg] ar=38573 am=6 aA=6 aH=0 l=false j=false fullRedraw=false
[dbg] ar=38598 am=6 aA=6 aH=0 l=false j=false fullRedraw=false
[fifo] ar=38607 slots 0
[slots] p0 n=11 0:t0@(40,58)w0 1:t0@(40,59)w3c12 2:t0@(41,58)w13 3:t3@(29,59)w0 4:t3@(30,59)w0 5:t3@(30,60)w0 6:t3@(29,60)w0 7:t4@(30,57)w0 8:t4@(30,56)w0 9:t4@(30,55)w0 10:t6@(28,58)w0
[dbg] ar=38623 am=6 aA=6 aH=0 l=false j=false fullRedraw=false
[fifo] ar=38633 retask 0 41 58
[devMouse] retask slot0 (40,58)w0 -> (41,58)
[fifo] ar=38641 retask 2 41 60
[devMouse] retask slot2 (41,58)w13 -> (41,60)
[fifo] ar=38648 save /tmp/aoe-camp/m1/t.aoesave
[dbg] ar=38648 am=6 aA=6 aH=0 l=false j=false fullRedraw=false
[save] wrote /tmp/aoe-camp/m1/t.aoesave (12294B) ar=38649
[dbg] ar=38673 am=6 aA=6 aH=0 l=false j=false fullRedraw=false
[fifo] ar=38696 slots 0
[slots] p0 n=11 0:t0@(40,58)w0 1:t0@(41,58)w13 2:t0@(41,59)w5212 3:t3@(29,59)w0 4:t3@(30,59)w0 5:t3@(30,60)w0 6:t3@(29,60)w0 7:t4@(30,57)w0 8:t4@(30,56)w0 9:t4@(30,55)w0 10:t6@(28,58)w0
[dbg] ar=38698 am=6 aA=6 aH=0 l=false j=false fullRedraw=false
[fifo] ar=38718 retask 0 41 58
[devMouse] retask slot0 (40,58)w0 -> (41,58)
[dbg] ar=38723 am=6 aA=6 aH=0 l=false j=false fullRedraw=false
[fifo] ar=38725 retask 1 41 59
[devMouse] retask slot1 (41,58)w13 -> (41,59)
[fifo] ar=38733 save /tmp/aoe-camp/m1/t.aoesave
[save] wrote /tmp/aoe-camp/m1/t.aoesave (12294B) ar=38734
[dbg] ar=38748 am=6 aA=6 aH=0 l=false j=false fullRedraw=false
[dbg] ar=38773 am=6 aA=6 aH=0 l=false j=false fullRedraw=false
[fifo] ar=38781 slots 0
[slots] p0 n=11 0:t0@(40,58)w0 1:t0@(41,58)w0 2:t0@(40,60)w13 3:t3@(29,59)w0 4:t3@(30,59)w0 5:t3@(30,60)w0 6:t3@(29,60)w0 7:t4@(30,57)w0 8:t4@(30,56)w0 9:t4@(30,55)w0 10:t6@(28,58)w0
[dbg] ar=38798 am=6 aA=6 aH=0 l=false j=false fullRedraw=false
[fifo] ar=38807 retask 0 42 58
[devMouse] retask slot0 (40,58)w0 -> (42,58)
[fifo] ar=38814 retask 1 41 59
[devMouse] retask slot1 (41,58)w0 -> (41,59)
[fifo] ar=38822 retask 2 41 60
[devMouse] retask slot2 (40,59)w13 -> (41,60)
[dbg] ar=38823 am=6 aA=6 aH=0 l=false j=false fullRedraw=false
[fifo] ar=38830 save /tmp/aoe-camp/m1/t.aoesave
[save] wrote /tmp/aoe-camp/m1/t.aoesave (12294B) ar=38831
[dbg] ar=38848 am=6 aA=6 aH=0 l=false j=false fullRedraw=false
[dbg] ar=38873 am=6 aA=6 aH=0 l=false j=false fullRedraw=false
[fifo] ar=38877 slots 0
[slots] p0 n=11 0:t0@(41,59)w2b12 1:t0@(41,58)w0 2:t0@(40,59)w3212 3:t3@(29,59)w0 4:t3@(30,59)w0 5:t3@(30,60)w0 6:t3@(29,60)w0 7:t4@(30,57)w0 8:t4@(30,56)w0 9:t4@(30,55)w0 10:t6@(28,58)w0
[dbg] ar=38898 am=6 aA=6 aH=0 l=false j=false fullRedraw=false
[fifo] ar=38900 retask 1 42 59
[devMouse] retask slot1 (41,58)w0 -> (42,59)
[fifo] ar=38908 save /tmp/aoe-camp/m1/t.aoesave
[save] wrote /tmp/aoe-camp/m1/t.aoesave (12294B) ar=38909
[dbg] ar=38923 am=6 aA=6 aH=0 l=false j=false fullRedraw=false
[dbg] ar=38948 am=6 aA=6 aH=0 l=false j=false fullRedraw=false
[fifo] ar=38955 state
[devMouse] aA=6/6 cursor=(31,58) cam=(-523,628) Q=3743 aE=512 Y=0 sel=6
[devMouse] p0 unit 0 tile=(39,59) type=0 sel=true
[devMouse] p0 unit 1 tile=(41,58) type=0 sel=true
[devMouse] p0 unit 2 tile=(38,59) type=0 sel=true
[devMouse] p0 unit 3 tile=(29,59) type=3 sel=true
[devMouse] p0 unit 4 tile=(30,59) type=3 sel=true
[devMouse] p0 unit 5 tile=(30,60) type=3 sel=true
[devMouse] p0 unit 6 tile=(29,60) type=3 sel=true
[devMouse] p0 unit 7 tile=(30,57) type=4 sel=true
[devMouse] p0 unit 8 tile=(30,56) type=4 sel=true
[devMouse] p0 unit 9 tile=(30,55) type=4 sel=true
[devMouse] p0 unit 10 tile=(28,58) type=6 sel=true
[devMouse] p1 unit 0 tile=(48,48) type=3 sel=false
[devMouse] p1 unit 1 tile=(40,34) type=3 sel=false
[devMouse] p1 unit 2 tile=(60,55) type=3 sel=false
[devMouse] p1 unit 3 tile=(61,45) type=3 sel=false
[devMouse] p1 unit 4 tile=(49,24) type=3 sel=false
[devMouse] p1 unit 5 tile=(48,25) type=3 sel=false
[devMouse] p1 unit 6 tile=(54,19) type=3 sel=false
[devMouse] p1 unit 7 tile=(36,23) type=4 sel=false
[devMouse] p1 unit 8 tile=(37,22) type=4 sel=false
[devMouse] p1 unit 9 tile=(49,33) type=4 sel=false
[devMouse] p1 unit 10 tile=(32,17) type=3 sel=false
[devMouse] p1 unit 11 tile=(25,21) type=4 sel=false
[devMouse] p1 unit 12 tile=(22,26) type=3 sel=false
[devMouse] p1 unit 13 tile=(23,27) type=3 sel=false
[devMouse] p1 unit 14 tile=(15,47) type=3 sel=false
[devMouse] p1 unit 15 tile=(16,54) type=3 sel=false
[dbg] ar=38973 am=6 aA=6 aH=0 l=false j=false fullRedraw=false
[dbg] ar=38998 am=6 aA=6 aH=0 l=false j=false fullRedraw=false
[fifo] ar=39008 slots 0
[slots] p0 n=11 0:t0@(39,59)w13 1:t0@(41,59)w13 2:t0@(38,59)w13 3:t3@(29,59)w0 4:t3@(30,59)w0 5:t3@(30,60)w0 6:t3@(29,60)w0 7:t4@(30,57)w0 8:t4@(30,56)w0 9:t4@(30,55)w0 10:t6@(28,58)w0
[dbg] ar=39023 am=6 aA=6 aH=0 l=false j=false fullRedraw=false
[fifo] ar=39032 retask 0 42 58
[devMouse] retask slot0 (41,58)w13 -> (42,58)
[fifo] ar=39040 retask 1 42 59
[devMouse] retask slot1 (39,59)w13 -> (42,59)
[fifo] ar=39048 retask 2 41 60
[devMouse] retask slot2 (40,60)w13 -> (41,60)
[dbg] ar=39048 am=6 aA=6 aH=0 l=false j=false fullRedraw=false
[fifo] ar=39056 save /tmp/aoe-camp/m1/t.aoesave
[save] wrote /tmp/aoe-camp/m1/t.aoesave (12294B) ar=39057
[dbg] ar=39073 am=6 aA=6 aH=0 l=false j=false fullRedraw=false
[dbg] ar=39098 am=6 aA=6 aH=0 l=false j=false fullRedraw=false
[fifo] ar=39103 slots 0
[slots] p0 n=11 0:t0@(41,58)w2412 1:t0@(41,59)w4212 2:t0@(40,60)w3412 3:t3@(29,59)w0 4:t3@(30,59)w0 5:t3@(30,60)w0 6:t3@(29,60)w0 7:t4@(30,57)w0 8:t4@(30,56)w0 9:t4@(30,55)w0 10:t6@(28,58)w0
[dbg] ar=39123 am=6 aA=6 aH=0 l=false j=false fullRedraw=false
[fifo] ar=39127 save /tmp/aoe-camp/m1/t.aoesave
[save] wrote /tmp/aoe-camp/m1/t.aoesave (12294B) ar=39128
[dbg] ar=39148 am=6 aA=6 aH=0 l=false j=false fullRedraw=false
[fifo] ar=39172 slots 0
[slots] p0 n=11 0:t0@(39,58)w13 1:t0@(40,60)w13 2:t0@(41,58)w13 3:t3@(29,59)w0 4:t3@(30,59)w0 5:t3@(30,60)w0 6:t3@(29,60)w0 7:t4@(30,57)w0 8:t4@(30,56)w0 9:t4@(30,55)w0 10:t6@(28,58)w0
[dbg] ar=39173 am=6 aA=6 aH=0 l=false j=false fullRedraw=false
[fifo] ar=39196 retask 0 42 58
[devMouse] retask slot0 (41,59)w13 -> (42,58)
[dbg] ar=39198 am=6 aA=6 aH=0 l=false j=false fullRedraw=false
[fifo] ar=39203 retask 1 42 59
[devMouse] retask slot1 (39,59)w13 -> (42,59)
[fifo] ar=39211 retask 2 41 60
[devMouse] retask slot2 (39,59)w13 -> (41,60)
[fifo] ar=39218 save /tmp/aoe-camp/m1/t.aoesave
[save] wrote /tmp/aoe-camp/m1/t.aoesave (12294B) ar=39219
[dbg] ar=39223 am=6 aA=6 aH=0 l=false j=false fullRedraw=false
[dbg] ar=39248 am=6 aA=6 aH=0 l=false j=false fullRedraw=false
[fifo] ar=39264 slots 0
[slots] p0 n=11 0:t0@(41,59)w2912 1:t0@(41,58)w3e12 2:t0@(40,60)w4212 3:t3@(29,59)w0 4:t3@(30,59)w0 5:t3@(30,60)w0 6:t3@(29,60)w0 7:t4@(30,57)w0 8:t4@(30,56)w0 9:t4@(30,55)w0 10:t6@(28,58)w0
[dbg] ar=39273 am=6 aA=6 aH=0 l=false j=false fullRedraw=false
[fifo] ar=39290 save /tmp/aoe-camp/m1/t.aoesave
[save] wrote /tmp/aoe-camp/m1/t.aoesave (12294B) ar=39291
[dbg] ar=39298 am=6 aA=6 aH=0 l=false j=false fullRedraw=false
[dbg] ar=39323 am=6 aA=6 aH=0 l=false j=false fullRedraw=false
[fifo] ar=39338 slots 0
[slots] p0 n=11 0:t0@(39,59)w13 1:t0@(40,60)w13 2:t0@(40,59)w13 3:t3@(29,59)w0 4:t3@(30,59)w0 5:t3@(30,60)w0 6:t3@(29,60)w0 7:t4@(30,57)w0 8:t4@(30,56)w0 9:t4@(30,55)w0 10:t6@(28,58)w0
[dbg] ar=39348 am=6 aA=6 aH=0 l=false j=false fullRedraw=false
[fifo] ar=39362 retask 0 42 58
[devMouse] retask slot0 (41,58)w13 -> (42,58)
[fifo] ar=39370 retask 1 42 59
[devMouse] retask slot1 (39,59)w13 -> (42,59)
[dbg] ar=39373 am=6 aA=6 aH=0 l=false j=false fullRedraw=false
[fifo] ar=39378 retask 2 41 60
[devMouse] retask slot2 (41,59)w13 -> (41,60)
[fifo] ar=39386 save /tmp/aoe-camp/m1/t.aoesave
[save] wrote /tmp/aoe-camp/m1/t.aoesave (12294B) ar=39387
[dbg] ar=39398 am=6 aA=6 aH=0 l=false j=false fullRedraw=false
[dbg] ar=39423 am=6 aA=6 aH=0 l=false j=false fullRedraw=false
[fifo] ar=39431 state
[devMouse] aA=6/6 cursor=(31,58) cam=(-523,628) Q=3743 aE=512 Y=0 sel=6
[devMouse] p0 unit 0 tile=(41,58) type=0 sel=true
[devMouse] p0 unit 1 tile=(39,60) type=0 sel=true
[devMouse] p0 unit 2 tile=(41,59) type=0 sel=true
[devMouse] p0 unit 3 tile=(29,59) type=3 sel=true
[devMouse] p0 unit 4 tile=(30,59) type=3 sel=true
[devMouse] p0 unit 5 tile=(30,60) type=3 sel=true
[devMouse] p0 unit 6 tile=(29,60) type=3 sel=true
[devMouse] p0 unit 7 tile=(30,57) type=4 sel=true
[devMouse] p0 unit 8 tile=(30,56) type=4 sel=true
[devMouse] p0 unit 9 tile=(30,55) type=4 sel=true
[devMouse] p0 unit 10 tile=(28,58) type=6 sel=true
[devMouse] p1 unit 0 tile=(48,48) type=3 sel=false
[devMouse] p1 unit 1 tile=(40,34) type=3 sel=false
[devMouse] p1 unit 2 tile=(60,55) type=3 sel=false
[devMouse] p1 unit 3 tile=(61,45) type=3 sel=false
[devMouse] p1 unit 4 tile=(49,24) type=3 sel=false
[devMouse] p1 unit 5 tile=(48,25) type=3 sel=false
[devMouse] p1 unit 6 tile=(54,19) type=3 sel=false
[devMouse] p1 unit 7 tile=(36,23) type=4 sel=false
[devMouse] p1 unit 8 tile=(37,22) type=4 sel=false
[devMouse] p1 unit 9 tile=(49,33) type=4 sel=false
[devMouse] p1 unit 10 tile=(32,17) type=3 sel=false
[devMouse] p1 unit 11 tile=(25,21) type=4 sel=false
[devMouse] p1 unit 12 tile=(22,26) type=3 sel=false
[devMouse] p1 unit 13 tile=(23,27) type=3 sel=false
[devMouse] p1 unit 14 tile=(15,47) type=3 sel=false
[devMouse] p1 unit 15 tile=(16,54) type=3 sel=false
[dbg] ar=39448 am=6 aA=6 aH=0 l=false j=false fullRedraw=false
[dbg] ar=39473 am=6 aA=6 aH=0 l=false j=false fullRedraw=false
[fifo] ar=39484 slots 0
[slots] p0 n=11 0:t0@(39,59)w13 1:t0@(38,59)w0 2:t0@(41,59)w312 3:t3@(29,59)w0 4:t3@(30,59)w0 5:t3@(30,60)w0 6:t3@(29,60)w0 7:t4@(30,57)w0 8:t4@(30,56)w0 9:t4@(30,55)w0 10:t6@(28,58)w0
[dbg] ar=39498 am=6 aA=6 aH=0 l=false j=false fullRedraw=false
[fifo] ar=39508 retask 0 42 58
[devMouse] retask slot0 (36,59)w13 -> (42,58)
[fifo] ar=39517 retask 1 42 59
[devMouse] retask slot1 (41,59)w0 -> (42,59)
[dbg] ar=39523 am=6 aA=6 aH=0 l=false j=false fullRedraw=false
[fifo] ar=39525 save /tmp/aoe-camp/m1/t.aoesave
[save] wrote /tmp/aoe-camp/m1/t.aoesave (12294B) ar=39526
[dbg] ar=39548 am=6 aA=6 aH=0 l=false j=false fullRedraw=false
[fifo] ar=39571 slots 0
[slots] p0 n=11 0:t0@(41,58)w5d12 1:t0@(41,59)w3812 2:t0@(40,60)w13 3:t3@(29,59)w0 4:t3@(30,59)w0 5:t3@(30,60)w0 6:t3@(29,60)w0 7:t4@(30,57)w0 8:t4@(30,56)w0 9:t4@(30,55)w0 10:t6@(28,58)w0
[dbg] ar=39573 am=6 aA=6 aH=0 l=false j=false fullRedraw=false
[fifo] ar=39596 retask 2 41 60
[devMouse] retask slot2 (39,59)w13 -> (41,60)
[dbg] ar=39598 am=6 aA=6 aH=0 l=false j=false fullRedraw=false
[fifo] ar=39604 save /tmp/aoe-camp/m1/t.aoesave
[save] wrote /tmp/aoe-camp/m1/t.aoesave (12294B) ar=39605
[dbg] ar=39623 am=6 aA=6 aH=0 l=false j=false fullRedraw=false
[dbg] ar=39648 am=6 aA=6 aH=0 l=false j=false fullRedraw=false
[fifo] ar=39652 slots 0
[slots] p0 n=11 0:t0@(41,58)wc12 1:t0@(38,59)w13 2:t0@(40,60)w4012 3:t3@(29,59)w0 4:t3@(30,59)w0 5:t3@(30,60)w0 6:t3@(29,60)w0 7:t4@(30,57)w0 8:t4@(30,56)w0 9:t4@(30,55)w0 10:t6@(28,58)w0
[dbg] ar=39673 am=6 aA=6 aH=0 l=false j=false fullRedraw=false
[fifo] ar=39677 retask 1 42 59
[devMouse] retask slot1 (41,58)w13 -> (42,59)
[fifo] ar=39685 save /tmp/aoe-camp/m1/t.aoesave
[save] wrote /tmp/aoe-camp/m1/t.aoesave (12294B) ar=39686
[dbg] ar=39698 am=6 aA=6 aH=0 l=false j=false fullRedraw=false
[dbg] ar=39723 am=6 aA=6 aH=0 l=false j=false fullRedraw=false
[fifo] ar=39726 slots 0
[slots] p0 n=11 0:t0@(39,58)w13 1:t0@(41,58)w3a12 2:t0@(40,58)w13 3:t3@(29,59)w0 4:t3@(30,59)w0 5:t3@(30,60)w0 6:t3@(29,60)w0 7:t4@(30,57)w0 8:t4@(30,56)w0 9:t4@(30,55)w0 10:t6@(28,58)w0
[dbg] ar=39748 am=6 aA=6 aH=0 l=false j=false fullRedraw=false
[fifo] ar=39752 retask 0 42 58
[devMouse] retask slot0 (36,59)w13 -> (42,58)
[fifo] ar=39759 retask 2 41 60
[devMouse] retask slot2 (39,59)w13 -> (41,60)
[fifo] ar=39767 save /tmp/aoe-camp/m1/t.aoesave
[save] wrote /tmp/aoe-camp/m1/t.aoesave (12294B) ar=39768
[dbg] ar=39773 am=6 aA=6 aH=0 l=false j=false fullRedraw=false
[dbg] ar=39798 am=6 aA=6 aH=0 l=false j=false fullRedraw=false
[fifo] ar=39814 slots 0
[slots] p0 n=11 0:t0@(41,58)w5812 1:t0@(40,58)w13 2:t0@(40,60)w3b12 3:t3@(29,59)w0 4:t3@(30,59)w0 5:t3@(30,60)w0 6:t3@(29,60)w0 7:t4@(30,57)w0 8:t4@(30,56)w0 9:t4@(30,55)w0 10:t6@(28,58)w0
[dbg] ar=39823 am=6 aA=6 aH=0 l=false j=false fullRedraw=false
[fifo] ar=39840 retask 1 42 59
[devMouse] retask slot1 (39,58)w13 -> (42,59)
[fifo] ar=39847 save /tmp/aoe-camp/m1/t.aoesave
[save] wrote /tmp/aoe-camp/m1/t.aoesave (12294B) ar=39848
[dbg] ar=39848 am=6 aA=6 aH=0 l=false j=false fullRedraw=false
[dbg] ar=39873 am=6 aA=6 aH=0 l=false j=false fullRedraw=false
[fifo] ar=39893 state
[devMouse] aA=6/6 cursor=(31,58) cam=(-523,628) Q=3743 aE=512 Y=0 sel=6
[devMouse] p0 unit 0 tile=(41,58) type=0 sel=true
[devMouse] p0 unit 1 tile=(41,59) type=0 sel=true
[devMouse] p0 unit 2 tile=(40,58) type=0 sel=true
[devMouse] p0 unit 3 tile=(29,59) type=3 sel=true
[devMouse] p0 unit 4 tile=(30,59) type=3 sel=true
[devMouse] p0 unit 5 tile=(30,60) type=3 sel=true
[devMouse] p0 unit 6 tile=(29,60) type=3 sel=true
[devMouse] p0 unit 7 tile=(30,57) type=4 sel=true
[devMouse] p0 unit 8 tile=(30,56) type=4 sel=true
[devMouse] p0 unit 9 tile=(30,55) type=4 sel=true
[devMouse] p0 unit 10 tile=(28,58) type=6 sel=true
[devMouse] p1 unit 0 tile=(48,48) type=3 sel=false
[devMouse] p1 unit 1 tile=(40,34) type=3 sel=false
[devMouse] p1 unit 2 tile=(60,55) type=3 sel=false
[devMouse] p1 unit 3 tile=(61,45) type=3 sel=false
[devMouse] p1 unit 4 tile=(49,24) type=3 sel=false
[devMouse] p1 unit 5 tile=(48,25) type=3 sel=false
[devMouse] p1 unit 6 tile=(54,19) type=3 sel=false
[devMouse] p1 unit 7 tile=(36,23) type=4 sel=false
[devMouse] p1 unit 8 tile=(37,22) type=4 sel=false
[devMouse] p1 unit 9 tile=(49,33) type=4 sel=false
[devMouse] p1 unit 10 tile=(32,17) type=3 sel=false
[devMouse] p1 unit 11 tile=(25,21) type=4 sel=false
[devMouse] p1 unit 12 tile=(22,26) type=3 sel=false
[devMouse] p1 unit 13 tile=(23,27) type=3 sel=false
[devMouse] p1 unit 14 tile=(15,47) type=3 sel=false
[devMouse] p1 unit 15 tile=(16,54) type=3 sel=false
[dbg] ar=39898 am=6 aA=6 aH=0 l=false j=false fullRedraw=false
[dbg] ar=39923 am=6 aA=6 aH=0 l=false j=false fullRedraw=false
[fifo] ar=39947 slots 0
[slots] p0 n=11 0:t0@(40,58)w13 1:t0@(41,59)w1512 2:t0@(41,58)w13 3:t3@(29,59)w0 4:t3@(30,59)w0 5:t3@(30,60)w0 6:t3@(29,60)w0 7:t4@(30,57)w0 8:t4@(30,56)w0 9:t4@(30,55)w0 10:t6@(28,58)w0
[dbg] ar=39948 am=6 aA=6 aH=0 l=false j=false fullRedraw=false
[fifo] ar=39972 retask 0 42 58
[devMouse] retask slot0 (41,58)w13 -> (42,58)
[dbg] ar=39973 am=6 aA=6 aH=0 l=false j=false fullRedraw=false
[fifo] ar=39979 retask 2 41 60
[devMouse] retask slot2 (40,59)w13 -> (41,60)
[fifo] ar=39988 save /tmp/aoe-camp/m1/t.aoesave
[save] wrote /tmp/aoe-camp/m1/t.aoesave (12294B) ar=39989
[dbg] ar=39998 am=6 aA=6 aH=0 l=false j=false fullRedraw=false
[dbg] ar=40023 am=6 aA=6 aH=0 l=false j=false fullRedraw=false
[fifo] ar=40036 slots 0
[slots] p0 n=11 0:t0@(41,58)w2912 1:t0@(39,58)w13 2:t0@(40,59)w3012 3:t3@(29,59)w0 4:t3@(30,59)w0 5:t3@(30,60)w0 6:t3@(29,60)w0 7:t4@(30,57)w0 8:t4@(30,56)w0 9:t4@(30,55)w0 10:t6@(28,58)w0
[dbg] ar=40048 am=6 aA=6 aH=0 l=false j=false fullRedraw=false
[fifo] ar=40060 retask 1 42 59
[devMouse] retask slot1 (40,60)w13 -> (42,59)
[fifo] ar=40069 save /tmp/aoe-camp/m1/t.aoesave
[save] wrote /tmp/aoe-camp/m1/t.aoesave (12294B) ar=40070
[dbg] ar=40073 am=6 aA=6 aH=0 l=false j=false fullRedraw=false
[dbg] ar=40098 am=6 aA=6 aH=0 l=false j=false fullRedraw=false
[fifo] ar=40115 slots 0
[slots] p0 n=11 0:t0@(40,58)w13 1:t0@(41,59)w4012 2:t0@(39,59)w13 3:t3@(29,59)w0 4:t3@(30,59)w0 5:t3@(30,60)w0 6:t3@(29,60)w0 7:t4@(30,57)w0 8:t4@(30,56)w0 9:t4@(30,55)w0 10:t6@(28,58)w0
[dbg] ar=40123 am=6 aA=6 aH=0 l=false j=false fullRedraw=false
[fifo] ar=40140 retask 0 42 58
[devMouse] retask slot0 (40,59)w13 -> (42,58)
[fifo] ar=40148 retask 2 41 60
[devMouse] retask slot2 (39,59)w13 -> (41,60)
[dbg] ar=40148 am=6 aA=6 aH=0 l=false j=false fullRedraw=false
[fifo] ar=40156 save /tmp/aoe-camp/m1/t.aoesave
[save] wrote /tmp/aoe-camp/m1/t.aoesave (12294B) ar=40157
[dbg] ar=40173 am=6 aA=6 aH=0 l=false j=false fullRedraw=false
[dbg] ar=40198 am=6 aA=6 aH=0 l=false j=false fullRedraw=false
[fifo] ar=40201 slots 0
[slots] p0 n=11 0:t0@(41,58)w3312 1:t0@(38,59)w13 2:t0@(40,60)w4312 3:t3@(29,59)w0 4:t3@(30,59)w0 5:t3@(30,60)w0 6:t3@(29,60)w0 7:t4@(30,57)w0 8:t4@(30,56)w0 9:t4@(30,55)w0 10:t6@(28,58)w0
[dbg] ar=40223 am=6 aA=6 aH=0 l=false j=false fullRedraw=false
[fifo] ar=40226 retask 1 42 59
[devMouse] retask slot1 (41,59)w13 -> (42,59)
[fifo] ar=40233 save /tmp/aoe-camp/m1/t.aoesave
[save] wrote /tmp/aoe-camp/m1/t.aoesave (12294B) ar=40234
[dbg] ar=40248 am=6 aA=6 aH=0 l=false j=false fullRedraw=false
[dbg] ar=40273 am=6 aA=6 aH=0 l=false j=false fullRedraw=false
[fifo] ar=40280 slots 0
[slots] p0 n=11 0:t0@(39,58)w13 1:t0@(41,59)w3812 2:t0@(40,59)w13 3:t3@(29,59)w0 4:t3@(30,59)w0 5:t3@(30,60)w0 6:t3@(29,60)w0 7:t4@(30,57)w0 8:t4@(30,56)w0 9:t4@(30,55)w0 10:t6@(28,58)w0
[dbg] ar=40298 am=6 aA=6 aH=0 l=false j=false fullRedraw=false
[fifo] ar=40305 retask 0 42 58
[devMouse] retask slot0 (40,60)w13 -> (42,58)
[fifo] ar=40313 retask 2 41 60
[devMouse] retask slot2 (40,59)w13 -> (41,60)
[fifo] ar=40321 save /tmp/aoe-camp/m1/t.aoesave
[save] wrote /tmp/aoe-camp/m1/t.aoesave (12294B) ar=40322
[dbg] ar=40323 am=6 aA=6 aH=0 l=false j=false fullRedraw=false
[dbg] ar=40348 am=6 aA=6 aH=0 l=false j=false fullRedraw=false
[fifo] ar=40364 state
[devMouse] aA=6/6 cursor=(31,58) cam=(-523,628) Q=3743 aE=512 Y=0 sel=6
[devMouse] p0 unit 0 tile=(41,58) type=0 sel=true
[devMouse] p0 unit 1 tile=(39,59) type=0 sel=true
[devMouse] p0 unit 2 tile=(41,60) type=0 sel=true
[devMouse] p0 unit 3 tile=(29,59) type=3 sel=true
[devMouse] p0 unit 4 tile=(30,59) type=3 sel=true
[devMouse] p0 unit 5 tile=(30,60) type=3 sel=true
[devMouse] p0 unit 6 tile=(29,60) type=3 sel=true
[devMouse] p0 unit 7 tile=(30,57) type=4 sel=true
[devMouse] p0 unit 8 tile=(30,56) type=4 sel=true
[devMouse] p0 unit 9 tile=(30,55) type=4 sel=true
[devMouse] p0 unit 10 tile=(28,58) type=6 sel=true
[devMouse] p1 unit 0 tile=(48,48) type=3 sel=false
[devMouse] p1 unit 1 tile=(40,34) type=3 sel=false
[devMouse] p1 unit 2 tile=(60,55) type=3 sel=false
[devMouse] p1 unit 3 tile=(61,45) type=3 sel=false
[devMouse] p1 unit 4 tile=(49,24) type=3 sel=false
[devMouse] p1 unit 5 tile=(48,25) type=3 sel=false
[devMouse] p1 unit 6 tile=(54,19) type=3 sel=false
[devMouse] p1 unit 7 tile=(36,23) type=4 sel=false
[devMouse] p1 unit 8 tile=(37,22) type=4 sel=false
[devMouse] p1 unit 9 tile=(49,33) type=4 sel=false
[devMouse] p1 unit 10 tile=(32,17) type=3 sel=false
[devMouse] p1 unit 11 tile=(25,21) type=4 sel=false
[devMouse] p1 unit 12 tile=(22,26) type=3 sel=false
[devMouse] p1 unit 13 tile=(23,27) type=3 sel=false
[devMouse] p1 unit 14 tile=(15,47) type=3 sel=false
[devMouse] p1 unit 15 tile=(16,54) type=3 sel=false
[dbg] ar=40373 am=6 aA=6 aH=0 l=false j=false fullRedraw=false
[dbg] ar=40398 am=6 aA=6 aH=0 l=false j=false fullRedraw=false
[fifo] ar=40416 slots 0
[slots] p0 n=11 0:t0@(41,58)w1d12 1:t0@(38,59)w13 2:t0@(41,60)w0 3:t3@(29,59)w0 4:t3@(30,59)w0 5:t3@(30,60)w0 6:t3@(29,60)w0 7:t4@(30,57)w0 8:t4@(30,56)w0 9:t4@(30,55)w0 10:t6@(28,58)w0
[dbg] ar=40423 am=6 aA=6 aH=0 l=false j=false fullRedraw=false
[fifo] ar=40442 retask 1 42 59
[devMouse] retask slot1 (41,59)w13 -> (42,59)
[dbg] ar=40448 am=6 aA=6 aH=0 l=false j=false fullRedraw=false
[fifo] ar=40450 retask 2 42 60
[devMouse] retask slot2 (41,60)w0 -> (42,60)
[fifo] ar=40457 save /tmp/aoe-camp/m1/t.aoesave
[save] wrote /tmp/aoe-camp/m1/t.aoesave (12294B) ar=40458
[dbg] ar=40473 am=6 aA=6 aH=0 l=false j=false fullRedraw=false
[dbg] ar=40498 am=6 aA=6 aH=0 l=false j=false fullRedraw=false
[fifo] ar=40505 slots 0
[slots] p0 n=11 0:t0@(40,59)w13 1:t0@(41,59)w2a12 2:t0@(41,60)w2f12 3:t3@(29,59)w0 4:t3@(30,59)w0 5:t3@(30,60)w0 6:t3@(29,60)w0 7:t4@(30,57)w0 8:t4@(30,56)w0 9:t4@(30,55)w0 10:t6@(28,58)w0
[dbg] ar=40523 am=6 aA=6 aH=0 l=false j=false fullRedraw=false
[fifo] ar=40529 retask 0 42 58
[devMouse] retask slot0 (39,58)w13 -> (42,58)
[fifo] ar=40537 save /tmp/aoe-camp/m1/t.aoesave
[save] wrote /tmp/aoe-camp/m1/t.aoesave (12294B) ar=40538
[dbg] ar=40548 am=6 aA=6 aH=0 l=false j=false fullRedraw=false
[dbg] ar=40573 am=6 aA=6 aH=0 l=false j=false fullRedraw=false
[fifo] ar=40583 slots 0
[slots] p0 n=11 0:t0@(41,58)w4912 1:t0@(40,58)w13 2:t0@(38,59)w13 3:t3@(29,59)w0 4:t3@(30,59)w0 5:t3@(30,60)w0 6:t3@(29,60)w0 7:t4@(30,57)w0 8:t4@(30,56)w0 9:t4@(30,55)w0 10:t6@(28,58)w0
[dbg] ar=40598 am=6 aA=6 aH=0 l=false j=false fullRedraw=false
[fifo] ar=40609 retask 1 42 59
[devMouse] retask slot1 (39,59)w13 -> (42,59)
[fifo] ar=40616 retask 2 42 60
[devMouse] retask slot2 (41,60)w13 -> (42,60)
[dbg] ar=40623 am=6 aA=6 aH=0 l=false j=false fullRedraw=false
[fifo] ar=40624 save /tmp/aoe-camp/m1/t.aoesave
[save] wrote /tmp/aoe-camp/m1/t.aoesave (12294B) ar=40625
[dbg] ar=40648 am=6 aA=6 aH=0 l=false j=false fullRedraw=false
[fifo] ar=40669 slots 0
[slots] p0 n=11 0:t0@(39,59)w13 1:t0@(41,59)w3e12 2:t0@(41,60)w3a12 3:t3@(29,59)w0 4:t3@(30,59)w0 5:t3@(30,60)w0 6:t3@(29,60)w0 7:t4@(30,57)w0 8:t4@(30,56)w0 9:t4@(30,55)w0 10:t6@(28,58)w0
[dbg] ar=40673 am=6 aA=6 aH=0 l=false j=false fullRedraw=false
[fifo] ar=40694 retask 0 42 58
[devMouse] retask slot0 (40,58)w13 -> (42,58)
[dbg] ar=40698 am=6 aA=6 aH=0 l=false j=false fullRedraw=false
[fifo] ar=40703 save /tmp/aoe-camp/m1/t.aoesave
[save] wrote /tmp/aoe-camp/m1/t.aoesave (12294B) ar=40704
[dbg] ar=40723 am=6 aA=6 aH=0 l=false j=false fullRedraw=false
[dbg] ar=40748 am=6 aA=6 aH=0 l=false j=false fullRedraw=false
[fifo] ar=40748 slots 0
[slots] p0 n=11 0:t0@(41,58)w4112 1:t0@(40,60)w13 2:t0@(41,60)w13 3:t3@(29,59)w0 4:t3@(30,59)w0 5:t3@(30,60)w0 6:t3@(29,60)w0 7:t4@(30,57)w0 8:t4@(30,56)w0 9:t4@(30,55)w0 10:t6@(28,58)w0
[dbg] ar=40773 am=6 aA=6 aH=0 l=false j=false fullRedraw=false
[fifo] ar=40775 retask 1 42 59
[devMouse] retask slot1 (41,59)w13 -> (42,59)
[fifo] ar=40782 retask 2 42 60
[devMouse] retask slot2 (41,60)w13 -> (42,60)
[fifo] ar=40790 save /tmp/aoe-camp/m1/t.aoesave
[save] wrote /tmp/aoe-camp/m1/t.aoesave (12294B) ar=40791
[dbg] ar=40798 am=6 aA=6 aH=0 l=false j=false fullRedraw=false
[dbg] ar=40823 am=6 aA=6 aH=0 l=false j=false fullRedraw=false
[fifo] ar=40839 state
[devMouse] aA=6/6 cursor=(31,58) cam=(-523,628) Q=3743 aE=512 Y=0 sel=6
[devMouse] p0 unit 0 tile=(38,58) type=0 sel=true
[devMouse] p0 unit 1 tile=(41,59) type=0 sel=true
[devMouse] p0 unit 2 tile=(41,60) type=0 sel=true
[devMouse] p0 unit 3 tile=(29,59) type=3 sel=true
[devMouse] p0 unit 4 tile=(30,59) type=3 sel=true
[devMouse] p0 unit 5 tile=(30,60) type=3 sel=true
[devMouse] p0 unit 6 tile=(29,60) type=3 sel=true
[devMouse] p0 unit 7 tile=(30,57) type=4 sel=true
[devMouse] p0 unit 8 tile=(30,56) type=4 sel=true
[devMouse] p0 unit 9 tile=(30,55) type=4 sel=true
[devMouse] p0 unit 10 tile=(28,58) type=6 sel=true
[devMouse] p1 unit 0 tile=(48,48) type=3 sel=false
[devMouse] p1 unit 1 tile=(40,34) type=3 sel=false
[devMouse] p1 unit 2 tile=(60,55) type=3 sel=false
[devMouse] p1 unit 3 tile=(61,45) type=3 sel=false
[devMouse] p1 unit 4 tile=(49,24) type=3 sel=false
[devMouse] p1 unit 5 tile=(48,25) type=3 sel=false
[devMouse] p1 unit 6 tile=(54,19) type=3 sel=false
[devMouse] p1 unit 7 tile=(36,23) type=4 sel=false
[devMouse] p1 unit 8 tile=(37,22) type=4 sel=false
[devMouse] p1 unit 9 tile=(49,33) type=4 sel=false
[devMouse] p1 unit 10 tile=(32,17) type=3 sel=false
[devMouse] p1 unit 11 tile=(25,21) type=4 sel=false
[devMouse] p1 unit 12 tile=(22,26) type=3 sel=false
[devMouse] p1 unit 13 tile=(23,27) type=3 sel=false
[devMouse] p1 unit 14 tile=(15,47) type=3 sel=false
[devMouse] p1 unit 15 tile=(16,54) type=3 sel=false
[dbg] ar=40848 am=6 aA=6 aH=0 l=false j=false fullRedraw=false
[dbg] ar=40873 am=6 aA=6 aH=0 l=false j=false fullRedraw=false
[fifo] ar=40895 slots 0
[slots] p0 n=11 0:t0@(39,58)w13 1:t0@(40,58)w13 2:t0@(41,59)w13 3:t3@(29,59)w0 4:t3@(30,59)w0 5:t3@(30,60)w0 6:t3@(29,60)w0 7:t4@(30,57)w0 8:t4@(30,56)w0 9:t4@(30,55)w0 10:t6@(28,58)w0
[dbg] ar=40898 am=6 aA=6 aH=0 l=false j=false fullRedraw=false
[fifo] ar=40919 retask 0 42 58
[devMouse] retask slot0 (41,59)w13 -> (42,58)
[dbg] ar=40923 am=6 aA=6 aH=0 l=false j=false fullRedraw=false
[fifo] ar=40927 retask 1 42 59
[devMouse] retask slot1 (38,58)w13 -> (42,59)
[fifo] ar=40935 retask 2 42 60
[devMouse] retask slot2 (39,59)w13 -> (42,60)
[fifo] ar=40943 save /tmp/aoe-camp/m1/t.aoesave
[save] wrote /tmp/aoe-camp/m1/t.aoesave (12294B) ar=40944
[dbg] ar=40948 am=6 aA=6 aH=0 l=false j=false fullRedraw=false
[dbg] ar=40973 am=6 aA=6 aH=0 l=false j=false fullRedraw=false
[fifo] ar=40987 slots 0
[slots] p0 n=11 0:t0@(41,59)w2512 1:t0@(41,58)w5512 2:t0@(41,60)w4812 3:t3@(29,59)w0 4:t3@(30,59)w0 5:t3@(30,60)w0 6:t3@(29,60)w0 7:t4@(30,57)w0 8:t4@(30,56)w0 9:t4@(30,55)w0 10:t6@(28,58)w0
[dbg] ar=40998 am=6 aA=6 aH=0 l=false j=false fullRedraw=false
[fifo] ar=41012 save /tmp/aoe-camp/m1/t.aoesave
[save] wrote /tmp/aoe-camp/m1/t.aoesave (12294B) ar=41013
[dbg] ar=41023 am=6 aA=6 aH=0 l=false j=false fullRedraw=false
[dbg] ar=41048 am=6 aA=6 aH=0 l=false j=false fullRedraw=false
[fifo] ar=41058 slots 0
[slots] p0 n=11 0:t0@(39,59)w13 1:t0@(41,58)wf12 2:t0@(41,60)w212 3:t3@(29,59)w0 4:t3@(30,59)w0 5:t3@(30,60)w0 6:t3@(29,60)w0 7:t4@(30,57)w0 8:t4@(30,56)w0 9:t4@(30,55)w0 10:t6@(28,58)w0
[dbg] ar=41073 am=6 aA=6 aH=0 l=false j=false fullRedraw=false
[fifo] ar=41083 retask 0 42 58
[devMouse] retask slot0 (41,60)w13 -> (42,58)
[fifo] ar=41091 save /tmp/aoe-camp/m1/t.aoesave
[save] wrote /tmp/aoe-camp/m1/t.aoesave (12294B) ar=41092
[dbg] ar=41098 am=6 aA=6 aH=0 l=false j=false fullRedraw=false
[dbg] ar=41123 am=6 aA=6 aH=0 l=false j=false fullRedraw=false
[fifo] ar=41136 slots 0
[slots] p0 n=11 0:t0@(41,58)w5a12 1:t0@(41,60)w13 2:t0@(40,59)w13 3:t3@(29,59)w0 4:t3@(30,59)w0 5:t3@(30,60)w0 6:t3@(29,60)w0 7:t4@(30,57)w0 8:t4@(30,56)w0 9:t4@(30,55)w0 10:t6@(28,58)w0
[dbg] ar=41148 am=6 aA=6 aH=0 l=false j=false fullRedraw=false
[fifo] ar=41161 retask 1 42 59
[devMouse] retask slot1 (39,59)w13 -> (42,59)
[fifo] ar=41168 retask 2 42 60
[devMouse] retask slot2 (39,59)w13 -> (42,60)
[dbg] ar=41173 am=6 aA=6 aH=0 l=false j=false fullRedraw=false
[fifo] ar=41176 save /tmp/aoe-camp/m1/t.aoesave
[save] wrote /tmp/aoe-camp/m1/t.aoesave (12294B) ar=41177
[dbg] ar=41198 am=6 aA=6 aH=0 l=false j=false fullRedraw=false
[fifo] ar=41223 slots 0
[slots] p0 n=11 0:t0@(41,58)w312 1:t0@(41,59)w3c12 2:t0@(41,60)w4a12 3:t3@(29,59)w0 4:t3@(30,59)w0 5:t3@(30,60)w0 6:t3@(29,60)w0 7:t4@(30,57)w0 8:t4@(30,56)w0 9:t4@(30,55)w0 10:t6@(28,58)w0
[dbg] ar=41223 am=6 aA=6 aH=0 l=false j=false fullRedraw=false
[dbg] ar=41248 am=6 aA=6 aH=0 l=false j=false fullRedraw=false
[fifo] ar=41249 save /tmp/aoe-camp/m1/t.aoesave
[save] wrote /tmp/aoe-camp/m1/t.aoesave (12294B) ar=41250
[dbg] ar=41273 am=6 aA=6 aH=0 l=false j=false fullRedraw=false
[fifo] ar=41296 state
[devMouse] aA=6/6 cursor=(31,58) cam=(-523,628) Q=3743 aE=512 Y=0 sel=6
[devMouse] p0 unit 0 tile=(41,59) type=0 sel=true
[devMouse] p0 unit 1 tile=(40,58) type=0 sel=true
[devMouse] p0 unit 2 tile=(41,60) type=0 sel=true
[devMouse] p0 unit 3 tile=(29,59) type=3 sel=true
[devMouse] p0 unit 4 tile=(30,59) type=3 sel=true
[devMouse] p0 unit 5 tile=(30,60) type=3 sel=true
[devMouse] p0 unit 6 tile=(29,60) type=3 sel=true
[devMouse] p0 unit 7 tile=(30,57) type=4 sel=true
[devMouse] p0 unit 8 tile=(30,56) type=4 sel=true
[devMouse] p0 unit 9 tile=(30,55) type=4 sel=true
[devMouse] p0 unit 10 tile=(28,58) type=6 sel=true
[devMouse] p1 unit 0 tile=(48,48) type=3 sel=false
[devMouse] p1 unit 1 tile=(40,34) type=3 sel=false
[devMouse] p1 unit 2 tile=(60,55) type=3 sel=false
[devMouse] p1 unit 3 tile=(61,45) type=3 sel=false
[devMouse] p1 unit 4 tile=(49,24) type=3 sel=false
[devMouse] p1 unit 5 tile=(48,25) type=3 sel=false
[devMouse] p1 unit 6 tile=(54,19) type=3 sel=false
[devMouse] p1 unit 7 tile=(36,23) type=4 sel=false
[devMouse] p1 unit 8 tile=(37,22) type=4 sel=false
[devMouse] p1 unit 9 tile=(49,33) type=4 sel=false
[devMouse] p1 unit 10 tile=(32,17) type=3 sel=false
[devMouse] p1 unit 11 tile=(25,21) type=4 sel=false
[devMouse] p1 unit 12 tile=(22,26) type=3 sel=false
[devMouse] p1 unit 13 tile=(23,27) type=3 sel=false
[devMouse] p1 unit 14 tile=(15,47) type=3 sel=false
[devMouse] p1 unit 15 tile=(16,54) type=3 sel=false
[dbg] ar=41298 am=6 aA=6 aH=0 l=false j=false fullRedraw=false
[dbg] ar=41323 am=6 aA=6 aH=0 l=false j=false fullRedraw=false
[dbg] ar=41348 am=6 aA=6 aH=0 l=false j=false fullRedraw=false
[fifo] ar=41350 slots 0
[slots] p0 n=11 0:t0@(41,60)w13 1:t0@(39,59)w13 2:t0@(40,59)w13 3:t3@(29,59)w0 4:t3@(30,59)w0 5:t3@(30,60)w0 6:t3@(29,60)w0 7:t4@(30,57)w0 8:t4@(30,56)w0 9:t4@(30,55)w0 10:t6@(28,58)w0
[dbg] ar=41373 am=6 aA=6 aH=0 l=false j=false fullRedraw=false
[fifo] ar=41376 retask 0 42 58
[devMouse] retask slot0 (40,59)w13 -> (42,58)
[fifo] ar=41384 retask 1 42 59
[devMouse] retask slot1 (40,60)w13 -> (42,59)
[fifo] ar=41392 retask 2 42 60
[devMouse] retask slot2 (40,59)w13 -> (42,60)
[dbg] ar=41398 am=6 aA=6 aH=0 l=false j=false fullRedraw=false
[fifo] ar=41400 save /tmp/aoe-camp/m1/t.aoesave
[save] wrote /tmp/aoe-camp/m1/t.aoesave (12294B) ar=41401
[dbg] ar=41423 am=6 aA=6 aH=0 l=false j=false fullRedraw=false
[fifo] ar=41446 slots 0
[slots] p0 n=11 0:t0@(41,58)w2d12 1:t0@(41,59)w3912 2:t0@(41,60)w3e12 3:t3@(29,59)w0 4:t3@(30,59)w0 5:t3@(30,60)w0 6:t3@(29,60)w0 7:t4@(30,57)w0 8:t4@(30,56)w0 9:t4@(30,55)w0 10:t6@(28,58)w0
[dbg] ar=41448 am=6 aA=6 aH=0 l=false j=false fullRedraw=false
[fifo] ar=41472 save /tmp/aoe-camp/m1/t.aoesave
[save] wrote /tmp/aoe-camp/m1/t.aoesave (12294B) ar=41473
[dbg] ar=41473 am=6 aA=6 aH=0 l=false j=false fullRedraw=false
[dbg] ar=41498 am=6 aA=6 aH=0 l=false j=false fullRedraw=false
[fifo] ar=41520 slots 0
[slots] p0 n=11 0:t0@(39,58)w13 1:t0@(40,58)w13 2:t0@(40,59)w13 3:t3@(29,59)w0 4:t3@(30,59)w0 5:t3@(30,60)w0 6:t3@(29,60)w0 7:t4@(30,57)w0 8:t4@(30,56)w0 9:t4@(30,55)w0 10:t6@(28,58)w0
[dbg] ar=41523 am=6 aA=6 aH=0 l=false j=false fullRedraw=false
[fifo] ar=41544 retask 0 42 58
[devMouse] retask slot0 (41,58)w13 -> (42,58)
[dbg] ar=41548 am=6 aA=6 aH=0 l=false j=false fullRedraw=false
[fifo] ar=41552 retask 1 42 59
[devMouse] retask slot1 (40,60)w13 -> (42,59)
[fifo] ar=41560 retask 2 42 60
[devMouse] retask slot2 (41,59)w13 -> (42,60)
[fifo] ar=41568 save /tmp/aoe-camp/m1/t.aoesave
[save] wrote /tmp/aoe-camp/m1/t.aoesave (12294B) ar=41569
[dbg] ar=41573 am=6 aA=6 aH=0 l=false j=false fullRedraw=false
[dbg] ar=41598 am=6 aA=6 aH=0 l=false j=false fullRedraw=false
[fifo] ar=41615 slots 0
[slots] p0 n=11 0:t0@(41,58)w2212 1:t0@(41,60)w5b12 2:t0@(41,59)w3312 3:t3@(29,59)w0 4:t3@(30,59)w0 5:t3@(30,60)w0 6:t3@(29,60)w0 7:t4@(30,57)w0 8:t4@(30,56)w0 9:t4@(30,55)w0 10:t6@(28,58)w0
[dbg] ar=41623 am=6 aA=6 aH=0 l=false j=false fullRedraw=false
[fifo] ar=41639 save /tmp/aoe-camp/m1/t.aoesave
[save] wrote /tmp/aoe-camp/m1/t.aoesave (12294B) ar=41640
[dbg] ar=41648 am=6 aA=6 aH=0 l=false j=false fullRedraw=false
[dbg] ar=41673 am=6 aA=6 aH=0 l=false j=false fullRedraw=false
[fifo] ar=41685 slots 0
[slots] p0 n=11 0:t0@(40,58)w13 1:t0@(41,60)w1412 2:t0@(38,59)w13 3:t3@(29,59)w0 4:t3@(30,59)w0 5:t3@(30,60)w0 6:t3@(29,60)w0 7:t4@(30,57)w0 8:t4@(30,56)w0 9:t4@(30,55)w0 10:t6@(28,58)w0
[dbg] ar=41698 am=6 aA=6 aH=0 l=false j=false fullRedraw=false
[fifo] ar=41710 retask 0 42 58
[devMouse] retask slot0 (41,59)w13 -> (42,58)
[fifo] ar=41718 retask 2 42 60
[devMouse] retask slot2 (41,60)w13 -> (42,60)
[dbg] ar=41723 am=6 aA=6 aH=0 l=false j=false fullRedraw=false
[fifo] ar=41726 save /tmp/aoe-camp/m1/t.aoesave
[save] wrote /tmp/aoe-camp/m1/t.aoesave (12294B) ar=41727
[dbg] ar=41748 am=6 aA=6 aH=0 l=false j=false fullRedraw=false
[fifo] ar=41772 state
[devMouse] aA=6/6 cursor=(31,58) cam=(-523,628) Q=3743 aE=512 Y=0 sel=6
[devMouse] p0 unit 0 tile=(41,59) type=0 sel=true
[devMouse] p0 unit 1 tile=(41,58) type=0 sel=true
[devMouse] p0 unit 2 tile=(41,60) type=0 sel=true
[devMouse] p0 unit 3 tile=(29,59) type=3 sel=true
[devMouse] p0 unit 4 tile=(30,59) type=3 sel=true
[devMouse] p0 unit 5 tile=(30,60) type=3 sel=true
[devMouse] p0 unit 6 tile=(29,60) type=3 sel=true
[devMouse] p0 unit 7 tile=(30,57) type=4 sel=true
[devMouse] p0 unit 8 tile=(30,56) type=4 sel=true
[devMouse] p0 unit 9 tile=(30,55) type=4 sel=true
[devMouse] p0 unit 10 tile=(28,58) type=6 sel=true
[devMouse] p1 unit 0 tile=(48,48) type=3 sel=false
[devMouse] p1 unit 1 tile=(40,34) type=3 sel=false
[devMouse] p1 unit 2 tile=(60,55) type=3 sel=false
[devMouse] p1 unit 3 tile=(61,45) type=3 sel=false
[devMouse] p1 unit 4 tile=(49,24) type=3 sel=false
[devMouse] p1 unit 5 tile=(48,25) type=3 sel=false
[devMouse] p1 unit 6 tile=(54,19) type=3 sel=false
[devMouse] p1 unit 7 tile=(36,23) type=4 sel=false
[devMouse] p1 unit 8 tile=(37,22) type=4 sel=false
[devMouse] p1 unit 9 tile=(49,33) type=4 sel=false
[devMouse] p1 unit 10 tile=(32,17) type=3 sel=false
[devMouse] p1 unit 11 tile=(25,21) type=4 sel=false
[devMouse] p1 unit 12 tile=(22,26) type=3 sel=false
[devMouse] p1 unit 13 tile=(23,27) type=3 sel=false
[devMouse] p1 unit 14 tile=(15,47) type=3 sel=false
[devMouse] p1 unit 15 tile=(16,54) type=3 sel=false
[dbg] ar=41773 am=6 aA=6 aH=0 l=false j=false fullRedraw=false
[dbg] ar=41798 am=6 aA=6 aH=0 l=false j=false fullRedraw=false
[dbg] ar=41823 am=6 aA=6 aH=0 l=false j=false fullRedraw=false
[fifo] ar=41827 slots 0
[slots] p0 n=11 0:t0@(40,58)w13 1:t0@(39,59)w13 2:t0@(41,59)w13 3:t3@(29,59)w0 4:t3@(30,59)w0 5:t3@(30,60)w0 6:t3@(29,60)w0 7:t4@(30,57)w0 8:t4@(30,56)w0 9:t4@(30,55)w0 10:t6@(28,58)w0
[dbg] ar=41848 am=6 aA=6 aH=0 l=false j=false fullRedraw=false
[fifo] ar=41851 retask 0 42 58
[devMouse] retask slot0 (41,60)w13 -> (42,58)
[fifo] ar=41860 retask 1 42 59
[devMouse] retask slot1 (40,58)w13 -> (42,59)
[fifo] ar=41869 retask 2 42 60
[devMouse] retask slot2 (39,58)w13 -> (42,60)
[dbg] ar=41873 am=6 aA=6 aH=0 l=false j=false fullRedraw=false
[fifo] ar=41878 save /tmp/aoe-camp/m1/t.aoesave
[save] wrote /tmp/aoe-camp/m1/t.aoesave (12294B) ar=41879
[dbg] ar=41898 am=6 aA=6 aH=0 l=false j=false fullRedraw=false
[dbg] ar=41923 am=6 aA=6 aH=0 l=false j=false fullRedraw=false
[fifo] ar=41924 slots 0
[slots] p0 n=11 0:t0@(41,58)w5312 1:t0@(41,59)w3712 2:t0@(41,60)w5212 3:t3@(29,59)w0 4:t3@(30,59)w0 5:t3@(30,60)w0 6:t3@(29,60)w0 7:t4@(30,57)w0 8:t4@(30,56)w0 9:t4@(30,55)w0 10:t6@(28,58)w0
[dbg] ar=41948 am=6 aA=6 aH=0 l=false j=false fullRedraw=false
[fifo] ar=41949 save /tmp/aoe-camp/m1/t.aoesave
[save] wrote /tmp/aoe-camp/m1/t.aoesave (12294B) ar=41950
[dbg] ar=41973 am=6 aA=6 aH=0 l=false j=false fullRedraw=false
[fifo] ar=41995 slots 0
[slots] p0 n=11 0:t0@(41,58)wc12 1:t0@(39,60)w13 2:t0@(41,60)wb12 3:t3@(29,59)w0 4:t3@(30,59)w0 5:t3@(30,60)w0 6:t3@(29,60)w0 7:t4@(30,57)w0 8:t4@(30,56)w0 9:t4@(30,55)w0 10:t6@(28,58)w0
[dbg] ar=41998 am=6 aA=6 aH=0 l=false j=false fullRedraw=false
[fifo] ar=42020 retask 1 42 59
[devMouse] retask slot1 (40,60)w13 -> (42,59)
[dbg] ar=42023 am=6 aA=6 aH=0 l=false j=false fullRedraw=false
[fifo] ar=42028 save /tmp/aoe-camp/m1/t.aoesave
[save] wrote /tmp/aoe-camp/m1/t.aoesave (12294B) ar=42029
[dbg] ar=42048 am=6 aA=6 aH=0 l=false j=false fullRedraw=false
[fifo] ar=42068 slots 0
[slots] p0 n=11 0:t0@(40,59)w13 1:t0@(41,60)w4512 2:t0@(38,59)w13 3:t3@(29,59)w0 4:t3@(30,59)w0 5:t3@(30,60)w0 6:t3@(29,60)w0 7:t4@(30,57)w0 8:t4@(30,56)w0 9:t4@(30,55)w0 10:t6@(28,58)w0
[dbg] ar=42073 am=6 aA=6 aH=0 l=false j=false fullRedraw=false
[fifo] ar=42092 retask 0 42 58
[devMouse] retask slot0 (40,58)w13 -> (42,58)
[dbg] ar=42098 am=6 aA=6 aH=0 l=false j=false fullRedraw=false
[fifo] ar=42100 retask 2 42 60
[devMouse] retask slot2 (41,58)w13 -> (42,60)
[fifo] ar=42107 save /tmp/aoe-camp/m1/t.aoesave
[save] wrote /tmp/aoe-camp/m1/t.aoesave (12294B) ar=42108
[dbg] ar=42123 am=6 aA=6 aH=0 l=false j=false fullRedraw=false
[dbg] ar=42148 am=6 aA=6 aH=0 l=false j=false fullRedraw=false
[fifo] ar=42154 slots 0
[slots] p0 n=11 0:t0@(41,58)w4a12 1:t0@(40,58)w13 2:t0@(41,59)w4912 3:t3@(29,59)w0 4:t3@(30,59)w0 5:t3@(30,60)w0 6:t3@(29,60)w0 7:t4@(30,57)w0 8:t4@(30,56)w0 9:t4@(30,55)w0 10:t6@(28,58)w0
[dbg] ar=42173 am=6 aA=6 aH=0 l=false j=false fullRedraw=false
[fifo] ar=42177 retask 1 42 59
[devMouse] retask slot1 (39,59)w13 -> (42,59)
[fifo] ar=42185 save /tmp/aoe-camp/m1/t.aoesave
[save] wrote /tmp/aoe-camp/m1/t.aoesave (12294B) ar=42186
[dbg] ar=42198 am=6 aA=6 aH=0 l=false j=false fullRedraw=false
[dbg] ar=42223 am=6 aA=6 aH=0 l=false j=false fullRedraw=false
[fifo] ar=42233 state
[devMouse] aA=6/6 cursor=(31,58) cam=(-523,628) Q=3743 aE=512 Y=0 sel=6
[devMouse] p0 unit 0 tile=(41,59) type=0 sel=true
[devMouse] p0 unit 1 tile=(41,60) type=0 sel=true
[devMouse] p0 unit 2 tile=(40,60) type=0 sel=true
[devMouse] p0 unit 3 tile=(29,59) type=3 sel=true
[devMouse] p0 unit 4 tile=(30,59) type=3 sel=true
[devMouse] p0 unit 5 tile=(30,60) type=3 sel=true
[devMouse] p0 unit 6 tile=(29,60) type=3 sel=true
[devMouse] p0 unit 7 tile=(30,57) type=4 sel=true
[devMouse] p0 unit 8 tile=(30,56) type=4 sel=true
[devMouse] p0 unit 9 tile=(30,55) type=4 sel=true
[devMouse] p0 unit 10 tile=(28,58) type=6 sel=true
[devMouse] p1 unit 0 tile=(48,48) type=3 sel=false
[devMouse] p1 unit 1 tile=(40,34) type=3 sel=false
[devMouse] p1 unit 2 tile=(60,55) type=3 sel=false
[devMouse] p1 unit 3 tile=(61,45) type=3 sel=false
[devMouse] p1 unit 4 tile=(49,24) type=3 sel=false
[devMouse] p1 unit 5 tile=(48,25) type=3 sel=false
[devMouse] p1 unit 6 tile=(54,19) type=3 sel=false
[devMouse] p1 unit 7 tile=(36,23) type=4 sel=false
[devMouse] p1 unit 8 tile=(37,22) type=4 sel=false
[devMouse] p1 unit 9 tile=(49,33) type=4 sel=false
[devMouse] p1 unit 10 tile=(32,17) type=3 sel=false
[devMouse] p1 unit 11 tile=(25,21) type=4 sel=false
[devMouse] p1 unit 12 tile=(22,26) type=3 sel=false
[devMouse] p1 unit 13 tile=(23,27) type=3 sel=false
[devMouse] p1 unit 14 tile=(15,47) type=3 sel=false
[devMouse] p1 unit 15 tile=(16,54) type=3 sel=false
[dbg] ar=42248 am=6 aA=6 aH=0 l=false j=false fullRedraw=false
[dbg] ar=42273 am=6 aA=6 aH=0 l=false j=false fullRedraw=false
[fifo] ar=42289 slots 0
[slots] p0 n=11 0:t0@(41,59)w13 1:t0@(41,60)wd12 2:t0@(41,58)w13 3:t3@(29,59)w0 4:t3@(30,59)w0 5:t3@(30,60)w0 6:t3@(29,60)w0 7:t4@(30,57)w0 8:t4@(30,56)w0 9:t4@(30,55)w0 10:t6@(28,58)w0
[dbg] ar=42298 am=6 aA=6 aH=0 l=false j=false fullRedraw=false
[fifo] ar=42314 retask 0 42 58
[devMouse] retask slot0 (39,59)w13 -> (42,58)
[fifo] ar=42322 retask 2 42 60
[devMouse] retask slot2 (41,59)w13 -> (42,60)
[dbg] ar=42323 am=6 aA=6 aH=0 l=false j=false fullRedraw=false
[fifo] ar=42330 save /tmp/aoe-camp/m1/t.aoesave
[save] wrote /tmp/aoe-camp/m1/t.aoesave (12294B) ar=42331
[dbg] ar=42348 am=6 aA=6 aH=0 l=false j=false fullRedraw=false
[dbg] ar=42373 am=6 aA=6 aH=0 l=false j=false fullRedraw=false
[fifo] ar=42376 slots 0
[slots] p0 n=11 0:t0@(41,58)w5a12 1:t0@(40,59)w13 2:t0@(41,59)w3512 3:t3@(29,59)w0 4:t3@(30,59)w0 5:t3@(30,60)w0 6:t3@(29,60)w0 7:t4@(30,57)w0 8:t4@(30,56)w0 9:t4@(30,55)w0 10:t6@(28,58)w0
[dbg] ar=42398 am=6 aA=6 aH=0 l=false j=false fullRedraw=false
[fifo] ar=42400 retask 1 42 59
[devMouse] retask slot1 (40,60)w13 -> (42,59)
[fifo] ar=42408 save /tmp/aoe-camp/m1/t.aoesave
[save] wrote /tmp/aoe-camp/m1/t.aoesave (12294B) ar=42409
[dbg] ar=42423 am=6 aA=6 aH=0 l=false j=false fullRedraw=false
[dbg] ar=42448 am=6 aA=6 aH=0 l=false j=false fullRedraw=false
[fifo] ar=42455 slots 0
[slots] p0 n=11 0:t0@(41,58)wa12 1:t0@(41,59)w5e12 2:t0@(39,59)w13 3:t3@(29,59)w0 4:t3@(30,59)w0 5:t3@(30,60)w0 6:t3@(29,60)w0 7:t4@(30,57)w0 8:t4@(30,56)w0 9:t4@(30,55)w0 10:t6@(28,58)w0
[dbg] ar=42473 am=6 aA=6 aH=0 l=false j=false fullRedraw=false
[fifo] ar=42479 retask 2 42 60
[devMouse] retask slot2 (40,60)w13 -> (42,60)
[fifo] ar=42487 save /tmp/aoe-camp/m1/t.aoesave
[save] wrote /tmp/aoe-camp/m1/t.aoesave (12294B) ar=42488
[dbg] ar=42498 am=6 aA=6 aH=0 l=false j=false fullRedraw=false
[dbg] ar=42523 am=6 aA=6 aH=0 l=false j=false fullRedraw=false
[fifo] ar=42532 slots 0
[slots] p0 n=11 0:t0@(39,59)w13 1:t0@(41,59)w1112 2:t0@(41,60)w3e12 3:t3@(29,59)w0 4:t3@(30,59)w0 5:t3@(30,60)w0 6:t3@(29,60)w0 7:t4@(30,57)w0 8:t4@(30,56)w0 9:t4@(30,55)w0 10:t6@(28,58)w0
[dbg] ar=42548 am=6 aA=6 aH=0 l=false j=false fullRedraw=false
[fifo] ar=42557 retask 0 42 58
[devMouse] retask slot0 (40,58)w13 -> (42,58)
[fifo] ar=42566 save /tmp/aoe-camp/m1/t.aoesave
[save] wrote /tmp/aoe-camp/m1/t.aoesave (12294B) ar=42567
[dbg] ar=42573 am=6 aA=6 aH=0 l=false j=false fullRedraw=false
[dbg] ar=42598 am=6 aA=6 aH=0 l=false j=false fullRedraw=false
[fifo] ar=42615 slots 0
[slots] p0 n=11 0:t0@(41,58)w3d12 1:t0@(40,59)w13 2:t0@(39,58)w13 3:t3@(29,59)w0 4:t3@(30,59)w0 5:t3@(30,60)w0 6:t3@(29,60)w0 7:t4@(30,57)w0 8:t4@(30,56)w0 9:t4@(30,55)w0 10:t6@(28,58)w0
[dbg] ar=42623 am=6 aA=6 aH=0 l=false j=false fullRedraw=false
[fifo] ar=42640 retask 1 42 59
[devMouse] retask slot1 (40,60)w13 -> (42,59)
[fifo] ar=42648 retask 2 42 60
[devMouse] retask slot2 (40,59)w13 -> (42,60)
[dbg] ar=42648 am=6 aA=6 aH=0 l=false j=false fullRedraw=false
[fifo] ar=42656 save /tmp/aoe-camp/m1/t.aoesave
[save] wrote /tmp/aoe-camp/m1/t.aoesave (12294B) ar=42657
[dbg] ar=42673 am=6 aA=6 aH=0 l=false j=false fullRedraw=false
[dbg] ar=42698 am=6 aA=6 aH=0 l=false j=false fullRedraw=false
[fifo] ar=42703 state
[devMouse] aA=6/6 cursor=(31,58) cam=(-523,628) Q=3743 aE=512 Y=0 sel=6
[devMouse] p0 unit 0 tile=(38,58) type=0 sel=true
[devMouse] p0 unit 1 tile=(41,59) type=0 sel=true
[devMouse] p0 unit 2 tile=(41,60) type=0 sel=true
[devMouse] p0 unit 3 tile=(29,59) type=3 sel=true
[devMouse] p0 unit 4 tile=(30,59) type=3 sel=true
[devMouse] p0 unit 5 tile=(30,60) type=3 sel=true
[devMouse] p0 unit 6 tile=(29,60) type=3 sel=true
[devMouse] p0 unit 7 tile=(30,57) type=4 sel=true
[devMouse] p0 unit 8 tile=(30,56) type=4 sel=true
[devMouse] p0 unit 9 tile=(30,55) type=4 sel=true
[devMouse] p0 unit 10 tile=(28,58) type=6 sel=true
[devMouse] p1 unit 0 tile=(48,48) type=3 sel=false
[devMouse] p1 unit 1 tile=(40,34) type=3 sel=false
[devMouse] p1 unit 2 tile=(60,55) type=3 sel=false
[devMouse] p1 unit 3 tile=(61,45) type=3 sel=false
[devMouse] p1 unit 4 tile=(49,24) type=3 sel=false
[devMouse] p1 unit 5 tile=(48,25) type=3 sel=false
[devMouse] p1 unit 6 tile=(54,19) type=3 sel=false
[devMouse] p1 unit 7 tile=(36,23) type=4 sel=false
[devMouse] p1 unit 8 tile=(37,22) type=4 sel=false
[devMouse] p1 unit 9 tile=(49,33) type=4 sel=false
[devMouse] p1 unit 10 tile=(32,17) type=3 sel=false
[devMouse] p1 unit 11 tile=(25,21) type=4 sel=false
[devMouse] p1 unit 12 tile=(22,26) type=3 sel=false
[devMouse] p1 unit 13 tile=(23,27) type=3 sel=false
[devMouse] p1 unit 14 tile=(15,47) type=3 sel=false
[devMouse] p1 unit 15 tile=(16,54) type=3 sel=false
[dbg] ar=42723 am=6 aA=6 aH=0 l=false j=false fullRedraw=false
[dbg] ar=42748 am=6 aA=6 aH=0 l=false j=false fullRedraw=false
[fifo] ar=42757 slots 0
[slots] p0 n=11 0:t0@(38,58)w13 1:t0@(41,59)w312 2:t0@(41,60)w312 3:t3@(29,59)w0 4:t3@(30,59)w0 5:t3@(30,60)w0 6:t3@(29,60)w0 7:t4@(30,57)w0 8:t4@(30,56)w0 9:t4@(30,55)w0 10:t6@(28,58)w0
[dbg] ar=42773 am=6 aA=6 aH=0 l=false j=false fullRedraw=false
[fifo] ar=42781 retask 0 42 58
[devMouse] retask slot0 (41,58)w13 -> (42,58)
[fifo] ar=42790 save /tmp/aoe-camp/m1/t.aoesave
[save] wrote /tmp/aoe-camp/m1/t.aoesave (12294B) ar=42791
[dbg] ar=42798 am=6 aA=6 aH=0 l=false j=false fullRedraw=false
[dbg] ar=42823 am=6 aA=6 aH=0 l=false j=false fullRedraw=false
[fifo] ar=42836 slots 0
[slots] p0 n=11 0:t0@(41,58)w3312 1:t0@(38,59)w13 2:t0@(40,59)w13 3:t3@(29,59)w0 4:t3@(30,59)w0 5:t3@(30,60)w0 6:t3@(29,60)w0 7:t4@(30,57)w0 8:t4@(30,56)w0 9:t4@(30,55)w0 10:t6@(28,58)w0
[dbg] ar=42848 am=6 aA=6 aH=0 l=false j=false fullRedraw=false
[fifo] ar=42859 retask 1 42 59
[devMouse] retask slot1 (40,59)w13 -> (42,59)
[fifo] ar=42867 retask 2 42 60
[devMouse] retask slot2 (40,60)w13 -> (42,60)
[dbg] ar=42873 am=6 aA=6 aH=0 l=false j=false fullRedraw=false
[fifo] ar=42875 save /tmp/aoe-camp/m1/t.aoesave
[save] wrote /tmp/aoe-camp/m1/t.aoesave (12294B) ar=42876
[dbg] ar=42898 am=6 aA=6 aH=0 l=false j=false fullRedraw=false
[fifo] ar=42920 slots 0
[slots] p0 n=11 0:t0@(39,58)w13 1:t0@(41,59)w3312 2:t0@(41,60)w3c12 3:t3@(29,59)w0 4:t3@(30,59)w0 5:t3@(30,60)w0 6:t3@(29,60)w0 7:t4@(30,57)w0 8:t4@(30,56)w0 9:t4@(30,55)w0 10:t6@(28,58)w0
[dbg] ar=42923 am=6 aA=6 aH=0 l=false j=false fullRedraw=false
[fifo] ar=42945 retask 0 42 58
[devMouse] retask slot0 (40,59)w13 -> (42,58)
[dbg] ar=42948 am=6 aA=6 aH=0 l=false j=false fullRedraw=false
[fifo] ar=42953 save /tmp/aoe-camp/m1/t.aoesave
[save] wrote /tmp/aoe-camp/m1/t.aoesave (12294B) ar=42954
[dbg] ar=42973 am=6 aA=6 aH=0 l=false j=false fullRedraw=false
[dbg] ar=42998 am=6 aA=6 aH=0 l=false j=false fullRedraw=false
[fifo] ar=43000 slots 0
[slots] p0 n=11 0:t0@(41,58)w3e12 1:t0@(39,59)w13 2:t0@(39,58)w13 3:t3@(29,59)w0 4:t3@(30,59)w0 5:t3@(30,60)w0 6:t3@(29,60)w0 7:t4@(30,57)w0 8:t4@(30,56)w0 9:t4@(30,55)w0 10:t6@(28,58)w0
[dbg] ar=43023 am=6 aA=6 aH=0 l=false j=false fullRedraw=false
[fifo] ar=43024 retask 1 42 59
[devMouse] retask slot1 (41,59)w13 -> (42,59)
[fifo] ar=43032 retask 2 42 60
[devMouse] retask slot2 (40,59)w13 -> (42,60)
[fifo] ar=43041 save /tmp/aoe-camp/m1/t.aoesave
[save] wrote /tmp/aoe-camp/m1/t.aoesave (12294B) ar=43042
[dbg] ar=43048 am=6 aA=6 aH=0 l=false j=false fullRedraw=false
[dbg] ar=43073 am=6 aA=6 aH=0 l=false j=false fullRedraw=false
[fifo] ar=43085 slots 0
[slots] p0 n=11 0:t0@(38,58)w13 1:t0@(41,59)w2b12 2:t0@(41,60)w3d12 3:t3@(29,59)w0 4:t3@(30,59)w0 5:t3@(30,60)w0 6:t3@(29,60)w0 7:t4@(30,57)w0 8:t4@(30,56)w0 9:t4@(30,55)w0 10:t6@(28,58)w0
[dbg] ar=43098 am=6 aA=6 aH=0 l=false j=false fullRedraw=false
[fifo] ar=43111 retask 0 42 58
[devMouse] retask slot0 (41,58)w13 -> (42,58)
[fifo] ar=43119 save /tmp/aoe-camp/m1/t.aoesave
[save] wrote /tmp/aoe-camp/m1/t.aoesave (12294B) ar=43120
[dbg] ar=43123 am=6 aA=6 aH=0 l=false j=false fullRedraw=false
[dbg] ar=43148 am=6 aA=6 aH=0 l=false j=false fullRedraw=false
[fifo] ar=43165 state
[devMouse] aA=6/6 cursor=(31,58) cam=(-523,628) Q=3743 aE=512 Y=0 sel=6
[devMouse] p0 unit 0 tile=(41,58) type=0 sel=true
[devMouse] p0 unit 1 tile=(40,59) type=0 sel=true
[devMouse] p0 unit 2 tile=(39,58) type=0 sel=true
[devMouse] p0 unit 3 tile=(29,59) type=3 sel=true
[devMouse] p0 unit 4 tile=(30,59) type=3 sel=true
[devMouse] p0 unit 5 tile=(30,60) type=3 sel=true
[devMouse] p0 unit 6 tile=(29,60) type=3 sel=true
[devMouse] p0 unit 7 tile=(30,57) type=4 sel=true
[devMouse] p0 unit 8 tile=(30,56) type=4 sel=true
[devMouse] p0 unit 9 tile=(30,55) type=4 sel=true
[devMouse] p0 unit 10 tile=(28,58) type=6 sel=true
[devMouse] p1 unit 0 tile=(48,48) type=3 sel=false
[devMouse] p1 unit 1 tile=(40,34) type=3 sel=false
[devMouse] p1 unit 2 tile=(60,55) type=3 sel=false
[devMouse] p1 unit 3 tile=(61,45) type=3 sel=false
[devMouse] p1 unit 4 tile=(49,24) type=3 sel=false
[devMouse] p1 unit 5 tile=(48,25) type=3 sel=false
[devMouse] p1 unit 6 tile=(54,19) type=3 sel=false
[devMouse] p1 unit 7 tile=(36,23) type=4 sel=false
[devMouse] p1 unit 8 tile=(37,22) type=4 sel=false
[devMouse] p1 unit 9 tile=(49,33) type=4 sel=false
[devMouse] p1 unit 10 tile=(32,17) type=3 sel=false
[devMouse] p1 unit 11 tile=(25,21) type=4 sel=false
[devMouse] p1 unit 12 tile=(22,26) type=3 sel=false
[devMouse] p1 unit 13 tile=(23,27) type=3 sel=false
[devMouse] p1 unit 14 tile=(15,47) type=3 sel=false
[devMouse] p1 unit 15 tile=(16,54) type=3 sel=false
[dbg] ar=43173 am=6 aA=6 aH=0 l=false j=false fullRedraw=false
[dbg] ar=43198 am=6 aA=6 aH=0 l=false j=false fullRedraw=false
[fifo] ar=43219 slots 0
[slots] p0 n=11 0:t0@(41,58)w13 1:t0@(41,59)w13 2:t0@(40,60)w13 3:t3@(29,59)w0 4:t3@(30,59)w0 5:t3@(30,60)w0 6:t3@(29,60)w0 7:t4@(30,57)w0 8:t4@(30,56)w0 9:t4@(30,55)w0 10:t6@(28,58)w0
[dbg] ar=43223 am=6 aA=6 aH=0 l=false j=false fullRedraw=false
[fifo] ar=43244 retask 0 42 58
[devMouse] retask slot0 (41,60)w13 -> (42,58)
[dbg] ar=43248 am=6 aA=6 aH=0 l=false j=false fullRedraw=false
[fifo] ar=43251 retask 1 42 59
[devMouse] retask slot1 (39,59)w13 -> (42,59)
[fifo] ar=43259 retask 2 42 60
[devMouse] retask slot2 (41,60)w13 -> (42,60)
[fifo] ar=43266 save /tmp/aoe-camp/m1/t.aoesave
[save] wrote /tmp/aoe-camp/m1/t.aoesave (12294B) ar=43267
[dbg] ar=43273 am=6 aA=6 aH=0 l=false j=false fullRedraw=false
[dbg] ar=43298 am=6 aA=6 aH=0 l=false j=false fullRedraw=false
[fifo] ar=43312 slots 0
[slots] p0 n=11 0:t0@(41,59)w3712 1:t0@(41,58)w3f12 2:t0@(41,60)w3612 3:t3@(29,59)w0 4:t3@(30,59)w0 5:t3@(30,60)w0 6:t3@(29,60)w0 7:t4@(30,57)w0 8:t4@(30,56)w0 9:t4@(30,55)w0 10:t6@(28,58)w0
[dbg] ar=43323 am=6 aA=6 aH=0 l=false j=false fullRedraw=false
[fifo] ar=43336 save /tmp/aoe-camp/m1/t.aoesave
[save] wrote /tmp/aoe-camp/m1/t.aoesave (12294B) ar=43337
[dbg] ar=43348 am=6 aA=6 aH=0 l=false j=false fullRedraw=false
[dbg] ar=43373 am=6 aA=6 aH=0 l=false j=false fullRedraw=false
[fifo] ar=43383 slots 0
[slots] p0 n=11 0:t0@(41,58)w13 1:t0@(41,59)w13 2:t0@(39,59)w13 3:t3@(29,59)w0 4:t3@(30,59)w0 5:t3@(30,60)w0 6:t3@(29,60)w0 7:t4@(30,57)w0 8:t4@(30,56)w0 9:t4@(30,55)w0 10:t6@(28,58)w0
[dbg] ar=43398 am=6 aA=6 aH=0 l=false j=false fullRedraw=false
[fifo] ar=43407 retask 0 42 58
[devMouse] retask slot0 (41,60)w13 -> (42,58)
[fifo] ar=43414 retask 1 42 59
[devMouse] retask slot1 (40,59)w13 -> (42,59)
[fifo] ar=43422 retask 2 42 60
[devMouse] retask slot2 (40,59)w13 -> (42,60)
[dbg] ar=43423 am=6 aA=6 aH=0 l=false j=false fullRedraw=false
[fifo] ar=43430 save /tmp/aoe-camp/m1/t.aoesave
[save] wrote /tmp/aoe-camp/m1/t.aoesave (12294B) ar=43431
[dbg] ar=43448 am=6 aA=6 aH=0 l=false j=false fullRedraw=false
[dbg] ar=43473 am=6 aA=6 aH=0 l=false j=false fullRedraw=false
[fifo] ar=43476 slots 0
[slots] p0 n=11 0:t0@(41,59)w3012 1:t0@(41,58)w0 2:t0@(41,60)w4112 3:t3@(29,59)w0 4:t3@(30,59)w0 5:t3@(30,60)w0 6:t3@(29,60)w0 7:t4@(30,57)w0 8:t4@(30,56)w0 9:t4@(30,55)w0 10:t6@(28,58)w0
[dbg] ar=43498 am=6 aA=6 aH=0 l=false j=false fullRedraw=false
[fifo] ar=43500 retask 1 42 59
[devMouse] retask slot1 (41,58)w5612 -> (42,59)
[fifo] ar=43508 save /tmp/aoe-camp/m1/t.aoesave
[save] wrote /tmp/aoe-camp/m1/t.aoesave (12294B) ar=43509
[dbg] ar=43523 am=6 aA=6 aH=0 l=false j=false fullRedraw=false
[dbg] ar=43548 am=6 aA=6 aH=0 l=false j=false fullRedraw=false
[fifo] ar=43555 slots 0
[slots] p0 n=11 0:t0@(39,59)w13 1:t0@(41,58)w3012 2:t0@(40,58)w13 3:t3@(29,59)w0 4:t3@(30,59)w0 5:t3@(30,60)w0 6:t3@(29,60)w0 7:t4@(30,57)w0 8:t4@(30,56)w0 9:t4@(30,55)w0 10:t6@(28,58)w0
[dbg] ar=43573 am=6 aA=6 aH=0 l=false j=false fullRedraw=false
[fifo] ar=43580 retask 0 42 58
[devMouse] retask slot0 (41,60)w13 -> (42,58)
[fifo] ar=43588 retask 2 42 60
[devMouse] retask slot2 (40,59)w13 -> (42,60)
[fifo] ar=43596 save /tmp/aoe-camp/m1/t.aoesave
[save] wrote /tmp/aoe-camp/m1/t.aoesave (12294B) ar=43597
[dbg] ar=43598 am=6 aA=6 aH=0 l=false j=false fullRedraw=false
[dbg] ar=43623 am=6 aA=6 aH=0 l=false j=false fullRedraw=false
[fifo] ar=43642 state
[devMouse] aA=6/6 cursor=(31,58) cam=(-523,628) Q=3743 aE=512 Y=0 sel=6
[devMouse] p0 unit 0 tile=(41,59) type=0 sel=true
[devMouse] p0 unit 1 tile=(40,58) type=0 sel=true
[devMouse] p0 unit 2 tile=(41,60) type=0 sel=true
[devMouse] p0 unit 3 tile=(29,59) type=3 sel=true
[devMouse] p0 unit 4 tile=(30,59) type=3 sel=true
[devMouse] p0 unit 5 tile=(30,60) type=3 sel=true
[devMouse] p0 unit 6 tile=(29,60) type=3 sel=true
[devMouse] p0 unit 7 tile=(30,57) type=4 sel=true
[devMouse] p0 unit 8 tile=(30,56) type=4 sel=true
[devMouse] p0 unit 9 tile=(30,55) type=4 sel=true
[devMouse] p0 unit 10 tile=(28,58) type=6 sel=true
[devMouse] p1 unit 0 tile=(48,48) type=3 sel=false
[devMouse] p1 unit 1 tile=(40,34) type=3 sel=false
[devMouse] p1 unit 2 tile=(60,55) type=3 sel=false
[devMouse] p1 unit 3 tile=(61,45) type=3 sel=false
[devMouse] p1 unit 4 tile=(49,24) type=3 sel=false
[devMouse] p1 unit 5 tile=(48,25) type=3 sel=false
[devMouse] p1 unit 6 tile=(54,19) type=3 sel=false
[devMouse] p1 unit 7 tile=(36,23) type=4 sel=false
[devMouse] p1 unit 8 tile=(37,22) type=4 sel=false
[devMouse] p1 unit 9 tile=(49,33) type=4 sel=false
[devMouse] p1 unit 10 tile=(32,17) type=3 sel=false
[devMouse] p1 unit 11 tile=(25,21) type=4 sel=false
[devMouse] p1 unit 12 tile=(22,26) type=3 sel=false
[devMouse] p1 unit 13 tile=(23,27) type=3 sel=false
[devMouse] p1 unit 14 tile=(15,47) type=3 sel=false
[devMouse] p1 unit 15 tile=(16,54) type=3 sel=false
[dbg] ar=43648 am=6 aA=6 aH=0 l=false j=false fullRedraw=false
[dbg] ar=43673 am=6 aA=6 aH=0 l=false j=false fullRedraw=false
[fifo] ar=43696 slots 0
[slots] p0 n=11 0:t0@(41,59)wc12 1:t0@(40,58)w13 2:t0@(41,60)wb12 3:t3@(29,59)w0 4:t3@(30,59)w0 5:t3@(30,60)w0 6:t3@(29,60)w0 7:t4@(30,57)w0 8:t4@(30,56)w0 9:t4@(30,55)w0 10:t6@(28,58)w0
[dbg] ar=43698 am=6 aA=6 aH=0 l=false j=false fullRedraw=false
[fifo] ar=43720 retask 1 42 59
[devMouse] retask slot1 (41,59)w13 -> (42,59)
[dbg] ar=43723 am=6 aA=6 aH=0 l=false j=false fullRedraw=false
[fifo] ar=43727 save /tmp/aoe-camp/m1/t.aoesave
[save] wrote /tmp/aoe-camp/m1/t.aoesave (12294B) ar=43728
[dbg] ar=43748 am=6 aA=6 aH=0 l=false j=false fullRedraw=false
[dbg] ar=43773 am=6 aA=6 aH=0 l=false j=false fullRedraw=false
[fifo] ar=43774 slots 0
[slots] p0 n=11 0:t0@(41,58)w13 1:t0@(41,59)w3112 2:t0@(39,59)w13 3:t3@(29,59)w0 4:t3@(30,59)w0 5:t3@(30,60)w0 6:t3@(29,60)w0 7:t4@(30,57)w0 8:t4@(30,56)w0 9:t4@(30,55)w0 10:t6@(28,58)w0
[fifo] ar=43798 retask 0 42 58
[devMouse] retask slot0 (39,59)w13 -> (42,58)
[dbg] ar=43798 am=6 aA=6 aH=0 l=false j=false fullRedraw=false
[fifo] ar=43807 retask 2 42 60
[devMouse] retask slot2 (41,58)w13 -> (42,60)
[fifo] ar=43816 save /tmp/aoe-camp/m1/t.aoesave
[save] wrote /tmp/aoe-camp/m1/t.aoesave (12294B) ar=43817
[dbg] ar=43823 am=6 aA=6 aH=0 l=false j=false fullRedraw=false
[dbg] ar=43848 am=6 aA=6 aH=0 l=false j=false fullRedraw=false
[fifo] ar=43862 slots 0
[slots] p0 n=11 0:t0@(41,59)w4b12 1:t0@(41,60)w13 2:t0@(37,59)w0 3:t3@(29,59)w0 4:t3@(30,59)w0 5:t3@(30,60)w0 6:t3@(29,60)w0 7:t4@(30,57)w0 8:t4@(30,56)w0 9:t4@(30,55)w0 10:t6@(28,58)w0
[dbg] ar=43873 am=6 aA=6 aH=0 l=false j=false fullRedraw=false
[fifo] ar=43886 retask 1 42 59
[devMouse] retask slot1 (39,59)w13 -> (42,59)
[fifo] ar=43895 retask 2 42 60
[devMouse] retask slot2 (40,60)w0 -> (42,60)
[dbg] ar=43898 am=6 aA=6 aH=0 l=false j=false fullRedraw=false
[fifo] ar=43903 save /tmp/aoe-camp/m1/t.aoesave
[save] wrote /tmp/aoe-camp/m1/t.aoesave (12294B) ar=43904
[dbg] ar=43923 am=6 aA=6 aH=0 l=false j=false fullRedraw=false
[fifo] ar=43948 slots 0
[slots] p0 n=11 0:t0@(40,58)w13 1:t0@(41,60)w3b12 2:t0@(40,60)w0 3:t3@(29,59)w0 4:t3@(30,59)w0 5:t3@(30,60)w0 6:t3@(29,60)w0 7:t4@(30,57)w0 8:t4@(30,56)w0 9:t4@(30,55)w0 10:t6@(28,58)w0
[dbg] ar=43948 am=6 aA=6 aH=0 l=false j=false fullRedraw=false
[fifo] ar=43973 retask 0 42 58
[dbg] ar=43973 am=6 aA=6 aH=0 l=false j=false fullRedraw=false
[devMouse] retask slot0 (40,59)w13 -> (42,58)
[fifo] ar=43982 retask 2 42 60
[devMouse] retask slot2 (40,60)w0 -> (42,60)
[fifo] ar=43990 save /tmp/aoe-camp/m1/t.aoesave
[save] wrote /tmp/aoe-camp/m1/t.aoesave (12294B) ar=43991
[dbg] ar=43998 am=6 aA=6 aH=0 l=false j=false fullRedraw=false
[dbg] ar=44023 am=6 aA=6 aH=0 l=false j=false fullRedraw=false
[fifo] ar=44040 slots 0
[slots] p0 n=11 0:t0@(41,58)w2d12 1:t0@(38,59)w13 2:t0@(41,59)w3a12 3:t3@(29,59)w0 4:t3@(30,59)w0 5:t3@(30,60)w0 6:t3@(29,60)w0 7:t4@(30,57)w0 8:t4@(30,56)w0 9:t4@(30,55)w0 10:t6@(28,58)w0
[dbg] ar=44048 am=6 aA=6 aH=0 l=false j=false fullRedraw=false
[fifo] ar=44064 retask 1 42 59
[devMouse] retask slot1 (41,60)w13 -> (42,59)
[fifo] ar=44072 save /tmp/aoe-camp/m1/t.aoesave
[save] wrote /tmp/aoe-camp/m1/t.aoesave (12294B) ar=44073
[dbg] ar=44073 am=6 aA=6 aH=0 l=false j=false fullRedraw=false
[dbg] ar=44098 am=6 aA=6 aH=0 l=false j=false fullRedraw=false
[fifo] ar=44119 state
[devMouse] aA=6/6 cursor=(31,58) cam=(-523,628) Q=3743 aE=512 Y=0 sel=6
[devMouse] p0 unit 0 tile=(39,58) type=0 sel=true
[devMouse] p0 unit 1 tile=(41,60) type=0 sel=true
[devMouse] p0 unit 2 tile=(38,59) type=0 sel=true
[devMouse] p0 unit 3 tile=(29,59) type=3 sel=true
[devMouse] p0 unit 4 tile=(30,59) type=3 sel=true
[devMouse] p0 unit 5 tile=(30,60) type=3 sel=true
[devMouse] p0 unit 6 tile=(29,60) type=3 sel=true
[devMouse] p0 unit 7 tile=(30,57) type=4 sel=true
[devMouse] p0 unit 8 tile=(30,56) type=4 sel=true
[devMouse] p0 unit 9 tile=(30,55) type=4 sel=true
[devMouse] p0 unit 10 tile=(28,58) type=6 sel=true
[devMouse] p1 unit 0 tile=(48,48) type=3 sel=false
[devMouse] p1 unit 1 tile=(40,34) type=3 sel=false
[devMouse] p1 unit 2 tile=(60,55) type=3 sel=false
[devMouse] p1 unit 3 tile=(61,45) type=3 sel=false
[devMouse] p1 unit 4 tile=(49,24) type=3 sel=false
[devMouse] p1 unit 5 tile=(48,25) type=3 sel=false
[devMouse] p1 unit 6 tile=(54,19) type=3 sel=false
[devMouse] p1 unit 7 tile=(36,23) type=4 sel=false
[devMouse] p1 unit 8 tile=(37,22) type=4 sel=false
[devMouse] p1 unit 9 tile=(49,33) type=4 sel=false
[devMouse] p1 unit 10 tile=(32,17) type=3 sel=false
[devMouse] p1 unit 11 tile=(25,21) type=4 sel=false
[devMouse] p1 unit 12 tile=(22,26) type=3 sel=false
[devMouse] p1 unit 13 tile=(23,27) type=3 sel=false
[devMouse] p1 unit 14 tile=(15,47) type=3 sel=false
[devMouse] p1 unit 15 tile=(16,54) type=3 sel=false
[dbg] ar=44123 am=6 aA=6 aH=0 l=false j=false fullRedraw=false
[dbg] ar=44148 am=6 aA=6 aH=0 l=false j=false fullRedraw=false
[dbg] ar=44173 am=6 aA=6 aH=0 l=false j=false fullRedraw=false
[fifo] ar=44175 slots 0
[slots] p0 n=11 0:t0@(38,59)w13 1:t0@(41,59)w13 2:t0@(39,60)w13 3:t3@(29,59)w0 4:t3@(30,59)w0 5:t3@(30,60)w0 6:t3@(29,60)w0 7:t4@(30,57)w0 8:t4@(30,56)w0 9:t4@(30,55)w0 10:t6@(28,58)w0
[dbg] ar=44198 am=6 aA=6 aH=0 l=false j=false fullRedraw=false
[fifo] ar=44199 retask 0 42 58
[devMouse] retask slot0 (41,59)w13 -> (42,58)
[fifo] ar=44207 retask 1 42 59
[devMouse] retask slot1 (41,58)w13 -> (42,59)
[fifo] ar=44215 retask 2 42 60
[devMouse] retask slot2 (41,60)w13 -> (42,60)
[fifo] ar=44223 save /tmp/aoe-camp/m1/t.aoesave
[dbg] ar=44223 am=6 aA=6 aH=0 l=false j=false fullRedraw=false
[save] wrote /tmp/aoe-camp/m1/t.aoesave (12294B) ar=44224
[dbg] ar=44248 am=6 aA=6 aH=0 l=false j=false fullRedraw=false
[fifo] ar=44269 slots 0
[slots] p0 n=11 0:t0@(41,59)w2412 1:t0@(41,58)w2912 2:t0@(41,60)w3112 3:t3@(29,59)w0 4:t3@(30,59)w0 5:t3@(30,60)w0 6:t3@(29,60)w0 7:t4@(30,57)w0 8:t4@(30,56)w0 9:t4@(30,55)w0 10:t6@(28,58)w0
[dbg] ar=44273 am=6 aA=6 aH=0 l=false j=false fullRedraw=false
[fifo] ar=44294 save /tmp/aoe-camp/m1/t.aoesave
[save] wrote /tmp/aoe-camp/m1/t.aoesave (12294B) ar=44295
[dbg] ar=44298 am=6 aA=6 aH=0 l=false j=false fullRedraw=false
[dbg] ar=44323 am=6 aA=6 aH=0 l=false j=false fullRedraw=false
[fifo] ar=44340 slots 0
[slots] p0 n=11 0:t0@(40,60)w13 1:t0@(41,59)w13 2:t0@(41,58)w13 3:t3@(29,59)w0 4:t3@(30,59)w0 5:t3@(30,60)w0 6:t3@(29,60)w0 7:t4@(30,57)w0 8:t4@(30,56)w0 9:t4@(30,55)w0 10:t6@(28,58)w0
[dbg] ar=44348 am=6 aA=6 aH=0 l=false j=false fullRedraw=false
[fifo] ar=44364 retask 0 42 58
[devMouse] retask slot0 (40,58)w13 -> (42,58)
[fifo] ar=44371 retask 1 42 59
[devMouse] retask slot1 (41,59)w13 -> (42,59)
[dbg] ar=44373 am=6 aA=6 aH=0 l=false j=false fullRedraw=false
[fifo] ar=44379 retask 2 42 60
[devMouse] retask slot2 (39,58)w13 -> (42,60)
[fifo] ar=44386 save /tmp/aoe-camp/m1/t.aoesave
[save] wrote /tmp/aoe-camp/m1/t.aoesave (12294B) ar=44387
[dbg] ar=44398 am=6 aA=6 aH=0 l=false j=false fullRedraw=false
[dbg] ar=44423 am=6 aA=6 aH=0 l=false j=false fullRedraw=false
[fifo] ar=44432 slots 0
[slots] p0 n=11 0:t0@(41,58)w3012 1:t0@(41,59)w2c12 2:t0@(41,60)w4612 3:t3@(29,59)w0 4:t3@(30,59)w0 5:t3@(30,60)w0 6:t3@(29,60)w0 7:t4@(30,57)w0 8:t4@(30,56)w0 9:t4@(30,55)w0 10:t6@(28,58)w0
[dbg] ar=44448 am=6 aA=6 aH=0 l=false j=false fullRedraw=false
[fifo] ar=44456 save /tmp/aoe-camp/m1/t.aoesave
[save] wrote /tmp/aoe-camp/m1/t.aoesave (12294B) ar=44457
[dbg] ar=44473 am=6 aA=6 aH=0 l=false j=false fullRedraw=false
[dbg] ar=44498 am=6 aA=6 aH=0 l=false j=false fullRedraw=false
[fifo] ar=44503 slots 0
[slots] p0 n=11 0:t0@(39,60)w13 1:t0@(38,59)w13 2:t0@(41,59)w13 3:t3@(29,59)w0 4:t3@(30,59)w0 5:t3@(30,60)w0 6:t3@(29,60)w0 7:t4@(30,57)w0 8:t4@(30,56)w0 9:t4@(30,55)w0 10:t6@(28,58)w0
[dbg] ar=44523 am=6 aA=6 aH=0 l=false j=false fullRedraw=false
[fifo] ar=44527 retask 0 42 58
[devMouse] retask slot0 (40,59)w13 -> (42,58)
[fifo] ar=44535 retask 1 42 59
[devMouse] retask slot1 (41,60)w13 -> (42,59)
[fifo] ar=44544 retask 2 42 60
[devMouse] retask slot2 (40,60)w13 -> (42,60)
[dbg] ar=44548 am=6 aA=6 aH=0 l=false j=false fullRedraw=false
[fifo] ar=44552 save /tmp/aoe-camp/m1/t.aoesave
[save] wrote /tmp/aoe-camp/m1/t.aoesave (12294B) ar=44553
[dbg] ar=44573 am=6 aA=6 aH=0 l=false j=false fullRedraw=false
[dbg] ar=44598 am=6 aA=6 aH=0 l=false j=false fullRedraw=false
[fifo] ar=44600 state
[devMouse] aA=6/6 cursor=(31,58) cam=(-523,628) Q=3743 aE=512 Y=0 sel=6
[devMouse] p0 unit 0 tile=(41,58) type=0 sel=true
[devMouse] p0 unit 1 tile=(41,60) type=0 sel=true
[devMouse] p0 unit 2 tile=(41,59) type=0 sel=true
[devMouse] p0 unit 3 tile=(29,59) type=3 sel=true
[devMouse] p0 unit 4 tile=(30,59) type=3 sel=true
[devMouse] p0 unit 5 tile=(30,60) type=3 sel=true
[devMouse] p0 unit 6 tile=(29,60) type=3 sel=true
[devMouse] p0 unit 7 tile=(30,57) type=4 sel=true
[devMouse] p0 unit 8 tile=(30,56) type=4 sel=true
[devMouse] p0 unit 9 tile=(30,55) type=4 sel=true
[devMouse] p0 unit 10 tile=(28,58) type=6 sel=true
[devMouse] p1 unit 0 tile=(48,48) type=3 sel=false
[devMouse] p1 unit 1 tile=(40,34) type=3 sel=false
[devMouse] p1 unit 2 tile=(60,55) type=3 sel=false
[devMouse] p1 unit 3 tile=(61,45) type=3 sel=false
[devMouse] p1 unit 4 tile=(49,24) type=3 sel=false
[devMouse] p1 unit 5 tile=(48,25) type=3 sel=false
[devMouse] p1 unit 6 tile=(54,19) type=3 sel=false
[devMouse] p1 unit 7 tile=(36,23) type=4 sel=false
[devMouse] p1 unit 8 tile=(37,22) type=4 sel=false
[devMouse] p1 unit 9 tile=(49,33) type=4 sel=false
[devMouse] p1 unit 10 tile=(32,17) type=3 sel=false
[devMouse] p1 unit 11 tile=(25,21) type=4 sel=false
[devMouse] p1 unit 12 tile=(22,26) type=3 sel=false
[devMouse] p1 unit 13 tile=(23,27) type=3 sel=false
[devMouse] p1 unit 14 tile=(15,47) type=3 sel=false
[devMouse] p1 unit 15 tile=(16,54) type=3 sel=false
[dbg] ar=44623 am=6 aA=6 aH=0 l=false j=false fullRedraw=false
[dbg] ar=44648 am=6 aA=6 aH=0 l=false j=false fullRedraw=false
[fifo] ar=44652 slots 0
[slots] p0 n=11 0:t0@(42,58)w13 1:t0@(40,58)w13 2:t0@(41,59)w2c12 3:t3@(29,59)w0 4:t3@(30,59)w0 5:t3@(30,60)w0 6:t3@(29,60)w0 7:t4@(30,57)w0 8:t4@(30,56)w0 9:t4@(30,55)w0 10:t6@(28,58)w0
[dbg] ar=44673 am=6 aA=6 aH=0 l=false j=false fullRedraw=false
[fifo] ar=44676 retask 0 42 58
[devMouse] retask slot0 (42,58)w13 -> (42,58)
[fifo] ar=44684 retask 1 42 59
[devMouse] retask slot1 (39,59)w13 -> (42,59)
[fifo] ar=44692 save /tmp/aoe-camp/m1/t.aoesave
[save] wrote /tmp/aoe-camp/m1/t.aoesave (12294B) ar=44693
[dbg] ar=44698 am=6 aA=6 aH=0 l=false j=false fullRedraw=false
[dbg] ar=44723 am=6 aA=6 aH=0 l=false j=false fullRedraw=false
[fifo] ar=44739 slots 0
[slots] p0 n=11 0:t0@(42,58)w0 1:t0@(41,60)w4512 2:t0@(40,59)w13 3:t3@(29,59)w0 4:t3@(30,59)w0 5:t3@(30,60)w0 6:t3@(29,60)w0 7:t4@(30,57)w0 8:t4@(30,56)w0 9:t4@(30,55)w0 10:t6@(28,58)w0
[dbg] ar=44748 am=6 aA=6 aH=0 l=false j=false fullRedraw=false
[fifo] ar=44764 retask 0 43 58
[devMouse] retask slot0 (42,58)w0 -> (43,58)
[fifo] ar=44771 retask 2 42 60
[devMouse] retask slot2 (39,59)w13 -> (42,60)
[dbg] ar=44773 am=6 aA=6 aH=0 l=false j=false fullRedraw=false
[fifo] ar=44779 save /tmp/aoe-camp/m1/t.aoesave
[save] wrote /tmp/aoe-camp/m1/t.aoesave (12294B) ar=44780
[dbg] ar=44798 am=6 aA=6 aH=0 l=false j=false fullRedraw=false
[dbg] ar=44823 am=6 aA=6 aH=0 l=false j=false fullRedraw=false
[fifo] ar=44825 slots 0
[slots] p0 n=11 0:t0@(42,58)w2a12 1:t0@(40,58)w13 2:t0@(41,59)w5212 3:t3@(29,59)w0 4:t3@(30,59)w0 5:t3@(30,60)w0 6:t3@(29,60)w0 7:t4@(30,57)w0 8:t4@(30,56)w0 9:t4@(30,55)w0 10:t6@(28,58)w0
[dbg] ar=44848 am=6 aA=6 aH=0 l=false j=false fullRedraw=false
[fifo] ar=44849 retask 1 42 59
[devMouse] retask slot1 (41,60)w13 -> (42,59)
[fifo] ar=44858 save /tmp/aoe-camp/m1/t.aoesave
[save] wrote /tmp/aoe-camp/m1/t.aoesave (12294B) ar=44859
[dbg] ar=44873 am=6 aA=6 aH=0 l=false j=false fullRedraw=false
[dbg] ar=44898 am=6 aA=6 aH=0 l=false j=false fullRedraw=false
[fifo] ar=44904 slots 0
[slots] p0 n=11 0:t0@(39,58)w13 1:t0@(42,59)w0 2:t0@(41,59)w312 3:t3@(29,59)w0 4:t3@(30,59)w0 5:t3@(30,60)w0 6:t3@(29,60)w0 7:t4@(30,57)w0 8:t4@(30,56)w0 9:t4@(30,55)w0 10:t6@(28,58)w0
[dbg] ar=44923 am=6 aA=6 aH=0 l=false j=false fullRedraw=false
[fifo] ar=44928 retask 0 43 58
[devMouse] retask slot0 (41,58)w13 -> (43,58)
[fifo] ar=44936 retask 1 42 59
[devMouse] retask slot1 (42,59)w0 -> (42,59)
[fifo] ar=44944 save /tmp/aoe-camp/m1/t.aoesave
[save] wrote /tmp/aoe-camp/m1/t.aoesave (12294B) ar=44945
[dbg] ar=44948 am=6 aA=6 aH=0 l=false j=false fullRedraw=false
[dbg] ar=44973 am=6 aA=6 aH=0 l=false j=false fullRedraw=false
[fifo] ar=44990 slots 0
[slots] p0 n=11 0:t0@(42,58)w3512 1:t0@(42,59)w0 2:t0@(41,59)w13 3:t3@(29,59)w0 4:t3@(30,59)w0 5:t3@(30,60)w0 6:t3@(29,60)w0 7:t4@(30,57)w0 8:t4@(30,56)w0 9:t4@(30,55)w0 10:t6@(28,58)w0
[dbg] ar=44998 am=6 aA=6 aH=0 l=false j=false fullRedraw=false
[fifo] ar=45015 retask 1 42 59
[devMouse] retask slot1 (42,59)w0 -> (42,59)
[fifo] ar=45022 retask 2 42 60
[devMouse] retask slot2 (39,59)w13 -> (42,60)
[dbg] ar=45023 am=6 aA=6 aH=0 l=false j=false fullRedraw=false
[fifo] ar=45030 save /tmp/aoe-camp/m1/t.aoesave
[save] wrote /tmp/aoe-camp/m1/t.aoesave (12294B) ar=45031
[dbg] ar=45048 am=6 aA=6 aH=0 l=false j=false fullRedraw=false
[dbg] ar=45073 am=6 aA=6 aH=0 l=false j=false fullRedraw=false
[fifo] ar=45076 state
[devMouse] aA=6/6 cursor=(31,58) cam=(-523,628) Q=3743 aE=512 Y=0 sel=6
[devMouse] p0 unit 0 tile=(40,58) type=0 sel=true
[devMouse] p0 unit 1 tile=(42,59) type=0 sel=true
[devMouse] p0 unit 2 tile=(41,60) type=0 sel=true
[devMouse] p0 unit 3 tile=(29,59) type=3 sel=true
[devMouse] p0 unit 4 tile=(30,59) type=3 sel=true
[devMouse] p0 unit 5 tile=(30,60) type=3 sel=true
[devMouse] p0 unit 6 tile=(29,60) type=3 sel=true
[devMouse] p0 unit 7 tile=(30,57) type=4 sel=true
[devMouse] p0 unit 8 tile=(30,56) type=4 sel=true
[devMouse] p0 unit 9 tile=(30,55) type=4 sel=true
[devMouse] p0 unit 10 tile=(28,58) type=6 sel=true
[devMouse] p1 unit 0 tile=(48,48) type=3 sel=false
[devMouse] p1 unit 1 tile=(40,34) type=3 sel=false
[devMouse] p1 unit 2 tile=(60,55) type=3 sel=false
[devMouse] p1 unit 3 tile=(61,45) type=3 sel=false
[devMouse] p1 unit 4 tile=(49,24) type=3 sel=false
[devMouse] p1 unit 5 tile=(48,25) type=3 sel=false
[devMouse] p1 unit 6 tile=(54,19) type=3 sel=false
[devMouse] p1 unit 7 tile=(36,23) type=4 sel=false
[devMouse] p1 unit 8 tile=(37,22) type=4 sel=false
[devMouse] p1 unit 9 tile=(49,33) type=4 sel=false
[devMouse] p1 unit 10 tile=(32,17) type=3 sel=false
[devMouse] p1 unit 11 tile=(25,21) type=4 sel=false
[devMouse] p1 unit 12 tile=(22,26) type=3 sel=false
[devMouse] p1 unit 13 tile=(23,27) type=3 sel=false
[devMouse] p1 unit 14 tile=(15,47) type=3 sel=false
[devMouse] p1 unit 15 tile=(16,54) type=3 sel=false
[dbg] ar=45098 am=6 aA=6 aH=0 l=false j=false fullRedraw=false
[dbg] ar=45123 am=6 aA=6 aH=0 l=false j=false fullRedraw=false
[fifo] ar=45131 slots 0
[slots] p0 n=11 0:t0@(40,58)w13 1:t0@(42,59)w0 2:t0@(41,60)we12 3:t3@(29,59)w0 4:t3@(30,59)w0 5:t3@(30,60)w0 6:t3@(29,60)w0 7:t4@(30,57)w0 8:t4@(30,56)w0 9:t4@(30,55)w0 10:t6@(28,58)w0
[dbg] ar=45148 am=6 aA=6 aH=0 l=false j=false fullRedraw=false
[fifo] ar=45156 retask 0 43 58
[devMouse] retask slot0 (41,59)w13 -> (43,58)
[fifo] ar=45165 retask 1 43 59
[devMouse] retask slot1 (42,59)w0 -> (43,59)
[fifo] ar=45172 save /tmp/aoe-camp/m1/t.aoesave
[save] wrote /tmp/aoe-camp/m1/t.aoesave (12294B) ar=45173
[dbg] ar=45173 am=6 aA=6 aH=0 l=false j=false fullRedraw=false
[dbg] ar=45198 am=6 aA=6 aH=0 l=false j=false fullRedraw=false
[fifo] ar=45218 slots 0
[slots] p0 n=11 0:t0@(42,58)w3a12 1:t0@(42,59)w3112 2:t0@(41,58)w13 3:t3@(29,59)w0 4:t3@(30,59)w0 5:t3@(30,60)w0 6:t3@(29,60)w0 7:t4@(30,57)w0 8:t4@(30,56)w0 9:t4@(30,55)w0 10:t6@(28,58)w0
[dbg] ar=45223 am=6 aA=6 aH=0 l=false j=false fullRedraw=false
[fifo] ar=45244 retask 2 42 60
[devMouse] retask slot2 (40,60)w13 -> (42,60)
[dbg] ar=45248 am=6 aA=6 aH=0 l=false j=false fullRedraw=false
[fifo] ar=45253 save /tmp/aoe-camp/m1/t.aoesave
[save] wrote /tmp/aoe-camp/m1/t.aoesave (12294B) ar=45254
[dbg] ar=45273 am=6 aA=6 aH=0 l=false j=false fullRedraw=false
[dbg] ar=45298 am=6 aA=6 aH=0 l=false j=false fullRedraw=false
[fifo] ar=45299 slots 0
[slots] p0 n=11 0:t0@(40,58)w13 1:t0@(41,59)w13 2:t0@(41,60)w3912 3:t3@(29,59)w0 4:t3@(30,59)w0 5:t3@(30,60)w0 6:t3@(29,60)w0 7:t4@(30,57)w0 8:t4@(30,56)w0 9:t4@(30,55)w0 10:t6@(28,58)w0
[fifo] ar=45323 retask 0 43 58
[devMouse] retask slot0 (42,59)w13 -> (43,58)
[dbg] ar=45323 am=6 aA=6 aH=0 l=false j=false fullRedraw=false
[fifo] ar=45331 retask 1 43 59
[devMouse] retask slot1 (41,59)w13 -> (43,59)
[fifo] ar=45339 save /tmp/aoe-camp/m1/t.aoesave
[save] wrote /tmp/aoe-camp/m1/t.aoesave (12294B) ar=45340
[dbg] ar=45348 am=6 aA=6 aH=0 l=false j=false fullRedraw=false
[dbg] ar=45373 am=6 aA=6 aH=0 l=false j=false fullRedraw=false
[fifo] ar=45387 slots 0
[slots] p0 n=11 0:t0@(42,59)w2e12 1:t0@(40,60)w0 2:t0@(40,59)w13 3:t3@(29,59)w0 4:t3@(30,59)w0 5:t3@(30,60)w0 6:t3@(29,60)w0 7:t4@(30,57)w0 8:t4@(30,56)w0 9:t4@(30,55)w0 10:t6@(28,58)w0
[dbg] ar=45398 am=6 aA=6 aH=0 l=false j=false fullRedraw=false
[fifo] ar=45411 retask 1 43 59
[devMouse] retask slot1 (40,59)w0 -> (43,59)
[fifo] ar=45419 retask 2 42 60
[devMouse] retask slot2 (41,58)w13 -> (42,60)
[dbg] ar=45423 am=6 aA=6 aH=0 l=false j=false fullRedraw=false
[fifo] ar=45427 save /tmp/aoe-camp/m1/t.aoesave
[save] wrote /tmp/aoe-camp/m1/t.aoesave (12294B) ar=45428
[dbg] ar=45448 am=6 aA=6 aH=0 l=false j=false fullRedraw=false
[fifo] ar=45473 slots 0
[slots] p0 n=11 0:t0@(41,59)w13 1:t0@(42,58)w3b12 2:t0@(41,60)w4312 3:t3@(29,59)w0 4:t3@(30,59)w0 5:t3@(30,60)w0 6:t3@(29,60)w0 7:t4@(30,57)w0 8:t4@(30,56)w0 9:t4@(30,55)w0 10:t6@(28,58)w0
[dbg] ar=45473 am=6 aA=6 aH=0 l=false j=false fullRedraw=false
[fifo] ar=45496 retask 0 43 58
[devMouse] retask slot0 (41,58)w13 -> (43,58)
[dbg] ar=45498 am=6 aA=6 aH=0 l=false j=false fullRedraw=false
[fifo] ar=45504 save /tmp/aoe-camp/m1/t.aoesave
[save] wrote /tmp/aoe-camp/m1/t.aoesave (12294B) ar=45505
[dbg] ar=45523 am=6 aA=6 aH=0 l=false j=false fullRedraw=false
[dbg] ar=45548 am=6 aA=6 aH=0 l=false j=false fullRedraw=false
[fifo] ar=45551 state
[devMouse] aA=6/6 cursor=(31,58) cam=(-523,628) Q=3743 aE=512 Y=0 sel=6
[devMouse] p0 unit 0 tile=(42,59) type=0 sel=true
[devMouse] p0 unit 1 tile=(41,60) type=0 sel=true
[devMouse] p0 unit 2 tile=(41,59) type=0 sel=true
[devMouse] p0 unit 3 tile=(29,59) type=3 sel=true
[devMouse] p0 unit 4 tile=(30,59) type=3 sel=true
[devMouse] p0 unit 5 tile=(30,60) type=3 sel=true
[devMouse] p0 unit 6 tile=(29,60) type=3 sel=true
[devMouse] p0 unit 7 tile=(30,57) type=4 sel=true
[devMouse] p0 unit 8 tile=(30,56) type=4 sel=true
[devMouse] p0 unit 9 tile=(30,55) type=4 sel=true
[devMouse] p0 unit 10 tile=(28,58) type=6 sel=true
[devMouse] p1 unit 0 tile=(48,48) type=3 sel=false
[devMouse] p1 unit 1 tile=(40,34) type=3 sel=false
[devMouse] p1 unit 2 tile=(60,55) type=3 sel=false
[devMouse] p1 unit 3 tile=(61,45) type=3 sel=false
[devMouse] p1 unit 4 tile=(49,24) type=3 sel=false
[devMouse] p1 unit 5 tile=(48,25) type=3 sel=false
[devMouse] p1 unit 6 tile=(54,19) type=3 sel=false
[devMouse] p1 unit 7 tile=(36,23) type=4 sel=false
[devMouse] p1 unit 8 tile=(37,22) type=4 sel=false
[devMouse] p1 unit 9 tile=(49,33) type=4 sel=false
[devMouse] p1 unit 10 tile=(32,17) type=3 sel=false
[devMouse] p1 unit 11 tile=(25,21) type=4 sel=false
[devMouse] p1 unit 12 tile=(22,26) type=3 sel=false
[devMouse] p1 unit 13 tile=(23,27) type=3 sel=false
[devMouse] p1 unit 14 tile=(15,47) type=3 sel=false
[devMouse] p1 unit 15 tile=(16,54) type=3 sel=false
[dbg] ar=45573 am=6 aA=6 aH=0 l=false j=false fullRedraw=false
[dbg] ar=45598 am=6 aA=6 aH=0 l=false j=false fullRedraw=false
[fifo] ar=45606 slots 0
[slots] p0 n=11 0:t0@(42,59)w2612 1:t0@(41,58)w13 2:t0@(41,59)w13 3:t3@(29,59)w0 4:t3@(30,59)w0 5:t3@(30,60)w0 6:t3@(29,60)w0 7:t4@(30,57)w0 8:t4@(30,56)w0 9:t4@(30,55)w0 10:t6@(28,58)w0
[dbg] ar=45623 am=6 aA=6 aH=0 l=false j=false fullRedraw=false
[fifo] ar=45632 retask 1 43 59
[devMouse] retask slot1 (42,58)w13 -> (43,59)
[fifo] ar=45640 retask 2 42 60
[devMouse] retask slot2 (41,59)w13 -> (42,60)
[fifo] ar=45648 save /tmp/aoe-camp/m1/t.aoesave
[dbg] ar=45648 am=6 aA=6 aH=0 l=false j=false fullRedraw=false
[save] wrote /tmp/aoe-camp/m1/t.aoesave (12294B) ar=45649
[dbg] ar=45673 am=6 aA=6 aH=0 l=false j=false fullRedraw=false
[fifo] ar=45694 slots 0
[slots] p0 n=11 0:t0@(42,59)w13 1:t0@(42,58)w3112 2:t0@(41,59)w3912 3:t3@(29,59)w0 4:t3@(30,59)w0 5:t3@(30,60)w0 6:t3@(29,60)w0 7:t4@(30,57)w0 8:t4@(30,56)w0 9:t4@(30,55)w0 10:t6@(28,58)w0
[dbg] ar=45698 am=6 aA=6 aH=0 l=false j=false fullRedraw=false
[fifo] ar=45719 retask 0 43 58
[devMouse] retask slot0 (39,59)w13 -> (43,58)
[dbg] ar=45723 am=6 aA=6 aH=0 l=false j=false fullRedraw=false
[fifo] ar=45727 save /tmp/aoe-camp/m1/t.aoesave
[save] wrote /tmp/aoe-camp/m1/t.aoesave (12294B) ar=45728
[dbg] ar=45748 am=6 aA=6 aH=0 l=false j=false fullRedraw=false
[dbg] ar=45773 am=6 aA=6 aH=0 l=false j=false fullRedraw=false
[fifo] ar=45774 slots 0
[slots] p0 n=11 0:t0@(42,59)w5112 1:t0@(42,58)w13 2:t0@(39,59)w13 3:t3@(29,59)w0 4:t3@(30,59)w0 5:t3@(30,60)w0 6:t3@(29,60)w0 7:t4@(30,57)w0 8:t4@(30,56)w0 9:t4@(30,55)w0 10:t6@(28,58)w0
[fifo] ar=45798 retask 1 43 59
[devMouse] retask slot1 (41,59)w13 -> (43,59)
[dbg] ar=45798 am=6 aA=6 aH=0 l=false j=false fullRedraw=false
[fifo] ar=45806 retask 2 42 60
[devMouse] retask slot2 (41,58)w13 -> (42,60)
[fifo] ar=45814 save /tmp/aoe-camp/m1/t.aoesave
[save] wrote /tmp/aoe-camp/m1/t.aoesave (12294B) ar=45815
[dbg] ar=45823 am=6 aA=6 aH=0 l=false j=false fullRedraw=false
[dbg] ar=45848 am=6 aA=6 aH=0 l=false j=false fullRedraw=false
[fifo] ar=45859 slots 0
[slots] p0 n=11 0:t0@(41,58)w13 1:t0@(42,58)w3b12 2:t0@(41,60)w4c12 3:t3@(29,59)w0 4:t3@(30,59)w0 5:t3@(30,60)w0 6:t3@(29,60)w0 7:t4@(30,57)w0 8:t4@(30,56)w0 9:t4@(30,55)w0 10:t6@(28,58)w0
[dbg] ar=45873 am=6 aA=6 aH=0 l=false j=false fullRedraw=false
[fifo] ar=45885 retask 0 43 58
[devMouse] retask slot0 (40,59)w13 -> (43,58)
[fifo] ar=45892 save /tmp/aoe-camp/m1/t.aoesave
[save] wrote /tmp/aoe-camp/m1/t.aoesave (12294B) ar=45893
[dbg] ar=45898 am=6 aA=6 aH=0 l=false j=false fullRedraw=false
[dbg] ar=45923 am=6 aA=6 aH=0 l=false j=false fullRedraw=false
[fifo] ar=45940 state
[devMouse] aA=6/6 cursor=(31,58) cam=(-523,628) Q=3743 aE=512 Y=0 sel=6
[devMouse] p0 unit 0 tile=(41,58) type=0 sel=true
[devMouse] p0 unit 1 tile=(40,58) type=0 sel=true
[devMouse] p0 unit 2 tile=(42,59) type=0 sel=true
[devMouse] p0 unit 3 tile=(29,59) type=3 sel=true
[devMouse] p0 unit 4 tile=(30,59) type=3 sel=true
[devMouse] p0 unit 5 tile=(30,60) type=3 sel=true
[devMouse] p0 unit 6 tile=(29,60) type=3 sel=true
[devMouse] p0 unit 7 tile=(30,57) type=4 sel=true
[devMouse] p0 unit 8 tile=(30,56) type=4 sel=true
[devMouse] p0 unit 9 tile=(30,55) type=4 sel=true
[devMouse] p0 unit 10 tile=(28,58) type=6 sel=true
[devMouse] p1 unit 0 tile=(48,48) type=3 sel=false
[devMouse] p1 unit 1 tile=(40,34) type=3 sel=false
[devMouse] p1 unit 2 tile=(60,55) type=3 sel=false
[devMouse] p1 unit 3 tile=(61,45) type=3 sel=false
[devMouse] p1 unit 4 tile=(49,24) type=3 sel=false
[devMouse] p1 unit 5 tile=(48,25) type=3 sel=false
[devMouse] p1 unit 6 tile=(54,19) type=3 sel=false
[devMouse] p1 unit 7 tile=(36,23) type=4 sel=false
[devMouse] p1 unit 8 tile=(37,22) type=4 sel=false
[devMouse] p1 unit 9 tile=(49,33) type=4 sel=false
[devMouse] p1 unit 10 tile=(32,17) type=3 sel=false
[devMouse] p1 unit 11 tile=(25,21) type=4 sel=false
[devMouse] p1 unit 12 tile=(22,26) type=3 sel=false
[devMouse] p1 unit 13 tile=(23,27) type=3 sel=false
[devMouse] p1 unit 14 tile=(15,47) type=3 sel=false
[devMouse] p1 unit 15 tile=(16,54) type=3 sel=false
[dbg] ar=45948 am=6 aA=6 aH=0 l=false j=false fullRedraw=false
[dbg] ar=45973 am=6 aA=6 aH=0 l=false j=false fullRedraw=false
[dbg] ar=45998 am=6 aA=6 aH=0 l=false j=false fullRedraw=false
[dbg] ar=46023 am=6 aA=6 aH=0 l=false j=false fullRedraw=false
[dbg] ar=46048 am=6 aA=6 aH=0 l=false j=false fullRedraw=false
[dbg] ar=46073 am=6 aA=6 aH=0 l=false j=false fullRedraw=false
[dbg] ar=46098 am=6 aA=6 aH=0 l=false j=false fullRedraw=false
[dbg] ar=46123 am=6 aA=6 aH=0 l=false j=false fullRedraw=false
[dbg] ar=46148 am=6 aA=6 aH=0 l=false j=false fullRedraw=false
[dbg] ar=46173 am=6 aA=6 aH=0 l=false j=false fullRedraw=false
[dbg] ar=46198 am=6 aA=6 aH=0 l=false j=false fullRedraw=false
[dbg] ar=46223 am=6 aA=6 aH=0 l=false j=false fullRedraw=false
[dbg] ar=46248 am=6 aA=6 aH=0 l=false j=false fullRedraw=false
[dbg] ar=46273 am=6 aA=6 aH=0 l=false j=false fullRedraw=false
[dbg] ar=46298 am=6 aA=6 aH=0 l=false j=false fullRedraw=false
[dbg] ar=46323 am=6 aA=6 aH=0 l=false j=false fullRedraw=false
[dbg] ar=46348 am=6 aA=6 aH=0 l=false j=false fullRedraw=false
[dbg] ar=46373 am=6 aA=6 aH=0 l=false j=false fullRedraw=false
[dbg] ar=46398 am=6 aA=6 aH=0 l=false j=false fullRedraw=false
[dbg] ar=46423 am=6 aA=6 aH=0 l=false j=false fullRedraw=false
[dbg] ar=46448 am=6 aA=6 aH=0 l=false j=false fullRedraw=false
[dbg] ar=46473 am=6 aA=6 aH=0 l=false j=false fullRedraw=false
[dbg] ar=46498 am=6 aA=6 aH=0 l=false j=false fullRedraw=false
[dbg] ar=46523 am=6 aA=6 aH=0 l=false j=false fullRedraw=false
[dbg] ar=46548 am=6 aA=6 aH=0 l=false j=false fullRedraw=false
[dbg] ar=46573 am=6 aA=6 aH=0 l=false j=false fullRedraw=false
[dbg] ar=46598 am=6 aA=6 aH=0 l=false j=false fullRedraw=false
[dbg] ar=46623 am=6 aA=6 aH=0 l=false j=false fullRedraw=false
[fifo] ar=46647 slots 0
[slots] p0 n=11 0:t0@(42,59)w13 1:t0@(41,58)w13 2:t0@(41,59)w13 3:t3@(29,59)w0 4:t3@(30,59)w0 5:t3@(30,60)w0 6:t3@(29,60)w0 7:t4@(30,57)w0 8:t4@(30,56)w0 9:t4@(30,55)w0 10:t6@(28,58)w0
[dbg] ar=46648 am=6 aA=6 aH=0 l=false j=false fullRedraw=false
[fifo] ar=46671 retask 0 36 58
[devMouse] retask slot0 (40,59)w13 -> (36,58)
[dbg] ar=46673 am=6 aA=6 aH=0 l=false j=false fullRedraw=false
[fifo] ar=46679 retask 1 36 59
[devMouse] retask slot1 (42,58)w13 -> (36,59)
[fifo] ar=46687 retask 2 36 60
[devMouse] retask slot2 (40,59)w13 -> (36,60)
[fifo] ar=46696 save /tmp/aoe-camp/m1/t.aoesave
[save] wrote /tmp/aoe-camp/m1/t.aoesave (12294B) ar=46697
[dbg] ar=46698 am=6 aA=6 aH=0 l=false j=false fullRedraw=false
[dbg] ar=46723 am=6 aA=6 aH=0 l=false j=false fullRedraw=false
[fifo] ar=46743 slots 0
[slots] p0 n=11 0:t0@(36,58)w0 1:t0@(36,59)w0 2:t0@(36,60)w0 3:t3@(29,59)w0 4:t3@(30,59)w0 5:t3@(30,60)w0 6:t3@(29,60)w0 7:t4@(30,57)w0 8:t4@(30,56)w0 9:t4@(30,55)w0 10:t6@(28,58)w0
[dbg] ar=46748 am=6 aA=6 aH=0 l=false j=false fullRedraw=false
[fifo] ar=46769 retask 0 37 58
[devMouse] retask slot0 (36,58)w0 -> (37,58)
[dbg] ar=46773 am=6 aA=6 aH=0 l=false j=false fullRedraw=false
[fifo] ar=46777 retask 1 36 59
[devMouse] retask slot1 (36,59)w0 -> (36,59)
[fifo] ar=46785 retask 2 36 60
[devMouse] retask slot2 (36,60)w0 -> (36,60)
[fifo] ar=46794 save /tmp/aoe-camp/m1/t.aoesave
[save] wrote /tmp/aoe-camp/m1/t.aoesave (12294B) ar=46795
[dbg] ar=46798 am=6 aA=6 aH=0 l=false j=false fullRedraw=false
[dbg] ar=46823 am=6 aA=6 aH=0 l=false j=false fullRedraw=false
[fifo] ar=46836 slots 0
[slots] p0 n=11 0:t0@(37,58)w0 1:t0@(36,59)w0 2:t0@(36,60)w0 3:t3@(29,59)w0 4:t3@(30,59)w0 5:t3@(30,60)w0 6:t3@(29,60)w0 7:t4@(30,57)w0 8:t4@(30,56)w0 9:t4@(30,55)w0 10:t6@(28,58)w0
[dbg] ar=46848 am=6 aA=6 aH=0 l=false j=false fullRedraw=false
[fifo] ar=46861 retask 0 37 58
[devMouse] retask slot0 (37,58)w0 -> (37,58)
[fifo] ar=46869 retask 1 37 59
[devMouse] retask slot1 (36,59)w0 -> (37,59)
[dbg] ar=46873 am=6 aA=6 aH=0 l=false j=false fullRedraw=false
[fifo] ar=46877 retask 2 36 60
[devMouse] retask slot2 (36,60)w0 -> (36,60)
[fifo] ar=46885 save /tmp/aoe-camp/m1/t.aoesave
[save] wrote /tmp/aoe-camp/m1/t.aoesave (12294B) ar=46886
[dbg] ar=46898 am=6 aA=6 aH=0 l=false j=false fullRedraw=false
[dbg] ar=46923 am=6 aA=6 aH=0 l=false j=false fullRedraw=false
[fifo] ar=46933 slots 0
[slots] p0 n=11 0:t0@(37,58)w0 1:t0@(37,59)w0 2:t0@(36,60)w0 3:t3@(29,59)w0 4:t3@(30,59)w0 5:t3@(30,60)w0 6:t3@(29,60)w0 7:t4@(30,57)w0 8:t4@(30,56)w0 9:t4@(30,55)w0 10:t6@(28,58)w0
[dbg] ar=46948 am=6 aA=6 aH=0 l=false j=false fullRedraw=false
[fifo] ar=46959 retask 0 37 58
[devMouse] retask slot0 (37,58)w0 -> (37,58)
[fifo] ar=46966 retask 1 37 59
[devMouse] retask slot1 (37,59)w0 -> (37,59)
[dbg] ar=46973 am=6 aA=6 aH=0 l=false j=false fullRedraw=false
[fifo] ar=46975 retask 2 37 60
[devMouse] retask slot2 (36,60)w0 -> (37,60)
[fifo] ar=46983 save /tmp/aoe-camp/m1/t.aoesave
[save] wrote /tmp/aoe-camp/m1/t.aoesave (12294B) ar=46984
[dbg] ar=46998 am=6 aA=6 aH=0 l=false j=false fullRedraw=false
[dbg] ar=47023 am=6 aA=6 aH=0 l=false j=false fullRedraw=false
[fifo] ar=47028 state
[devMouse] aA=6/6 cursor=(31,58) cam=(-523,628) Q=3743 aE=512 Y=0 sel=6
[devMouse] p0 unit 0 tile=(37,58) type=0 sel=true
[devMouse] p0 unit 1 tile=(37,59) type=0 sel=true
[devMouse] p0 unit 2 tile=(37,60) type=0 sel=true
[devMouse] p0 unit 3 tile=(29,59) type=3 sel=true
[devMouse] p0 unit 4 tile=(30,59) type=3 sel=true
[devMouse] p0 unit 5 tile=(30,60) type=3 sel=true
[devMouse] p0 unit 6 tile=(29,60) type=3 sel=true
[devMouse] p0 unit 7 tile=(30,57) type=4 sel=true
[devMouse] p0 unit 8 tile=(30,56) type=4 sel=true
[devMouse] p0 unit 9 tile=(30,55) type=4 sel=true
[devMouse] p0 unit 10 tile=(28,58) type=6 sel=true
[devMouse] p1 unit 0 tile=(48,48) type=3 sel=false
[devMouse] p1 unit 1 tile=(40,34) type=3 sel=false
[devMouse] p1 unit 2 tile=(60,55) type=3 sel=false
[devMouse] p1 unit 3 tile=(61,45) type=3 sel=false
[devMouse] p1 unit 4 tile=(49,24) type=3 sel=false
[devMouse] p1 unit 5 tile=(48,25) type=3 sel=false
[devMouse] p1 unit 6 tile=(54,19) type=3 sel=false
[devMouse] p1 unit 7 tile=(36,23) type=4 sel=false
[devMouse] p1 unit 8 tile=(37,22) type=4 sel=false
[devMouse] p1 unit 9 tile=(49,33) type=4 sel=false
[devMouse] p1 unit 10 tile=(32,17) type=3 sel=false
[devMouse] p1 unit 11 tile=(25,21) type=4 sel=false
[devMouse] p1 unit 12 tile=(22,26) type=3 sel=false
[devMouse] p1 unit 13 tile=(23,27) type=3 sel=false
[devMouse] p1 unit 14 tile=(15,47) type=3 sel=false
[devMouse] p1 unit 15 tile=(16,54) type=3 sel=false
[dbg] ar=47048 am=6 aA=6 aH=0 l=false j=false fullRedraw=false
[dbg] ar=47073 am=6 aA=6 aH=0 l=false j=false fullRedraw=false
[fifo] ar=47083 slots 0
[slots] p0 n=11 0:t0@(37,58)w0 1:t0@(37,59)w0 2:t0@(37,60)w0 3:t3@(29,59)w0 4:t3@(30,59)w0 5:t3@(30,60)w0 6:t3@(29,60)w0 7:t4@(30,57)w0 8:t4@(30,56)w0 9:t4@(30,55)w0 10:t6@(28,58)w0
[dbg] ar=47098 am=6 aA=6 aH=0 l=false j=false fullRedraw=false
[fifo] ar=47107 retask 0 38 58
[devMouse] retask slot0 (37,58)w0 -> (38,58)
[fifo] ar=47115 retask 1 37 59
[devMouse] retask slot1 (37,59)w0 -> (37,59)
[fifo] ar=47123 retask 2 37 60
[devMouse] retask slot2 (37,60)w0 -> (37,60)
[dbg] ar=47123 am=6 aA=6 aH=0 l=false j=false fullRedraw=false
[fifo] ar=47130 save /tmp/aoe-camp/m1/t.aoesave
[save] wrote /tmp/aoe-camp/m1/t.aoesave (12294B) ar=47131
[dbg] ar=47148 am=6 aA=6 aH=0 l=false j=false fullRedraw=false
[dbg] ar=47173 am=6 aA=6 aH=0 l=false j=false fullRedraw=false
[fifo] ar=47177 slots 0
[slots] p0 n=11 0:t0@(38,58)w0 1:t0@(37,59)w0 2:t0@(37,60)w0 3:t3@(29,59)w0 4:t3@(30,59)w0 5:t3@(30,60)w0 6:t3@(29,60)w0 7:t4@(30,57)w0 8:t4@(30,56)w0 9:t4@(30,55)w0 10:t6@(28,58)w0
[dbg] ar=47198 am=6 aA=6 aH=0 l=false j=false fullRedraw=false
[fifo] ar=47202 retask 0 38 58
[devMouse] retask slot0 (38,58)w0 -> (38,58)
[fifo] ar=47210 retask 1 38 59
[devMouse] retask slot1 (37,59)w0 -> (38,59)
[fifo] ar=47218 retask 2 37 60
[devMouse] retask slot2 (37,60)w0 -> (37,60)
[dbg] ar=47223 am=6 aA=6 aH=0 l=false j=false fullRedraw=false
[fifo] ar=47226 save /tmp/aoe-camp/m1/t.aoesave
[save] wrote /tmp/aoe-camp/m1/t.aoesave (12294B) ar=47227
[dbg] ar=47248 am=6 aA=6 aH=0 l=false j=false fullRedraw=false
[fifo] ar=47270 slots 0
[slots] p0 n=11 0:t0@(38,58)w0 1:t0@(38,59)w0 2:t0@(37,60)w0 3:t3@(29,59)w0 4:t3@(30,59)w0 5:t3@(30,60)w0 6:t3@(29,60)w0 7:t4@(30,57)w0 8:t4@(30,56)w0 9:t4@(30,55)w0 10:t6@(28,58)w0
[dbg] ar=47273 am=6 aA=6 aH=0 l=false j=false fullRedraw=false
[fifo] ar=47295 retask 0 38 58
[devMouse] retask slot0 (38,58)w0 -> (38,58)
[dbg] ar=47298 am=6 aA=6 aH=0 l=false j=false fullRedraw=false
[fifo] ar=47303 retask 1 38 59
[devMouse] retask slot1 (38,59)w0 -> (38,59)
[fifo] ar=47311 retask 2 38 60
[devMouse] retask slot2 (37,60)w0 -> (38,60)
[fifo] ar=47319 save /tmp/aoe-camp/m1/t.aoesave
[save] wrote /tmp/aoe-camp/m1/t.aoesave (12294B) ar=47320
[dbg] ar=47323 am=6 aA=6 aH=0 l=false j=false fullRedraw=false
[dbg] ar=47348 am=6 aA=6 aH=0 l=false j=false fullRedraw=false
[fifo] ar=47366 slots 0
[slots] p0 n=11 0:t0@(38,58)w0 1:t0@(38,59)w0 2:t0@(38,60)w0 3:t3@(29,59)w0 4:t3@(30,59)w0 5:t3@(30,60)w0 6:t3@(29,60)w0 7:t4@(30,57)w0 8:t4@(30,56)w0 9:t4@(30,55)w0 10:t6@(28,58)w0
[dbg] ar=47373 am=6 aA=6 aH=0 l=false j=false fullRedraw=false
[fifo] ar=47391 retask 0 39 58
[devMouse] retask slot0 (38,58)w0 -> (39,58)
[dbg] ar=47398 am=6 aA=6 aH=0 l=false j=false fullRedraw=false
[fifo] ar=47399 retask 1 38 59
[devMouse] retask slot1 (38,59)w0 -> (38,59)
[fifo] ar=47407 retask 2 38 60
[devMouse] retask slot2 (38,60)w0 -> (38,60)
[fifo] ar=47416 save /tmp/aoe-camp/m1/t.aoesave
[save] wrote /tmp/aoe-camp/m1/t.aoesave (12294B) ar=47417
[dbg] ar=47423 am=6 aA=6 aH=0 l=false j=false fullRedraw=false
[dbg] ar=47448 am=6 aA=6 aH=0 l=false j=false fullRedraw=false
[fifo] ar=47462 slots 0
[slots] p0 n=11 0:t0@(39,58)w0 1:t0@(38,59)w0 2:t0@(38,60)w0 3:t3@(29,59)w0 4:t3@(30,59)w0 5:t3@(30,60)w0 6:t3@(29,60)w0 7:t4@(30,57)w0 8:t4@(30,56)w0 9:t4@(30,55)w0 10:t6@(28,58)w0
[dbg] ar=47473 am=6 aA=6 aH=0 l=false j=false fullRedraw=false
[fifo] ar=47486 retask 0 39 58
[devMouse] retask slot0 (39,58)w0 -> (39,58)
[fifo] ar=47494 retask 1 39 59
[devMouse] retask slot1 (38,59)w0 -> (39,59)
[dbg] ar=47498 am=6 aA=6 aH=0 l=false j=false fullRedraw=false
[fifo] ar=47502 retask 2 38 60
[devMouse] retask slot2 (38,60)w0 -> (38,60)
[fifo] ar=47511 save /tmp/aoe-camp/m1/t.aoesave
[save] wrote /tmp/aoe-camp/m1/t.aoesave (12294B) ar=47512
[dbg] ar=47523 am=6 aA=6 aH=0 l=false j=false fullRedraw=false
[dbg] ar=47548 am=6 aA=6 aH=0 l=false j=false fullRedraw=false
[fifo] ar=47556 state
[devMouse] aA=6/6 cursor=(31,58) cam=(-523,628) Q=3743 aE=512 Y=0 sel=6
[devMouse] p0 unit 0 tile=(39,58) type=0 sel=true
[devMouse] p0 unit 1 tile=(39,59) type=0 sel=true
[devMouse] p0 unit 2 tile=(38,60) type=0 sel=true
[devMouse] p0 unit 3 tile=(29,59) type=3 sel=true
[devMouse] p0 unit 4 tile=(30,59) type=3 sel=true
[devMouse] p0 unit 5 tile=(30,60) type=3 sel=true
[devMouse] p0 unit 6 tile=(29,60) type=3 sel=true
[devMouse] p0 unit 7 tile=(30,57) type=4 sel=true
[devMouse] p0 unit 8 tile=(30,56) type=4 sel=true
[devMouse] p0 unit 9 tile=(30,55) type=4 sel=true
[devMouse] p0 unit 10 tile=(28,58) type=6 sel=true
[devMouse] p1 unit 0 tile=(48,48) type=3 sel=false
[devMouse] p1 unit 1 tile=(40,34) type=3 sel=false
[devMouse] p1 unit 2 tile=(60,55) type=3 sel=false
[devMouse] p1 unit 3 tile=(61,45) type=3 sel=false
[devMouse] p1 unit 4 tile=(49,24) type=3 sel=false
[devMouse] p1 unit 5 tile=(48,25) type=3 sel=false
[devMouse] p1 unit 6 tile=(54,19) type=3 sel=false
[devMouse] p1 unit 7 tile=(36,23) type=4 sel=false
[devMouse] p1 unit 8 tile=(37,22) type=4 sel=false
[devMouse] p1 unit 9 tile=(49,33) type=4 sel=false
[devMouse] p1 unit 10 tile=(32,17) type=3 sel=false
[devMouse] p1 unit 11 tile=(25,21) type=4 sel=false
[devMouse] p1 unit 12 tile=(22,26) type=3 sel=false
[devMouse] p1 unit 13 tile=(23,27) type=3 sel=false
[devMouse] p1 unit 14 tile=(15,47) type=3 sel=false
[devMouse] p1 unit 15 tile=(16,54) type=3 sel=false
[dbg] ar=47573 am=6 aA=6 aH=0 l=false j=false fullRedraw=false
[dbg] ar=47598 am=6 aA=6 aH=0 l=false j=false fullRedraw=false
[fifo] ar=47609 slots 0
[slots] p0 n=11 0:t0@(39,58)w0 1:t0@(39,59)w0 2:t0@(38,60)w0 3:t3@(29,59)w0 4:t3@(30,59)w0 5:t3@(30,60)w0 6:t3@(29,60)w0 7:t4@(30,57)w0 8:t4@(30,56)w0 9:t4@(30,55)w0 10:t6@(28,58)w0
[dbg] ar=47623 am=6 aA=6 aH=0 l=false j=false fullRedraw=false
[fifo] ar=47635 retask 0 39 58
[devMouse] retask slot0 (39,58)w0 -> (39,58)
[fifo] ar=47642 retask 1 39 59
[devMouse] retask slot1 (39,59)w0 -> (39,59)
[dbg] ar=47648 am=6 aA=6 aH=0 l=false j=false fullRedraw=false
[fifo] ar=47650 retask 2 39 60
[devMouse] retask slot2 (38,60)w0 -> (39,60)
[fifo] ar=47658 save /tmp/aoe-camp/m1/t.aoesave
[save] wrote /tmp/aoe-camp/m1/t.aoesave (12294B) ar=47659
[dbg] ar=47673 am=6 aA=6 aH=0 l=false j=false fullRedraw=false
[dbg] ar=47698 am=6 aA=6 aH=0 l=false j=false fullRedraw=false
[fifo] ar=47705 slots 0
[slots] p0 n=11 0:t0@(39,58)w0 1:t0@(39,59)w0 2:t0@(39,60)w0 3:t3@(29,59)w0 4:t3@(30,59)w0 5:t3@(30,60)w0 6:t3@(29,60)w0 7:t4@(30,57)w0 8:t4@(30,56)w0 9:t4@(30,55)w0 10:t6@(28,58)w0
[dbg] ar=47723 am=6 aA=6 aH=0 l=false j=false fullRedraw=false
[fifo] ar=47729 retask 0 40 58
[devMouse] retask slot0 (39,58)w0 -> (40,58)
[fifo] ar=47737 retask 1 39 59
[devMouse] retask slot1 (39,59)w0 -> (39,59)
[fifo] ar=47745 retask 2 39 60
[devMouse] retask slot2 (39,60)w0 -> (39,60)
[dbg] ar=47748 am=6 aA=6 aH=0 l=false j=false fullRedraw=false
[fifo] ar=47753 save /tmp/aoe-camp/m1/t.aoesave
[save] wrote /tmp/aoe-camp/m1/t.aoesave (12294B) ar=47754
[dbg] ar=47773 am=6 aA=6 aH=0 l=false j=false fullRedraw=false
[dbg] ar=47798 am=6 aA=6 aH=0 l=false j=false fullRedraw=false
[fifo] ar=47800 slots 0
[slots] p0 n=11 0:t0@(40,58)w0 1:t0@(39,59)w0 2:t0@(39,60)w0 3:t3@(29,59)w0 4:t3@(30,59)w0 5:t3@(30,60)w0 6:t3@(29,60)w0 7:t4@(30,57)w0 8:t4@(30,56)w0 9:t4@(30,55)w0 10:t6@(28,58)w0
[dbg] ar=47823 am=6 aA=6 aH=0 l=false j=false fullRedraw=false
[fifo] ar=47824 retask 0 40 58
[devMouse] retask slot0 (40,58)w0 -> (40,58)
[fifo] ar=47832 retask 1 40 59
[devMouse] retask slot1 (39,59)w0 -> (40,59)
[fifo] ar=47840 retask 2 39 60
[devMouse] retask slot2 (39,60)w0 -> (39,60)
[fifo] ar=47847 save /tmp/aoe-camp/m1/t.aoesave
[save] wrote /tmp/aoe-camp/m1/t.aoesave (12294B) ar=47848
[dbg] ar=47848 am=6 aA=6 aH=0 l=false j=false fullRedraw=false
[dbg] ar=47873 am=6 aA=6 aH=0 l=false j=false fullRedraw=false
[fifo] ar=47894 slots 0
[slots] p0 n=11 0:t0@(40,58)w0 1:t0@(40,59)w0 2:t0@(39,60)w0 3:t3@(29,59)w0 4:t3@(30,59)w0 5:t3@(30,60)w0 6:t3@(29,60)w0 7:t4@(30,57)w0 8:t4@(30,56)w0 9:t4@(30,55)w0 10:t6@(28,58)w0
[dbg] ar=47898 am=6 aA=6 aH=0 l=false j=false fullRedraw=false
[fifo] ar=47919 retask 0 40 58
[devMouse] retask slot0 (40,58)w0 -> (40,58)
[dbg] ar=47923 am=6 aA=6 aH=0 l=false j=false fullRedraw=false
[fifo] ar=47927 retask 1 40 59
[devMouse] retask slot1 (40,59)w0 -> (40,59)
[fifo] ar=47935 retask 2 40 60
[devMouse] retask slot2 (39,60)w0 -> (40,60)
[fifo] ar=47943 save /tmp/aoe-camp/m1/t.aoesave
[save] wrote /tmp/aoe-camp/m1/t.aoesave (12294B) ar=47944
[dbg] ar=47948 am=6 aA=6 aH=0 l=false j=false fullRedraw=false
[dbg] ar=47973 am=6 aA=6 aH=0 l=false j=false fullRedraw=false
[fifo] ar=47989 slots 0
[slots] p0 n=11 0:t0@(40,58)w0 1:t0@(40,59)w0 2:t0@(40,60)w0 3:t3@(29,59)w0 4:t3@(30,59)w0 5:t3@(30,60)w0 6:t3@(29,60)w0 7:t4@(30,57)w0 8:t4@(30,56)w0 9:t4@(30,55)w0 10:t6@(28,58)w0
[dbg] ar=47998 am=6 aA=6 aH=0 l=false j=false fullRedraw=false
[fifo] ar=48013 retask 0 41 58
[devMouse] retask slot0 (40,58)w0 -> (41,58)
[fifo] ar=48021 retask 1 40 59
[devMouse] retask slot1 (40,59)w0 -> (40,59)
[dbg] ar=48023 am=6 aA=6 aH=0 l=false j=false fullRedraw=false
[fifo] ar=48029 retask 2 40 60
[devMouse] retask slot2 (40,60)w0 -> (40,60)
[fifo] ar=48037 save /tmp/aoe-camp/m1/t.aoesave
[save] wrote /tmp/aoe-camp/m1/t.aoesave (12294B) ar=48038
[dbg] ar=48048 am=6 aA=6 aH=0 l=false j=false fullRedraw=false
[dbg] ar=48073 am=6 aA=6 aH=0 l=false j=false fullRedraw=false
[fifo] ar=48083 state
[devMouse] aA=6/6 cursor=(31,58) cam=(-523,628) Q=3743 aE=512 Y=0 sel=6
[devMouse] p0 unit 0 tile=(41,58) type=0 sel=true
[devMouse] p0 unit 1 tile=(40,59) type=0 sel=true
[devMouse] p0 unit 2 tile=(40,60) type=0 sel=true
[devMouse] p0 unit 3 tile=(29,59) type=3 sel=true
[devMouse] p0 unit 4 tile=(30,59) type=3 sel=true
[devMouse] p0 unit 5 tile=(30,60) type=3 sel=true
[devMouse] p0 unit 6 tile=(29,60) type=3 sel=true
[devMouse] p0 unit 7 tile=(30,57) type=4 sel=true
[devMouse] p0 unit 8 tile=(30,56) type=4 sel=true
[devMouse] p0 unit 9 tile=(30,55) type=4 sel=true
[devMouse] p0 unit 10 tile=(28,58) type=6 sel=true
[devMouse] p1 unit 0 tile=(48,48) type=3 sel=false
[devMouse] p1 unit 1 tile=(40,34) type=3 sel=false
[devMouse] p1 unit 2 tile=(60,55) type=3 sel=false
[devMouse] p1 unit 3 tile=(61,45) type=3 sel=false
[devMouse] p1 unit 4 tile=(49,24) type=3 sel=false
[devMouse] p1 unit 5 tile=(48,25) type=3 sel=false
[devMouse] p1 unit 6 tile=(54,19) type=3 sel=false
[devMouse] p1 unit 7 tile=(36,23) type=4 sel=false
[devMouse] p1 unit 8 tile=(37,22) type=4 sel=false
[devMouse] p1 unit 9 tile=(49,33) type=4 sel=false
[devMouse] p1 unit 10 tile=(32,17) type=3 sel=false
[devMouse] p1 unit 11 tile=(25,21) type=4 sel=false
[devMouse] p1 unit 12 tile=(22,26) type=3 sel=false
[devMouse] p1 unit 13 tile=(23,27) type=3 sel=false
[devMouse] p1 unit 14 tile=(15,47) type=3 sel=false
[devMouse] p1 unit 15 tile=(16,54) type=3 sel=false
[dbg] ar=48098 am=6 aA=6 aH=0 l=false j=false fullRedraw=false
[dbg] ar=48123 am=6 aA=6 aH=0 l=false j=false fullRedraw=false
[fifo] ar=48137 slots 0
[slots] p0 n=11 0:t0@(41,58)w0 1:t0@(40,59)w0 2:t0@(40,60)w0 3:t3@(29,59)w0 4:t3@(30,59)w0 5:t3@(30,60)w0 6:t3@(29,60)w0 7:t4@(30,57)w0 8:t4@(30,56)w0 9:t4@(30,55)w0 10:t6@(28,58)w0
[dbg] ar=48148 am=6 aA=6 aH=0 l=false j=false fullRedraw=false
[fifo] ar=48162 retask 0 41 58
[devMouse] retask slot0 (41,58)w0 -> (41,58)
[fifo] ar=48170 retask 1 41 59
[devMouse] retask slot1 (40,59)w0 -> (41,59)
[dbg] ar=48173 am=6 aA=6 aH=0 l=false j=false fullRedraw=false
[fifo] ar=48178 retask 2 40 60
[devMouse] retask slot2 (40,60)w0 -> (40,60)
[fifo] ar=48187 save /tmp/aoe-camp/m1/t.aoesave
[save] wrote /tmp/aoe-camp/m1/t.aoesave (12294B) ar=48188
[dbg] ar=48198 am=6 aA=6 aH=0 l=false j=false fullRedraw=false
[dbg] ar=48223 am=6 aA=6 aH=0 l=false j=false fullRedraw=false
[fifo] ar=48236 slots 0
[slots] p0 n=11 0:t0@(41,58)w0 1:t0@(41,59)w0 2:t0@(40,60)w0 3:t3@(29,59)w0 4:t3@(30,59)w0 5:t3@(30,60)w0 6:t3@(29,60)w0 7:t4@(30,57)w0 8:t4@(30,56)w0 9:t4@(30,55)w0 10:t6@(28,58)w0
[dbg] ar=48248 am=6 aA=6 aH=0 l=false j=false fullRedraw=false
[fifo] ar=48262 retask 0 41 58
[devMouse] retask slot0 (41,58)w0 -> (41,58)
[fifo] ar=48270 retask 1 41 59
[devMouse] retask slot1 (41,59)w0 -> (41,59)
[dbg] ar=48273 am=6 aA=6 aH=0 l=false j=false fullRedraw=false
[fifo] ar=48279 retask 2 41 60
[devMouse] retask slot2 (40,60)w0 -> (41,60)
[fifo] ar=48287 save /tmp/aoe-camp/m1/t.aoesave
[save] wrote /tmp/aoe-camp/m1/t.aoesave (12294B) ar=48288
[dbg] ar=48298 am=6 aA=6 aH=0 l=false j=false fullRedraw=false
[dbg] ar=48323 am=6 aA=6 aH=0 l=false j=false fullRedraw=false
[fifo] ar=48334 slots 0
[slots] p0 n=11 0:t0@(41,58)w0 1:t0@(41,59)w0 2:t0@(41,60)w0 3:t3@(29,59)w0 4:t3@(30,59)w0 5:t3@(30,60)w0 6:t3@(29,60)w0 7:t4@(30,57)w0 8:t4@(30,56)w0 9:t4@(30,55)w0 10:t6@(28,58)w0
[dbg] ar=48348 am=6 aA=6 aH=0 l=false j=false fullRedraw=false
[fifo] ar=48356 retask 0 42 58
[devMouse] retask slot0 (41,58)w0 -> (42,58)
[fifo] ar=48364 retask 1 41 59
[devMouse] retask slot1 (41,59)w0 -> (41,59)
[fifo] ar=48372 retask 2 41 60
[devMouse] retask slot2 (41,60)w0 -> (41,60)
[dbg] ar=48373 am=6 aA=6 aH=0 l=false j=false fullRedraw=false
[fifo] ar=48380 save /tmp/aoe-camp/m1/t.aoesave
[save] wrote /tmp/aoe-camp/m1/t.aoesave (12294B) ar=48381
[dbg] ar=48398 am=6 aA=6 aH=0 l=false j=false fullRedraw=false
[dbg] ar=48423 am=6 aA=6 aH=0 l=false j=false fullRedraw=false
[fifo] ar=48426 slots 0
[slots] p0 n=11 0:t0@(42,58)w0 1:t0@(41,59)w0 2:t0@(41,60)w0 3:t3@(29,59)w0 4:t3@(30,59)w0 5:t3@(30,60)w0 6:t3@(29,60)w0 7:t4@(30,57)w0 8:t4@(30,56)w0 9:t4@(30,55)w0 10:t6@(28,58)w0
[dbg] ar=48448 am=6 aA=6 aH=0 l=false j=false fullRedraw=false
[fifo] ar=48449 retask 0 42 58
[devMouse] retask slot0 (42,58)w0 -> (42,58)
[fifo] ar=48456 retask 1 42 59
[devMouse] retask slot1 (41,59)w0 -> (42,59)
[fifo] ar=48464 retask 2 41 60
[devMouse] retask slot2 (41,60)w0 -> (41,60)
[fifo] ar=48471 save /tmp/aoe-camp/m1/t.aoesave
[save] wrote /tmp/aoe-camp/m1/t.aoesave (12294B) ar=48472
[dbg] ar=48473 am=6 aA=6 aH=0 l=false j=false fullRedraw=false
[dbg] ar=48498 am=6 aA=6 aH=0 l=false j=false fullRedraw=false
[fifo] ar=48520 slots 0
[slots] p0 n=11 0:t0@(42,58)w0 1:t0@(42,59)w0 2:t0@(41,60)w0 3:t3@(29,59)w0 4:t3@(30,59)w0 5:t3@(30,60)w0 6:t3@(29,60)w0 7:t4@(30,57)w0 8:t4@(30,56)w0 9:t4@(30,55)w0 10:t6@(28,58)w0
[dbg] ar=48523 am=6 aA=6 aH=0 l=false j=false fullRedraw=false
[fifo] ar=48544 retask 0 42 58
[devMouse] retask slot0 (42,58)w0 -> (42,58)
[dbg] ar=48548 am=6 aA=6 aH=0 l=false j=false fullRedraw=false
[fifo] ar=48552 retask 1 42 59
[devMouse] retask slot1 (42,59)w0 -> (42,59)
[fifo] ar=48559 retask 2 42 60
[devMouse] retask slot2 (41,60)w0 -> (42,60)
[fifo] ar=48567 save /tmp/aoe-camp/m1/t.aoesave
[save] wrote /tmp/aoe-camp/m1/t.aoesave (12294B) ar=48568
[dbg] ar=48573 am=6 aA=6 aH=0 l=false j=false fullRedraw=false
[dbg] ar=48598 am=6 aA=6 aH=0 l=false j=false fullRedraw=false
[fifo] ar=48613 state
[devMouse] aA=6/6 cursor=(31,58) cam=(-523,628) Q=3743 aE=512 Y=0 sel=6
[devMouse] p0 unit 0 tile=(42,58) type=0 sel=true
[devMouse] p0 unit 1 tile=(42,59) type=0 sel=true
[devMouse] p0 unit 2 tile=(41,60) type=0 sel=true
[devMouse] p0 unit 3 tile=(29,59) type=3 sel=true
[devMouse] p0 unit 4 tile=(30,59) type=3 sel=true
[devMouse] p0 unit 5 tile=(30,60) type=3 sel=true
[devMouse] p0 unit 6 tile=(29,60) type=3 sel=true
[devMouse] p0 unit 7 tile=(30,57) type=4 sel=true
[devMouse] p0 unit 8 tile=(30,56) type=4 sel=true
[devMouse] p0 unit 9 tile=(30,55) type=4 sel=true
[devMouse] p0 unit 10 tile=(28,58) type=6 sel=true
[devMouse] p1 unit 0 tile=(48,48) type=3 sel=false
[devMouse] p1 unit 1 tile=(40,34) type=3 sel=false
[devMouse] p1 unit 2 tile=(60,55) type=3 sel=false
[devMouse] p1 unit 3 tile=(61,45) type=3 sel=false
[devMouse] p1 unit 4 tile=(49,24) type=3 sel=false
[devMouse] p1 unit 5 tile=(48,25) type=3 sel=false
[devMouse] p1 unit 6 tile=(54,19) type=3 sel=false
[devMouse] p1 unit 7 tile=(36,23) type=4 sel=false
[devMouse] p1 unit 8 tile=(37,22) type=4 sel=false
[devMouse] p1 unit 9 tile=(49,33) type=4 sel=false
[devMouse] p1 unit 10 tile=(32,17) type=3 sel=false
[devMouse] p1 unit 11 tile=(25,21) type=4 sel=false
[devMouse] p1 unit 12 tile=(22,26) type=3 sel=false
[devMouse] p1 unit 13 tile=(23,27) type=3 sel=false
[devMouse] p1 unit 14 tile=(15,47) type=3 sel=false
[devMouse] p1 unit 15 tile=(16,54) type=3 sel=false
[dbg] ar=48623 am=6 aA=6 aH=0 l=false j=false fullRedraw=false
[dbg] ar=48648 am=6 aA=6 aH=0 l=false j=false fullRedraw=false
[fifo] ar=48667 slots 0
[slots] p0 n=11 0:t0@(42,58)w0 1:t0@(42,59)w0 2:t0@(41,59)w13 3:t3@(29,59)w0 4:t3@(30,59)w0 5:t3@(30,60)w0 6:t3@(29,60)w0 7:t4@(30,57)w0 8:t4@(30,56)w0 9:t4@(30,55)w0 10:t6@(28,58)w0
[dbg] ar=48673 am=6 aA=6 aH=0 l=false j=false fullRedraw=false
[fifo] ar=48693 retask 0 43 58
[devMouse] retask slot0 (42,58)w0 -> (43,58)
[dbg] ar=48698 am=6 aA=6 aH=0 l=false j=false fullRedraw=false
[fifo] ar=48701 retask 1 42 59
[devMouse] retask slot1 (42,59)w0 -> (42,59)
[fifo] ar=48709 retask 2 42 60
[devMouse] retask slot2 (41,60)w13 -> (42,60)
[fifo] ar=48717 save /tmp/aoe-camp/m1/t.aoesave
[save] wrote /tmp/aoe-camp/m1/t.aoesave (12294B) ar=48718
[dbg] ar=48723 am=6 aA=6 aH=0 l=false j=false fullRedraw=false
[dbg] ar=48748 am=6 aA=6 aH=0 l=false j=false fullRedraw=false
[fifo] ar=48763 slots 0
[slots] p0 n=11 0:t0@(42,58)w2112 1:t0@(42,59)w0 2:t0@(41,60)w3812 3:t3@(29,59)w0 4:t3@(30,59)w0 5:t3@(30,60)w0 6:t3@(29,60)w0 7:t4@(30,57)w0 8:t4@(30,56)w0 9:t4@(30,55)w0 10:t6@(28,58)w0
[dbg] ar=48773 am=6 aA=6 aH=0 l=false j=false fullRedraw=false
[fifo] ar=48788 retask 1 43 59
[devMouse] retask slot1 (42,59)w0 -> (43,59)
[fifo] ar=48796 save /tmp/aoe-camp/m1/t.aoesave
[save] wrote /tmp/aoe-camp/m1/t.aoesave (12294B) ar=48797
[dbg] ar=48798 am=6 aA=6 aH=0 l=false j=false fullRedraw=false
[dbg] ar=48823 am=6 aA=6 aH=0 l=false j=false fullRedraw=false
[fifo] ar=48842 slots 0
[slots] p0 n=11 0:t0@(41,59)w13 1:t0@(42,59)w3112 2:t0@(41,58)w13 3:t3@(29,59)w0 4:t3@(30,59)w0 5:t3@(30,60)w0 6:t3@(29,60)w0 7:t4@(30,57)w0 8:t4@(30,56)w0 9:t4@(30,55)w0 10:t6@(28,58)w0
[dbg] ar=48848 am=6 aA=6 aH=0 l=false j=false fullRedraw=false
[fifo] ar=48867 retask 0 43 58
[devMouse] retask slot0 (41,60)w13 -> (43,58)
[dbg] ar=48873 am=6 aA=6 aH=0 l=false j=false fullRedraw=false
[fifo] ar=48875 retask 2 42 60
[devMouse] retask slot2 (42,58)w13 -> (42,60)
[fifo] ar=48884 save /tmp/aoe-camp/m1/t.aoesave
[save] wrote /tmp/aoe-camp/m1/t.aoesave (12294B) ar=48885
[dbg] ar=48898 am=6 aA=6 aH=0 l=false j=false fullRedraw=false
[dbg] ar=48923 am=6 aA=6 aH=0 l=false j=false fullRedraw=false
[fifo] ar=48931 slots 0
[slots] p0 n=11 0:t0@(42,58)w4312 1:t0@(41,59)w13 2:t0@(36,59)w0 3:t3@(29,59)w0 4:t3@(30,59)w0 5:t3@(30,60)w0 6:t3@(29,60)w0 7:t4@(30,57)w0 8:t4@(30,56)w0 9:t4@(30,55)w0 10:t6@(28,58)w0
[dbg] ar=48948 am=6 aA=6 aH=0 l=false j=false fullRedraw=false
[fifo] ar=48954 retask 1 43 59
[devMouse] retask slot1 (41,60)w13 -> (43,59)
[fifo] ar=48963 retask 2 42 60
[devMouse] retask slot2 (40,60)w0 -> (42,60)
[fifo] ar=48971 save /tmp/aoe-camp/m1/t.aoesave
[save] wrote /tmp/aoe-camp/m1/t.aoesave (12294B) ar=48972
[dbg] ar=48973 am=6 aA=6 aH=0 l=false j=false fullRedraw=false
[dbg] ar=48998 am=6 aA=6 aH=0 l=false j=false fullRedraw=false
[fifo] ar=49017 slots 0
[slots] p0 n=11 0:t0@(39,58)w13 1:t0@(42,59)w3112 2:t0@(41,60)w3e12 3:t3@(29,59)w0 4:t3@(30,59)w0 5:t3@(30,60)w0 6:t3@(29,60)w0 7:t4@(30,57)w0 8:t4@(30,56)w0 9:t4@(30,55)w0 10:t6@(28,58)w0
[dbg] ar=49023 am=6 aA=6 aH=0 l=false j=false fullRedraw=false
[fifo] ar=49041 retask 0 43 58
[devMouse] retask slot0 (41,58)w13 -> (43,58)
[dbg] ar=49048 am=6 aA=6 aH=0 l=false j=false fullRedraw=false
[fifo] ar=49049 save /tmp/aoe-camp/m1/t.aoesave
[save] wrote /tmp/aoe-camp/m1/t.aoesave (12294B) ar=49050
[dbg] ar=49073 am=6 aA=6 aH=0 l=false j=false fullRedraw=false
[fifo] ar=49095 state
[devMouse] aA=6/6 cursor=(31,58) cam=(-523,628) Q=3743 aE=512 Y=0 sel=6
[devMouse] p0 unit 0 tile=(42,58) type=0 sel=true
[devMouse] p0 unit 1 tile=(40,59) type=0 sel=true
[devMouse] p0 unit 2 tile=(42,59) type=0 sel=true
[devMouse] p0 unit 3 tile=(29,59) type=3 sel=true
[devMouse] p0 unit 4 tile=(30,59) type=3 sel=true
[devMouse] p0 unit 5 tile=(30,60) type=3 sel=true
[devMouse] p0 unit 6 tile=(29,60) type=3 sel=true
[devMouse] p0 unit 7 tile=(30,57) type=4 sel=true
[devMouse] p0 unit 8 tile=(30,56) type=4 sel=true
[devMouse] p0 unit 9 tile=(30,55) type=4 sel=true
[devMouse] p0 unit 10 tile=(28,58) type=6 sel=true
[devMouse] p1 unit 0 tile=(48,48) type=3 sel=false
[devMouse] p1 unit 1 tile=(40,34) type=3 sel=false
[devMouse] p1 unit 2 tile=(60,55) type=3 sel=false
[devMouse] p1 unit 3 tile=(61,45) type=3 sel=false
[devMouse] p1 unit 4 tile=(49,24) type=3 sel=false
[devMouse] p1 unit 5 tile=(48,25) type=3 sel=false
[devMouse] p1 unit 6 tile=(54,19) type=3 sel=false
[devMouse] p1 unit 7 tile=(36,23) type=4 sel=false
[devMouse] p1 unit 8 tile=(37,22) type=4 sel=false
[devMouse] p1 unit 9 tile=(49,33) type=4 sel=false
[devMouse] p1 unit 10 tile=(32,17) type=3 sel=false
[devMouse] p1 unit 11 tile=(25,21) type=4 sel=false
[devMouse] p1 unit 12 tile=(22,26) type=3 sel=false
[devMouse] p1 unit 13 tile=(23,27) type=3 sel=false
[devMouse] p1 unit 14 tile=(15,47) type=3 sel=false
[devMouse] p1 unit 15 tile=(16,54) type=3 sel=false
[dbg] ar=49098 am=6 aA=6 aH=0 l=false j=false fullRedraw=false
[dbg] ar=49123 am=6 aA=6 aH=0 l=false j=false fullRedraw=false
[dbg] ar=49148 am=6 aA=6 aH=0 l=false j=false fullRedraw=false
[fifo] ar=49150 slots 0
[slots] p0 n=11 0:t0@(42,58)w512 1:t0@(41,59)w13 2:t0@(42,59)w13 3:t3@(29,59)w0 4:t3@(30,59)w0 5:t3@(30,60)w0 6:t3@(29,60)w0 7:t4@(30,57)w0 8:t4@(30,56)w0 9:t4@(30,55)w0 10:t6@(28,58)w0
[dbg] ar=49173 am=6 aA=6 aH=0 l=false j=false fullRedraw=false
[fifo] ar=49177 retask 1 43 59
[devMouse] retask slot1 (41,60)w13 -> (43,59)
[fifo] ar=49184 retask 2 42 60
[devMouse] retask slot2 (41,59)w13 -> (42,60)
[fifo] ar=49191 save /tmp/aoe-camp/m1/t.aoesave
[save] wrote /tmp/aoe-camp/m1/t.aoesave (12294B) ar=49192
[dbg] ar=49198 am=6 aA=6 aH=0 l=false j=false fullRedraw=false
[dbg] ar=49223 am=6 aA=6 aH=0 l=false j=false fullRedraw=false
[fifo] ar=49237 slots 0
[slots] p0 n=11 0:t0@(41,58)w13 1:t0@(42,59)w3a12 2:t0@(42,60)w0 3:t3@(29,59)w0 4:t3@(30,59)w0 5:t3@(30,60)w0 6:t3@(29,60)w0 7:t4@(30,57)w0 8:t4@(30,56)w0 9:t4@(30,55)w0 10:t6@(28,58)w0
[dbg] ar=49248 am=6 aA=6 aH=0 l=false j=false fullRedraw=false
[fifo] ar=49262 retask 0 43 58
[devMouse] retask slot0 (41,59)w13 -> (43,58)
[fifo] ar=49270 retask 2 42 60
[devMouse] retask slot2 (42,60)w0 -> (42,60)
[dbg] ar=49273 am=6 aA=6 aH=0 l=false j=false fullRedraw=false
[fifo] ar=49277 save /tmp/aoe-camp/m1/t.aoesave
[save] wrote /tmp/aoe-camp/m1/t.aoesave (12294B) ar=49278
[dbg] ar=49298 am=6 aA=6 aH=0 l=false j=false fullRedraw=false
[fifo] ar=49323 slots 0
[slots] p0 n=11 0:t0@(42,58)w3412 1:t0@(40,59)w13 2:t0@(42,60)w0 3:t3@(29,59)w0 4:t3@(30,59)w0 5:t3@(30,60)w0 6:t3@(29,60)w0 7:t4@(30,57)w0 8:t4@(30,56)w0 9:t4@(30,55)w0 10:t6@(28,58)w0
[dbg] ar=49323 am=6 aA=6 aH=0 l=false j=false fullRedraw=false
[fifo] ar=49348 retask 1 43 59
[devMouse] retask slot1 (42,59)w13 -> (43,59)
[dbg] ar=49348 am=6 aA=6 aH=0 l=false j=false fullRedraw=false
[fifo] ar=49356 retask 2 42 60
[devMouse] retask slot2 (42,60)w0 -> (42,60)
[fifo] ar=49364 save /tmp/aoe-camp/m1/t.aoesave
[save] wrote /tmp/aoe-camp/m1/t.aoesave (12294B) ar=49365
[dbg] ar=49373 am=6 aA=6 aH=0 l=false j=false fullRedraw=false
[dbg] ar=49398 am=6 aA=6 aH=0 l=false j=false fullRedraw=false
[fifo] ar=49408 slots 0
[slots] p0 n=11 0:t0@(40,58)w13 1:t0@(42,59)w2c12 2:t0@(42,60)w0 3:t3@(29,59)w0 4:t3@(30,59)w0 5:t3@(30,60)w0 6:t3@(29,60)w0 7:t4@(30,57)w0 8:t4@(30,56)w0 9:t4@(30,55)w0 10:t6@(28,58)w0
[dbg] ar=49423 am=6 aA=6 aH=0 l=false j=false fullRedraw=false
[fifo] ar=49433 retask 0 43 58
[devMouse] retask slot0 (41,59)w13 -> (43,58)
[fifo] ar=49441 retask 2 43 60
[devMouse] retask slot2 (42,60)w0 -> (43,60)
[fifo] ar=49448 save /tmp/aoe-camp/m1/t.aoesave
[dbg] ar=49448 am=6 aA=6 aH=0 l=false j=false fullRedraw=false
[save] wrote /tmp/aoe-camp/m1/t.aoesave (12294B) ar=49449
[dbg] ar=49473 am=6 aA=6 aH=0 l=false j=false fullRedraw=false
[fifo] ar=49496 slots 0
[slots] p0 n=11 0:t0@(42,58)w3612 1:t0@(41,59)w13 2:t0@(42,60)w3012 3:t3@(29,59)w0 4:t3@(30,59)w0 5:t3@(30,60)w0 6:t3@(29,60)w0 7:t4@(30,57)w0 8:t4@(30,56)w0 9:t4@(30,55)w0 10:t6@(28,58)w0
[dbg] ar=49498 am=6 aA=6 aH=0 l=false j=false fullRedraw=false
[fifo] ar=49520 retask 1 43 59
[devMouse] retask slot1 (40,60)w13 -> (43,59)
[dbg] ar=49523 am=6 aA=6 aH=0 l=false j=false fullRedraw=false
[fifo] ar=49528 save /tmp/aoe-camp/m1/t.aoesave
[save] wrote /tmp/aoe-camp/m1/t.aoesave (12294B) ar=49529
[dbg] ar=49548 am=6 aA=6 aH=0 l=false j=false fullRedraw=false
[dbg] ar=49573 am=6 aA=6 aH=0 l=false j=false fullRedraw=false
[fifo] ar=49575 state
[devMouse] aA=6/6 cursor=(31,58) cam=(-523,628) Q=3743 aE=512 Y=0 sel=6
[devMouse] p0 unit 0 tile=(40,60) type=0 sel=true
[devMouse] p0 unit 1 tile=(42,59) type=0 sel=true
[devMouse] p0 unit 2 tile=(40,58) type=0 sel=true
[devMouse] p0 unit 3 tile=(29,59) type=3 sel=true
[devMouse] p0 unit 4 tile=(30,59) type=3 sel=true
[devMouse] p0 unit 5 tile=(30,60) type=3 sel=true
[devMouse] p0 unit 6 tile=(29,60) type=3 sel=true
[devMouse] p0 unit 7 tile=(30,57) type=4 sel=true
[devMouse] p0 unit 8 tile=(30,56) type=4 sel=true
[devMouse] p0 unit 9 tile=(30,55) type=4 sel=true
[devMouse] p0 unit 10 tile=(28,58) type=6 sel=true
[devMouse] p1 unit 0 tile=(48,48) type=3 sel=false
[devMouse] p1 unit 1 tile=(40,34) type=3 sel=false
[devMouse] p1 unit 2 tile=(60,55) type=3 sel=false
[devMouse] p1 unit 3 tile=(61,45) type=3 sel=false
[devMouse] p1 unit 4 tile=(49,24) type=3 sel=false
[devMouse] p1 unit 5 tile=(48,25) type=3 sel=false
[devMouse] p1 unit 6 tile=(54,19) type=3 sel=false
[devMouse] p1 unit 7 tile=(36,23) type=4 sel=false
[devMouse] p1 unit 8 tile=(37,22) type=4 sel=false
[devMouse] p1 unit 9 tile=(49,33) type=4 sel=false
[devMouse] p1 unit 10 tile=(32,17) type=3 sel=false
[devMouse] p1 unit 11 tile=(25,21) type=4 sel=false
[devMouse] p1 unit 12 tile=(22,26) type=3 sel=false
[devMouse] p1 unit 13 tile=(23,27) type=3 sel=false
[devMouse] p1 unit 14 tile=(15,47) type=3 sel=false
[devMouse] p1 unit 15 tile=(16,54) type=3 sel=false
[dbg] ar=49598 am=6 aA=6 aH=0 l=false j=false fullRedraw=false
[dbg] ar=49623 am=6 aA=6 aH=0 l=false j=false fullRedraw=false
[fifo] ar=49628 slots 0
[slots] p0 n=11 0:t0@(41,59)w13 1:t0@(42,59)w1112 2:t0@(39,58)w13 3:t3@(29,59)w0 4:t3@(30,59)w0 5:t3@(30,60)w0 6:t3@(29,60)w0 7:t4@(30,57)w0 8:t4@(30,56)w0 9:t4@(30,55)w0 10:t6@(28,58)w0
[dbg] ar=49648 am=6 aA=6 aH=0 l=false j=false fullRedraw=false
[fifo] ar=49652 retask 0 43 58
[devMouse] retask slot0 (40,58)w13 -> (43,58)
[fifo] ar=49661 retask 2 43 60
[devMouse] retask slot2 (42,59)w13 -> (43,60)
[fifo] ar=49668 save /tmp/aoe-camp/m1/t.aoesave
[save] wrote /tmp/aoe-camp/m1/t.aoesave (12294B) ar=49669
[dbg] ar=49673 am=6 aA=6 aH=0 l=false j=false fullRedraw=false
[dbg] ar=49698 am=6 aA=6 aH=0 l=false j=false fullRedraw=false
[fifo] ar=49713 slots 0
[slots] p0 n=11 0:t0@(42,58)w4212 1:t0@(41,59)w13 2:t0@(42,59)w3912 3:t3@(29,59)w0 4:t3@(30,59)w0 5:t3@(30,60)w0 6:t3@(29,60)w0 7:t4@(30,57)w0 8:t4@(30,56)w0 9:t4@(30,55)w0 10:t6@(28,58)w0
[dbg] ar=49723 am=6 aA=6 aH=0 l=false j=false fullRedraw=false
[fifo] ar=49738 retask 1 43 59
[devMouse] retask slot1 (40,59)w13 -> (43,59)
[fifo] ar=49746 save /tmp/aoe-camp/m1/t.aoesave
[save] wrote /tmp/aoe-camp/m1/t.aoesave (12294B) ar=49747
[dbg] ar=49748 am=6 aA=6 aH=0 l=false j=false fullRedraw=false
[dbg] ar=49773 am=6 aA=6 aH=0 l=false j=false fullRedraw=false
[fifo] ar=49794 slots 0
[slots] p0 n=11 0:t0@(41,60)w13 1:t0@(42,60)w4712 2:t0@(39,59)w13 3:t3@(29,59)w0 4:t3@(30,59)w0 5:t3@(30,60)w0 6:t3@(29,60)w0 7:t4@(30,57)w0 8:t4@(30,56)w0 9:t4@(30,55)w0 10:t6@(28,58)w0
[dbg] ar=49798 am=6 aA=6 aH=0 l=false j=false fullRedraw=false
[fifo] ar=49818 retask 0 43 58
[devMouse] retask slot0 (40,59)w13 -> (43,58)
[dbg] ar=49823 am=6 aA=6 aH=0 l=false j=false fullRedraw=false
[fifo] ar=49825 retask 2 43 60
[devMouse] retask slot2 (42,58)w13 -> (43,60)
[fifo] ar=49833 save /tmp/aoe-camp/m1/t.aoesave
[save] wrote /tmp/aoe-camp/m1/t.aoesave (12294B) ar=49834
[dbg] ar=49848 am=6 aA=6 aH=0 l=false j=false fullRedraw=false
[dbg] ar=49873 am=6 aA=6 aH=0 l=false j=false fullRedraw=false
[fifo] ar=49878 slots 0
[slots] p0 n=11 0:t0@(42,59)w4c12 1:t0@(40,59)w13 2:t0@(41,58)w0 3:t3@(29,59)w0 4:t3@(30,59)w0 5:t3@(30,60)w0 6:t3@(29,60)w0 7:t4@(30,57)w0 8:t4@(30,56)w0 9:t4@(30,55)w0 10:t6@(28,58)w0
[dbg] ar=49898 am=6 aA=6 aH=0 l=false j=false fullRedraw=false
[fifo] ar=49902 retask 1 43 59
[devMouse] retask slot1 (41,58)w13 -> (43,59)
[fifo] ar=49910 retask 2 43 60
[devMouse] retask slot2 (42,60)w5912 -> (43,60)
[fifo] ar=49917 save /tmp/aoe-camp/m1/t.aoesave
[save] wrote /tmp/aoe-camp/m1/t.aoesave (12294B) ar=49918
[dbg] ar=49923 am=6 aA=6 aH=0 l=false j=false fullRedraw=false
[dbg] ar=49948 am=6 aA=6 aH=0 l=false j=false fullRedraw=false
[fifo] ar=49964 slots 0
[slots] p0 n=11 0:t0@(40,58)w13 1:t0@(42,58)w5e12 2:t0@(42,60)w3112 3:t3@(29,59)w0 4:t3@(30,59)w0 5:t3@(30,60)w0 6:t3@(29,60)w0 7:t4@(30,57)w0 8:t4@(30,56)w0 9:t4@(30,55)w0 10:t6@(28,58)w0
[dbg] ar=49973 am=6 aA=6 aH=0 l=false j=false fullRedraw=false
[fifo] ar=49987 retask 0 43 58
[devMouse] retask slot0 (40,59)w13 -> (43,58)
[fifo] ar=49995 save /tmp/aoe-camp/m1/t.aoesave
[save] wrote /tmp/aoe-camp/m1/t.aoesave (12294B) ar=49996
[dbg] ar=49998 am=6 aA=6 aH=0 l=false j=false fullRedraw=false
[dbg] ar=50023 am=6 aA=6 aH=0 l=false j=false fullRedraw=false
[fifo] ar=50044 state
[devMouse] aA=6/6 cursor=(31,58) cam=(-523,628) Q=3743 aE=512 Y=0 sel=6
[devMouse] p0 unit 0 tile=(42,59) type=0 sel=true
[devMouse] p0 unit 1 tile=(42,58) type=0 sel=true
[devMouse] p0 unit 2 tile=(39,59) type=0 sel=true
[devMouse] p0 unit 3 tile=(29,59) type=3 sel=true
[devMouse] p0 unit 4 tile=(30,59) type=3 sel=true
[devMouse] p0 unit 5 tile=(30,60) type=3 sel=true
[devMouse] p0 unit 6 tile=(29,60) type=3 sel=true
[devMouse] p0 unit 7 tile=(30,57) type=4 sel=true
[devMouse] p0 unit 8 tile=(30,56) type=4 sel=true
[devMouse] p0 unit 9 tile=(30,55) type=4 sel=true
[devMouse] p0 unit 10 tile=(28,58) type=6 sel=true
[devMouse] p1 unit 0 tile=(48,48) type=3 sel=false
[devMouse] p1 unit 1 tile=(40,34) type=3 sel=false
[devMouse] p1 unit 2 tile=(60,55) type=3 sel=false
[devMouse] p1 unit 3 tile=(61,45) type=3 sel=false
[devMouse] p1 unit 4 tile=(49,24) type=3 sel=false
[devMouse] p1 unit 5 tile=(48,25) type=3 sel=false
[devMouse] p1 unit 6 tile=(54,19) type=3 sel=false
[devMouse] p1 unit 7 tile=(36,23) type=4 sel=false
[devMouse] p1 unit 8 tile=(37,22) type=4 sel=false
[devMouse] p1 unit 9 tile=(49,33) type=4 sel=false
[devMouse] p1 unit 10 tile=(32,17) type=3 sel=false
[devMouse] p1 unit 11 tile=(25,21) type=4 sel=false
[devMouse] p1 unit 12 tile=(22,26) type=3 sel=false
[devMouse] p1 unit 13 tile=(23,27) type=3 sel=false
[devMouse] p1 unit 14 tile=(15,47) type=3 sel=false
[devMouse] p1 unit 15 tile=(16,54) type=3 sel=false
[dbg] ar=50048 am=6 aA=6 aH=0 l=false j=false fullRedraw=false
[dbg] ar=50073 am=6 aA=6 aH=0 l=false j=false fullRedraw=false
[dbg] ar=50098 am=6 aA=6 aH=0 l=false j=false fullRedraw=false
[fifo] ar=50099 slots 0
[slots] p0 n=11 0:t0@(42,59)w1512 1:t0@(41,59)w13 2:t0@(42,58)w13 3:t3@(29,59)w0 4:t3@(30,59)w0 5:t3@(30,60)w0 6:t3@(29,60)w0 7:t4@(30,57)w0 8:t4@(30,56)w0 9:t4@(30,55)w0 10:t6@(28,58)w0
[fifo] ar=50123 retask 1 43 59
[devMouse] retask slot1 (42,59)w13 -> (43,59)
[dbg] ar=50123 am=6 aA=6 aH=0 l=false j=false fullRedraw=false
[fifo] ar=50131 retask 2 43 60
[devMouse] retask slot2 (40,58)w13 -> (43,60)
[fifo] ar=50139 save /tmp/aoe-camp/m1/t.aoesave
[save] wrote /tmp/aoe-camp/m1/t.aoesave (12294B) ar=50140
[dbg] ar=50148 am=6 aA=6 aH=0 l=false j=false fullRedraw=false
[dbg] ar=50173 am=6 aA=6 aH=0 l=false j=false fullRedraw=false
[fifo] ar=50187 slots 0
[slots] p0 n=11 0:t0@(41,58)w13 1:t0@(42,59)w2f12 2:t0@(42,60)w4a12 3:t3@(29,59)w0 4:t3@(30,59)w0 5:t3@(30,60)w0 6:t3@(29,60)w0 7:t4@(30,57)w0 8:t4@(30,56)w0 9:t4@(30,55)w0 10:t6@(28,58)w0
[dbg] ar=50198 am=6 aA=6 aH=0 l=false j=false fullRedraw=false
[fifo] ar=50212 retask 0 43 58
[devMouse] retask slot0 (40,59)w13 -> (43,58)
[fifo] ar=50220 save /tmp/aoe-camp/m1/t.aoesave
[save] wrote /tmp/aoe-camp/m1/t.aoesave (12294B) ar=50221
[dbg] ar=50223 am=6 aA=6 aH=0 l=false j=false fullRedraw=false
[dbg] ar=50248 am=6 aA=6 aH=0 l=false j=false fullRedraw=false
[fifo] ar=50265 slots 0
[slots] p0 n=11 0:t0@(42,58)w4c12 1:t0@(40,59)w13 2:t0@(42,59)w13 3:t3@(29,59)w0 4:t3@(30,59)w0 5:t3@(30,60)w0 6:t3@(29,60)w0 7:t4@(30,57)w0 8:t4@(30,56)w0 9:t4@(30,55)w0 10:t6@(28,58)w0
[dbg] ar=50273 am=6 aA=6 aH=0 l=false j=false fullRedraw=false
[fifo] ar=50289 retask 1 43 59
[devMouse] retask slot1 (42,60)w13 -> (43,59)
[fifo] ar=50297 retask 2 43 60
[devMouse] retask slot2 (40,59)w13 -> (43,60)
[dbg] ar=50298 am=6 aA=6 aH=0 l=false j=false fullRedraw=false
[fifo] ar=50305 save /tmp/aoe-camp/m1/t.aoesave
[save] wrote /tmp/aoe-camp/m1/t.aoesave (12294B) ar=50306
[dbg] ar=50323 am=6 aA=6 aH=0 l=false j=false fullRedraw=false
[dbg] ar=50348 am=6 aA=6 aH=0 l=false j=false fullRedraw=false
[fifo] ar=50353 slots 0
[slots] p0 n=11 0:t0@(41,60)w13 1:t0@(42,60)w2e12 2:t0@(41,58)w0 3:t3@(29,59)w0 4:t3@(30,59)w0 5:t3@(30,60)w0 6:t3@(29,60)w0 7:t4@(30,57)w0 8:t4@(30,56)w0 9:t4@(30,55)w0 10:t6@(28,58)w0
[dbg] ar=50373 am=6 aA=6 aH=0 l=false j=false fullRedraw=false
[fifo] ar=50378 retask 0 43 58
[devMouse] retask slot0 (40,59)w13 -> (43,58)
[fifo] ar=50386 retask 2 43 60
[devMouse] retask slot2 (42,59)w5512 -> (43,60)
[fifo] ar=50395 save /tmp/aoe-camp/m1/t.aoesave
[save] wrote /tmp/aoe-camp/m1/t.aoesave (12294B) ar=50396
[dbg] ar=50398 am=6 aA=6 aH=0 l=false j=false fullRedraw=false
[dbg] ar=50423 am=6 aA=6 aH=0 l=false j=false fullRedraw=false
[fifo] ar=50441 slots 0
[slots] p0 n=11 0:t0@(42,58)w4112 1:t0@(40,59)w13 2:t0@(42,59)w3012 3:t3@(29,59)w0 4:t3@(30,59)w0 5:t3@(30,60)w0 6:t3@(29,60)w0 7:t4@(30,57)w0 8:t4@(30,56)w0 9:t4@(30,55)w0 10:t6@(28,58)w0
[dbg] ar=50448 am=6 aA=6 aH=0 l=false j=false fullRedraw=false
[fifo] ar=50466 retask 1 43 59
[devMouse] retask slot1 (41,60)w13 -> (43,59)
[fifo] ar=50473 save /tmp/aoe-camp/m1/t.aoesave
[dbg] ar=50473 am=6 aA=6 aH=0 l=false j=false fullRedraw=false
[save] wrote /tmp/aoe-camp/m1/t.aoesave (12294B) ar=50474
[dbg] ar=50498 am=6 aA=6 aH=0 l=false j=false fullRedraw=false
[fifo] ar=50518 state
[devMouse] aA=6/6 cursor=(31,58) cam=(-523,628) Q=3743 aE=512 Y=0 sel=6
[devMouse] p0 unit 0 tile=(41,60) type=0 sel=true
[devMouse] p0 unit 1 tile=(42,60) type=0 sel=true
[devMouse] p0 unit 2 tile=(40,59) type=0 sel=true
[devMouse] p0 unit 3 tile=(29,59) type=3 sel=true
[devMouse] p0 unit 4 tile=(30,59) type=3 sel=true
[devMouse] p0 unit 5 tile=(30,60) type=3 sel=true
[devMouse] p0 unit 6 tile=(29,60) type=3 sel=true
[devMouse] p0 unit 7 tile=(30,57) type=4 sel=true
[devMouse] p0 unit 8 tile=(30,56) type=4 sel=true
[devMouse] p0 unit 9 tile=(30,55) type=4 sel=true
[devMouse] p0 unit 10 tile=(28,58) type=6 sel=true
[devMouse] p1 unit 0 tile=(48,48) type=3 sel=false
[devMouse] p1 unit 1 tile=(40,34) type=3 sel=false
[devMouse] p1 unit 2 tile=(60,55) type=3 sel=false
[devMouse] p1 unit 3 tile=(61,45) type=3 sel=false
[devMouse] p1 unit 4 tile=(49,24) type=3 sel=false
[devMouse] p1 unit 5 tile=(48,25) type=3 sel=false
[devMouse] p1 unit 6 tile=(54,19) type=3 sel=false
[devMouse] p1 unit 7 tile=(36,23) type=4 sel=false
[devMouse] p1 unit 8 tile=(37,22) type=4 sel=false
[devMouse] p1 unit 9 tile=(49,33) type=4 sel=false
[devMouse] p1 unit 10 tile=(32,17) type=3 sel=false
[devMouse] p1 unit 11 tile=(25,21) type=4 sel=false
[devMouse] p1 unit 12 tile=(22,26) type=3 sel=false
[devMouse] p1 unit 13 tile=(23,27) type=3 sel=false
[devMouse] p1 unit 14 tile=(15,47) type=3 sel=false
[devMouse] p1 unit 15 tile=(16,54) type=3 sel=false
[dbg] ar=50523 am=6 aA=6 aH=0 l=false j=false fullRedraw=false
[dbg] ar=50548 am=6 aA=6 aH=0 l=false j=false fullRedraw=false
[fifo] ar=50571 slots 0
[slots] p0 n=11 0:t0@(42,58)w13 1:t0@(42,60)w1e12 2:t0@(41,59)w13 3:t3@(29,59)w0 4:t3@(30,59)w0 5:t3@(30,60)w0 6:t3@(29,60)w0 7:t4@(30,57)w0 8:t4@(30,56)w0 9:t4@(30,55)w0 10:t6@(28,58)w0
[dbg] ar=50573 am=6 aA=6 aH=0 l=false j=false fullRedraw=false
[fifo] ar=50596 retask 0 43 58
[devMouse] retask slot0 (40,59)w13 -> (43,58)
[dbg] ar=50598 am=6 aA=6 aH=0 l=false j=false fullRedraw=false
[fifo] ar=50604 retask 2 43 60
[devMouse] retask slot2 (41,58)w13 -> (43,60)
[fifo] ar=50611 save /tmp/aoe-camp/m1/t.aoesave
[save] wrote /tmp/aoe-camp/m1/t.aoesave (12294B) ar=50612
[dbg] ar=50623 am=6 aA=6 aH=0 l=false j=false fullRedraw=false
[dbg] ar=50648 am=6 aA=6 aH=0 l=false j=false fullRedraw=false
[fifo] ar=50659 slots 0
[slots] p0 n=11 0:t0@(42,58)w3a12 1:t0@(42,59)w13 2:t0@(42,60)w4d12 3:t3@(29,59)w0 4:t3@(30,59)w0 5:t3@(30,60)w0 6:t3@(29,60)w0 7:t4@(30,57)w0 8:t4@(30,56)w0 9:t4@(30,55)w0 10:t6@(28,58)w0
[dbg] ar=50673 am=6 aA=6 aH=0 l=false j=false fullRedraw=false
[fifo] ar=50683 retask 1 43 59
[devMouse] retask slot1 (39,59)w13 -> (43,59)
[fifo] ar=50691 save /tmp/aoe-camp/m1/t.aoesave
[save] wrote /tmp/aoe-camp/m1/t.aoesave (12294B) ar=50692
[dbg] ar=50698 am=6 aA=6 aH=0 l=false j=false fullRedraw=false
[dbg] ar=50723 am=6 aA=6 aH=0 l=false j=false fullRedraw=false
[fifo] ar=50736 slots 0
[slots] p0 n=11 0:t0@(39,58)w13 1:t0@(42,59)w5512 2:t0@(42,60)w13 3:t3@(29,59)w0 4:t3@(30,59)w0 5:t3@(30,60)w0 6:t3@(29,60)w0 7:t4@(30,57)w0 8:t4@(30,56)w0 9:t4@(30,55)w0 10:t6@(28,58)w0
[dbg] ar=50748 am=6 aA=6 aH=0 l=false j=false fullRedraw=false
[fifo] ar=50761 retask 0 43 58
[devMouse] retask slot0 (41,59)w13 -> (43,58)
[fifo] ar=50769 retask 2 43 60
[devMouse] retask slot2 (41,59)w13 -> (43,60)
[dbg] ar=50773 am=6 aA=6 aH=0 l=false j=false fullRedraw=false
[fifo] ar=50776 save /tmp/aoe-camp/m1/t.aoesave
[save] wrote /tmp/aoe-camp/m1/t.aoesave (12294B) ar=50777
[dbg] ar=50798 am=6 aA=6 aH=0 l=false j=false fullRedraw=false
[fifo] ar=50823 slots 0
[slots] p0 n=11 0:t0@(42,58)w5712 1:t0@(41,60)w13 2:t0@(42,60)w3d12 3:t3@(29,59)w0 4:t3@(30,59)w0 5:t3@(30,60)w0 6:t3@(29,60)w0 7:t4@(30,57)w0 8:t4@(30,56)w0 9:t4@(30,55)w0 10:t6@(28,58)w0
[dbg] ar=50823 am=6 aA=6 aH=0 l=false j=false fullRedraw=false
[fifo] ar=50848 retask 1 43 59
[devMouse] retask slot1 (39,59)w13 -> (43,59)
[dbg] ar=50848 am=6 aA=6 aH=0 l=false j=false fullRedraw=false
[fifo] ar=50856 save /tmp/aoe-camp/m1/t.aoesave
[save] wrote /tmp/aoe-camp/m1/t.aoesave (12294B) ar=50857
[dbg] ar=50873 am=6 aA=6 aH=0 l=false j=false fullRedraw=false
[dbg] ar=50898 am=6 aA=6 aH=0 l=false j=false fullRedraw=false
[fifo] ar=50903 slots 0
[slots] p0 n=11 0:t0@(42,58)w712 1:t0@(42,59)w4b12 2:t0@(40,58)w13 3:t3@(29,59)w0 4:t3@(30,59)w0 5:t3@(30,60)w0 6:t3@(29,60)w0 7:t4@(30,57)w0 8:t4@(30,56)w0 9:t4@(30,55)w0 10:t6@(28,58)w0
[dbg] ar=50923 am=6 aA=6 aH=0 l=false j=false fullRedraw=false
[fifo] ar=50928 retask 2 43 60
[devMouse] retask slot2 (38,59)w13 -> (43,60)
[fifo] ar=50937 save /tmp/aoe-camp/m1/t.aoesave
[save] wrote /tmp/aoe-camp/m1/t.aoesave (12294B) ar=50938
[dbg] ar=50948 am=6 aA=6 aH=0 l=false j=false fullRedraw=false
[dbg] ar=50973 am=6 aA=6 aH=0 l=false j=false fullRedraw=false
[fifo] ar=50986 state
[devMouse] aA=6/6 cursor=(31,58) cam=(-523,628) Q=3743 aE=512 Y=0 sel=6
[devMouse] p0 unit 0 tile=(39,58) type=0 sel=true
[devMouse] p0 unit 1 tile=(42,58) type=0 sel=true
[devMouse] p0 unit 2 tile=(42,60) type=0 sel=true
[devMouse] p0 unit 3 tile=(29,59) type=3 sel=true
[devMouse] p0 unit 4 tile=(30,59) type=3 sel=true
[devMouse] p0 unit 5 tile=(30,60) type=3 sel=true
[devMouse] p0 unit 6 tile=(29,60) type=3 sel=true
[devMouse] p0 unit 7 tile=(30,57) type=4 sel=true
[devMouse] p0 unit 8 tile=(30,56) type=4 sel=true
[devMouse] p0 unit 9 tile=(30,55) type=4 sel=true
[devMouse] p0 unit 10 tile=(28,58) type=6 sel=true
[devMouse] p1 unit 0 tile=(48,48) type=3 sel=false
[devMouse] p1 unit 1 tile=(40,34) type=3 sel=false
[devMouse] p1 unit 2 tile=(60,55) type=3 sel=false
[devMouse] p1 unit 3 tile=(61,45) type=3 sel=false
[devMouse] p1 unit 4 tile=(49,24) type=3 sel=false
[devMouse] p1 unit 5 tile=(48,25) type=3 sel=false
[devMouse] p1 unit 6 tile=(54,19) type=3 sel=false
[devMouse] p1 unit 7 tile=(36,23) type=4 sel=false
[devMouse] p1 unit 8 tile=(37,22) type=4 sel=false
[devMouse] p1 unit 9 tile=(49,33) type=4 sel=false
[devMouse] p1 unit 10 tile=(32,17) type=3 sel=false
[devMouse] p1 unit 11 tile=(25,21) type=4 sel=false
[devMouse] p1 unit 12 tile=(22,26) type=3 sel=false
[devMouse] p1 unit 13 tile=(23,27) type=3 sel=false
[devMouse] p1 unit 14 tile=(15,47) type=3 sel=false
[devMouse] p1 unit 15 tile=(16,54) type=3 sel=false
[dbg] ar=50998 am=6 aA=6 aH=0 l=false j=false fullRedraw=false
[dbg] ar=51023 am=6 aA=6 aH=0 l=false j=false fullRedraw=false
[fifo] ar=51038 slots 0
[slots] p0 n=11 0:t0@(42,58)w13 1:t0@(41,58)w13 2:t0@(42,60)w1e12 3:t3@(29,59)w0 4:t3@(30,59)w0 5:t3@(30,60)w0 6:t3@(29,60)w0 7:t4@(30,57)w0 8:t4@(30,56)w0 9:t4@(30,55)w0 10:t6@(28,58)w0
[dbg] ar=51048 am=6 aA=6 aH=0 l=false j=false fullRedraw=false
[fifo] ar=51063 retask 0 43 58
[devMouse] retask slot0 (40,59)w13 -> (43,58)
[fifo] ar=51070 retask 1 43 59
[devMouse] retask slot1 (42,58)w13 -> (43,59)
[dbg] ar=51073 am=6 aA=6 aH=0 l=false j=false fullRedraw=false
[fifo] ar=51077 save /tmp/aoe-camp/m1/t.aoesave
[save] wrote /tmp/aoe-camp/m1/t.aoesave (12294B) ar=51078
[dbg] ar=51098 am=6 aA=6 aH=0 l=false j=false fullRedraw=false
[dbg] ar=51123 am=6 aA=6 aH=0 l=false j=false fullRedraw=false
[fifo] ar=51124 slots 0
[slots] p0 n=11 0:t0@(42,59)w4e12 1:t0@(42,58)w3812 2:t0@(42,60)w13 3:t3@(29,59)w0 4:t3@(30,59)w0 5:t3@(30,60)w0 6:t3@(29,60)w0 7:t4@(30,57)w0 8:t4@(30,56)w0 9:t4@(30,55)w0 10:t6@(28,58)w0
[fifo] ar=51148 retask 2 43 60
[devMouse] retask slot2 (40,59)w13 -> (43,60)
[dbg] ar=51148 am=6 aA=6 aH=0 l=false j=false fullRedraw=false
[fifo] ar=51157 save /tmp/aoe-camp/m1/t.aoesave
[save] wrote /tmp/aoe-camp/m1/t.aoesave (12294B) ar=51158
[dbg] ar=51173 am=6 aA=6 aH=0 l=false j=false fullRedraw=false
[dbg] ar=51198 am=6 aA=6 aH=0 l=false j=false fullRedraw=false
[fifo] ar=51203 slots 0
[slots] p0 n=11 0:t0@(42,58)w13 1:t0@(39,58)w13 2:t0@(42,60)w4312 3:t3@(29,59)w0 4:t3@(30,59)w0 5:t3@(30,60)w0 6:t3@(29,60)w0 7:t4@(30,57)w0 8:t4@(30,56)w0 9:t4@(30,55)w0 10:t6@(28,58)w0
[dbg] ar=51223 am=6 aA=6 aH=0 l=false j=false fullRedraw=false
[fifo] ar=51228 retask 0 43 58
[devMouse] retask slot0 (40,59)w13 -> (43,58)
[fifo] ar=51236 retask 1 43 59
[devMouse] retask slot1 (42,58)w13 -> (43,59)
[fifo] ar=51244 save /tmp/aoe-camp/m1/t.aoesave
[save] wrote /tmp/aoe-camp/m1/t.aoesave (12294B) ar=51245
[dbg] ar=51248 am=6 aA=6 aH=0 l=false j=false fullRedraw=false
[dbg] ar=51273 am=6 aA=6 aH=0 l=false j=false fullRedraw=false
[fifo] ar=51290 slots 0
[slots] p0 n=11 0:t0@(42,59)w4512 1:t0@(42,58)w3812 2:t0@(40,58)w13 3:t3@(29,59)w0 4:t3@(30,59)w0 5:t3@(30,60)w0 6:t3@(29,60)w0 7:t4@(30,57)w0 8:t4@(30,56)w0 9:t4@(30,55)w0 10:t6@(28,58)w0
[dbg] ar=51298 am=6 aA=6 aH=0 l=false j=false fullRedraw=false
[fifo] ar=51314 retask 2 43 60
[devMouse] retask slot2 (40,59)w13 -> (43,60)
[fifo] ar=51322 save /tmp/aoe-camp/m1/t.aoesave
[save] wrote /tmp/aoe-camp/m1/t.aoesave (12294B) ar=51323
[dbg] ar=51323 am=6 aA=6 aH=0 l=false j=false fullRedraw=false
[dbg] ar=51348 am=6 aA=6 aH=0 l=false j=false fullRedraw=false
[fifo] ar=51369 slots 0
[slots] p0 n=11 0:t0@(41,58)w13 1:t0@(39,58)w13 2:t0@(42,60)w4312 3:t3@(29,59)w0 4:t3@(30,59)w0 5:t3@(30,60)w0 6:t3@(29,60)w0 7:t4@(30,57)w0 8:t4@(30,56)w0 9:t4@(30,55)w0 10:t6@(28,58)w0
[dbg] ar=51373 am=6 aA=6 aH=0 l=false j=false fullRedraw=false
[fifo] ar=51392 retask 0 43 58
[devMouse] retask slot0 (41,59)w13 -> (43,58)
[dbg] ar=51398 am=6 aA=6 aH=0 l=false j=false fullRedraw=false
[fifo] ar=51400 retask 1 43 59
[devMouse] retask slot1 (42,58)w13 -> (43,59)
[fifo] ar=51408 save /tmp/aoe-camp/m1/t.aoesave
[save] wrote /tmp/aoe-camp/m1/t.aoesave (12294B) ar=51409
[dbg] ar=51423 am=6 aA=6 aH=0 l=false j=false fullRedraw=false
[dbg] ar=51448 am=6 aA=6 aH=0 l=false j=false fullRedraw=false
[fifo] ar=51455 state
[devMouse] aA=6/6 cursor=(31,58) cam=(-523,628) Q=3743 aE=512 Y=0 sel=6
[devMouse] p0 unit 0 tile=(42,59) type=0 sel=true
[devMouse] p0 unit 1 tile=(42,58) type=0 sel=true
[devMouse] p0 unit 2 tile=(40,58) type=0 sel=true
[devMouse] p0 unit 3 tile=(29,59) type=3 sel=true
[devMouse] p0 unit 4 tile=(30,59) type=3 sel=true
[devMouse] p0 unit 5 tile=(30,60) type=3 sel=true
[devMouse] p0 unit 6 tile=(29,60) type=3 sel=true
[devMouse] p0 unit 7 tile=(30,57) type=4 sel=true
[devMouse] p0 unit 8 tile=(30,56) type=4 sel=true
[devMouse] p0 unit 9 tile=(30,55) type=4 sel=true
[devMouse] p0 unit 10 tile=(28,58) type=6 sel=true
[devMouse] p1 unit 0 tile=(48,48) type=3 sel=false
[devMouse] p1 unit 1 tile=(40,34) type=3 sel=false
[devMouse] p1 unit 2 tile=(60,55) type=3 sel=false
[devMouse] p1 unit 3 tile=(61,45) type=3 sel=false
[devMouse] p1 unit 4 tile=(49,24) type=3 sel=false
[devMouse] p1 unit 5 tile=(48,25) type=3 sel=false
[devMouse] p1 unit 6 tile=(54,19) type=3 sel=false
[devMouse] p1 unit 7 tile=(36,23) type=4 sel=false
[devMouse] p1 unit 8 tile=(37,22) type=4 sel=false
[devMouse] p1 unit 9 tile=(49,33) type=4 sel=false
[devMouse] p1 unit 10 tile=(32,17) type=3 sel=false
[devMouse] p1 unit 11 tile=(25,21) type=4 sel=false
[devMouse] p1 unit 12 tile=(22,26) type=3 sel=false
[devMouse] p1 unit 13 tile=(23,27) type=3 sel=false
[devMouse] p1 unit 14 tile=(15,47) type=3 sel=false
[devMouse] p1 unit 15 tile=(16,54) type=3 sel=false
[dbg] ar=51473 am=6 aA=6 aH=0 l=false j=false fullRedraw=false
[dbg] ar=51498 am=6 aA=6 aH=0 l=false j=false fullRedraw=false
[fifo] ar=51507 slots 0
[slots] p0 n=11 0:t0@(42,59)w912 1:t0@(41,59)w13 2:t0@(41,60)w13 3:t3@(29,59)w0 4:t3@(30,59)w0 5:t3@(30,60)w0 6:t3@(29,60)w0 7:t4@(30,57)w0 8:t4@(30,56)w0 9:t4@(30,55)w0 10:t6@(28,58)w0
[dbg] ar=51523 am=6 aA=6 aH=0 l=false j=false fullRedraw=false
[fifo] ar=51531 retask 1 43 59
[devMouse] retask slot1 (41,59)w13 -> (43,59)
[fifo] ar=51539 retask 2 43 60
[devMouse] retask slot2 (42,60)w13 -> (43,60)
[fifo] ar=51546 save /tmp/aoe-camp/m1/t.aoesave
[save] wrote /tmp/aoe-camp/m1/t.aoesave (12294B) ar=51547
[dbg] ar=51548 am=6 aA=6 aH=0 l=false j=false fullRedraw=false
[dbg] ar=51573 am=6 aA=6 aH=0 l=false j=false fullRedraw=false
[fifo] ar=51593 slots 0
[slots] p0 n=11 0:t0@(42,58)w13 1:t0@(42,59)w3a12 2:t0@(42,60)w3612 3:t3@(29,59)w0 4:t3@(30,59)w0 5:t3@(30,60)w0 6:t3@(29,60)w0 7:t4@(30,57)w0 8:t4@(30,56)w0 9:t4@(30,55)w0 10:t6@(28,58)w0
[dbg] ar=51598 am=6 aA=6 aH=0 l=false j=false fullRedraw=false
[fifo] ar=51617 retask 0 43 58
[devMouse] retask slot0 (41,59)w13 -> (43,58)
[dbg] ar=51623 am=6 aA=6 aH=0 l=false j=false fullRedraw=false
[fifo] ar=51626 save /tmp/aoe-camp/m1/t.aoesave
[save] wrote /tmp/aoe-camp/m1/t.aoesave (12294B) ar=51627
[dbg] ar=51648 am=6 aA=6 aH=0 l=false j=false fullRedraw=false
[fifo] ar=51672 slots 0
[slots] p0 n=11 0:t0@(42,58)w4012 1:t0@(40,59)w13 2:t0@(42,60)w13 3:t3@(29,59)w0 4:t3@(30,59)w0 5:t3@(30,60)w0 6:t3@(29,60)w0 7:t4@(30,57)w0 8:t4@(30,56)w0 9:t4@(30,55)w0 10:t6@(28,58)w0
[dbg] ar=51673 am=6 aA=6 aH=0 l=false j=false fullRedraw=false
[fifo] ar=51697 retask 1 43 59
[devMouse] retask slot1 (42,60)w13 -> (43,59)
[dbg] ar=51698 am=6 aA=6 aH=0 l=false j=false fullRedraw=false
[fifo] ar=51706 retask 2 43 60
[devMouse] retask slot2 (42,59)w13 -> (43,60)
[fifo] ar=51713 save /tmp/aoe-camp/m1/t.aoesave
[save] wrote /tmp/aoe-camp/m1/t.aoesave (12294B) ar=51714
[dbg] ar=51723 am=6 aA=6 aH=0 l=false j=false fullRedraw=false
[dbg] ar=51748 am=6 aA=6 aH=0 l=false j=false fullRedraw=false
[fifo] ar=51754 slots 0
[slots] p0 n=11 0:t0@(40,59)w13 1:t0@(42,60)w3612 2:t0@(42,59)w3b12 3:t3@(29,59)w0 4:t3@(30,59)w0 5:t3@(30,60)w0 6:t3@(29,60)w0 7:t4@(30,57)w0 8:t4@(30,56)w0 9:t4@(30,55)w0 10:t6@(28,58)w0
[dbg] ar=51773 am=6 aA=6 aH=0 l=false j=false fullRedraw=false
[fifo] ar=51779 retask 0 43 58
[devMouse] retask slot0 (41,58)w13 -> (43,58)
[fifo] ar=51787 save /tmp/aoe-camp/m1/t.aoesave
[save] wrote /tmp/aoe-camp/m1/t.aoesave (12294B) ar=51788
[dbg] ar=51798 am=6 aA=6 aH=0 l=false j=false fullRedraw=false
[dbg] ar=51823 am=6 aA=6 aH=0 l=false j=false fullRedraw=false
[fifo] ar=51833 slots 0
[slots] p0 n=11 0:t0@(42,58)w3c12 1:t0@(42,60)w13 2:t0@(40,59)w13 3:t3@(29,59)w0 4:t3@(30,59)w0 5:t3@(30,60)w0 6:t3@(29,60)w0 7:t4@(30,57)w0 8:t4@(30,56)w0 9:t4@(30,55)w0 10:t6@(28,58)w0
[dbg] ar=51848 am=6 aA=6 aH=0 l=false j=false fullRedraw=false
[fifo] ar=51858 retask 1 43 59
[devMouse] retask slot1 (41,59)w13 -> (43,59)
[fifo] ar=51866 retask 2 43 60
[devMouse] retask slot2 (42,60)w13 -> (43,60)
[dbg] ar=51873 am=6 aA=6 aH=0 l=false j=false fullRedraw=false
[fifo] ar=51874 save /tmp/aoe-camp/m1/t.aoesave
[save] wrote /tmp/aoe-camp/m1/t.aoesave (12294B) ar=51875
[dbg] ar=51898 am=6 aA=6 aH=0 l=false j=false fullRedraw=false
[fifo] ar=51922 state
[devMouse] aA=6/6 cursor=(31,58) cam=(-523,628) Q=3743 aE=512 Y=0 sel=6
[devMouse] p0 unit 0 tile=(40,58) type=0 sel=true
[devMouse] p0 unit 1 tile=(42,59) type=0 sel=true
[devMouse] p0 unit 2 tile=(42,60) type=0 sel=true
[devMouse] p0 unit 3 tile=(29,59) type=3 sel=true
[devMouse] p0 unit 4 tile=(30,59) type=3 sel=true
[devMouse] p0 unit 5 tile=(30,60) type=3 sel=true
[devMouse] p0 unit 6 tile=(29,60) type=3 sel=true
[devMouse] p0 unit 7 tile=(30,57) type=4 sel=true
[devMouse] p0 unit 8 tile=(30,56) type=4 sel=true
[devMouse] p0 unit 9 tile=(30,55) type=4 sel=true
[devMouse] p0 unit 10 tile=(28,58) type=6 sel=true
[devMouse] p1 unit 0 tile=(48,48) type=3 sel=false
[devMouse] p1 unit 1 tile=(40,34) type=3 sel=false
[devMouse] p1 unit 2 tile=(60,55) type=3 sel=false
[devMouse] p1 unit 3 tile=(61,45) type=3 sel=false
[devMouse] p1 unit 4 tile=(49,24) type=3 sel=false
[devMouse] p1 unit 5 tile=(48,25) type=3 sel=false
[devMouse] p1 unit 6 tile=(54,19) type=3 sel=false
[devMouse] p1 unit 7 tile=(36,23) type=4 sel=false
[devMouse] p1 unit 8 tile=(37,22) type=4 sel=false
[devMouse] p1 unit 9 tile=(49,33) type=4 sel=false
[devMouse] p1 unit 10 tile=(32,17) type=3 sel=false
[devMouse] p1 unit 11 tile=(25,21) type=4 sel=false
[devMouse] p1 unit 12 tile=(22,26) type=3 sel=false
[devMouse] p1 unit 13 tile=(23,27) type=3 sel=false
[devMouse] p1 unit 14 tile=(15,47) type=3 sel=false
[devMouse] p1 unit 15 tile=(16,54) type=3 sel=false
[dbg] ar=51923 am=6 aA=6 aH=0 l=false j=false fullRedraw=false
[dbg] ar=51948 am=6 aA=6 aH=0 l=false j=false fullRedraw=false
[dbg] ar=51973 am=6 aA=6 aH=0 l=false j=false fullRedraw=false
[fifo] ar=51975 slots 0
[slots] p0 n=11 0:t0@(40,58)w13 1:t0@(42,60)w13 2:t0@(41,59)w13 3:t3@(29,59)w0 4:t3@(30,59)w0 5:t3@(30,60)w0 6:t3@(29,60)w0 7:t4@(30,57)w0 8:t4@(30,56)w0 9:t4@(30,55)w0 10:t6@(28,58)w0
[dbg] ar=51998 am=6 aA=6 aH=0 l=false j=false fullRedraw=false
[fifo] ar=51999 retask 0 43 58
[devMouse] retask slot0 (42,58)w13 -> (43,58)
[fifo] ar=52008 retask 1 43 59
[devMouse] retask slot1 (41,59)w13 -> (43,59)
[fifo] ar=52016 retask 2 43 60
[devMouse] retask slot2 (40,59)w13 -> (43,60)
[fifo] ar=52023 save /tmp/aoe-camp/m1/t.aoesave
[dbg] ar=52023 am=6 aA=6 aH=0 l=false j=false fullRedraw=false
[save] wrote /tmp/aoe-camp/m1/t.aoesave (12294B) ar=52024
[dbg] ar=52048 am=6 aA=6 aH=0 l=false j=false fullRedraw=false
[fifo] ar=52070 slots 0
[slots] p0 n=11 0:t0@(42,58)w2312 1:t0@(42,59)w3512 2:t0@(42,60)w4312 3:t3@(29,59)w0 4:t3@(30,59)w0 5:t3@(30,60)w0 6:t3@(29,60)w0 7:t4@(30,57)w0 8:t4@(30,56)w0 9:t4@(30,55)w0 10:t6@(28,58)w0
[dbg] ar=52073 am=6 aA=6 aH=0 l=false j=false fullRedraw=false
[fifo] ar=52094 save /tmp/aoe-camp/m1/t.aoesave
[save] wrote /tmp/aoe-camp/m1/t.aoesave (12294B) ar=52095
[dbg] ar=52098 am=6 aA=6 aH=0 l=false j=false fullRedraw=false
[dbg] ar=52123 am=6 aA=6 aH=0 l=false j=false fullRedraw=false
[fifo] ar=52141 slots 0
[slots] p0 n=11 0:t0@(41,59)w13 1:t0@(40,59)w13 2:t0@(42,59)w13 3:t3@(29,59)w0 4:t3@(30,59)w0 5:t3@(30,60)w0 6:t3@(29,60)w0 7:t4@(30,57)w0 8:t4@(30,56)w0 9:t4@(30,55)w0 10:t6@(28,58)w0
[dbg] ar=52148 am=6 aA=6 aH=0 l=false j=false fullRedraw=false
[fifo] ar=52166 retask 0 43 58
[devMouse] retask slot0 (42,60)w13 -> (43,58)
[dbg] ar=52173 am=6 aA=6 aH=0 l=false j=false fullRedraw=false
[fifo] ar=52174 retask 1 43 59
[devMouse] retask slot1 (42,60)w13 -> (43,59)
[fifo] ar=52182 retask 2 43 60
[devMouse] retask slot2 (42,58)w13 -> (43,60)
[fifo] ar=52190 save /tmp/aoe-camp/m1/t.aoesave
[save] wrote /tmp/aoe-camp/m1/t.aoesave (12294B) ar=52191
[dbg] ar=52198 am=6 aA=6 aH=0 l=false j=false fullRedraw=false
[dbg] ar=52223 am=6 aA=6 aH=0 l=false j=false fullRedraw=false
[fifo] ar=52237 slots 0
[slots] p0 n=11 0:t0@(42,58)w4512 1:t0@(42,60)w2a12 2:t0@(42,59)w4a12 3:t3@(29,59)w0 4:t3@(30,59)w0 5:t3@(30,60)w0 6:t3@(29,60)w0 7:t4@(30,57)w0 8:t4@(30,56)w0 9:t4@(30,55)w0 10:t6@(28,58)w0
[dbg] ar=52248 am=6 aA=6 aH=0 l=false j=false fullRedraw=false
[fifo] ar=52262 save /tmp/aoe-camp/m1/t.aoesave
[save] wrote /tmp/aoe-camp/m1/t.aoesave (12294B) ar=52263
[dbg] ar=52273 am=6 aA=6 aH=0 l=false j=false fullRedraw=false
[dbg] ar=52298 am=6 aA=6 aH=0 l=false j=false fullRedraw=false
[fifo] ar=52308 slots 0
[slots] p0 n=11 0:t0@(41,59)w13 1:t0@(39,59)w13 2:t0@(42,59)w312 3:t3@(29,59)w0 4:t3@(30,59)w0 5:t3@(30,60)w0 6:t3@(29,60)w0 7:t4@(30,57)w0 8:t4@(30,56)w0 9:t4@(30,55)w0 10:t6@(28,58)w0
[dbg] ar=52323 am=6 aA=6 aH=0 l=false j=false fullRedraw=false
[fifo] ar=52333 retask 0 43 58
[devMouse] retask slot0 (42,60)w13 -> (43,58)
[fifo] ar=52341 retask 1 43 59
[devMouse] retask slot1 (42,59)w13 -> (43,59)
[fifo] ar=52348 save /tmp/aoe-camp/m1/t.aoesave
[dbg] ar=52348 am=6 aA=6 aH=0 l=false j=false fullRedraw=false
[save] wrote /tmp/aoe-camp/m1/t.aoesave (12294B) ar=52349
[dbg] ar=52373 am=6 aA=6 aH=0 l=false j=false fullRedraw=false
[fifo] ar=52393 state
[devMouse] aA=6/6 cursor=(31,58) cam=(-523,628) Q=3743 aE=512 Y=0 sel=6
[devMouse] p0 unit 0 tile=(42,58) type=0 sel=true
[devMouse] p0 unit 1 tile=(42,59) type=0 sel=true
[devMouse] p0 unit 2 tile=(41,60) type=0 sel=true
[devMouse] p0 unit 3 tile=(29,59) type=3 sel=true
[devMouse] p0 unit 4 tile=(30,59) type=3 sel=true
[devMouse] p0 unit 5 tile=(30,60) type=3 sel=true
[devMouse] p0 unit 6 tile=(29,60) type=3 sel=true
[devMouse] p0 unit 7 tile=(30,57) type=4 sel=true
[devMouse] p0 unit 8 tile=(30,56) type=4 sel=true
[devMouse] p0 unit 9 tile=(30,55) type=4 sel=true
[devMouse] p0 unit 10 tile=(28,58) type=6 sel=true
[devMouse] p1 unit 0 tile=(48,48) type=3 sel=false
[devMouse] p1 unit 1 tile=(40,34) type=3 sel=false
[devMouse] p1 unit 2 tile=(60,55) type=3 sel=false
[devMouse] p1 unit 3 tile=(61,45) type=3 sel=false
[devMouse] p1 unit 4 tile=(49,24) type=3 sel=false
[devMouse] p1 unit 5 tile=(48,25) type=3 sel=false
[devMouse] p1 unit 6 tile=(54,19) type=3 sel=false
[devMouse] p1 unit 7 tile=(36,23) type=4 sel=false
[devMouse] p1 unit 8 tile=(37,22) type=4 sel=false
[devMouse] p1 unit 9 tile=(49,33) type=4 sel=false
[devMouse] p1 unit 10 tile=(32,17) type=3 sel=false
[devMouse] p1 unit 11 tile=(25,21) type=4 sel=false
[devMouse] p1 unit 12 tile=(22,26) type=3 sel=false
[devMouse] p1 unit 13 tile=(23,27) type=3 sel=false
[devMouse] p1 unit 14 tile=(15,47) type=3 sel=false
[devMouse] p1 unit 15 tile=(16,54) type=3 sel=false
[dbg] ar=52398 am=6 aA=6 aH=0 l=false j=false fullRedraw=false
[dbg] ar=52423 am=6 aA=6 aH=0 l=false j=false fullRedraw=false
[fifo] ar=52447 slots 0
[slots] p0 n=11 0:t0@(42,58)w1912 1:t0@(42,60)w13 2:t0@(41,59)w13 3:t3@(29,59)w0 4:t3@(30,59)w0 5:t3@(30,60)w0 6:t3@(29,60)w0 7:t4@(30,57)w0 8:t4@(30,56)w0 9:t4@(30,55)w0 10:t6@(28,58)w0
[dbg] ar=52448 am=6 aA=6 aH=0 l=false j=false fullRedraw=false
[fifo] ar=52472 retask 1 43 59
[devMouse] retask slot1 (40,59)w13 -> (43,59)
[dbg] ar=52473 am=6 aA=6 aH=0 l=false j=false fullRedraw=false
[fifo] ar=52480 retask 2 43 60
[devMouse] retask slot2 (41,60)w13 -> (43,60)
[fifo] ar=52487 save /tmp/aoe-camp/m1/t.aoesave
[save] wrote /tmp/aoe-camp/m1/t.aoesave (12294B) ar=52488
[dbg] ar=52498 am=6 aA=6 aH=0 l=false j=false fullRedraw=false
[dbg] ar=52523 am=6 aA=6 aH=0 l=false j=false fullRedraw=false
[fifo] ar=52534 slots 0
[slots] p0 n=11 0:t0@(40,58)w13 1:t0@(42,59)w3b12 2:t0@(42,60)w3c12 3:t3@(29,59)w0 4:t3@(30,59)w0 5:t3@(30,60)w0 6:t3@(29,60)w0 7:t4@(30,57)w0 8:t4@(30,56)w0 9:t4@(30,55)w0 10:t6@(28,58)w0
[dbg] ar=52548 am=6 aA=6 aH=0 l=false j=false fullRedraw=false
[fifo] ar=52558 retask 0 43 58
[devMouse] retask slot0 (41,59)w13 -> (43,58)
[fifo] ar=52566 save /tmp/aoe-camp/m1/t.aoesave
[save] wrote /tmp/aoe-camp/m1/t.aoesave (12294B) ar=52567
[dbg] ar=52573 am=6 aA=6 aH=0 l=false j=false fullRedraw=false
[dbg] ar=52598 am=6 aA=6 aH=0 l=false j=false fullRedraw=false
[fifo] ar=52611 slots 0
[slots] p0 n=11 0:t0@(42,58)w3f12 1:t0@(42,60)w13 2:t0@(41,58)w13 3:t3@(29,59)w0 4:t3@(30,59)w0 5:t3@(30,60)w0 6:t3@(29,60)w0 7:t4@(30,57)w0 8:t4@(30,56)w0 9:t4@(30,55)w0 10:t6@(28,58)w0
[dbg] ar=52623 am=6 aA=6 aH=0 l=false j=false fullRedraw=false
[fifo] ar=52634 retask 1 43 59
[devMouse] retask slot1 (40,58)w13 -> (43,59)
[fifo] ar=52642 retask 2 43 60
[devMouse] retask slot2 (41,59)w13 -> (43,60)
[dbg] ar=52648 am=6 aA=6 aH=0 l=false j=false fullRedraw=false
[fifo] ar=52650 save /tmp/aoe-camp/m1/t.aoesave
[save] wrote /tmp/aoe-camp/m1/t.aoesave (12294B) ar=52651
[dbg] ar=52673 am=6 aA=6 aH=0 l=false j=false fullRedraw=false
[fifo] ar=52695 slots 0
[slots] p0 n=11 0:t0@(39,58)w13 1:t0@(42,59)w4012 2:t0@(42,60)w4112 3:t3@(29,59)w0 4:t3@(30,59)w0 5:t3@(30,60)w0 6:t3@(29,60)w0 7:t4@(30,57)w0 8:t4@(30,56)w0 9:t4@(30,55)w0 10:t6@(28,58)w0
[dbg] ar=52698 am=6 aA=6 aH=0 l=false j=false fullRedraw=false
[fifo] ar=52718 retask 0 43 58
[devMouse] retask slot0 (41,58)w13 -> (43,58)
[dbg] ar=52723 am=6 aA=6 aH=0 l=false j=false fullRedraw=false
[fifo] ar=52726 save /tmp/aoe-camp/m1/t.aoesave
[save] wrote /tmp/aoe-camp/m1/t.aoesave (12294B) ar=52727
[dbg] ar=52748 am=6 aA=6 aH=0 l=false j=false fullRedraw=false
[fifo] ar=52773 slots 0
[slots] p0 n=11 0:t0@(42,58)w3a12 1:t0@(42,60)w13 2:t0@(41,58)w13 3:t3@(29,59)w0 4:t3@(30,59)w0 5:t3@(30,60)w0 6:t3@(29,60)w0 7:t4@(30,57)w0 8:t4@(30,56)w0 9:t4@(30,55)w0 10:t6@(28,58)w0
[dbg] ar=52773 am=6 aA=6 aH=0 l=false j=false fullRedraw=false
[fifo] ar=52798 retask 1 43 59
[devMouse] retask slot1 (40,58)w13 -> (43,59)
[dbg] ar=52798 am=6 aA=6 aH=0 l=false j=false fullRedraw=false
[fifo] ar=52805 retask 2 43 60
[devMouse] retask slot2 (40,59)w13 -> (43,60)
[fifo] ar=52814 save /tmp/aoe-camp/m1/t.aoesave
[save] wrote /tmp/aoe-camp/m1/t.aoesave (12294B) ar=52815
[dbg] ar=52823 am=6 aA=6 aH=0 l=false j=false fullRedraw=false
[dbg] ar=52848 am=6 aA=6 aH=0 l=false j=false fullRedraw=false
[fifo] ar=52861 state
[devMouse] aA=6/6 cursor=(31,58) cam=(-523,628) Q=3743 aE=512 Y=0 sel=6
[devMouse] p0 unit 0 tile=(40,58) type=0 sel=true
[devMouse] p0 unit 1 tile=(42,59) type=0 sel=true
[devMouse] p0 unit 2 tile=(42,60) type=0 sel=true
[devMouse] p0 unit 3 tile=(29,59) type=3 sel=true
[devMouse] p0 unit 4 tile=(30,59) type=3 sel=true
[devMouse] p0 unit 5 tile=(30,60) type=3 sel=true
[devMouse] p0 unit 6 tile=(29,60) type=3 sel=true
[devMouse] p0 unit 7 tile=(30,57) type=4 sel=true
[devMouse] p0 unit 8 tile=(30,56) type=4 sel=true
[devMouse] p0 unit 9 tile=(30,55) type=4 sel=true
[devMouse] p0 unit 10 tile=(28,58) type=6 sel=true
[devMouse] p1 unit 0 tile=(48,48) type=3 sel=false
[devMouse] p1 unit 1 tile=(40,34) type=3 sel=false
[devMouse] p1 unit 2 tile=(60,55) type=3 sel=false
[devMouse] p1 unit 3 tile=(61,45) type=3 sel=false
[devMouse] p1 unit 4 tile=(49,24) type=3 sel=false
[devMouse] p1 unit 5 tile=(48,25) type=3 sel=false
[devMouse] p1 unit 6 tile=(54,19) type=3 sel=false
[devMouse] p1 unit 7 tile=(36,23) type=4 sel=false
[devMouse] p1 unit 8 tile=(37,22) type=4 sel=false
[devMouse] p1 unit 9 tile=(49,33) type=4 sel=false
[devMouse] p1 unit 10 tile=(32,17) type=3 sel=false
[devMouse] p1 unit 11 tile=(25,21) type=4 sel=false
[devMouse] p1 unit 12 tile=(22,26) type=3 sel=false
[devMouse] p1 unit 13 tile=(23,27) type=3 sel=false
[devMouse] p1 unit 14 tile=(15,47) type=3 sel=false
[devMouse] p1 unit 15 tile=(16,54) type=3 sel=false
[dbg] ar=52873 am=6 aA=6 aH=0 l=false j=false fullRedraw=false
[dbg] ar=52898 am=6 aA=6 aH=0 l=false j=false fullRedraw=false
[fifo] ar=52914 slots 0
[slots] p0 n=11 0:t0@(40,58)w13 1:t0@(42,59)wb12 2:t0@(42,60)wc12 3:t3@(29,59)w0 4:t3@(30,59)w0 5:t3@(30,60)w0 6:t3@(29,60)w0 7:t4@(30,57)w0 8:t4@(30,56)w0 9:t4@(30,55)w0 10:t6@(28,58)w0
[dbg] ar=52923 am=6 aA=6 aH=0 l=false j=false fullRedraw=false
[fifo] ar=52940 retask 0 43 58
[devMouse] retask slot0 (42,59)w13 -> (43,58)
[fifo] ar=52948 save /tmp/aoe-camp/m1/t.aoesave
[dbg] ar=52948 am=6 aA=6 aH=0 l=false j=false fullRedraw=false
[save] wrote /tmp/aoe-camp/m1/t.aoesave (12294B) ar=52949
[dbg] ar=52973 am=6 aA=6 aH=0 l=false j=false fullRedraw=false
[fifo] ar=52994 slots 0
[slots] p0 n=11 0:t0@(42,59)w3912 1:t0@(40,60)w13 2:t0@(40,58)w13 3:t3@(29,59)w0 4:t3@(30,59)w0 5:t3@(30,60)w0 6:t3@(29,60)w0 7:t4@(30,57)w0 8:t4@(30,56)w0 9:t4@(30,55)w0 10:t6@(28,58)w0
[dbg] ar=52998 am=6 aA=6 aH=0 l=false j=false fullRedraw=false
[fifo] ar=53018 retask 1 43 59
[devMouse] retask slot1 (41,59)w13 -> (43,59)
[dbg] ar=53023 am=6 aA=6 aH=0 l=false j=false fullRedraw=false
[fifo] ar=53027 retask 2 43 60
[devMouse] retask slot2 (41,59)w13 -> (43,60)
[fifo] ar=53035 save /tmp/aoe-camp/m1/t.aoesave
[save] wrote /tmp/aoe-camp/m1/t.aoesave (12294B) ar=53036
[dbg] ar=53048 am=6 aA=6 aH=0 l=false j=false fullRedraw=false
[dbg] ar=53073 am=6 aA=6 aH=0 l=false j=false fullRedraw=false
[fifo] ar=53082 slots 0
[slots] p0 n=11 0:t0@(40,59)w13 1:t0@(42,58)w3f12 2:t0@(42,60)w3f12 3:t3@(29,59)w0 4:t3@(30,59)w0 5:t3@(30,60)w0 6:t3@(29,60)w0 7:t4@(30,57)w0 8:t4@(30,56)w0 9:t4@(30,55)w0 10:t6@(28,58)w0
[dbg] ar=53098 am=6 aA=6 aH=0 l=false j=false fullRedraw=false
[fifo] ar=53107 retask 0 43 58
[devMouse] retask slot0 (41,60)w13 -> (43,58)
[fifo] ar=53115 save /tmp/aoe-camp/m1/t.aoesave
[save] wrote /tmp/aoe-camp/m1/t.aoesave (12294B) ar=53116
[dbg] ar=53123 am=6 aA=6 aH=0 l=false j=false fullRedraw=false
[dbg] ar=53148 am=6 aA=6 aH=0 l=false j=false fullRedraw=false
[fifo] ar=53160 slots 0
[slots] p0 n=11 0:t0@(42,59)w4212 1:t0@(40,59)w13 2:t0@(41,59)w13 3:t3@(29,59)w0 4:t3@(30,59)w0 5:t3@(30,60)w0 6:t3@(29,60)w0 7:t4@(30,57)w0 8:t4@(30,56)w0 9:t4@(30,55)w0 10:t6@(28,58)w0
[dbg] ar=53173 am=6 aA=6 aH=0 l=false j=false fullRedraw=false
[fifo] ar=53184 retask 1 43 59
[devMouse] retask slot1 (41,59)w13 -> (43,59)
[fifo] ar=53192 retask 2 43 60
[devMouse] retask slot2 (41,59)w13 -> (43,60)
[dbg] ar=53198 am=6 aA=6 aH=0 l=false j=false fullRedraw=false
[fifo] ar=53200 save /tmp/aoe-camp/m1/t.aoesave
[save] wrote /tmp/aoe-camp/m1/t.aoesave (12294B) ar=53201
[dbg] ar=53223 am=6 aA=6 aH=0 l=false j=false fullRedraw=false
[fifo] ar=53246 slots 0
[slots] p0 n=11 0:t0@(43,58)w13 1:t0@(42,59)w6512 2:t0@(42,60)w4112 3:t3@(29,59)w0 4:t3@(30,59)w0 5:t3@(30,60)w0 6:t3@(29,60)w0 7:t4@(30,57)w0 8:t4@(30,56)w0 9:t4@(30,55)w0 10:t6@(28,58)w0
[dbg] ar=53248 am=6 aA=6 aH=0 l=false j=false fullRedraw=false
[fifo] ar=53271 retask 0 43 58
[devMouse] retask slot0 (43,58)w13 -> (43,58)
[dbg] ar=53273 am=6 aA=6 aH=0 l=false j=false fullRedraw=false
[fifo] ar=53279 save /tmp/aoe-camp/m1/t.aoesave
[save] wrote /tmp/aoe-camp/m1/t.aoesave (12294B) ar=53280
[dbg] ar=53298 am=6 aA=6 aH=0 l=false j=false fullRedraw=false
[dbg] ar=53323 am=6 aA=6 aH=0 l=false j=false fullRedraw=false
[fifo] ar=53327 state
[devMouse] aA=6/6 cursor=(31,58) cam=(-523,628) Q=3743 aE=512 Y=0 sel=6
[devMouse] p0 unit 0 tile=(43,58) type=0 sel=true
[devMouse] p0 unit 1 tile=(42,59) type=0 sel=true
[devMouse] p0 unit 2 tile=(41,58) type=0 sel=true
[devMouse] p0 unit 3 tile=(29,59) type=3 sel=true
[devMouse] p0 unit 4 tile=(30,59) type=3 sel=true
[devMouse] p0 unit 5 tile=(30,60) type=3 sel=true
[devMouse] p0 unit 6 tile=(29,60) type=3 sel=true
[devMouse] p0 unit 7 tile=(30,57) type=4 sel=true
[devMouse] p0 unit 8 tile=(30,56) type=4 sel=true
[devMouse] p0 unit 9 tile=(30,55) type=4 sel=true
[devMouse] p0 unit 10 tile=(28,58) type=6 sel=true
[devMouse] p1 unit 0 tile=(48,48) type=3 sel=false
[devMouse] p1 unit 1 tile=(40,34) type=3 sel=false
[devMouse] p1 unit 2 tile=(60,55) type=3 sel=false
[devMouse] p1 unit 3 tile=(61,45) type=3 sel=false
[devMouse] p1 unit 4 tile=(49,24) type=3 sel=false
[devMouse] p1 unit 5 tile=(48,25) type=3 sel=false
[devMouse] p1 unit 6 tile=(54,19) type=3 sel=false
[devMouse] p1 unit 7 tile=(36,23) type=4 sel=false
[devMouse] p1 unit 8 tile=(37,22) type=4 sel=false
[devMouse] p1 unit 9 tile=(49,33) type=4 sel=false
[devMouse] p1 unit 10 tile=(32,17) type=3 sel=false
[devMouse] p1 unit 11 tile=(25,21) type=4 sel=false
[devMouse] p1 unit 12 tile=(22,26) type=3 sel=false
[devMouse] p1 unit 13 tile=(23,27) type=3 sel=false
[devMouse] p1 unit 14 tile=(15,47) type=3 sel=false
[devMouse] p1 unit 15 tile=(16,54) type=3 sel=false
[dbg] ar=53348 am=6 aA=6 aH=0 l=false j=false fullRedraw=false
[dbg] ar=53373 am=6 aA=6 aH=0 l=false j=false fullRedraw=false
[fifo] ar=53380 slots 0
[slots] p0 n=11 0:t0@(43,58)w0 1:t0@(41,59)w13 2:t0@(40,59)w13 3:t3@(29,59)w0 4:t3@(30,59)w0 5:t3@(30,60)w0 6:t3@(29,60)w0 7:t4@(30,57)w0 8:t4@(30,56)w0 9:t4@(30,55)w0 10:t6@(28,58)w0
[dbg] ar=53398 am=6 aA=6 aH=0 l=false j=false fullRedraw=false
[fifo] ar=53404 retask 0 43 58
[devMouse] retask slot0 (43,58)w0 -> (43,58)
[fifo] ar=53412 retask 1 43 59
[devMouse] retask slot1 (40,59)w13 -> (43,59)
[fifo] ar=53420 retask 2 43 60
[devMouse] retask slot2 (40,59)w13 -> (43,60)
[dbg] ar=53423 am=6 aA=6 aH=0 l=false j=false fullRedraw=false
[fifo] ar=53428 save /tmp/aoe-camp/m1/t.aoesave
[save] wrote /tmp/aoe-camp/m1/t.aoesave (12294B) ar=53429
[dbg] ar=53448 am=6 aA=6 aH=0 l=false j=false fullRedraw=false
[fifo] ar=53473 slots 0
[slots] p0 n=11 0:t0@(43,58)w0 1:t0@(42,59)w4312 2:t0@(42,60)w4c12 3:t3@(29,59)w0 4:t3@(30,59)w0 5:t3@(30,60)w0 6:t3@(29,60)w0 7:t4@(30,57)w0 8:t4@(30,56)w0 9:t4@(30,55)w0 10:t6@(28,58)w0
[dbg] ar=53473 am=6 aA=6 aH=0 l=false j=false fullRedraw=false
[fifo] ar=53497 retask 0 44 58
[devMouse] retask slot0 (43,58)w0 -> (44,58)
[dbg] ar=53498 am=6 aA=6 aH=0 l=false j=false fullRedraw=false
[fifo] ar=53505 save /tmp/aoe-camp/m1/t.aoesave
[save] wrote /tmp/aoe-camp/m1/t.aoesave (12294B) ar=53506
[dbg] ar=53523 am=6 aA=6 aH=0 l=false j=false fullRedraw=false
[dbg] ar=53548 am=6 aA=6 aH=0 l=false j=false fullRedraw=false
[fifo] ar=53551 slots 0
[slots] p0 n=11 0:t0@(43,58)w3112 1:t0@(42,58)w13 2:t0@(43,59)w13 3:t3@(29,59)w0 4:t3@(30,59)w0 5:t3@(30,60)w0 6:t3@(29,60)w0 7:t4@(30,57)w0 8:t4@(30,56)w0 9:t4@(30,55)w0 10:t6@(28,58)w0
[dbg] ar=53573 am=6 aA=6 aH=0 l=false j=false fullRedraw=false
[fifo] ar=53575 retask 1 43 59
[devMouse] retask slot1 (40,59)w13 -> (43,59)
[fifo] ar=53583 retask 2 43 60
[devMouse] retask slot2 (40,59)w13 -> (43,60)
[fifo] ar=53591 save /tmp/aoe-camp/m1/t.aoesave
[save] wrote /tmp/aoe-camp/m1/t.aoesave (12294B) ar=53592
[dbg] ar=53598 am=6 aA=6 aH=0 l=false j=false fullRedraw=false
[dbg] ar=53623 am=6 aA=6 aH=0 l=false j=false fullRedraw=false
[fifo] ar=53636 slots 0
[slots] p0 n=11 0:t0@(41,58)w13 1:t0@(43,59)w0 2:t0@(42,60)w4612 3:t3@(29,59)w0 4:t3@(30,59)w0 5:t3@(30,60)w0 6:t3@(29,60)w0 7:t4@(30,57)w0 8:t4@(30,56)w0 9:t4@(30,55)w0 10:t6@(28,58)w0
[dbg] ar=53648 am=6 aA=6 aH=0 l=false j=false fullRedraw=false
[fifo] ar=53661 retask 0 44 58
[devMouse] retask slot0 (42,59)w13 -> (44,58)
[fifo] ar=53669 retask 1 43 59
[devMouse] retask slot1 (43,59)w0 -> (43,59)
[dbg] ar=53673 am=6 aA=6 aH=0 l=false j=false fullRedraw=false
[fifo] ar=53676 save /tmp/aoe-camp/m1/t.aoesave
[save] wrote /tmp/aoe-camp/m1/t.aoesave (12294B) ar=53677
[dbg] ar=53698 am=6 aA=6 aH=0 l=false j=false fullRedraw=false
[fifo] ar=53722 slots 0
[slots] p0 n=11 0:t0@(43,58)w3512 1:t0@(43,59)w0 2:t0@(41,58)w13 3:t3@(29,59)w0 4:t3@(30,59)w0 5:t3@(30,60)w0 6:t3@(29,60)w0 7:t4@(30,57)w0 8:t4@(30,56)w0 9:t4@(30,55)w0 10:t6@(28,58)w0
[dbg] ar=53723 am=6 aA=6 aH=0 l=false j=false fullRedraw=false
[fifo] ar=53747 retask 1 43 59
[devMouse] retask slot1 (43,59)w0 -> (43,59)
[dbg] ar=53748 am=6 aA=6 aH=0 l=false j=false fullRedraw=false
[fifo] ar=53754 retask 2 43 60
[devMouse] retask slot2 (42,60)w13 -> (43,60)
[fifo] ar=53762 save /tmp/aoe-camp/m1/t.aoesave
[save] wrote /tmp/aoe-camp/m1/t.aoesave (12294B) ar=53763
[dbg] ar=53773 am=6 aA=6 aH=0 l=false j=false fullRedraw=false
[dbg] ar=53798 am=6 aA=6 aH=0 l=false j=false fullRedraw=false
[fifo] ar=53807 state
[devMouse] aA=6/6 cursor=(31,58) cam=(-523,628) Q=3743 aE=512 Y=0 sel=6
[devMouse] p0 unit 0 tile=(41,58) type=0 sel=true
[devMouse] p0 unit 1 tile=(43,59) type=0 sel=true
[devMouse] p0 unit 2 tile=(42,60) type=0 sel=true
[devMouse] p0 unit 3 tile=(29,59) type=3 sel=true
[devMouse] p0 unit 4 tile=(30,59) type=3 sel=true
[devMouse] p0 unit 5 tile=(30,60) type=3 sel=true
[devMouse] p0 unit 6 tile=(29,60) type=3 sel=true
[devMouse] p0 unit 7 tile=(30,57) type=4 sel=true
[devMouse] p0 unit 8 tile=(30,56) type=4 sel=true
[devMouse] p0 unit 9 tile=(30,55) type=4 sel=true
[devMouse] p0 unit 10 tile=(28,58) type=6 sel=true
[devMouse] p1 unit 0 tile=(48,48) type=3 sel=false
[devMouse] p1 unit 1 tile=(40,34) type=3 sel=false
[devMouse] p1 unit 2 tile=(60,55) type=3 sel=false
[devMouse] p1 unit 3 tile=(61,45) type=3 sel=false
[devMouse] p1 unit 4 tile=(49,24) type=3 sel=false
[devMouse] p1 unit 5 tile=(48,25) type=3 sel=false
[devMouse] p1 unit 6 tile=(54,19) type=3 sel=false
[devMouse] p1 unit 7 tile=(36,23) type=4 sel=false
[devMouse] p1 unit 8 tile=(37,22) type=4 sel=false
[devMouse] p1 unit 9 tile=(49,33) type=4 sel=false
[devMouse] p1 unit 10 tile=(32,17) type=3 sel=false
[devMouse] p1 unit 11 tile=(25,21) type=4 sel=false
[devMouse] p1 unit 12 tile=(22,26) type=3 sel=false
[devMouse] p1 unit 13 tile=(23,27) type=3 sel=false
[devMouse] p1 unit 14 tile=(15,47) type=3 sel=false
[devMouse] p1 unit 15 tile=(16,54) type=3 sel=false
[dbg] ar=53823 am=6 aA=6 aH=0 l=false j=false fullRedraw=false
[dbg] ar=53848 am=6 aA=6 aH=0 l=false j=false fullRedraw=false
[fifo] ar=53861 slots 0
[slots] p0 n=11 0:t0@(41,58)w13 1:t0@(43,59)w0 2:t0@(42,60)w312 3:t3@(29,59)w0 4:t3@(30,59)w0 5:t3@(30,60)w0 6:t3@(29,60)w0 7:t4@(30,57)w0 8:t4@(30,56)w0 9:t4@(30,55)w0 10:t6@(28,58)w0
[dbg] ar=53873 am=6 aA=6 aH=0 l=false j=false fullRedraw=false
[fifo] ar=53886 retask 0 44 58
[devMouse] retask slot0 (41,60)w13 -> (44,58)
[fifo] ar=53894 retask 1 44 59
[devMouse] retask slot1 (43,59)w0 -> (44,59)
[dbg] ar=53898 am=6 aA=6 aH=0 l=false j=false fullRedraw=false
[fifo] ar=53902 save /tmp/aoe-camp/m1/t.aoesave
[save] wrote /tmp/aoe-camp/m1/t.aoesave (12294B) ar=53903
[dbg] ar=53923 am=6 aA=6 aH=0 l=false j=false fullRedraw=false
[fifo] ar=53947 slots 0
[slots] p0 n=11 0:t0@(43,58)w4b12 1:t0@(43,59)w3212 2:t0@(42,59)w13 3:t3@(29,59)w0 4:t3@(30,59)w0 5:t3@(30,60)w0 6:t3@(29,60)w0 7:t4@(30,57)w0 8:t4@(30,56)w0 9:t4@(30,55)w0 10:t6@(28,58)w0
[dbg] ar=53948 am=6 aA=6 aH=0 l=false j=false fullRedraw=false
[fifo] ar=53971 retask 2 43 60
[devMouse] retask slot2 (42,60)w13 -> (43,60)
[dbg] ar=53973 am=6 aA=6 aH=0 l=false j=false fullRedraw=false
[fifo] ar=53979 save /tmp/aoe-camp/m1/t.aoesave
[save] wrote /tmp/aoe-camp/m1/t.aoesave (12294B) ar=53980
[dbg] ar=53998 am=6 aA=6 aH=0 l=false j=false fullRedraw=false
[dbg] ar=54023 am=6 aA=6 aH=0 l=false j=false fullRedraw=false
[fifo] ar=54025 slots 0
[slots] p0 n=11 0:t0@(43,59)w13 1:t0@(41,59)w13 2:t0@(42,60)w3112 3:t3@(29,59)w0 4:t3@(30,59)w0 5:t3@(30,60)w0 6:t3@(29,60)w0 7:t4@(30,57)w0 8:t4@(30,56)w0 9:t4@(30,55)w0 10:t6@(28,58)w0
[dbg] ar=54048 am=6 aA=6 aH=0 l=false j=false fullRedraw=false
[fifo] ar=54050 retask 0 44 58
[devMouse] retask slot0 (42,58)w13 -> (44,58)
[fifo] ar=54057 retask 1 44 59
[devMouse] retask slot1 (43,59)w13 -> (44,59)
[fifo] ar=54066 save /tmp/aoe-camp/m1/t.aoesave
[save] wrote /tmp/aoe-camp/m1/t.aoesave (12294B) ar=54067
[dbg] ar=54073 am=6 aA=6 aH=0 l=false j=false fullRedraw=false
[dbg] ar=54098 am=6 aA=6 aH=0 l=false j=false fullRedraw=false
[fifo] ar=54114 slots 0
[slots] p0 n=11 0:t0@(43,58)w3812 1:t0@(43,59)w3112 2:t0@(41,60)w13 3:t3@(29,59)w0 4:t3@(30,59)w0 5:t3@(30,60)w0 6:t3@(29,60)w0 7:t4@(30,57)w0 8:t4@(30,56)w0 9:t4@(30,55)w0 10:t6@(28,58)w0
[dbg] ar=54123 am=6 aA=6 aH=0 l=false j=false fullRedraw=false
[fifo] ar=54138 retask 2 43 60
[devMouse] retask slot2 (41,58)w13 -> (43,60)
[fifo] ar=54145 save /tmp/aoe-camp/m1/t.aoesave
[save] wrote /tmp/aoe-camp/m1/t.aoesave (12294B) ar=54146
[dbg] ar=54148 am=6 aA=6 aH=0 l=false j=false fullRedraw=false
[dbg] ar=54173 am=6 aA=6 aH=0 l=false j=false fullRedraw=false
[fifo] ar=54192 slots 0
[slots] p0 n=11 0:t0@(41,60)w13 1:t0@(41,59)w13 2:t0@(42,59)w4312 3:t3@(29,59)w0 4:t3@(30,59)w0 5:t3@(30,60)w0 6:t3@(29,60)w0 7:t4@(30,57)w0 8:t4@(30,56)w0 9:t4@(30,55)w0 10:t6@(28,58)w0
[dbg] ar=54198 am=6 aA=6 aH=0 l=false j=false fullRedraw=false
[fifo] ar=54216 retask 0 44 58
[devMouse] retask slot0 (42,60)w13 -> (44,58)
[dbg] ar=54223 am=6 aA=6 aH=0 l=false j=false fullRedraw=false
[fifo] ar=54224 retask 1 44 59
[devMouse] retask slot1 (43,58)w13 -> (44,59)
[fifo] ar=54232 save /tmp/aoe-camp/m1/t.aoesave
[save] wrote /tmp/aoe-camp/m1/t.aoesave (12294B) ar=54233
[dbg] ar=54248 am=6 aA=6 aH=0 l=false j=false fullRedraw=false
[dbg] ar=54273 am=6 aA=6 aH=0 l=false j=false fullRedraw=false
[fifo] ar=54278 state
[devMouse] aA=6/6 cursor=(31,58) cam=(-523,628) Q=3743 aE=512 Y=0 sel=6
[devMouse] p0 unit 0 tile=(43,59) type=0 sel=true
[devMouse] p0 unit 1 tile=(43,58) type=0 sel=true
[devMouse] p0 unit 2 tile=(40,59) type=0 sel=true
[devMouse] p0 unit 3 tile=(29,59) type=3 sel=true
[devMouse] p0 unit 4 tile=(30,59) type=3 sel=true
[devMouse] p0 unit 5 tile=(30,60) type=3 sel=true
[devMouse] p0 unit 6 tile=(29,60) type=3 sel=true
[devMouse] p0 unit 7 tile=(30,57) type=4 sel=true
[devMouse] p0 unit 8 tile=(30,56) type=4 sel=true
[devMouse] p0 unit 9 tile=(30,55) type=4 sel=true
[devMouse] p0 unit 10 tile=(28,58) type=6 sel=true
[devMouse] p1 unit 0 tile=(48,48) type=3 sel=false
[devMouse] p1 unit 1 tile=(40,34) type=3 sel=false
[devMouse] p1 unit 2 tile=(60,55) type=3 sel=false
[devMouse] p1 unit 3 tile=(61,45) type=3 sel=false
[devMouse] p1 unit 4 tile=(49,24) type=3 sel=false
[devMouse] p1 unit 5 tile=(48,25) type=3 sel=false
[devMouse] p1 unit 6 tile=(54,19) type=3 sel=false
[devMouse] p1 unit 7 tile=(36,23) type=4 sel=false
[devMouse] p1 unit 8 tile=(37,22) type=4 sel=false
[devMouse] p1 unit 9 tile=(49,33) type=4 sel=false
[devMouse] p1 unit 10 tile=(32,17) type=3 sel=false
[devMouse] p1 unit 11 tile=(25,21) type=4 sel=false
[devMouse] p1 unit 12 tile=(22,26) type=3 sel=false
[devMouse] p1 unit 13 tile=(23,27) type=3 sel=false
[devMouse] p1 unit 14 tile=(15,47) type=3 sel=false
[devMouse] p1 unit 15 tile=(16,54) type=3 sel=false
[dbg] ar=54298 am=6 aA=6 aH=0 l=false j=false fullRedraw=false
[dbg] ar=54323 am=6 aA=6 aH=0 l=false j=false fullRedraw=false
[fifo] ar=54330 slots 0
[slots] p0 n=11 0:t0@(43,59)w612 1:t0@(42,59)w13 2:t0@(40,59)w13 3:t3@(29,59)w0 4:t3@(30,59)w0 5:t3@(30,60)w0 6:t3@(29,60)w0 7:t4@(30,57)w0 8:t4@(30,56)w0 9:t4@(30,55)w0 10:t6@(28,58)w0
[dbg] ar=54348 am=6 aA=6 aH=0 l=false j=false fullRedraw=false
[fifo] ar=54353 retask 1 44 59
[devMouse] retask slot1 (43,58)w13 -> (44,59)
[fifo] ar=54361 retask 2 43 60
[devMouse] retask slot2 (42,60)w13 -> (43,60)
[fifo] ar=54368 save /tmp/aoe-camp/m1/t.aoesave
[save] wrote /tmp/aoe-camp/m1/t.aoesave (12294B) ar=54369
[dbg] ar=54373 am=6 aA=6 aH=0 l=false j=false fullRedraw=false
[dbg] ar=54398 am=6 aA=6 aH=0 l=false j=false fullRedraw=false
[fifo] ar=54415 slots 0
[slots] p0 n=11 0:t0@(41,59)w13 1:t0@(43,58)w2c12 2:t0@(42,60)w3612 3:t3@(29,59)w0 4:t3@(30,59)w0 5:t3@(30,60)w0 6:t3@(29,60)w0 7:t4@(30,57)w0 8:t4@(30,56)w0 9:t4@(30,55)w0 10:t6@(28,58)w0
[dbg] ar=54423 am=6 aA=6 aH=0 l=false j=false fullRedraw=false
[fifo] ar=54441 retask 0 44 58
[devMouse] retask slot0 (42,58)w13 -> (44,58)
[fifo] ar=54448 save /tmp/aoe-camp/m1/t.aoesave
[dbg] ar=54448 am=6 aA=6 aH=0 l=false j=false fullRedraw=false
[save] wrote /tmp/aoe-camp/m1/t.aoesave (12294B) ar=54449
[dbg] ar=54473 am=6 aA=6 aH=0 l=false j=false fullRedraw=false
[fifo] ar=54496 slots 0
[slots] p0 n=11 0:t0@(43,59)w6112 1:t0@(42,58)w13 2:t0@(42,59)w13 3:t3@(29,59)w0 4:t3@(30,59)w0 5:t3@(30,60)w0 6:t3@(29,60)w0 7:t4@(30,57)w0 8:t4@(30,56)w0 9:t4@(30,55)w0 10:t6@(28,58)w0
[dbg] ar=54498 am=6 aA=6 aH=0 l=false j=false fullRedraw=false
[fifo] ar=54522 retask 1 44 59
[devMouse] retask slot1 (41,59)w13 -> (44,59)
[dbg] ar=54523 am=6 aA=6 aH=0 l=false j=false fullRedraw=false
[fifo] ar=54530 retask 2 43 60
[devMouse] retask slot2 (42,58)w13 -> (43,60)
[fifo] ar=54537 save /tmp/aoe-camp/m1/t.aoesave
[save] wrote /tmp/aoe-camp/m1/t.aoesave (12294B) ar=54538
[dbg] ar=54548 am=6 aA=6 aH=0 l=false j=false fullRedraw=false
[dbg] ar=54573 am=6 aA=6 aH=0 l=false j=false fullRedraw=false
[fifo] ar=54583 slots 0
[slots] p0 n=11 0:t0@(43,59)w912 1:t0@(43,58)w3c12 2:t0@(42,59)w3d12 3:t3@(29,59)w0 4:t3@(30,59)w0 5:t3@(30,60)w0 6:t3@(29,60)w0 7:t4@(30,57)w0 8:t4@(30,56)w0 9:t4@(30,55)w0 10:t6@(28,58)w0
[dbg] ar=54598 am=6 aA=6 aH=0 l=false j=false fullRedraw=false
[fifo] ar=54609 save /tmp/aoe-camp/m1/t.aoesave
[save] wrote /tmp/aoe-camp/m1/t.aoesave (12294B) ar=54610
[dbg] ar=54623 am=6 aA=6 aH=0 l=false j=false fullRedraw=false
[dbg] ar=54648 am=6 aA=6 aH=0 l=false j=false fullRedraw=false
[fifo] ar=54653 slots 0
[slots] p0 n=11 0:t0@(43,58)w13 1:t0@(41,59)w13 2:t0@(42,60)w13 3:t3@(29,59)w0 4:t3@(30,59)w0 5:t3@(30,60)w0 6:t3@(29,60)w0 7:t4@(30,57)w0 8:t4@(30,56)w0 9:t4@(30,55)w0 10:t6@(28,58)w0
[fifo] ar=54672 retask 0 44 58
[devMouse] retask slot0 (41,59)w13 -> (44,58)
[dbg] ar=54673 am=6 aA=6 aH=0 l=false j=false fullRedraw=false
[fifo] ar=54679 retask 1 44 59
[devMouse] retask slot1 (43,59)w13 -> (44,59)
[fifo] ar=54687 retask 2 43 60
[devMouse] retask slot2 (41,58)w13 -> (43,60)
[fifo] ar=54695 save /tmp/aoe-camp/m1/t.aoesave
[save] wrote /tmp/aoe-camp/m1/t.aoesave (12294B) ar=54696
[dbg] ar=54698 am=6 aA=6 aH=0 l=false j=false fullRedraw=false
[dbg] ar=54723 am=6 aA=6 aH=0 l=false j=false fullRedraw=false
[fifo] ar=54742 state
[devMouse] aA=6/6 cursor=(31,58) cam=(-523,628) Q=3743 aE=512 Y=0 sel=6
[devMouse] p0 unit 0 tile=(43,58) type=0 sel=true
[devMouse] p0 unit 1 tile=(43,59) type=0 sel=true
[devMouse] p0 unit 2 tile=(42,59) type=0 sel=true
[devMouse] p0 unit 3 tile=(29,59) type=3 sel=true
[devMouse] p0 unit 4 tile=(30,59) type=3 sel=true
[devMouse] p0 unit 5 tile=(30,60) type=3 sel=true
[devMouse] p0 unit 6 tile=(29,60) type=3 sel=true
[devMouse] p0 unit 7 tile=(30,57) type=4 sel=true
[devMouse] p0 unit 8 tile=(30,56) type=4 sel=true
[devMouse] p0 unit 9 tile=(30,55) type=4 sel=true
[devMouse] p0 unit 10 tile=(28,58) type=6 sel=true
[devMouse] p1 unit 0 tile=(48,48) type=3 sel=false
[devMouse] p1 unit 1 tile=(40,34) type=3 sel=false
[devMouse] p1 unit 2 tile=(60,55) type=3 sel=false
[devMouse] p1 unit 3 tile=(61,45) type=3 sel=false
[devMouse] p1 unit 4 tile=(49,24) type=3 sel=false
[devMouse] p1 unit 5 tile=(48,25) type=3 sel=false
[devMouse] p1 unit 6 tile=(54,19) type=3 sel=false
[devMouse] p1 unit 7 tile=(36,23) type=4 sel=false
[devMouse] p1 unit 8 tile=(37,22) type=4 sel=false
[devMouse] p1 unit 9 tile=(49,33) type=4 sel=false
[devMouse] p1 unit 10 tile=(32,17) type=3 sel=false
[devMouse] p1 unit 11 tile=(25,21) type=4 sel=false
[devMouse] p1 unit 12 tile=(22,26) type=3 sel=false
[devMouse] p1 unit 13 tile=(23,27) type=3 sel=false
[devMouse] p1 unit 14 tile=(15,47) type=3 sel=false
[devMouse] p1 unit 15 tile=(16,54) type=3 sel=false
[dbg] ar=54748 am=6 aA=6 aH=0 l=false j=false fullRedraw=false
[dbg] ar=54773 am=6 aA=6 aH=0 l=false j=false fullRedraw=false
[fifo] ar=54796 slots 0
[slots] p0 n=11 0:t0@(43,59)w13 1:t0@(41,60)w13 2:t0@(42,59)w512 3:t3@(29,59)w0 4:t3@(30,59)w0 5:t3@(30,60)w0 6:t3@(29,60)w0 7:t4@(30,57)w0 8:t4@(30,56)w0 9:t4@(30,55)w0 10:t6@(28,58)w0
[dbg] ar=54798 am=6 aA=6 aH=0 l=false j=false fullRedraw=false
[fifo] ar=54821 retask 0 44 58
[devMouse] retask slot0 (41,58)w13 -> (44,58)
[dbg] ar=54823 am=6 aA=6 aH=0 l=false j=false fullRedraw=false
[fifo] ar=54829 retask 1 44 59
[devMouse] retask slot1 (43,59)w13 -> (44,59)
[fifo] ar=54837 save /tmp/aoe-camp/m1/t.aoesave
[save] wrote /tmp/aoe-camp/m1/t.aoesave (12294B) ar=54838
[dbg] ar=54848 am=6 aA=6 aH=0 l=false j=false fullRedraw=false
[dbg] ar=54873 am=6 aA=6 aH=0 l=false j=false fullRedraw=false
[fifo] ar=54884 slots 0
[slots] p0 n=11 0:t0@(43,58)w3a12 1:t0@(43,59)w3712 2:t0@(42,59)w13 3:t3@(29,59)w0 4:t3@(30,59)w0 5:t3@(30,60)w0 6:t3@(29,60)w0 7:t4@(30,57)w0 8:t4@(30,56)w0 9:t4@(30,55)w0 10:t6@(28,58)w0
[dbg] ar=54898 am=6 aA=6 aH=0 l=false j=false fullRedraw=false
[fifo] ar=54908 retask 2 43 60
[devMouse] retask slot2 (41,60)w13 -> (43,60)
[fifo] ar=54916 save /tmp/aoe-camp/m1/t.aoesave
[save] wrote /tmp/aoe-camp/m1/t.aoesave (12294B) ar=54917
[dbg] ar=54923 am=6 aA=6 aH=0 l=false j=false fullRedraw=false
[dbg] ar=54948 am=6 aA=6 aH=0 l=false j=false fullRedraw=false
[fifo] ar=54963 slots 0
[slots] p0 n=11 0:t0@(41,58)w13 1:t0@(43,59)w13 2:t0@(42,60)w3a12 3:t3@(29,59)w0 4:t3@(30,59)w0 5:t3@(30,60)w0 6:t3@(29,60)w0 7:t4@(30,57)w0 8:t4@(30,56)w0 9:t4@(30,55)w0 10:t6@(28,58)w0
[dbg] ar=54973 am=6 aA=6 aH=0 l=false j=false fullRedraw=false
[fifo] ar=54988 retask 0 44 58
[devMouse] retask slot0 (43,59)w13 -> (44,58)
[fifo] ar=54995 retask 1 44 59
[devMouse] retask slot1 (43,58)w13 -> (44,59)
[dbg] ar=54998 am=6 aA=6 aH=0 l=false j=false fullRedraw=false
[fifo] ar=55004 save /tmp/aoe-camp/m1/t.aoesave
[save] wrote /tmp/aoe-camp/m1/t.aoesave (12294B) ar=55005
[dbg] ar=55023 am=6 aA=6 aH=0 l=false j=false fullRedraw=false
[dbg] ar=55048 am=6 aA=6 aH=0 l=false j=false fullRedraw=false
[fifo] ar=55050 slots 0
[slots] p0 n=11 0:t0@(43,59)w3112 1:t0@(43,58)w3712 2:t0@(42,59)w13 3:t3@(29,59)w0 4:t3@(30,59)w0 5:t3@(30,60)w0 6:t3@(29,60)w0 7:t4@(30,57)w0 8:t4@(30,56)w0 9:t4@(30,55)w0 10:t6@(28,58)w0
[dbg] ar=55073 am=6 aA=6 aH=0 l=false j=false fullRedraw=false
[fifo] ar=55076 retask 2 43 60
[devMouse] retask slot2 (42,59)w13 -> (43,60)
[fifo] ar=55084 save /tmp/aoe-camp/m1/t.aoesave
[save] wrote /tmp/aoe-camp/m1/t.aoesave (12294B) ar=55085
[dbg] ar=55098 am=6 aA=6 aH=0 l=false j=false fullRedraw=false
[dbg] ar=55123 am=6 aA=6 aH=0 l=false j=false fullRedraw=false
[fifo] ar=55131 slots 0
[slots] p0 n=11 0:t0@(42,60)w13 1:t0@(41,60)w13 2:t0@(42,59)w3812 3:t3@(29,59)w0 4:t3@(30,59)w0 5:t3@(30,60)w0 6:t3@(29,60)w0 7:t4@(30,57)w0 8:t4@(30,56)w0 9:t4@(30,55)w0 10:t6@(28,58)w0
[dbg] ar=55148 am=6 aA=6 aH=0 l=false j=false fullRedraw=false
[fifo] ar=55155 retask 0 44 58
[devMouse] retask slot0 (41,59)w13 -> (44,58)
[fifo] ar=55163 retask 1 44 59
[devMouse] retask slot1 (43,59)w13 -> (44,59)
[fifo] ar=55171 save /tmp/aoe-camp/m1/t.aoesave
[save] wrote /tmp/aoe-camp/m1/t.aoesave (12294B) ar=55172
[dbg] ar=55173 am=6 aA=6 aH=0 l=false j=false fullRedraw=false
[dbg] ar=55198 am=6 aA=6 aH=0 l=false j=false fullRedraw=false
[fifo] ar=55220 state
[devMouse] aA=6/6 cursor=(31,58) cam=(-523,628) Q=3743 aE=512 Y=0 sel=6
[devMouse] p0 unit 0 tile=(43,58) type=0 sel=true
[devMouse] p0 unit 1 tile=(43,59) type=0 sel=true
[devMouse] p0 unit 2 tile=(41,59) type=0 sel=true
[devMouse] p0 unit 3 tile=(29,59) type=3 sel=true
[devMouse] p0 unit 4 tile=(30,59) type=3 sel=true
[devMouse] p0 unit 5 tile=(30,60) type=3 sel=true
[devMouse] p0 unit 6 tile=(29,60) type=3 sel=true
[devMouse] p0 unit 7 tile=(30,57) type=4 sel=true
[devMouse] p0 unit 8 tile=(30,56) type=4 sel=true
[devMouse] p0 unit 9 tile=(30,55) type=4 sel=true
[devMouse] p0 unit 10 tile=(28,58) type=6 sel=true
[devMouse] p1 unit 0 tile=(48,48) type=3 sel=false
[devMouse] p1 unit 1 tile=(40,34) type=3 sel=false
[devMouse] p1 unit 2 tile=(60,55) type=3 sel=false
[devMouse] p1 unit 3 tile=(61,45) type=3 sel=false
[devMouse] p1 unit 4 tile=(49,24) type=3 sel=false
[devMouse] p1 unit 5 tile=(48,25) type=3 sel=false
[devMouse] p1 unit 6 tile=(54,19) type=3 sel=false
[devMouse] p1 unit 7 tile=(36,23) type=4 sel=false
[devMouse] p1 unit 8 tile=(37,22) type=4 sel=false
[devMouse] p1 unit 9 tile=(49,33) type=4 sel=false
[devMouse] p1 unit 10 tile=(32,17) type=3 sel=false
[devMouse] p1 unit 11 tile=(25,21) type=4 sel=false
[devMouse] p1 unit 12 tile=(22,26) type=3 sel=false
[devMouse] p1 unit 13 tile=(23,27) type=3 sel=false
[devMouse] p1 unit 14 tile=(15,47) type=3 sel=false
[devMouse] p1 unit 15 tile=(16,54) type=3 sel=false
[dbg] ar=55223 am=6 aA=6 aH=0 l=false j=false fullRedraw=false
[dbg] ar=55248 am=6 aA=6 aH=0 l=false j=false fullRedraw=false
[dbg] ar=55273 am=6 aA=6 aH=0 l=false j=false fullRedraw=false
[fifo] ar=55274 slots 0
[slots] p0 n=11 0:t0@(43,58)w2d12 1:t0@(42,60)w13 2:t0@(42,59)w13 3:t3@(29,59)w0 4:t3@(30,59)w0 5:t3@(30,60)w0 6:t3@(29,60)w0 7:t4@(30,57)w0 8:t4@(30,56)w0 9:t4@(30,55)w0 10:t6@(28,58)w0
[dbg] ar=55298 am=6 aA=6 aH=0 l=false j=false fullRedraw=false
[fifo] ar=55299 retask 1 44 59
[devMouse] retask slot1 (41,59)w13 -> (44,59)
[fifo] ar=55306 retask 2 43 60
[devMouse] retask slot2 (40,59)w13 -> (43,60)
[fifo] ar=55314 save /tmp/aoe-camp/m1/t.aoesave
[save] wrote /tmp/aoe-camp/m1/t.aoesave (12294B) ar=55315
[dbg] ar=55323 am=6 aA=6 aH=0 l=false j=false fullRedraw=false
[dbg] ar=55348 am=6 aA=6 aH=0 l=false j=false fullRedraw=false
[fifo] ar=55362 slots 0
[slots] p0 n=11 0:t0@(42,58)w13 1:t0@(43,59)w4212 2:t0@(42,60)w4812 3:t3@(29,59)w0 4:t3@(30,59)w0 5:t3@(30,60)w0 6:t3@(29,60)w0 7:t4@(30,57)w0 8:t4@(30,56)w0 9:t4@(30,55)w0 10:t6@(28,58)w0
[dbg] ar=55373 am=6 aA=6 aH=0 l=false j=false fullRedraw=false
[fifo] ar=55387 retask 0 44 58
[devMouse] retask slot0 (41,59)w13 -> (44,58)
[fifo] ar=55395 save /tmp/aoe-camp/m1/t.aoesave
[save] wrote /tmp/aoe-camp/m1/t.aoesave (12294B) ar=55396
[dbg] ar=55398 am=6 aA=6 aH=0 l=false j=false fullRedraw=false
[dbg] ar=55423 am=6 aA=6 aH=0 l=false j=false fullRedraw=false
[fifo] ar=55442 slots 0
[slots] p0 n=11 0:t0@(43,58)w4612 1:t0@(41,58)w13 2:t0@(43,60)w13 3:t3@(29,59)w0 4:t3@(30,59)w0 5:t3@(30,60)w0 6:t3@(29,60)w0 7:t4@(30,57)w0 8:t4@(30,56)w0 9:t4@(30,55)w0 10:t6@(28,58)w0
[dbg] ar=55448 am=6 aA=6 aH=0 l=false j=false fullRedraw=false
[fifo] ar=55466 retask 1 44 59
[devMouse] retask slot1 (42,59)w13 -> (44,59)
[dbg] ar=55473 am=6 aA=6 aH=0 l=false j=false fullRedraw=false
[fifo] ar=55474 retask 2 43 60
[devMouse] retask slot2 (40,59)w13 -> (43,60)
[fifo] ar=55482 save /tmp/aoe-camp/m1/t.aoesave
[save] wrote /tmp/aoe-camp/m1/t.aoesave (12294B) ar=55483
[dbg] ar=55498 am=6 aA=6 aH=0 l=false j=false fullRedraw=false
[dbg] ar=55523 am=6 aA=6 aH=0 l=false j=false fullRedraw=false
[fifo] ar=55529 slots 0
[slots] p0 n=11 0:t0@(41,59)w13 1:t0@(43,59)w3812 2:t0@(43,60)w0 3:t3@(29,59)w0 4:t3@(30,59)w0 5:t3@(30,60)w0 6:t3@(29,60)w0 7:t4@(30,57)w0 8:t4@(30,56)w0 9:t4@(30,55)w0 10:t6@(28,58)w0
[dbg] ar=55548 am=6 aA=6 aH=0 l=false j=false fullRedraw=false
[fifo] ar=55554 retask 0 44 58
[devMouse] retask slot0 (42,58)w13 -> (44,58)
[fifo] ar=55562 retask 2 43 60
[devMouse] retask slot2 (43,60)w0 -> (43,60)
[fifo] ar=55570 save /tmp/aoe-camp/m1/t.aoesave
[save] wrote /tmp/aoe-camp/m1/t.aoesave (12294B) ar=55571
[dbg] ar=55573 am=6 aA=6 aH=0 l=false j=false fullRedraw=false
[dbg] ar=55598 am=6 aA=6 aH=0 l=false j=false fullRedraw=false
[fifo] ar=55618 slots 0
[slots] p0 n=11 0:t0@(43,58)w3312 1:t0@(41,59)w13 2:t0@(43,60)w0 3:t3@(29,59)w0 4:t3@(30,59)w0 5:t3@(30,60)w0 6:t3@(29,60)w0 7:t4@(30,57)w0 8:t4@(30,56)w0 9:t4@(30,55)w0 10:t6@(28,58)w0
[dbg] ar=55623 am=6 aA=6 aH=0 l=false j=false fullRedraw=false
[fifo] ar=55643 retask 1 44 59
[devMouse] retask slot1 (42,60)w13 -> (44,59)
[dbg] ar=55648 am=6 aA=6 aH=0 l=false j=false fullRedraw=false
[fifo] ar=55651 retask 2 44 60
[devMouse] retask slot2 (43,60)w0 -> (44,60)
[fifo] ar=55658 save /tmp/aoe-camp/m1/t.aoesave
[save] wrote /tmp/aoe-camp/m1/t.aoesave (12294B) ar=55659
[dbg] ar=55673 am=6 aA=6 aH=0 l=false j=false fullRedraw=false
[dbg] ar=55698 am=6 aA=6 aH=0 l=false j=false fullRedraw=false
[fifo] ar=55703 state
[devMouse] aA=6/6 cursor=(31,58) cam=(-523,628) Q=3743 aE=512 Y=0 sel=6
[devMouse] p0 unit 0 tile=(41,58) type=0 sel=true
[devMouse] p0 unit 1 tile=(43,59) type=0 sel=true
[devMouse] p0 unit 2 tile=(43,60) type=0 sel=true
[devMouse] p0 unit 3 tile=(29,59) type=3 sel=true
[devMouse] p0 unit 4 tile=(30,59) type=3 sel=true
[devMouse] p0 unit 5 tile=(30,60) type=3 sel=true
[devMouse] p0 unit 6 tile=(29,60) type=3 sel=true
[devMouse] p0 unit 7 tile=(30,57) type=4 sel=true
[devMouse] p0 unit 8 tile=(30,56) type=4 sel=true
[devMouse] p0 unit 9 tile=(30,55) type=4 sel=true
[devMouse] p0 unit 10 tile=(28,58) type=6 sel=true
[devMouse] p1 unit 0 tile=(48,48) type=3 sel=false
[devMouse] p1 unit 1 tile=(40,34) type=3 sel=false
[devMouse] p1 unit 2 tile=(60,55) type=3 sel=false
[devMouse] p1 unit 3 tile=(61,45) type=3 sel=false
[devMouse] p1 unit 4 tile=(49,24) type=3 sel=false
[devMouse] p1 unit 5 tile=(48,25) type=3 sel=false
[devMouse] p1 unit 6 tile=(54,19) type=3 sel=false
[devMouse] p1 unit 7 tile=(36,23) type=4 sel=false
[devMouse] p1 unit 8 tile=(37,22) type=4 sel=false
[devMouse] p1 unit 9 tile=(49,33) type=4 sel=false
[devMouse] p1 unit 10 tile=(32,17) type=3 sel=false
[devMouse] p1 unit 11 tile=(25,21) type=4 sel=false
[devMouse] p1 unit 12 tile=(22,26) type=3 sel=false
[devMouse] p1 unit 13 tile=(23,27) type=3 sel=false
[devMouse] p1 unit 14 tile=(15,47) type=3 sel=false
[devMouse] p1 unit 15 tile=(16,54) type=3 sel=false
[dbg] ar=55723 am=6 aA=6 aH=0 l=false j=false fullRedraw=false
[dbg] ar=55748 am=6 aA=6 aH=0 l=false j=false fullRedraw=false
[fifo] ar=55759 slots 0
[slots] p0 n=11 0:t0@(41,58)w13 1:t0@(43,59)w112 2:t0@(42,59)w13 3:t3@(29,59)w0 4:t3@(30,59)w0 5:t3@(30,60)w0 6:t3@(29,60)w0 7:t4@(30,57)w0 8:t4@(30,56)w0 9:t4@(30,55)w0 10:t6@(28,58)w0
[dbg] ar=55773 am=6 aA=6 aH=0 l=false j=false fullRedraw=false
[fifo] ar=55784 retask 0 44 58
[devMouse] retask slot0 (43,59)w13 -> (44,58)
[fifo] ar=55792 retask 2 44 60
[devMouse] retask slot2 (41,59)w13 -> (44,60)
[dbg] ar=55798 am=6 aA=6 aH=0 l=false j=false fullRedraw=false
[fifo] ar=55800 save /tmp/aoe-camp/m1/t.aoesave
[save] wrote /tmp/aoe-camp/m1/t.aoesave (12294B) ar=55801
[dbg] ar=55823 am=6 aA=6 aH=0 l=false j=false fullRedraw=false
[fifo] ar=55846 slots 0
[slots] p0 n=11 0:t0@(43,59)w2b12 1:t0@(42,58)w13 2:t0@(43,60)w4a12 3:t3@(29,59)w0 4:t3@(30,59)w0 5:t3@(30,60)w0 6:t3@(29,60)w0 7:t4@(30,57)w0 8:t4@(30,56)w0 9:t4@(30,55)w0 10:t6@(28,58)w0
[dbg] ar=55848 am=6 aA=6 aH=0 l=false j=false fullRedraw=false
[fifo] ar=55871 retask 1 44 59
[devMouse] retask slot1 (43,58)w13 -> (44,59)
[dbg] ar=55873 am=6 aA=6 aH=0 l=false j=false fullRedraw=false
[fifo] ar=55879 save /tmp/aoe-camp/m1/t.aoesave
[save] wrote /tmp/aoe-camp/m1/t.aoesave (12294B) ar=55880
[dbg] ar=55898 am=6 aA=6 aH=0 l=false j=false fullRedraw=false
[dbg] ar=55923 am=6 aA=6 aH=0 l=false j=false fullRedraw=false
[fifo] ar=55927 slots 0
[slots] p0 n=11 0:t0@(42,59)w13 1:t0@(43,58)w3512 2:t0@(43,59)w13 3:t3@(29,59)w0 4:t3@(30,59)w0 5:t3@(30,60)w0 6:t3@(29,60)w0 7:t4@(30,57)w0 8:t4@(30,56)w0 9:t4@(30,55)w0 10:t6@(28,58)w0
[dbg] ar=55948 am=6 aA=6 aH=0 l=false j=false fullRedraw=false
[fifo] ar=55952 retask 0 44 58
[devMouse] retask slot0 (43,60)w13 -> (44,58)
[fifo] ar=55960 retask 2 44 60
[devMouse] retask slot2 (41,59)w13 -> (44,60)
[fifo] ar=55968 save /tmp/aoe-camp/m1/t.aoesave
[save] wrote /tmp/aoe-camp/m1/t.aoesave (12294B) ar=55969
[dbg] ar=55973 am=6 aA=6 aH=0 l=false j=false fullRedraw=false
[dbg] ar=55998 am=6 aA=6 aH=0 l=false j=false fullRedraw=false
[fifo] ar=56015 slots 0
[slots] p0 n=11 0:t0@(43,59)w3b12 1:t0@(41,58)w13 2:t0@(43,60)w4812 3:t3@(29,59)w0 4:t3@(30,59)w0 5:t3@(30,60)w0 6:t3@(29,60)w0 7:t4@(30,57)w0 8:t4@(30,56)w0 9:t4@(30,55)w0 10:t6@(28,58)w0
[dbg] ar=56023 am=6 aA=6 aH=0 l=false j=false fullRedraw=false
[fifo] ar=56039 retask 1 44 59
[devMouse] retask slot1 (42,59)w13 -> (44,59)
[fifo] ar=56046 save /tmp/aoe-camp/m1/t.aoesave
[save] wrote /tmp/aoe-camp/m1/t.aoesave (12294B) ar=56047
[dbg] ar=56048 am=6 aA=6 aH=0 l=false j=false fullRedraw=false
[dbg] ar=56073 am=6 aA=6 aH=0 l=false j=false fullRedraw=false
[fifo] ar=56092 slots 0
[slots] p0 n=11 0:t0@(41,59)w13 1:t0@(43,59)w6312 2:t0@(42,59)w13 3:t3@(29,59)w0 4:t3@(30,59)w0 5:t3@(30,60)w0 6:t3@(29,60)w0 7:t4@(30,57)w0 8:t4@(30,56)w0 9:t4@(30,55)w0 10:t6@(28,58)w0
[dbg] ar=56098 am=6 aA=6 aH=0 l=false j=false fullRedraw=false
[fifo] ar=56115 retask 0 44 58
[devMouse] retask slot0 (43,60)w13 -> (44,58)
[fifo] ar=56123 retask 2 44 60
[devMouse] retask slot2 (41,59)w13 -> (44,60)
[dbg] ar=56123 am=6 aA=6 aH=0 l=false j=false fullRedraw=false
[fifo] ar=56131 save /tmp/aoe-camp/m1/t.aoesave
[save] wrote /tmp/aoe-camp/m1/t.aoesave (12294B) ar=56132
[dbg] ar=56148 am=6 aA=6 aH=0 l=false j=false fullRedraw=false
[dbg] ar=56173 am=6 aA=6 aH=0 l=false j=false fullRedraw=false
[fifo] ar=56179 state
[devMouse] aA=6/6 cursor=(31,58) cam=(-523,628) Q=3743 aE=512 Y=0 sel=6
[devMouse] p0 unit 0 tile=(43,58) type=0 sel=true
[devMouse] p0 unit 1 tile=(43,59) type=0 sel=true
[devMouse] p0 unit 2 tile=(41,60) type=0 sel=true
[devMouse] p0 unit 3 tile=(29,59) type=3 sel=true
[devMouse] p0 unit 4 tile=(30,59) type=3 sel=true
[devMouse] p0 unit 5 tile=(30,60) type=3 sel=true
[devMouse] p0 unit 6 tile=(29,60) type=3 sel=true
[devMouse] p0 unit 7 tile=(30,57) type=4 sel=true
[devMouse] p0 unit 8 tile=(30,56) type=4 sel=true
[devMouse] p0 unit 9 tile=(30,55) type=4 sel=true
[devMouse] p0 unit 10 tile=(28,58) type=6 sel=true
[devMouse] p1 unit 0 tile=(48,48) type=3 sel=false
[devMouse] p1 unit 1 tile=(40,34) type=3 sel=false
[devMouse] p1 unit 2 tile=(60,55) type=3 sel=false
[devMouse] p1 unit 3 tile=(61,45) type=3 sel=false
[devMouse] p1 unit 4 tile=(49,24) type=3 sel=false
[devMouse] p1 unit 5 tile=(48,25) type=3 sel=false
[devMouse] p1 unit 6 tile=(54,19) type=3 sel=false
[devMouse] p1 unit 7 tile=(36,23) type=4 sel=false
[devMouse] p1 unit 8 tile=(37,22) type=4 sel=false
[devMouse] p1 unit 9 tile=(49,33) type=4 sel=false
[devMouse] p1 unit 10 tile=(32,17) type=3 sel=false
[devMouse] p1 unit 11 tile=(25,21) type=4 sel=false
[devMouse] p1 unit 12 tile=(22,26) type=3 sel=false
[devMouse] p1 unit 13 tile=(23,27) type=3 sel=false
[devMouse] p1 unit 14 tile=(15,47) type=3 sel=false
[devMouse] p1 unit 15 tile=(16,54) type=3 sel=false
[dbg] ar=56198 am=6 aA=6 aH=0 l=false j=false fullRedraw=false
[dbg] ar=56223 am=6 aA=6 aH=0 l=false j=false fullRedraw=false
[fifo] ar=56229 slots 0
[slots] p0 n=11 0:t0@(43,58)w1312 1:t0@(43,60)w13 2:t0@(43,59)w4d12 3:t3@(29,59)w0 4:t3@(30,59)w0 5:t3@(30,60)w0 6:t3@(29,60)w0 7:t4@(30,57)w0 8:t4@(30,56)w0 9:t4@(30,55)w0 10:t6@(28,58)w0
[dbg] ar=56248 am=6 aA=6 aH=0 l=false j=false fullRedraw=false
[fifo] ar=56254 retask 1 44 59
[devMouse] retask slot1 (41,59)w13 -> (44,59)
[fifo] ar=56261 save /tmp/aoe-camp/m1/t.aoesave
[save] wrote /tmp/aoe-camp/m1/t.aoesave (12294B) ar=56262
[dbg] ar=56273 am=6 aA=6 aH=0 l=false j=false fullRedraw=false
[dbg] ar=56298 am=6 aA=6 aH=0 l=false j=false fullRedraw=false
[fifo] ar=56309 slots 0
[slots] p0 n=11 0:t0@(43,59)w13 1:t0@(43,58)w0 2:t0@(43,60)w13 3:t3@(29,59)w0 4:t3@(30,59)w0 5:t3@(30,60)w0 6:t3@(29,60)w0 7:t4@(30,57)w0 8:t4@(30,56)w0 9:t4@(30,55)w0 10:t6@(28,58)w0
[dbg] ar=56323 am=6 aA=6 aH=0 l=false j=false fullRedraw=false
[fifo] ar=56334 retask 0 44 58
[devMouse] retask slot0 (41,58)w13 -> (44,58)
[fifo] ar=56342 retask 1 44 59
[devMouse] retask slot1 (43,58)w4e12 -> (44,59)
[dbg] ar=56348 am=6 aA=6 aH=0 l=false j=false fullRedraw=false
[fifo] ar=56350 retask 2 44 60
[devMouse] retask slot2 (43,59)w13 -> (44,60)
[fifo] ar=56358 save /tmp/aoe-camp/m1/t.aoesave
[save] wrote /tmp/aoe-camp/m1/t.aoesave (12294B) ar=56359
[dbg] ar=56373 am=6 aA=6 aH=0 l=false j=false fullRedraw=false
[dbg] ar=56398 am=6 aA=6 aH=0 l=false j=false fullRedraw=false
[fifo] ar=56404 slots 0
[slots] p0 n=11 0:t0@(42,60)w0 1:t0@(43,58)w2912 2:t0@(43,59)w3212 3:t3@(29,59)w0 4:t3@(30,59)w0 5:t3@(30,60)w0 6:t3@(29,60)w0 7:t4@(30,57)w0 8:t4@(30,56)w0 9:t4@(30,55)w0 10:t6@(28,58)w0
[dbg] ar=56423 am=6 aA=6 aH=0 l=false j=false fullRedraw=false
[fifo] ar=56427 retask 0 44 58
[devMouse] retask slot0 (43,60)w0 -> (44,58)
[fifo] ar=56435 save /tmp/aoe-camp/m1/t.aoesave
[save] wrote /tmp/aoe-camp/m1/t.aoesave (12294B) ar=56436
[dbg] ar=56448 am=6 aA=6 aH=0 l=false j=false fullRedraw=false
[dbg] ar=56473 am=6 aA=6 aH=0 l=false j=false fullRedraw=false
[fifo] ar=56482 slots 0
[slots] p0 n=11 0:t0@(43,58)w6312 1:t0@(42,58)w13 2:t0@(42,59)w13 3:t3@(29,59)w0 4:t3@(30,59)w0 5:t3@(30,60)w0 6:t3@(29,60)w0 7:t4@(30,57)w0 8:t4@(30,56)w0 9:t4@(30,55)w0 10:t6@(28,58)w0
[dbg] ar=56498 am=6 aA=6 aH=0 l=false j=false fullRedraw=false
[fifo] ar=56506 retask 1 44 59
[devMouse] retask slot1 (42,60)w13 -> (44,59)
[fifo] ar=56514 retask 2 44 60
[devMouse] retask slot2 (42,58)w13 -> (44,60)
[fifo] ar=56523 save /tmp/aoe-camp/m1/t.aoesave
[dbg] ar=56523 am=6 aA=6 aH=0 l=false j=false fullRedraw=false
[save] wrote /tmp/aoe-camp/m1/t.aoesave (12294B) ar=56524
[dbg] ar=56548 am=6 aA=6 aH=0 l=false j=false fullRedraw=false
[fifo] ar=56570 slots 0
[slots] p0 n=11 0:t0@(43,58)wb12 1:t0@(43,60)w5612 2:t0@(43,59)w3b12 3:t3@(29,59)w0 4:t3@(30,59)w0 5:t3@(30,60)w0 6:t3@(29,60)w0 7:t4@(30,57)w0 8:t4@(30,56)w0 9:t4@(30,55)w0 10:t6@(28,58)w0
[dbg] ar=56573 am=6 aA=6 aH=0 l=false j=false fullRedraw=false
[fifo] ar=56596 save /tmp/aoe-camp/m1/t.aoesave
[save] wrote /tmp/aoe-camp/m1/t.aoesave (12294B) ar=56597
[dbg] ar=56598 am=6 aA=6 aH=0 l=false j=false fullRedraw=false
[dbg] ar=56623 am=6 aA=6 aH=0 l=false j=false fullRedraw=false
[fifo] ar=56644 state
[devMouse] aA=6/6 cursor=(31,58) cam=(-523,628) Q=3743 aE=512 Y=0 sel=6
[devMouse] p0 unit 0 tile=(43,59) type=0 sel=true
[devMouse] p0 unit 1 tile=(43,60) type=0 sel=true
[devMouse] p0 unit 2 tile=(41,60) type=0 sel=true
[devMouse] p0 unit 3 tile=(29,59) type=3 sel=true
[devMouse] p0 unit 4 tile=(30,59) type=3 sel=true
[devMouse] p0 unit 5 tile=(30,60) type=3 sel=true
[devMouse] p0 unit 6 tile=(29,60) type=3 sel=true
[devMouse] p0 unit 7 tile=(30,57) type=4 sel=true
[devMouse] p0 unit 8 tile=(30,56) type=4 sel=true
[devMouse] p0 unit 9 tile=(30,55) type=4 sel=true
[devMouse] p0 unit 10 tile=(28,58) type=6 sel=true
[devMouse] p1 unit 0 tile=(48,48) type=3 sel=false
[devMouse] p1 unit 1 tile=(40,34) type=3 sel=false
[devMouse] p1 unit 2 tile=(60,55) type=3 sel=false
[devMouse] p1 unit 3 tile=(61,45) type=3 sel=false
[devMouse] p1 unit 4 tile=(49,24) type=3 sel=false
[devMouse] p1 unit 5 tile=(48,25) type=3 sel=false
[devMouse] p1 unit 6 tile=(54,19) type=3 sel=false
[devMouse] p1 unit 7 tile=(36,23) type=4 sel=false
[devMouse] p1 unit 8 tile=(37,22) type=4 sel=false
[devMouse] p1 unit 9 tile=(49,33) type=4 sel=false
[devMouse] p1 unit 10 tile=(32,17) type=3 sel=false
[devMouse] p1 unit 11 tile=(25,21) type=4 sel=false
[devMouse] p1 unit 12 tile=(22,26) type=3 sel=false
[devMouse] p1 unit 13 tile=(23,27) type=3 sel=false
[devMouse] p1 unit 14 tile=(15,47) type=3 sel=false
[devMouse] p1 unit 15 tile=(16,54) type=3 sel=false
[dbg] ar=56648 am=6 aA=6 aH=0 l=false j=false fullRedraw=false
[dbg] ar=56673 am=6 aA=6 aH=0 l=false j=false fullRedraw=false
[dbg] ar=56698 am=6 aA=6 aH=0 l=false j=false fullRedraw=false
[fifo] ar=56699 slots 0
[slots] p0 n=11 0:t0@(43,59)w13 1:t0@(42,59)w13 2:t0@(42,60)w13 3:t3@(29,59)w0 4:t3@(30,59)w0 5:t3@(30,60)w0 6:t3@(29,60)w0 7:t4@(30,57)w0 8:t4@(30,56)w0 9:t4@(30,55)w0 10:t6@(28,58)w0
[dbg] ar=56723 am=6 aA=6 aH=0 l=false j=false fullRedraw=false
[fifo] ar=56724 retask 0 44 58
[devMouse] retask slot0 (43,60)w13 -> (44,58)
[fifo] ar=56731 retask 1 44 59
[devMouse] retask slot1 (43,59)w13 -> (44,59)
[fifo] ar=56739 retask 2 44 60
[devMouse] retask slot2 (42,60)w13 -> (44,60)
[fifo] ar=56747 save /tmp/aoe-camp/m1/t.aoesave
[save] wrote /tmp/aoe-camp/m1/t.aoesave (12294B) ar=56748
[dbg] ar=56748 am=6 aA=6 aH=0 l=false j=false fullRedraw=false
[dbg] ar=56773 am=6 aA=6 aH=0 l=false j=false fullRedraw=false
[fifo] ar=56792 slots 0
[slots] p0 n=11 0:t0@(43,58)w3612 1:t0@(43,59)w3112 2:t0@(43,60)w4212 3:t3@(29,59)w0 4:t3@(30,59)w0 5:t3@(30,60)w0 6:t3@(29,60)w0 7:t4@(30,57)w0 8:t4@(30,56)w0 9:t4@(30,55)w0 10:t6@(28,58)w0
[dbg] ar=56798 am=6 aA=6 aH=0 l=false j=false fullRedraw=false
[fifo] ar=56817 save /tmp/aoe-camp/m1/t.aoesave
[save] wrote /tmp/aoe-camp/m1/t.aoesave (12294B) ar=56818
[dbg] ar=56823 am=6 aA=6 aH=0 l=false j=false fullRedraw=false
[dbg] ar=56848 am=6 aA=6 aH=0 l=false j=false fullRedraw=false
[fifo] ar=56866 slots 0
[slots] p0 n=11 0:t0@(43,60)w13 1:t0@(40,59)w13 2:t0@(43,59)w13 3:t3@(29,59)w0 4:t3@(30,59)w0 5:t3@(30,60)w0 6:t3@(29,60)w0 7:t4@(30,57)w0 8:t4@(30,56)w0 9:t4@(30,55)w0 10:t6@(28,58)w0
[dbg] ar=56873 am=6 aA=6 aH=0 l=false j=false fullRedraw=false
[fifo] ar=56890 retask 0 44 58
[devMouse] retask slot0 (42,58)w13 -> (44,58)
[dbg] ar=56898 am=6 aA=6 aH=0 l=false j=false fullRedraw=false
[fifo] ar=56899 retask 1 44 59
[devMouse] retask slot1 (43,59)w13 -> (44,59)
[fifo] ar=56907 retask 2 44 60
[devMouse] retask slot2 (43,60)w13 -> (44,60)
[fifo] ar=56915 save /tmp/aoe-camp/m1/t.aoesave
[save] wrote /tmp/aoe-camp/m1/t.aoesave (12294B) ar=56916
[dbg] ar=56923 am=6 aA=6 aH=0 l=false j=false fullRedraw=false
[dbg] ar=56948 am=6 aA=6 aH=0 l=false j=false fullRedraw=false
[fifo] ar=56961 slots 0
[slots] p0 n=11 0:t0@(43,58)w2a12 1:t0@(43,59)w2e12 2:t0@(43,60)w3612 3:t3@(29,59)w0 4:t3@(30,59)w0 5:t3@(30,60)w0 6:t3@(29,60)w0 7:t4@(30,57)w0 8:t4@(30,56)w0 9:t4@(30,55)w0 10:t6@(28,58)w0
[dbg] ar=56973 am=6 aA=6 aH=0 l=false j=false fullRedraw=false
[fifo] ar=56984 save /tmp/aoe-camp/m1/t.aoesave
[save] wrote /tmp/aoe-camp/m1/t.aoesave (12294B) ar=56985
[dbg] ar=56998 am=6 aA=6 aH=0 l=false j=false fullRedraw=false
[dbg] ar=57023 am=6 aA=6 aH=0 l=false j=false fullRedraw=false
[fifo] ar=57032 slots 0
[slots] p0 n=11 0:t0@(42,60)w13 1:t0@(41,59)w13 2:t0@(43,59)w13 3:t3@(29,59)w0 4:t3@(30,59)w0 5:t3@(30,60)w0 6:t3@(29,60)w0 7:t4@(30,57)w0 8:t4@(30,56)w0 9:t4@(30,55)w0 10:t6@(28,58)w0
[dbg] ar=57048 am=6 aA=6 aH=0 l=false j=false fullRedraw=false
[fifo] ar=57058 retask 0 44 58
[devMouse] retask slot0 (43,59)w13 -> (44,58)
[fifo] ar=57066 retask 1 44 59
[devMouse] retask slot1 (42,60)w13 -> (44,59)
[dbg] ar=57073 am=6 aA=6 aH=0 l=false j=false fullRedraw=false
[fifo] ar=57074 retask 2 44 60
[devMouse] retask slot2 (43,60)w13 -> (44,60)
[fifo] ar=57081 save /tmp/aoe-camp/m1/t.aoesave
[save] wrote /tmp/aoe-camp/m1/t.aoesave (12294B) ar=57082
[dbg] ar=57098 am=6 aA=6 aH=0 l=false j=false fullRedraw=false
[dbg] ar=57123 am=6 aA=6 aH=0 l=false j=false fullRedraw=false
[fifo] ar=57128 state
[devMouse] aA=6/6 cursor=(31,58) cam=(-523,628) Q=3743 aE=512 Y=0 sel=6
[devMouse] p0 unit 0 tile=(43,59) type=0 sel=true
[devMouse] p0 unit 1 tile=(43,58) type=0 sel=true
[devMouse] p0 unit 2 tile=(43,60) type=0 sel=true
[devMouse] p0 unit 3 tile=(29,59) type=3 sel=true
[devMouse] p0 unit 4 tile=(30,59) type=3 sel=true
[devMouse] p0 unit 5 tile=(30,60) type=3 sel=true
[devMouse] p0 unit 6 tile=(29,60) type=3 sel=true
[devMouse] p0 unit 7 tile=(30,57) type=4 sel=true
[devMouse] p0 unit 8 tile=(30,56) type=4 sel=true
[devMouse] p0 unit 9 tile=(30,55) type=4 sel=true
[devMouse] p0 unit 10 tile=(28,58) type=6 sel=true
[devMouse] p1 unit 0 tile=(48,48) type=3 sel=false
[devMouse] p1 unit 1 tile=(40,34) type=3 sel=false
[devMouse] p1 unit 2 tile=(60,55) type=3 sel=false
[devMouse] p1 unit 3 tile=(61,45) type=3 sel=false
[devMouse] p1 unit 4 tile=(49,24) type=3 sel=false
[devMouse] p1 unit 5 tile=(48,25) type=3 sel=false
[devMouse] p1 unit 6 tile=(54,19) type=3 sel=false
[devMouse] p1 unit 7 tile=(36,23) type=4 sel=false
[devMouse] p1 unit 8 tile=(37,22) type=4 sel=false
[devMouse] p1 unit 9 tile=(49,33) type=4 sel=false
[devMouse] p1 unit 10 tile=(32,17) type=3 sel=false
[devMouse] p1 unit 11 tile=(25,21) type=4 sel=false
[devMouse] p1 unit 12 tile=(22,26) type=3 sel=false
[devMouse] p1 unit 13 tile=(23,27) type=3 sel=false
[devMouse] p1 unit 14 tile=(15,47) type=3 sel=false
[devMouse] p1 unit 15 tile=(16,54) type=3 sel=false
[dbg] ar=57148 am=6 aA=6 aH=0 l=false j=false fullRedraw=false
[dbg] ar=57173 am=6 aA=6 aH=0 l=false j=false fullRedraw=false
[fifo] ar=57183 slots 0
[slots] p0 n=11 0:t0@(41,58)w13 1:t0@(43,58)w1112 2:t0@(43,59)w13 3:t3@(29,59)w0 4:t3@(30,59)w0 5:t3@(30,60)w0 6:t3@(29,60)w0 7:t4@(30,57)w0 8:t4@(30,56)w0 9:t4@(30,55)w0 10:t6@(28,58)w0
[dbg] ar=57198 am=6 aA=6 aH=0 l=false j=false fullRedraw=false
[fifo] ar=57208 retask 0 44 58
[devMouse] retask slot0 (42,59)w13 -> (44,58)
[fifo] ar=57216 retask 2 44 60
[devMouse] retask slot2 (40,59)w13 -> (44,60)
[dbg] ar=57223 am=6 aA=6 aH=0 l=false j=false fullRedraw=false
[fifo] ar=57224 save /tmp/aoe-camp/m1/t.aoesave
[save] wrote /tmp/aoe-camp/m1/t.aoesave (12294B) ar=57225
[dbg] ar=57248 am=6 aA=6 aH=0 l=false j=false fullRedraw=false
[fifo] ar=57270 slots 0
[slots] p0 n=11 0:t0@(43,58)w3912 1:t0@(41,59)w13 2:t0@(43,60)w4e12 3:t3@(29,59)w0 4:t3@(30,59)w0 5:t3@(30,60)w0 6:t3@(29,60)w0 7:t4@(30,57)w0 8:t4@(30,56)w0 9:t4@(30,55)w0 10:t6@(28,58)w0
[dbg] ar=57273 am=6 aA=6 aH=0 l=false j=false fullRedraw=false
[fifo] ar=57293 retask 1 44 59
[devMouse] retask slot1 (42,60)w13 -> (44,59)
[dbg] ar=57298 am=6 aA=6 aH=0 l=false j=false fullRedraw=false
[fifo] ar=57301 save /tmp/aoe-camp/m1/t.aoesave
[save] wrote /tmp/aoe-camp/m1/t.aoesave (12294B) ar=57302
[dbg] ar=57323 am=6 aA=6 aH=0 l=false j=false fullRedraw=false
[fifo] ar=57348 slots 0
[slots] p0 n=11 0:t0@(40,58)w13 1:t0@(43,59)w3f12 2:t0@(42,59)w13 3:t3@(29,59)w0 4:t3@(30,59)w0 5:t3@(30,60)w0 6:t3@(29,60)w0 7:t4@(30,57)w0 8:t4@(30,56)w0 9:t4@(30,55)w0 10:t6@(28,58)w0
[dbg] ar=57348 am=6 aA=6 aH=0 l=false j=false fullRedraw=false
[fifo] ar=57373 retask 0 44 58
[devMouse] retask slot0 (42,60)w13 -> (44,58)
[dbg] ar=57373 am=6 aA=6 aH=0 l=false j=false fullRedraw=false
[fifo] ar=57380 retask 2 44 60
[devMouse] retask slot2 (42,59)w13 -> (44,60)
[fifo] ar=57389 save /tmp/aoe-camp/m1/t.aoesave
[save] wrote /tmp/aoe-camp/m1/t.aoesave (12294B) ar=57390
[dbg] ar=57398 am=6 aA=6 aH=0 l=false j=false fullRedraw=false
[dbg] ar=57423 am=6 aA=6 aH=0 l=false j=false fullRedraw=false
[fifo] ar=57435 slots 0
[slots] p0 n=11 0:t0@(43,58)w5412 1:t0@(40,59)w13 2:t0@(43,60)w3c12 3:t3@(29,59)w0 4:t3@(30,59)w0 5:t3@(30,60)w0 6:t3@(29,60)w0 7:t4@(30,57)w0 8:t4@(30,56)w0 9:t4@(30,55)w0 10:t6@(28,58)w0
[dbg] ar=57448 am=6 aA=6 aH=0 l=false j=false fullRedraw=false
[fifo] ar=57461 retask 1 44 59
[devMouse] retask slot1 (43,59)w13 -> (44,59)
[fifo] ar=57469 save /tmp/aoe-camp/m1/t.aoesave
[save] wrote /tmp/aoe-camp/m1/t.aoesave (12294B) ar=57470
[dbg] ar=57473 am=6 aA=6 aH=0 l=false j=false fullRedraw=false
[dbg] ar=57498 am=6 aA=6 aH=0 l=false j=false fullRedraw=false
[fifo] ar=57516 slots 0
[slots] p0 n=11 0:t0@(43,58)w312 1:t0@(43,59)w3412 2:t0@(41,58)w13 3:t3@(29,59)w0 4:t3@(30,59)w0 5:t3@(30,60)w0 6:t3@(29,60)w0 7:t4@(30,57)w0 8:t4@(30,56)w0 9:t4@(30,55)w0 10:t6@(28,58)w0
[dbg] ar=57523 am=6 aA=6 aH=0 l=false j=false fullRedraw=false
[fifo] ar=57540 retask 2 44 60
[devMouse] retask slot2 (39,59)w13 -> (44,60)
[fifo] ar=57548 save /tmp/aoe-camp/m1/t.aoesave
[dbg] ar=57548 am=6 aA=6 aH=0 l=false j=false fullRedraw=false
[save] wrote /tmp/aoe-camp/m1/t.aoesave (12294B) ar=57549
[dbg] ar=57573 am=6 aA=6 aH=0 l=false j=false fullRedraw=false
[fifo] ar=57594 state
[devMouse] aA=6/6 cursor=(31,58) cam=(-523,628) Q=3743 aE=512 Y=0 sel=6
[devMouse] p0 unit 0 tile=(41,60) type=0 sel=true
[devMouse] p0 unit 1 tile=(40,59) type=0 sel=true
[devMouse] p0 unit 2 tile=(43,60) type=0 sel=true
[devMouse] p0 unit 3 tile=(29,59) type=3 sel=true
[devMouse] p0 unit 4 tile=(30,59) type=3 sel=true
[devMouse] p0 unit 5 tile=(30,60) type=3 sel=true
[devMouse] p0 unit 6 tile=(29,60) type=3 sel=true
[devMouse] p0 unit 7 tile=(30,57) type=4 sel=true
[devMouse] p0 unit 8 tile=(30,56) type=4 sel=true
[devMouse] p0 unit 9 tile=(30,55) type=4 sel=true
[devMouse] p0 unit 10 tile=(28,58) type=6 sel=true
[devMouse] p1 unit 0 tile=(48,48) type=3 sel=false
[devMouse] p1 unit 1 tile=(40,34) type=3 sel=false
[devMouse] p1 unit 2 tile=(60,55) type=3 sel=false
[devMouse] p1 unit 3 tile=(61,45) type=3 sel=false
[devMouse] p1 unit 4 tile=(49,24) type=3 sel=false
[devMouse] p1 unit 5 tile=(48,25) type=3 sel=false
[devMouse] p1 unit 6 tile=(54,19) type=3 sel=false
[devMouse] p1 unit 7 tile=(36,23) type=4 sel=false
[devMouse] p1 unit 8 tile=(37,22) type=4 sel=false
[devMouse] p1 unit 9 tile=(49,33) type=4 sel=false
[devMouse] p1 unit 10 tile=(32,17) type=3 sel=false
[devMouse] p1 unit 11 tile=(25,21) type=4 sel=false
[devMouse] p1 unit 12 tile=(22,26) type=3 sel=false
[devMouse] p1 unit 13 tile=(23,27) type=3 sel=false
[devMouse] p1 unit 14 tile=(15,47) type=3 sel=false
[devMouse] p1 unit 15 tile=(16,54) type=3 sel=false
[dbg] ar=57598 am=6 aA=6 aH=0 l=false j=false fullRedraw=false
[dbg] ar=57623 am=6 aA=6 aH=0 l=false j=false fullRedraw=false
[dbg] ar=57648 am=6 aA=6 aH=0 l=false j=false fullRedraw=false
[fifo] ar=57649 slots 0
[slots] p0 n=11 0:t0@(42,58)w13 1:t0@(41,59)w13 2:t0@(43,60)w1e12 3:t3@(29,59)w0 4:t3@(30,59)w0 5:t3@(30,60)w0 6:t3@(29,60)w0 7:t4@(30,57)w0 8:t4@(30,56)w0 9:t4@(30,55)w0 10:t6@(28,58)w0
[fifo] ar=57673 retask 0 44 58
[devMouse] retask slot0 (43,59)w13 -> (44,58)
[dbg] ar=57673 am=6 aA=6 aH=0 l=false j=false fullRedraw=false
[fifo] ar=57681 retask 1 44 59
[devMouse] retask slot1 (42,58)w13 -> (44,59)
[fifo] ar=57689 save /tmp/aoe-camp/m1/t.aoesave
[save] wrote /tmp/aoe-camp/m1/t.aoesave (12294B) ar=57690
[dbg] ar=57698 am=6 aA=6 aH=0 l=false j=false fullRedraw=false
[dbg] ar=57723 am=6 aA=6 aH=0 l=false j=false fullRedraw=false
[fifo] ar=57737 slots 0
[slots] p0 n=11 0:t0@(43,59)w2f12 1:t0@(43,60)w4e12 2:t0@(41,58)w13 3:t3@(29,59)w0 4:t3@(30,59)w0 5:t3@(30,60)w0 6:t3@(29,60)w0 7:t4@(30,57)w0 8:t4@(30,56)w0 9:t4@(30,55)w0 10:t6@(28,58)w0
[dbg] ar=57748 am=6 aA=6 aH=0 l=false j=false fullRedraw=false
[fifo] ar=57760 retask 2 44 60
[devMouse] retask slot2 (43,58)w13 -> (44,60)
[fifo] ar=57769 save /tmp/aoe-camp/m1/t.aoesave
[save] wrote /tmp/aoe-camp/m1/t.aoesave (12294B) ar=57770
[dbg] ar=57773 am=6 aA=6 aH=0 l=false j=false fullRedraw=false
[dbg] ar=57798 am=6 aA=6 aH=0 l=false j=false fullRedraw=false
[fifo] ar=57817 slots 0
[slots] p0 n=11 0:t0@(42,59)w13 1:t0@(43,59)w13 2:t0@(40,59)w0 3:t3@(29,59)w0 4:t3@(30,59)w0 5:t3@(30,60)w0 6:t3@(29,60)w0 7:t4@(30,57)w0 8:t4@(30,56)w0 9:t4@(30,55)w0 10:t6@(28,58)w0
[dbg] ar=57823 am=6 aA=6 aH=0 l=false j=false fullRedraw=false
[fifo] ar=57843 retask 0 44 58
[devMouse] retask slot0 (41,59)w13 -> (44,58)
[dbg] ar=57848 am=6 aA=6 aH=0 l=false j=false fullRedraw=false
[fifo] ar=57850 retask 1 44 59
[devMouse] retask slot1 (43,59)w13 -> (44,59)
[fifo] ar=57859 retask 2 44 60
[devMouse] retask slot2 (43,60)w5e12 -> (44,60)
[fifo] ar=57866 save /tmp/aoe-camp/m1/t.aoesave
[save] wrote /tmp/aoe-camp/m1/t.aoesave (12294B) ar=57867
[dbg] ar=57873 am=6 aA=6 aH=0 l=false j=false fullRedraw=false
[dbg] ar=57898 am=6 aA=6 aH=0 l=false j=false fullRedraw=false
[fifo] ar=57913 slots 0
[slots] p0 n=11 0:t0@(43,58)w3712 1:t0@(43,59)w2912 2:t0@(43,60)w3112 3:t3@(29,59)w0 4:t3@(30,59)w0 5:t3@(30,60)w0 6:t3@(29,60)w0 7:t4@(30,57)w0 8:t4@(30,56)w0 9:t4@(30,55)w0 10:t6@(28,58)w0
[dbg] ar=57923 am=6 aA=6 aH=0 l=false j=false fullRedraw=false
[fifo] ar=57938 save /tmp/aoe-camp/m1/t.aoesave
[save] wrote /tmp/aoe-camp/m1/t.aoesave (12294B) ar=57939
[dbg] ar=57948 am=6 aA=6 aH=0 l=false j=false fullRedraw=false
[dbg] ar=57973 am=6 aA=6 aH=0 l=false j=false fullRedraw=false
[fifo] ar=57985 slots 0
[slots] p0 n=11 0:t0@(41,59)w13 1:t0@(42,58)w13 2:t0@(43,58)w13 3:t3@(29,59)w0 4:t3@(30,59)w0 5:t3@(30,60)w0 6:t3@(29,60)w0 7:t4@(30,57)w0 8:t4@(30,56)w0 9:t4@(30,55)w0 10:t6@(28,58)w0
[dbg] ar=57998 am=6 aA=6 aH=0 l=false j=false fullRedraw=false
[fifo] ar=58010 retask 0 44 58
[devMouse] retask slot0 (42,58)w13 -> (44,58)
[fifo] ar=58018 retask 1 44 59
[devMouse] retask slot1 (42,60)w13 -> (44,59)
[dbg] ar=58023 am=6 aA=6 aH=0 l=false j=false fullRedraw=false
[fifo] ar=58025 retask 2 44 60
[devMouse] retask slot2 (43,59)w13 -> (44,60)
[fifo] ar=58033 save /tmp/aoe-camp/m1/t.aoesave
[save] wrote /tmp/aoe-camp/m1/t.aoesave (12294B) ar=58034
[dbg] ar=58048 am=6 aA=6 aH=0 l=false j=false fullRedraw=false
[dbg] ar=58073 am=6 aA=6 aH=0 l=false j=false fullRedraw=false
[fifo] ar=58080 state
[devMouse] aA=6/6 cursor=(31,58) cam=(-523,628) Q=3743 aE=512 Y=0 sel=6
[devMouse] p0 unit 0 tile=(43,58) type=0 sel=true
[devMouse] p0 unit 1 tile=(43,60) type=0 sel=true
[devMouse] p0 unit 2 tile=(43,59) type=0 sel=true
[devMouse] p0 unit 3 tile=(29,59) type=3 sel=true
[devMouse] p0 unit 4 tile=(30,59) type=3 sel=true
[devMouse] p0 unit 5 tile=(30,60) type=3 sel=true
[devMouse] p0 unit 6 tile=(29,60) type=3 sel=true
[devMouse] p0 unit 7 tile=(30,57) type=4 sel=true
[devMouse] p0 unit 8 tile=(30,56) type=4 sel=true
[devMouse] p0 unit 9 tile=(30,55) type=4 sel=true
[devMouse] p0 unit 10 tile=(28,58) type=6 sel=true
[devMouse] p1 unit 0 tile=(48,48) type=3 sel=false
[devMouse] p1 unit 1 tile=(40,34) type=3 sel=false
[devMouse] p1 unit 2 tile=(60,55) type=3 sel=false
[devMouse] p1 unit 3 tile=(61,45) type=3 sel=false
[devMouse] p1 unit 4 tile=(49,24) type=3 sel=false
[devMouse] p1 unit 5 tile=(48,25) type=3 sel=false
[devMouse] p1 unit 6 tile=(54,19) type=3 sel=false
[devMouse] p1 unit 7 tile=(36,23) type=4 sel=false
[devMouse] p1 unit 8 tile=(37,22) type=4 sel=false
[devMouse] p1 unit 9 tile=(49,33) type=4 sel=false
[devMouse] p1 unit 10 tile=(32,17) type=3 sel=false
[devMouse] p1 unit 11 tile=(25,21) type=4 sel=false
[devMouse] p1 unit 12 tile=(22,26) type=3 sel=false
[devMouse] p1 unit 13 tile=(23,27) type=3 sel=false
[devMouse] p1 unit 14 tile=(15,47) type=3 sel=false
[devMouse] p1 unit 15 tile=(16,54) type=3 sel=false
[dbg] ar=58098 am=6 aA=6 aH=0 l=false j=false fullRedraw=false
[dbg] ar=58123 am=6 aA=6 aH=0 l=false j=false fullRedraw=false
[fifo] ar=58134 slots 0
[slots] p0 n=11 0:t0@(42,59)w13 1:t0@(43,60)w2012 2:t0@(42,60)w13 3:t3@(29,59)w0 4:t3@(30,59)w0 5:t3@(30,60)w0 6:t3@(29,60)w0 7:t4@(30,57)w0 8:t4@(30,56)w0 9:t4@(30,55)w0 10:t6@(28,58)w0
[dbg] ar=58148 am=6 aA=6 aH=0 l=false j=false fullRedraw=false
[fifo] ar=58157 retask 0 44 58
[devMouse] retask slot0 (42,58)w13 -> (44,58)
[fifo] ar=58165 retask 2 44 60
[devMouse] retask slot2 (42,59)w13 -> (44,60)
[fifo] ar=58173 save /tmp/aoe-camp/m1/t.aoesave
[dbg] ar=58173 am=6 aA=6 aH=0 l=false j=false fullRedraw=false
[save] wrote /tmp/aoe-camp/m1/t.aoesave (12294B) ar=58174
[dbg] ar=58198 am=6 aA=6 aH=0 l=false j=false fullRedraw=false
[fifo] ar=58221 slots 0
[slots] p0 n=11 0:t0@(43,58)w3412 1:t0@(43,59)w13 2:t0@(43,60)w4012 3:t3@(29,59)w0 4:t3@(30,59)w0 5:t3@(30,60)w0 6:t3@(29,60)w0 7:t4@(30,57)w0 8:t4@(30,56)w0 9:t4@(30,55)w0 10:t6@(28,58)w0
[dbg] ar=58223 am=6 aA=6 aH=0 l=false j=false fullRedraw=false
[fifo] ar=58245 retask 1 44 59
[devMouse] retask slot1 (41,60)w13 -> (44,59)
[dbg] ar=58248 am=6 aA=6 aH=0 l=false j=false fullRedraw=false
[fifo] ar=58254 save /tmp/aoe-camp/m1/t.aoesave
[save] wrote /tmp/aoe-camp/m1/t.aoesave (12294B) ar=58255
[dbg] ar=58273 am=6 aA=6 aH=0 l=false j=false fullRedraw=false
[dbg] ar=58298 am=6 aA=6 aH=0 l=false j=false fullRedraw=false
[fifo] ar=58300 slots 0
[slots] p0 n=11 0:t0@(40,58)w13 1:t0@(43,59)w4312 2:t0@(42,58)w13 3:t3@(29,59)w0 4:t3@(30,59)w0 5:t3@(30,60)w0 6:t3@(29,60)w0 7:t4@(30,57)w0 8:t4@(30,56)w0 9:t4@(30,55)w0 10:t6@(28,58)w0
[dbg] ar=58323 am=6 aA=6 aH=0 l=false j=false fullRedraw=false
[fifo] ar=58325 retask 0 44 58
[devMouse] retask slot0 (43,58)w13 -> (44,58)
[fifo] ar=58334 retask 2 44 60
[devMouse] retask slot2 (40,58)w13 -> (44,60)
[fifo] ar=58341 save /tmp/aoe-camp/m1/t.aoesave
[save] wrote /tmp/aoe-camp/m1/t.aoesave (12294B) ar=58342
[dbg] ar=58348 am=6 aA=6 aH=0 l=false j=false fullRedraw=false
[dbg] ar=58373 am=6 aA=6 aH=0 l=false j=false fullRedraw=false
[fifo] ar=58388 slots 0
[slots] p0 n=11 0:t0@(43,58)w2a12 1:t0@(40,59)w13 2:t0@(43,60)w5112 3:t3@(29,59)w0 4:t3@(30,59)w0 5:t3@(30,60)w0 6:t3@(29,60)w0 7:t4@(30,57)w0 8:t4@(30,56)w0 9:t4@(30,55)w0 10:t6@(28,58)w0
[dbg] ar=58398 am=6 aA=6 aH=0 l=false j=false fullRedraw=false
[fifo] ar=58413 retask 1 44 59
[devMouse] retask slot1 (43,59)w13 -> (44,59)
[fifo] ar=58422 save /tmp/aoe-camp/m1/t.aoesave
[save] wrote /tmp/aoe-camp/m1/t.aoesave (12294B) ar=58423
[dbg] ar=58423 am=6 aA=6 aH=0 l=false j=false fullRedraw=false
[dbg] ar=58448 am=6 aA=6 aH=0 l=false j=false fullRedraw=false
[fifo] ar=58468 slots 0
[slots] p0 n=11 0:t0@(42,58)w13 1:t0@(43,59)w3812 2:t0@(43,60)w112 3:t3@(29,59)w0 4:t3@(30,59)w0 5:t3@(30,60)w0 6:t3@(29,60)w0 7:t4@(30,57)w0 8:t4@(30,56)w0 9:t4@(30,55)w0 10:t6@(28,58)w0
[dbg] ar=58473 am=6 aA=6 aH=0 l=false j=false fullRedraw=false
[fifo] ar=58492 retask 0 44 58
[devMouse] retask slot0 (42,59)w13 -> (44,58)
[dbg] ar=58498 am=6 aA=6 aH=0 l=false j=false fullRedraw=false
[fifo] ar=58501 save /tmp/aoe-camp/m1/t.aoesave
[save] wrote /tmp/aoe-camp/m1/t.aoesave (12294B) ar=58502
[dbg] ar=58523 am=6 aA=6 aH=0 l=false j=false fullRedraw=false
[fifo] ar=58548 state
[devMouse] aA=6/6 cursor=(31,58) cam=(-523,628) Q=3743 aE=512 Y=0 sel=6
[devMouse] p0 unit 0 tile=(43,58) type=0 sel=true
[devMouse] p0 unit 1 tile=(41,59) type=0 sel=true
[devMouse] p0 unit 2 tile=(43,59) type=0 sel=true
[devMouse] p0 unit 3 tile=(29,59) type=3 sel=true
[devMouse] p0 unit 4 tile=(30,59) type=3 sel=true
[dbg] ar=58548 am=6 aA=6 aH=0 l=false j=false fullRedraw=false
[devMouse] p0 unit 5 tile=(30,60) type=3 sel=true
[devMouse] p0 unit 6 tile=(29,60) type=3 sel=true
[devMouse] p0 unit 7 tile=(30,57) type=4 sel=true
[devMouse] p0 unit 8 tile=(30,56) type=4 sel=true
[devMouse] p0 unit 9 tile=(30,55) type=4 sel=true
[devMouse] p0 unit 10 tile=(28,58) type=6 sel=true
[devMouse] p1 unit 0 tile=(48,48) type=3 sel=false
[devMouse] p1 unit 1 tile=(40,34) type=3 sel=false
[devMouse] p1 unit 2 tile=(60,55) type=3 sel=false
[devMouse] p1 unit 3 tile=(61,45) type=3 sel=false
[devMouse] p1 unit 4 tile=(49,24) type=3 sel=false
[devMouse] p1 unit 5 tile=(48,25) type=3 sel=false
[devMouse] p1 unit 6 tile=(54,19) type=3 sel=false
[devMouse] p1 unit 7 tile=(36,23) type=4 sel=false
[devMouse] p1 unit 8 tile=(37,22) type=4 sel=false
[devMouse] p1 unit 9 tile=(49,33) type=4 sel=false
[devMouse] p1 unit 10 tile=(32,17) type=3 sel=false
[devMouse] p1 unit 11 tile=(25,21) type=4 sel=false
[devMouse] p1 unit 12 tile=(22,26) type=3 sel=false
[devMouse] p1 unit 13 tile=(23,27) type=3 sel=false
[devMouse] p1 unit 14 tile=(15,47) type=3 sel=false
[devMouse] p1 unit 15 tile=(16,54) type=3 sel=false
[dbg] ar=58573 am=6 aA=6 aH=0 l=false j=false fullRedraw=false
[dbg] ar=58598 am=6 aA=6 aH=0 l=false j=false fullRedraw=false
[fifo] ar=58604 slots 0
[slots] p0 n=11 0:t0@(43,58)w2612 1:t0@(42,59)w13 2:t0@(43,60)w13 3:t3@(29,59)w0 4:t3@(30,59)w0 5:t3@(30,60)w0 6:t3@(29,60)w0 7:t4@(30,57)w0 8:t4@(30,56)w0 9:t4@(30,55)w0 10:t6@(28,58)w0
[dbg] ar=58623 am=6 aA=6 aH=0 l=false j=false fullRedraw=false
[fifo] ar=58627 retask 1 44 59
[devMouse] retask slot1 (42,60)w13 -> (44,59)
[fifo] ar=58634 retask 2 44 60
[devMouse] retask slot2 (43,59)w13 -> (44,60)
[fifo] ar=58642 save /tmp/aoe-camp/m1/t.aoesave
[save] wrote /tmp/aoe-camp/m1/t.aoesave (12294B) ar=58643
[dbg] ar=58648 am=6 aA=6 aH=0 l=false j=false fullRedraw=false
[dbg] ar=58673 am=6 aA=6 aH=0 l=false j=false fullRedraw=false
[fifo] ar=58690 slots 0
[slots] p0 n=11 0:t0@(43,58)w13 1:t0@(42,59)w0 2:t0@(43,59)w3612 3:t3@(29,59)w0 4:t3@(30,59)w0 5:t3@(30,60)w0 6:t3@(29,60)w0 7:t4@(30,57)w0 8:t4@(30,56)w0 9:t4@(30,55)w0 10:t6@(28,58)w0
[dbg] ar=58698 am=6 aA=6 aH=0 l=false j=false fullRedraw=false
[fifo] ar=58713 retask 0 44 58
[devMouse] retask slot0 (41,59)w13 -> (44,58)
[fifo] ar=58721 retask 1 44 59
[devMouse] retask slot1 (42,59)w0 -> (44,59)
[dbg] ar=58723 am=6 aA=6 aH=0 l=false j=false fullRedraw=false
[fifo] ar=58729 save /tmp/aoe-camp/m1/t.aoesave
[save] wrote /tmp/aoe-camp/m1/t.aoesave (12294B) ar=58730
[dbg] ar=58748 am=6 aA=6 aH=0 l=false j=false fullRedraw=false
[dbg] ar=58773 am=6 aA=6 aH=0 l=false j=false fullRedraw=false
[fifo] ar=58777 slots 0
[slots] p0 n=11 0:t0@(43,58)w4d12 1:t0@(43,59)w5512 2:t0@(42,59)w13 3:t3@(29,59)w0 4:t3@(30,59)w0 5:t3@(30,60)w0 6:t3@(29,60)w0 7:t4@(30,57)w0 8:t4@(30,56)w0 9:t4@(30,55)w0 10:t6@(28,58)w0
[dbg] ar=58798 am=6 aA=6 aH=0 l=false j=false fullRedraw=false
[fifo] ar=58801 retask 2 44 60
[devMouse] retask slot2 (41,59)w13 -> (44,60)
[fifo] ar=58808 save /tmp/aoe-camp/m1/t.aoesave
[save] wrote /tmp/aoe-camp/m1/t.aoesave (12294B) ar=58809
[dbg] ar=58823 am=6 aA=6 aH=0 l=false j=false fullRedraw=false
[dbg] ar=58848 am=6 aA=6 aH=0 l=false j=false fullRedraw=false
[fifo] ar=58855 slots 0
[slots] p0 n=11 0:t0@(42,59)w13 1:t0@(43,59)w612 2:t0@(43,60)w4812 3:t3@(29,59)w0 4:t3@(30,59)w0 5:t3@(30,60)w0 6:t3@(29,60)w0 7:t4@(30,57)w0 8:t4@(30,56)w0 9:t4@(30,55)w0 10:t6@(28,58)w0
[dbg] ar=58873 am=6 aA=6 aH=0 l=false j=false fullRedraw=false
[fifo] ar=58881 retask 0 44 58
[devMouse] retask slot0 (42,58)w13 -> (44,58)
[fifo] ar=58889 save /tmp/aoe-camp/m1/t.aoesave
[save] wrote /tmp/aoe-camp/m1/t.aoesave (12294B) ar=58890
[dbg] ar=58898 am=6 aA=6 aH=0 l=false j=false fullRedraw=false
[dbg] ar=58923 am=6 aA=6 aH=0 l=false j=false fullRedraw=false
[fifo] ar=58935 slots 0
[slots] p0 n=11 0:t0@(43,58)w4212 1:t0@(41,59)w13 2:t0@(43,59)w13 3:t3@(29,59)w0 4:t3@(30,59)w0 5:t3@(30,60)w0 6:t3@(29,60)w0 7:t4@(30,57)w0 8:t4@(30,56)w0 9:t4@(30,55)w0 10:t6@(28,58)w0
[dbg] ar=58948 am=6 aA=6 aH=0 l=false j=false fullRedraw=false
[fifo] ar=58960 retask 1 44 59
[devMouse] retask slot1 (43,59)w13 -> (44,59)
[fifo] ar=58968 retask 2 44 60
[devMouse] retask slot2 (41,59)w13 -> (44,60)
[dbg] ar=58973 am=6 aA=6 aH=0 l=false j=false fullRedraw=false
[fifo] ar=58976 save /tmp/aoe-camp/m1/t.aoesave
[save] wrote /tmp/aoe-camp/m1/t.aoesave (12294B) ar=58977
[dbg] ar=58998 am=6 aA=6 aH=0 l=false j=false fullRedraw=false
[dbg] ar=59023 am=6 aA=6 aH=0 l=false j=false fullRedraw=false
[fifo] ar=59025 state
[devMouse] aA=6/6 cursor=(31,58) cam=(-523,628) Q=3743 aE=512 Y=0 sel=6
[devMouse] p0 unit 0 tile=(40,58) type=0 sel=true
[devMouse] p0 unit 1 tile=(43,59) type=0 sel=true
[devMouse] p0 unit 2 tile=(43,60) type=0 sel=true
[devMouse] p0 unit 3 tile=(29,59) type=3 sel=true
[devMouse] p0 unit 4 tile=(30,59) type=3 sel=true
[devMouse] p0 unit 5 tile=(30,60) type=3 sel=true
[devMouse] p0 unit 6 tile=(29,60) type=3 sel=true
[devMouse] p0 unit 7 tile=(30,57) type=4 sel=true
[devMouse] p0 unit 8 tile=(30,56) type=4 sel=true
[devMouse] p0 unit 9 tile=(30,55) type=4 sel=true
[devMouse] p0 unit 10 tile=(28,58) type=6 sel=true
[devMouse] p1 unit 0 tile=(48,48) type=3 sel=false
[devMouse] p1 unit 1 tile=(40,34) type=3 sel=false
[devMouse] p1 unit 2 tile=(60,55) type=3 sel=false
[devMouse] p1 unit 3 tile=(61,45) type=3 sel=false
[devMouse] p1 unit 4 tile=(49,24) type=3 sel=false
[devMouse] p1 unit 5 tile=(48,25) type=3 sel=false
[devMouse] p1 unit 6 tile=(54,19) type=3 sel=false
[devMouse] p1 unit 7 tile=(36,23) type=4 sel=false
[devMouse] p1 unit 8 tile=(37,22) type=4 sel=false
[devMouse] p1 unit 9 tile=(49,33) type=4 sel=false
[devMouse] p1 unit 10 tile=(32,17) type=3 sel=false
[devMouse] p1 unit 11 tile=(25,21) type=4 sel=false
[devMouse] p1 unit 12 tile=(22,26) type=3 sel=false
[devMouse] p1 unit 13 tile=(23,27) type=3 sel=false
[devMouse] p1 unit 14 tile=(15,47) type=3 sel=false
[devMouse] p1 unit 15 tile=(16,54) type=3 sel=false
[dbg] ar=59048 am=6 aA=6 aH=0 l=false j=false fullRedraw=false
[dbg] ar=59073 am=6 aA=6 aH=0 l=false j=false fullRedraw=false
[fifo] ar=59078 slots 0
[slots] p0 n=11 0:t0@(43,58)w13 1:t0@(42,58)w13 2:t0@(43,60)wf12 3:t3@(29,59)w0 4:t3@(30,59)w0 5:t3@(30,60)w0 6:t3@(29,60)w0 7:t4@(30,57)w0 8:t4@(30,56)w0 9:t4@(30,55)w0 10:t6@(28,58)w0
[dbg] ar=59098 am=6 aA=6 aH=0 l=false j=false fullRedraw=false
[fifo] ar=59102 retask 0 44 58
[devMouse] retask slot0 (42,59)w13 -> (44,58)
[fifo] ar=59104 retask 1 44 59
[devMouse] retask slot1 (43,60)w13 -> (44,59)
[fifo] ar=59112 save /tmp/aoe-camp/m1/t.aoesave
[save] wrote /tmp/aoe-camp/m1/t.aoesave (12294B) ar=59113
[dbg] ar=59123 am=6 aA=6 aH=0 l=false j=false fullRedraw=false
[dbg] ar=59148 am=6 aA=6 aH=0 l=false j=false fullRedraw=false
[fifo] ar=59160 slots 0
[slots] p0 n=11 0:t0@(43,58)w3d12 1:t0@(43,60)w3312 2:t0@(42,60)w13 3:t3@(29,59)w0 4:t3@(30,59)w0 5:t3@(30,60)w0 6:t3@(29,60)w0 7:t4@(30,57)w0 8:t4@(30,56)w0 9:t4@(30,55)w0 10:t6@(28,58)w0
[dbg] ar=59173 am=6 aA=6 aH=0 l=false j=false fullRedraw=false
[fifo] ar=59185 retask 2 44 60
[devMouse] retask slot2 (41,59)w13 -> (44,60)
[fifo] ar=59193 save /tmp/aoe-camp/m1/t.aoesave
[save] wrote /tmp/aoe-camp/m1/t.aoesave (12294B) ar=59194
[dbg] ar=59198 am=6 aA=6 aH=0 l=false j=false fullRedraw=false
[dbg] ar=59223 am=6 aA=6 aH=0 l=false j=false fullRedraw=false
[fifo] ar=59242 slots 0
[slots] p0 n=11 0:t0@(43,60)w13 1:t0@(43,59)w13 2:t0@(42,58)w0 3:t3@(29,59)w0 4:t3@(30,59)w0 5:t3@(30,60)w0 6:t3@(29,60)w0 7:t4@(30,57)w0 8:t4@(30,56)w0 9:t4@(30,55)w0 10:t6@(28,58)w0
[dbg] ar=59248 am=6 aA=6 aH=0 l=false j=false fullRedraw=false
[fifo] ar=59267 retask 0 44 58
[devMouse] retask slot0 (43,58)w13 -> (44,58)
[dbg] ar=59273 am=6 aA=6 aH=0 l=false j=false fullRedraw=false
[fifo] ar=59275 retask 1 44 59
[devMouse] retask slot1 (42,58)w13 -> (44,59)
[fifo] ar=59283 retask 2 44 60
[devMouse] retask slot2 (39,58)w0 -> (44,60)
[fifo] ar=59291 save /tmp/aoe-camp/m1/t.aoesave
[save] wrote /tmp/aoe-camp/m1/t.aoesave (12294B) ar=59292
[dbg] ar=59298 am=6 aA=6 aH=0 l=false j=false fullRedraw=false
[dbg] ar=59323 am=6 aA=6 aH=0 l=false j=false fullRedraw=false
[fifo] ar=59336 slots 0
[slots] p0 n=11 0:t0@(43,58)w2a12 1:t0@(43,59)w3b12 2:t0@(43,60)w5e12 3:t3@(29,59)w0 4:t3@(30,59)w0 5:t3@(30,60)w0 6:t3@(29,60)w0 7:t4@(30,57)w0 8:t4@(30,56)w0 9:t4@(30,55)w0 10:t6@(28,58)w0
[dbg] ar=59348 am=6 aA=6 aH=0 l=false j=false fullRedraw=false
[fifo] ar=59361 save /tmp/aoe-camp/m1/t.aoesave
[save] wrote /tmp/aoe-camp/m1/t.aoesave (12294B) ar=59362
[dbg] ar=59373 am=6 aA=6 aH=0 l=false j=false fullRedraw=false
[dbg] ar=59398 am=6 aA=6 aH=0 l=false j=false fullRedraw=false
[fifo] ar=59407 slots 0
[slots] p0 n=11 0:t0@(42,59)w13 1:t0@(44,58)w13 2:t0@(43,60)w1712 3:t3@(29,59)w0 4:t3@(30,59)w0 5:t3@(30,60)w0 6:t3@(29,60)w0 7:t4@(30,57)w0 8:t4@(30,56)w0 9:t4@(30,55)w0 10:t6@(28,58)w0
[dbg] ar=59423 am=6 aA=6 aH=0 l=false j=false fullRedraw=false
[fifo] ar=59431 retask 0 44 58
[devMouse] retask slot0 (42,58)w13 -> (44,58)
[fifo] ar=59439 retask 1 44 59
[devMouse] retask slot1 (41,58)w13 -> (44,59)
[fifo] ar=59446 save /tmp/aoe-camp/m1/t.aoesave
[save] wrote /tmp/aoe-camp/m1/t.aoesave (12294B) ar=59447
[dbg] ar=59448 am=6 aA=6 aH=0 l=false j=false fullRedraw=false
[dbg] ar=59473 am=6 aA=6 aH=0 l=false j=false fullRedraw=false
[fifo] ar=59492 state
[devMouse] aA=6/6 cursor=(31,58) cam=(-523,628) Q=3743 aE=512 Y=0 sel=6
[devMouse] p0 unit 0 tile=(43,58) type=0 sel=true
[devMouse] p0 unit 1 tile=(43,59) type=0 sel=true
[devMouse] p0 unit 2 tile=(44,58) type=0 sel=true
[devMouse] p0 unit 3 tile=(29,59) type=3 sel=true
[devMouse] p0 unit 4 tile=(30,59) type=3 sel=true
[devMouse] p0 unit 5 tile=(30,60) type=3 sel=true
[devMouse] p0 unit 6 tile=(29,60) type=3 sel=true
[devMouse] p0 unit 7 tile=(30,57) type=4 sel=true
[devMouse] p0 unit 8 tile=(30,56) type=4 sel=true
[devMouse] p0 unit 9 tile=(30,55) type=4 sel=true
[devMouse] p0 unit 10 tile=(28,58) type=6 sel=true
[devMouse] p1 unit 0 tile=(48,48) type=3 sel=false
[devMouse] p1 unit 1 tile=(40,34) type=3 sel=false
[devMouse] p1 unit 2 tile=(60,55) type=3 sel=false
[devMouse] p1 unit 3 tile=(61,45) type=3 sel=false
[devMouse] p1 unit 4 tile=(49,24) type=3 sel=false
[devMouse] p1 unit 5 tile=(48,25) type=3 sel=false
[devMouse] p1 unit 6 tile=(54,19) type=3 sel=false
[devMouse] p1 unit 7 tile=(36,23) type=4 sel=false
[devMouse] p1 unit 8 tile=(37,22) type=4 sel=false
[devMouse] p1 unit 9 tile=(49,33) type=4 sel=false
[devMouse] p1 unit 10 tile=(32,17) type=3 sel=false
[devMouse] p1 unit 11 tile=(25,21) type=4 sel=false
[devMouse] p1 unit 12 tile=(22,26) type=3 sel=false
[devMouse] p1 unit 13 tile=(23,27) type=3 sel=false
[devMouse] p1 unit 14 tile=(15,47) type=3 sel=false
[devMouse] p1 unit 15 tile=(16,54) type=3 sel=false
[dbg] ar=59498 am=6 aA=6 aH=0 l=false j=false fullRedraw=false
[dbg] ar=59523 am=6 aA=6 aH=0 l=false j=false fullRedraw=false
[fifo] ar=59546 slots 0
[slots] p0 n=11 0:t0@(43,58)w0 1:t0@(43,59)wf12 2:t0@(44,58)w13 3:t3@(29,59)w0 4:t3@(30,59)w0 5:t3@(30,60)w0 6:t3@(29,60)w0 7:t4@(30,57)w0 8:t4@(30,56)w0 9:t4@(30,55)w0 10:t6@(28,58)w0
[dbg] ar=59548 am=6 aA=6 aH=0 l=false j=false fullRedraw=false
[fifo] ar=59569 retask 0 44 58
[devMouse] retask slot0 (43,58)w0 -> (44,58)
[dbg] ar=59573 am=6 aA=6 aH=0 l=false j=false fullRedraw=false
[fifo] ar=59576 retask 2 44 60
[devMouse] retask slot2 (43,60)w13 -> (44,60)
[fifo] ar=59584 save /tmp/aoe-camp/m1/t.aoesave
[save] wrote /tmp/aoe-camp/m1/t.aoesave (12294B) ar=59585
[dbg] ar=59598 am=6 aA=6 aH=0 l=false j=false fullRedraw=false
[dbg] ar=59623 am=6 aA=6 aH=0 l=false j=false fullRedraw=false
[fifo] ar=59630 slots 0
[slots] p0 n=11 0:t0@(43,58)w0 1:t0@(42,59)w13 2:t0@(43,60)w3312 3:t3@(29,59)w0 4:t3@(30,59)w0 5:t3@(30,60)w0 6:t3@(29,60)w0 7:t4@(30,57)w0 8:t4@(30,56)w0 9:t4@(30,55)w0 10:t6@(28,58)w0
[dbg] ar=59648 am=6 aA=6 aH=0 l=false j=false fullRedraw=false
[fifo] ar=59654 retask 0 44 58
[devMouse] retask slot0 (43,58)w0 -> (44,58)
[fifo] ar=59662 retask 1 44 59
[devMouse] retask slot1 (43,59)w13 -> (44,59)
[fifo] ar=59670 save /tmp/aoe-camp/m1/t.aoesave
[save] wrote /tmp/aoe-camp/m1/t.aoesave (12294B) ar=59671
[dbg] ar=59673 am=6 aA=6 aH=0 l=false j=false fullRedraw=false
[dbg] ar=59698 am=6 aA=6 aH=0 l=false j=false fullRedraw=false
[fifo] ar=59714 slots 0
[slots] p0 n=11 0:t0@(43,58)w0 1:t0@(44,59)w0 2:t0@(44,58)w13 3:t3@(29,59)w0 4:t3@(30,59)w0 5:t3@(30,60)w0 6:t3@(29,60)w0 7:t4@(30,57)w0 8:t4@(30,56)w0 9:t4@(30,55)w0 10:t6@(28,58)w0
[dbg] ar=59723 am=6 aA=6 aH=0 l=false j=false fullRedraw=false
[fifo] ar=59740 retask 0 45 58
[devMouse] retask slot0 (43,58)w0 -> (45,58)
[fifo] ar=59748 retask 1 44 59
[devMouse] retask slot1 (44,59)w0 -> (44,59)
[dbg] ar=59748 am=6 aA=6 aH=0 l=false j=false fullRedraw=false
[fifo] ar=59755 retask 2 44 60
[devMouse] retask slot2 (42,59)w13 -> (44,60)
[fifo] ar=59763 save /tmp/aoe-camp/m1/t.aoesave
[save] wrote /tmp/aoe-camp/m1/t.aoesave (12294B) ar=59764
[dbg] ar=59773 am=6 aA=6 aH=0 l=false j=false fullRedraw=false
[dbg] ar=59798 am=6 aA=6 aH=0 l=false j=false fullRedraw=false
[fifo] ar=59809 slots 0
[slots] p0 n=11 0:t0@(44,58)w3412 1:t0@(44,59)w0 2:t0@(43,60)w3d12 3:t3@(29,59)w0 4:t3@(30,59)w0 5:t3@(30,60)w0 6:t3@(29,60)w0 7:t4@(30,57)w0 8:t4@(30,56)w0 9:t4@(30,55)w0 10:t6@(28,58)w0
[dbg] ar=59823 am=6 aA=6 aH=0 l=false j=false fullRedraw=false
[fifo] ar=59834 retask 1 45 59
[devMouse] retask slot1 (44,59)w0 -> (45,59)
[fifo] ar=59841 save /tmp/aoe-camp/m1/t.aoesave
[save] wrote /tmp/aoe-camp/m1/t.aoesave (12294B) ar=59843
[dbg] ar=59848 am=6 aA=6 aH=0 l=false j=false fullRedraw=false
[dbg] ar=59873 am=6 aA=6 aH=0 l=false j=false fullRedraw=false
[fifo] ar=59887 slots 0
[slots] p0 n=11 0:t0@(41,58)w13 1:t0@(44,59)w3212 2:t0@(44,58)w13 3:t3@(29,59)w0 4:t3@(30,59)w0 5:t3@(30,60)w0 6:t3@(29,60)w0 7:t4@(30,57)w0 8:t4@(30,56)w0 9:t4@(30,55)w0 10:t6@(28,58)w0
[dbg] ar=59898 am=6 aA=6 aH=0 l=false j=false fullRedraw=false
[fifo] ar=59911 retask 0 45 58
[devMouse] retask slot0 (43,60)w13 -> (45,58)
[fifo] ar=59919 retask 2 44 60
[devMouse] retask slot2 (44,58)w13 -> (44,60)
[dbg] ar=59923 am=6 aA=6 aH=0 l=false j=false fullRedraw=false
[fifo] ar=59927 save /tmp/aoe-camp/m1/t.aoesave
[save] wrote /tmp/aoe-camp/m1/t.aoesave (12294B) ar=59928
[dbg] ar=59948 am=6 aA=6 aH=0 l=false j=false fullRedraw=false
[fifo] ar=59973 state
[devMouse] aA=6/6 cursor=(31,58) cam=(-523,628) Q=3743 aE=512 Y=0 sel=6
[devMouse] p0 unit 0 tile=(44,58) type=0 sel=true
[devMouse] p0 unit 1 tile=(43,58) type=0 sel=true
[devMouse] p0 unit 2 tile=(43,60) type=0 sel=true
[devMouse] p0 unit 3 tile=(29,59) type=3 sel=true
[devMouse] p0 unit 4 tile=(30,59) type=3 sel=true
[devMouse] p0 unit 5 tile=(30,60) type=3 sel=true
[devMouse] p0 unit 6 tile=(29,60) type=3 sel=true
[devMouse] p0 unit 7 tile=(30,57) type=4 sel=true
[devMouse] p0 unit 8 tile=(30,56) type=4 sel=true
[devMouse] p0 unit 9 tile=(30,55) type=4 sel=true
[devMouse] p0 unit 10 tile=(28,58) type=6 sel=true
[devMouse] p1 unit 0 tile=(48,48) type=3 sel=false
[devMouse] p1 unit 1 tile=(40,34) type=3 sel=false
[devMouse] p1 unit 2 tile=(60,55) type=3 sel=false
[devMouse] p1 unit 3 tile=(61,45) type=3 sel=false
[devMouse] p1 unit 4 tile=(49,24) type=3 sel=false
[devMouse] p1 unit 5 tile=(48,25) type=3 sel=false
[devMouse] p1 unit 6 tile=(54,19) type=3 sel=false
[devMouse] p1 unit 7 tile=(36,23) type=4 sel=false
[devMouse] p1 unit 8 tile=(37,22) type=4 sel=false
[devMouse] p1 unit 9 tile=(49,33) type=4 sel=false
[devMouse] p1 unit 10 tile=(32,17) type=3 sel=false
[devMouse] p1 unit 11 tile=(25,21) type=4 sel=false
[devMouse] p1 unit 12 tile=(22,26) type=3 sel=false
[devMouse] p1 unit 13 tile=(23,27) type=3 sel=false
[devMouse] p1 unit 14 tile=(15,47) type=3 sel=false
[devMouse] p1 unit 15 tile=(16,54) type=3 sel=false
[dbg] ar=59973 am=6 aA=6 aH=0 l=false j=false fullRedraw=false
[dbg] ar=59998 am=6 aA=6 aH=0 l=false j=false fullRedraw=false
[dbg] ar=60023 am=6 aA=6 aH=0 l=false j=false fullRedraw=false
[fifo] ar=60028 slots 0
[slots] p0 n=11 0:t0@(44,58)w2312 1:t0@(42,58)w13 2:t0@(43,60)w1a12 3:t3@(29,59)w0 4:t3@(30,59)w0 5:t3@(30,60)w0 6:t3@(29,60)w0 7:t4@(30,57)w0 8:t4@(30,56)w0 9:t4@(30,55)w0 10:t6@(28,58)w0
[dbg] ar=60048 am=6 aA=6 aH=0 l=false j=false fullRedraw=false
[fifo] ar=60052 retask 1 45 59
[devMouse] retask slot1 (42,59)w13 -> (45,59)
[fifo] ar=60060 save /tmp/aoe-camp/m1/t.aoesave
[save] wrote /tmp/aoe-camp/m1/t.aoesave (12294B) ar=60061
[dbg] ar=60073 am=6 aA=6 aH=0 l=false j=false fullRedraw=false
[dbg] ar=60098 am=6 aA=6 aH=0 l=false j=false fullRedraw=false
[fifo] ar=60106 slots 0
[slots] p0 n=11 0:t0@(43,60)w13 1:t0@(44,58)w4512 2:t0@(44,59)w13 3:t3@(29,59)w0 4:t3@(30,59)w0 5:t3@(30,60)w0 6:t3@(29,60)w0 7:t4@(30,57)w0 8:t4@(30,56)w0 9:t4@(30,55)w0 10:t6@(28,58)w0
[dbg] ar=60123 am=6 aA=6 aH=0 l=false j=false fullRedraw=false
[fifo] ar=60131 retask 0 45 58
[devMouse] retask slot0 (42,59)w13 -> (45,58)
[fifo] ar=60139 retask 2 44 60
[devMouse] retask slot2 (42,59)w13 -> (44,60)
[fifo] ar=60146 save /tmp/aoe-camp/m1/t.aoesave
[save] wrote /tmp/aoe-camp/m1/t.aoesave (12294B) ar=60147
[dbg] ar=60148 am=6 aA=6 aH=0 l=false j=false fullRedraw=false
[dbg] ar=60173 am=6 aA=6 aH=0 l=false j=false fullRedraw=false
[fifo] ar=60193 slots 0
[slots] p0 n=11 0:t0@(44,59)w4812 1:t0@(42,59)w13 2:t0@(43,59)w4812 3:t3@(29,59)w0 4:t3@(30,59)w0 5:t3@(30,60)w0 6:t3@(29,60)w0 7:t4@(30,57)w0 8:t4@(30,56)w0 9:t4@(30,55)w0 10:t6@(28,58)w0
[dbg] ar=60198 am=6 aA=6 aH=0 l=false j=false fullRedraw=false
[fifo] ar=60219 retask 1 45 59
[devMouse] retask slot1 (41,58)w13 -> (45,59)
[dbg] ar=60223 am=6 aA=6 aH=0 l=false j=false fullRedraw=false
[fifo] ar=60227 save /tmp/aoe-camp/m1/t.aoesave
[save] wrote /tmp/aoe-camp/m1/t.aoesave (12294B) ar=60228
[dbg] ar=60248 am=6 aA=6 aH=0 l=false j=false fullRedraw=false
[fifo] ar=60273 slots 0
[slots] p0 n=11 0:t0@(44,58)w13 1:t0@(43,58)w0 2:t0@(44,59)w13 3:t3@(29,59)w0 4:t3@(30,59)w0 5:t3@(30,60)w0 6:t3@(29,60)w0 7:t4@(30,57)w0 8:t4@(30,56)w0 9:t4@(30,55)w0 10:t6@(28,58)w0
[dbg] ar=60273 am=6 aA=6 aH=0 l=false j=false fullRedraw=false
[fifo] ar=60298 retask 0 45 58
[devMouse] retask slot0 (44,58)w13 -> (45,58)
[dbg] ar=60298 am=6 aA=6 aH=0 l=false j=false fullRedraw=false
[fifo] ar=60306 retask 1 45 59
[devMouse] retask slot1 (44,59)w6212 -> (45,59)
[fifo] ar=60313 retask 2 44 60
[devMouse] retask slot2 (43,60)w13 -> (44,60)
[fifo] ar=60322 save /tmp/aoe-camp/m1/t.aoesave
[save] wrote /tmp/aoe-camp/m1/t.aoesave (12294B) ar=60323
[dbg] ar=60323 am=6 aA=6 aH=0 l=false j=false fullRedraw=false
[dbg] ar=60348 am=6 aA=6 aH=0 l=false j=false fullRedraw=false
[fifo] ar=60368 slots 0
[slots] p0 n=11 0:t0@(44,58)w2412 1:t0@(44,59)w2912 2:t0@(43,60)w3612 3:t3@(29,59)w0 4:t3@(30,59)w0 5:t3@(30,60)w0 6:t3@(29,60)w0 7:t4@(30,57)w0 8:t4@(30,56)w0 9:t4@(30,55)w0 10:t6@(28,58)w0
[dbg] ar=60373 am=6 aA=6 aH=0 l=false j=false fullRedraw=false
[fifo] ar=60393 save /tmp/aoe-camp/m1/t.aoesave
[save] wrote /tmp/aoe-camp/m1/t.aoesave (12294B) ar=60394
[dbg] ar=60398 am=6 aA=6 aH=0 l=false j=false fullRedraw=false
[dbg] ar=60423 am=6 aA=6 aH=0 l=false j=false fullRedraw=false
[fifo] ar=60439 state
[devMouse] aA=6/6 cursor=(31,58) cam=(-523,628) Q=3743 aE=512 Y=0 sel=6
[devMouse] p0 unit 0 tile=(43,58) type=0 sel=true
[devMouse] p0 unit 1 tile=(43,59) type=0 sel=true
[devMouse] p0 unit 2 tile=(44,58) type=0 sel=true
[devMouse] p0 unit 3 tile=(29,59) type=3 sel=true
[devMouse] p0 unit 4 tile=(30,59) type=3 sel=true
[devMouse] p0 unit 5 tile=(30,60) type=3 sel=true
[devMouse] p0 unit 6 tile=(29,60) type=3 sel=true
[devMouse] p0 unit 7 tile=(30,57) type=4 sel=true
[devMouse] p0 unit 8 tile=(30,56) type=4 sel=true
[devMouse] p0 unit 9 tile=(30,55) type=4 sel=true
[devMouse] p0 unit 10 tile=(28,58) type=6 sel=true
[devMouse] p1 unit 0 tile=(48,48) type=3 sel=false
[devMouse] p1 unit 1 tile=(40,34) type=3 sel=false
[devMouse] p1 unit 2 tile=(60,55) type=3 sel=false
[devMouse] p1 unit 3 tile=(61,45) type=3 sel=false
[devMouse] p1 unit 4 tile=(49,24) type=3 sel=false
[devMouse] p1 unit 5 tile=(48,25) type=3 sel=false
[devMouse] p1 unit 6 tile=(54,19) type=3 sel=false
[devMouse] p1 unit 7 tile=(36,23) type=4 sel=false
[devMouse] p1 unit 8 tile=(37,22) type=4 sel=false
[devMouse] p1 unit 9 tile=(49,33) type=4 sel=false
[devMouse] p1 unit 10 tile=(32,17) type=3 sel=false
[devMouse] p1 unit 11 tile=(25,21) type=4 sel=false
[devMouse] p1 unit 12 tile=(22,26) type=3 sel=false
[devMouse] p1 unit 13 tile=(23,27) type=3 sel=false
[devMouse] p1 unit 14 tile=(15,47) type=3 sel=false
[devMouse] p1 unit 15 tile=(16,54) type=3 sel=false
[dbg] ar=60448 am=6 aA=6 aH=0 l=false j=false fullRedraw=false
[dbg] ar=60473 am=6 aA=6 aH=0 l=false j=false fullRedraw=false
[fifo] ar=60492 slots 0
[slots] p0 n=11 0:t0@(42,59)w13 1:t0@(44,59)w13 2:t0@(43,58)w13 3:t3@(29,59)w0 4:t3@(30,59)w0 5:t3@(30,60)w0 6:t3@(29,60)w0 7:t4@(30,57)w0 8:t4@(30,56)w0 9:t4@(30,55)w0 10:t6@(28,58)w0
[dbg] ar=60498 am=6 aA=6 aH=0 l=false j=false fullRedraw=false
[fifo] ar=60517 retask 0 45 58
[devMouse] retask slot0 (44,58)w13 -> (45,58)
[dbg] ar=60523 am=6 aA=6 aH=0 l=false j=false fullRedraw=false
[fifo] ar=60524 retask 1 45 59
[devMouse] retask slot1 (42,59)w13 -> (45,59)
[fifo] ar=60532 retask 2 44 60
[devMouse] retask slot2 (42,60)w13 -> (44,60)
[fifo] ar=60541 save /tmp/aoe-camp/m1/t.aoesave
[save] wrote /tmp/aoe-camp/m1/t.aoesave (12294B) ar=60542
[dbg] ar=60548 am=6 aA=6 aH=0 l=false j=false fullRedraw=false
[dbg] ar=60573 am=6 aA=6 aH=0 l=false j=false fullRedraw=false
[fifo] ar=60588 slots 0
[slots] p0 n=11 0:t0@(44,58)w2412 1:t0@(44,59)w3b12 2:t0@(43,60)w3f12 3:t3@(29,59)w0 4:t3@(30,59)w0 5:t3@(30,60)w0 6:t3@(29,60)w0 7:t4@(30,57)w0 8:t4@(30,56)w0 9:t4@(30,55)w0 10:t6@(28,58)w0
[dbg] ar=60598 am=6 aA=6 aH=0 l=false j=false fullRedraw=false
[fifo] ar=60612 save /tmp/aoe-camp/m1/t.aoesave
[save] wrote /tmp/aoe-camp/m1/t.aoesave (12294B) ar=60613
[dbg] ar=60623 am=6 aA=6 aH=0 l=false j=false fullRedraw=false
[dbg] ar=60648 am=6 aA=6 aH=0 l=false j=false fullRedraw=false
[fifo] ar=60652 slots 0
[slots] p0 n=11 0:t0@(42,58)w13 1:t0@(44,58)w13 2:t0@(44,59)w13 3:t3@(29,59)w0 4:t3@(30,59)w0 5:t3@(30,60)w0 6:t3@(29,60)w0 7:t4@(30,57)w0 8:t4@(30,56)w0 9:t4@(30,55)w0 10:t6@(28,58)w0
[dbg] ar=60673 am=6 aA=6 aH=0 l=false j=false fullRedraw=false
[fifo] ar=60676 retask 0 45 58
[devMouse] retask slot0 (44,59)w13 -> (45,58)
[fifo] ar=60684 retask 1 45 59
[devMouse] retask slot1 (44,58)w13 -> (45,59)
[fifo] ar=60692 retask 2 44 60
[devMouse] retask slot2 (43,59)w13 -> (44,60)
[dbg] ar=60698 am=6 aA=6 aH=0 l=false j=false fullRedraw=false
[fifo] ar=60700 save /tmp/aoe-camp/m1/t.aoesave
[save] wrote /tmp/aoe-camp/m1/t.aoesave (12294B) ar=60701
[dbg] ar=60723 am=6 aA=6 aH=0 l=false j=false fullRedraw=false
[fifo] ar=60745 slots 0
[slots] p0 n=11 0:t0@(44,59)w2412 1:t0@(44,58)w3212 2:t0@(43,59)w3612 3:t3@(29,59)w0 4:t3@(30,59)w0 5:t3@(30,60)w0 6:t3@(29,60)w0 7:t4@(30,57)w0 8:t4@(30,56)w0 9:t4@(30,55)w0 10:t6@(28,58)w0
[dbg] ar=60748 am=6 aA=6 aH=0 l=false j=false fullRedraw=false
[fifo] ar=60768 save /tmp/aoe-camp/m1/t.aoesave
[save] wrote /tmp/aoe-camp/m1/t.aoesave (12294B) ar=60769
[dbg] ar=60773 am=6 aA=6 aH=0 l=false j=false fullRedraw=false
[dbg] ar=60798 am=6 aA=6 aH=0 l=false j=false fullRedraw=false
[fifo] ar=60815 slots 0
[slots] p0 n=11 0:t0@(42,59)w13 1:t0@(42,58)w13 2:t0@(42,60)w13 3:t3@(29,59)w0 4:t3@(30,59)w0 5:t3@(30,60)w0 6:t3@(29,60)w0 7:t4@(30,57)w0 8:t4@(30,56)w0 9:t4@(30,55)w0 10:t6@(28,58)w0
[dbg] ar=60823 am=6 aA=6 aH=0 l=false j=false fullRedraw=false
[fifo] ar=60839 retask 0 45 58
[devMouse] retask slot0 (43,60)w13 -> (45,58)
[fifo] ar=60846 retask 1 45 59
[devMouse] retask slot1 (44,59)w13 -> (45,59)
[dbg] ar=60848 am=6 aA=6 aH=0 l=false j=false fullRedraw=false
[fifo] ar=60853 retask 2 44 60
[devMouse] retask slot2 (44,58)w13 -> (44,60)
[fifo] ar=60862 save /tmp/aoe-camp/m1/t.aoesave
[save] wrote /tmp/aoe-camp/m1/t.aoesave (12294B) ar=60863
[dbg] ar=60873 am=6 aA=6 aH=0 l=false j=false fullRedraw=false
[dbg] ar=60898 am=6 aA=6 aH=0 l=false j=false fullRedraw=false
[fifo] ar=60910 state
[devMouse] aA=6/6 cursor=(31,58) cam=(-523,628) Q=3743 aE=512 Y=0 sel=6
[devMouse] p0 unit 0 tile=(44,58) type=0 sel=true
[devMouse] p0 unit 1 tile=(44,59) type=0 sel=true
[devMouse] p0 unit 2 tile=(43,60) type=0 sel=true
[devMouse] p0 unit 3 tile=(29,59) type=3 sel=true
[devMouse] p0 unit 4 tile=(30,59) type=3 sel=true
[devMouse] p0 unit 5 tile=(30,60) type=3 sel=true
[devMouse] p0 unit 6 tile=(29,60) type=3 sel=true
[devMouse] p0 unit 7 tile=(30,57) type=4 sel=true
[devMouse] p0 unit 8 tile=(30,56) type=4 sel=true
[devMouse] p0 unit 9 tile=(30,55) type=4 sel=true
[devMouse] p0 unit 10 tile=(28,58) type=6 sel=true
[devMouse] p1 unit 0 tile=(48,48) type=3 sel=false
[devMouse] p1 unit 1 tile=(40,34) type=3 sel=false
[devMouse] p1 unit 2 tile=(60,55) type=3 sel=false
[devMouse] p1 unit 3 tile=(61,45) type=3 sel=false
[devMouse] p1 unit 4 tile=(49,24) type=3 sel=false
[devMouse] p1 unit 5 tile=(48,25) type=3 sel=false
[devMouse] p1 unit 6 tile=(54,19) type=3 sel=false
[devMouse] p1 unit 7 tile=(36,23) type=4 sel=false
[devMouse] p1 unit 8 tile=(37,22) type=4 sel=false
[devMouse] p1 unit 9 tile=(49,33) type=4 sel=false
[devMouse] p1 unit 10 tile=(32,17) type=3 sel=false
[devMouse] p1 unit 11 tile=(25,21) type=4 sel=false
[devMouse] p1 unit 12 tile=(22,26) type=3 sel=false
[devMouse] p1 unit 13 tile=(23,27) type=3 sel=false
[devMouse] p1 unit 14 tile=(15,47) type=3 sel=false
[devMouse] p1 unit 15 tile=(16,54) type=3 sel=false
[dbg] ar=60923 am=6 aA=6 aH=0 l=false j=false fullRedraw=false
[dbg] ar=60948 am=6 aA=6 aH=0 l=false j=false fullRedraw=false
[fifo] ar=60965 slots 0
[slots] p0 n=11 0:t0@(44,58)w1b12 1:t0@(42,58)w13 2:t0@(43,60)w1212 3:t3@(29,59)w0 4:t3@(30,59)w0 5:t3@(30,60)w0 6:t3@(29,60)w0 7:t4@(30,57)w0 8:t4@(30,56)w0 9:t4@(30,55)w0 10:t6@(28,58)w0
[dbg] ar=60973 am=6 aA=6 aH=0 l=false j=false fullRedraw=false
[fifo] ar=60990 retask 1 45 59
[devMouse] retask slot1 (43,59)w13 -> (45,59)
[fifo] ar=60998 save /tmp/aoe-camp/m1/t.aoesave
[dbg] ar=60998 am=6 aA=6 aH=0 l=false j=false fullRedraw=false
[save] wrote /tmp/aoe-camp/m1/t.aoesave (12294B) ar=60999
[dbg] ar=61023 am=6 aA=6 aH=0 l=false j=false fullRedraw=false
[fifo] ar=61044 slots 0
[slots] p0 n=11 0:t0@(42,59)w13 1:t0@(44,59)w4112 2:t0@(43,58)w13 3:t3@(29,59)w0 4:t3@(30,59)w0 5:t3@(30,60)w0 6:t3@(29,60)w0 7:t4@(30,57)w0 8:t4@(30,56)w0 9:t4@(30,55)w0 10:t6@(28,58)w0
[dbg] ar=61048 am=6 aA=6 aH=0 l=false j=false fullRedraw=false
[fifo] ar=61068 retask 0 45 58
[devMouse] retask slot0 (43,58)w13 -> (45,58)
[dbg] ar=61073 am=6 aA=6 aH=0 l=false j=false fullRedraw=false
[fifo] ar=61076 retask 2 44 60
[devMouse] retask slot2 (43,58)w13 -> (44,60)
[fifo] ar=61083 save /tmp/aoe-camp/m1/t.aoesave
[save] wrote /tmp/aoe-camp/m1/t.aoesave (12294B) ar=61084
[dbg] ar=61098 am=6 aA=6 aH=0 l=false j=false fullRedraw=false
[dbg] ar=61123 am=6 aA=6 aH=0 l=false j=false fullRedraw=false
[fifo] ar=61130 slots 0
[slots] p0 n=11 0:t0@(44,58)w4912 1:t0@(41,59)w13 2:t0@(43,60)w4912 3:t3@(29,59)w0 4:t3@(30,59)w0 5:t3@(30,60)w0 6:t3@(29,60)w0 7:t4@(30,57)w0 8:t4@(30,56)w0 9:t4@(30,55)w0 10:t6@(28,58)w0
[dbg] ar=61148 am=6 aA=6 aH=0 l=false j=false fullRedraw=false
[fifo] ar=61154 retask 1 45 59
[devMouse] retask slot1 (43,59)w13 -> (45,59)
[fifo] ar=61161 save /tmp/aoe-camp/m1/t.aoesave
[save] wrote /tmp/aoe-camp/m1/t.aoesave (12294B) ar=61162
[dbg] ar=61173 am=6 aA=6 aH=0 l=false j=false fullRedraw=false
[dbg] ar=61198 am=6 aA=6 aH=0 l=false j=false fullRedraw=false
[fifo] ar=61210 slots 0
[slots] p0 n=11 0:t0@(43,59)w13 1:t0@(44,59)w3812 2:t0@(42,59)w13 3:t3@(29,59)w0 4:t3@(30,59)w0 5:t3@(30,60)w0 6:t3@(29,60)w0 7:t4@(30,57)w0 8:t4@(30,56)w0 9:t4@(30,55)w0 10:t6@(28,58)w0
[dbg] ar=61223 am=6 aA=6 aH=0 l=false j=false fullRedraw=false
[fifo] ar=61234 retask 0 45 58
[devMouse] retask slot0 (41,59)w13 -> (45,58)
[fifo] ar=61242 retask 2 44 60
[devMouse] retask slot2 (43,59)w13 -> (44,60)
[dbg] ar=61248 am=6 aA=6 aH=0 l=false j=false fullRedraw=false
[fifo] ar=61250 save /tmp/aoe-camp/m1/t.aoesave
[save] wrote /tmp/aoe-camp/m1/t.aoesave (12294B) ar=61251
[dbg] ar=61273 am=6 aA=6 aH=0 l=false j=false fullRedraw=false
[fifo] ar=61298 slots 0
[slots] p0 n=11 0:t0@(44,58)w4712 1:t0@(42,59)w13 2:t0@(43,59)w3512 3:t3@(29,59)w0 4:t3@(30,59)w0 5:t3@(30,60)w0 6:t3@(29,60)w0 7:t4@(30,57)w0 8:t4@(30,56)w0 9:t4@(30,55)w0 10:t6@(28,58)w0
[dbg] ar=61298 am=6 aA=6 aH=0 l=false j=false fullRedraw=false
[fifo] ar=61322 retask 1 45 59
[devMouse] retask slot1 (43,58)w13 -> (45,59)
[dbg] ar=61323 am=6 aA=6 aH=0 l=false j=false fullRedraw=false
[fifo] ar=61329 save /tmp/aoe-camp/m1/t.aoesave
[save] wrote /tmp/aoe-camp/m1/t.aoesave (12294B) ar=61330
[dbg] ar=61348 am=6 aA=6 aH=0 l=false j=false fullRedraw=false
[dbg] ar=61373 am=6 aA=6 aH=0 l=false j=false fullRedraw=false
[fifo] ar=61375 state
[devMouse] aA=6/6 cursor=(31,58) cam=(-523,628) Q=3743 aE=512 Y=0 sel=6
[devMouse] p0 unit 0 tile=(43,59) type=0 sel=true
[devMouse] p0 unit 1 tile=(44,59) type=0 sel=true
[devMouse] p0 unit 2 tile=(41,59) type=0 sel=true
[devMouse] p0 unit 3 tile=(29,59) type=3 sel=true
[devMouse] p0 unit 4 tile=(30,59) type=3 sel=true
[devMouse] p0 unit 5 tile=(30,60) type=3 sel=true
[devMouse] p0 unit 6 tile=(29,60) type=3 sel=true
[devMouse] p0 unit 7 tile=(30,57) type=4 sel=true
[devMouse] p0 unit 8 tile=(30,56) type=4 sel=true
[devMouse] p0 unit 9 tile=(30,55) type=4 sel=true
[devMouse] p0 unit 10 tile=(28,58) type=6 sel=true
[devMouse] p1 unit 0 tile=(48,48) type=3 sel=false
[devMouse] p1 unit 1 tile=(40,34) type=3 sel=false
[devMouse] p1 unit 2 tile=(60,55) type=3 sel=false
[devMouse] p1 unit 3 tile=(61,45) type=3 sel=false
[devMouse] p1 unit 4 tile=(49,24) type=3 sel=false
[devMouse] p1 unit 5 tile=(48,25) type=3 sel=false
[devMouse] p1 unit 6 tile=(54,19) type=3 sel=false
[devMouse] p1 unit 7 tile=(36,23) type=4 sel=false
[devMouse] p1 unit 8 tile=(37,22) type=4 sel=false
[devMouse] p1 unit 9 tile=(49,33) type=4 sel=false
[devMouse] p1 unit 10 tile=(32,17) type=3 sel=false
[devMouse] p1 unit 11 tile=(25,21) type=4 sel=false
[devMouse] p1 unit 12 tile=(22,26) type=3 sel=false
[devMouse] p1 unit 13 tile=(23,27) type=3 sel=false
[devMouse] p1 unit 14 tile=(15,47) type=3 sel=false
[devMouse] p1 unit 15 tile=(16,54) type=3 sel=false
[dbg] ar=61398 am=6 aA=6 aH=0 l=false j=false fullRedraw=false
[dbg] ar=61423 am=6 aA=6 aH=0 l=false j=false fullRedraw=false
[fifo] ar=61427 slots 0
[slots] p0 n=11 0:t0@(42,58)w13 1:t0@(44,59)we12 2:t0@(43,59)w13 3:t3@(29,59)w0 4:t3@(30,59)w0 5:t3@(30,60)w0 6:t3@(29,60)w0 7:t4@(30,57)w0 8:t4@(30,56)w0 9:t4@(30,55)w0 10:t6@(28,58)w0
[dbg] ar=61448 am=6 aA=6 aH=0 l=false j=false fullRedraw=false
[fifo] ar=61453 retask 0 45 58
[devMouse] retask slot0 (44,59)w13 -> (45,58)
[fifo] ar=61461 retask 2 44 60
[devMouse] retask slot2 (43,58)w13 -> (44,60)
[fifo] ar=61469 save /tmp/aoe-camp/m1/t.aoesave
[save] wrote /tmp/aoe-camp/m1/t.aoesave (12294B) ar=61470
[dbg] ar=61473 am=6 aA=6 aH=0 l=false j=false fullRedraw=false
[dbg] ar=61498 am=6 aA=6 aH=0 l=false j=false fullRedraw=false
[fifo] ar=61516 slots 0
[slots] p0 n=11 0:t0@(44,59)w2f12 1:t0@(43,60)w13 2:t0@(43,59)w4112 3:t3@(29,59)w0 4:t3@(30,59)w0 5:t3@(30,60)w0 6:t3@(29,60)w0 7:t4@(30,57)w0 8:t4@(30,56)w0 9:t4@(30,55)w0 10:t6@(28,58)w0
[dbg] ar=61523 am=6 aA=6 aH=0 l=false j=false fullRedraw=false
[fifo] ar=61540 retask 1 45 59
[devMouse] retask slot1 (41,59)w13 -> (45,59)
[fifo] ar=61547 save /tmp/aoe-camp/m1/t.aoesave
[save] wrote /tmp/aoe-camp/m1/t.aoesave (12294B) ar=61548
[dbg] ar=61548 am=6 aA=6 aH=0 l=false j=false fullRedraw=false
[dbg] ar=61573 am=6 aA=6 aH=0 l=false j=false fullRedraw=false
[fifo] ar=61594 slots 0
[slots] p0 n=11 0:t0@(44,60)w13 1:t0@(43,59)w0 2:t0@(42,60)w13 3:t3@(29,59)w0 4:t3@(30,59)w0 5:t3@(30,60)w0 6:t3@(29,60)w0 7:t4@(30,57)w0 8:t4@(30,56)w0 9:t4@(30,55)w0 10:t6@(28,58)w0
[dbg] ar=61598 am=6 aA=6 aH=0 l=false j=false fullRedraw=false
[fifo] ar=61619 retask 0 45 58
[devMouse] retask slot0 (43,59)w13 -> (45,58)
[dbg] ar=61623 am=6 aA=6 aH=0 l=false j=false fullRedraw=false
[fifo] ar=61626 retask 1 45 59
[devMouse] retask slot1 (44,59)w5012 -> (45,59)
[fifo] ar=61634 retask 2 44 60
[devMouse] retask slot2 (43,58)w13 -> (44,60)
[fifo] ar=61641 save /tmp/aoe-camp/m1/t.aoesave
[save] wrote /tmp/aoe-camp/m1/t.aoesave (12294B) ar=61642
[dbg] ar=61648 am=6 aA=6 aH=0 l=false j=false fullRedraw=false
[dbg] ar=61673 am=6 aA=6 aH=0 l=false j=false fullRedraw=false
[fifo] ar=61687 slots 0
[slots] p0 n=11 0:t0@(44,58)w3212 1:t0@(44,59)w2a12 2:t0@(44,60)w0 3:t3@(29,59)w0 4:t3@(30,59)w0 5:t3@(30,60)w0 6:t3@(29,60)w0 7:t4@(30,57)w0 8:t4@(30,56)w0 9:t4@(30,55)w0 10:t6@(28,58)w0
[dbg] ar=61698 am=6 aA=6 aH=0 l=false j=false fullRedraw=false
[fifo] ar=61712 retask 2 44 60
[devMouse] retask slot2 (44,60)w0 -> (44,60)
[fifo] ar=61719 save /tmp/aoe-camp/m1/t.aoesave
[save] wrote /tmp/aoe-camp/m1/t.aoesave (12294B) ar=61720
[dbg] ar=61723 am=6 aA=6 aH=0 l=false j=false fullRedraw=false
[dbg] ar=61748 am=6 aA=6 aH=0 l=false j=false fullRedraw=false
[fifo] ar=61767 slots 0
[slots] p0 n=11 0:t0@(41,59)w13 1:t0@(43,59)w13 2:t0@(44,60)w0 3:t3@(29,59)w0 4:t3@(30,59)w0 5:t3@(30,60)w0 6:t3@(29,60)w0 7:t4@(30,57)w0 8:t4@(30,56)w0 9:t4@(30,55)w0 10:t6@(28,58)w0
[dbg] ar=61773 am=6 aA=6 aH=0 l=false j=false fullRedraw=false
[fifo] ar=61792 retask 0 45 58
[devMouse] retask slot0 (44,59)w13 -> (45,58)
[dbg] ar=61798 am=6 aA=6 aH=0 l=false j=false fullRedraw=false
[fifo] ar=61800 retask 1 45 59
[devMouse] retask slot1 (43,58)w13 -> (45,59)
[fifo] ar=61807 retask 2 44 60
[devMouse] retask slot2 (44,60)w0 -> (44,60)
[fifo] ar=61816 save /tmp/aoe-camp/m1/t.aoesave
[save] wrote /tmp/aoe-camp/m1/t.aoesave (12294B) ar=61817
[dbg] ar=61823 am=6 aA=6 aH=0 l=false j=false fullRedraw=false
[dbg] ar=61848 am=6 aA=6 aH=0 l=false j=false fullRedraw=false
[fifo] ar=61861 state
[devMouse] aA=6/6 cursor=(31,58) cam=(-523,628) Q=3743 aE=512 Y=0 sel=6
[devMouse] p0 unit 0 tile=(44,59) type=0 sel=true
[devMouse] p0 unit 1 tile=(44,58) type=0 sel=true
[devMouse] p0 unit 2 tile=(44,60) type=0 sel=true
[devMouse] p0 unit 3 tile=(29,59) type=3 sel=true
[devMouse] p0 unit 4 tile=(30,59) type=3 sel=true
[devMouse] p0 unit 5 tile=(30,60) type=3 sel=true
[devMouse] p0 unit 6 tile=(29,60) type=3 sel=true
[devMouse] p0 unit 7 tile=(30,57) type=4 sel=true
[devMouse] p0 unit 8 tile=(30,56) type=4 sel=true
[devMouse] p0 unit 9 tile=(30,55) type=4 sel=true
[devMouse] p0 unit 10 tile=(28,58) type=6 sel=true
[devMouse] p1 unit 0 tile=(48,48) type=3 sel=false
[devMouse] p1 unit 1 tile=(40,34) type=3 sel=false
[devMouse] p1 unit 2 tile=(60,55) type=3 sel=false
[devMouse] p1 unit 3 tile=(61,45) type=3 sel=false
[devMouse] p1 unit 4 tile=(49,24) type=3 sel=false
[devMouse] p1 unit 5 tile=(48,25) type=3 sel=false
[devMouse] p1 unit 6 tile=(54,19) type=3 sel=false
[devMouse] p1 unit 7 tile=(36,23) type=4 sel=false
[devMouse] p1 unit 8 tile=(37,22) type=4 sel=false
[devMouse] p1 unit 9 tile=(49,33) type=4 sel=false
[devMouse] p1 unit 10 tile=(32,17) type=3 sel=false
[devMouse] p1 unit 11 tile=(25,21) type=4 sel=false
[devMouse] p1 unit 12 tile=(22,26) type=3 sel=false
[devMouse] p1 unit 13 tile=(23,27) type=3 sel=false
[devMouse] p1 unit 14 tile=(15,47) type=3 sel=false
[devMouse] p1 unit 15 tile=(16,54) type=3 sel=false
[dbg] ar=61873 am=6 aA=6 aH=0 l=false j=false fullRedraw=false
[dbg] ar=61898 am=6 aA=6 aH=0 l=false j=false fullRedraw=false
[fifo] ar=61913 slots 0
[slots] p0 n=11 0:t0@(42,58)w13 1:t0@(44,58)w1212 2:t0@(44,60)w0 3:t3@(29,59)w0 4:t3@(30,59)w0 5:t3@(30,60)w0 6:t3@(29,60)w0 7:t4@(30,57)w0 8:t4@(30,56)w0 9:t4@(30,55)w0 10:t6@(28,58)w0
[dbg] ar=61923 am=6 aA=6 aH=0 l=false j=false fullRedraw=false
[fifo] ar=61938 retask 0 45 58
[devMouse] retask slot0 (42,59)w13 -> (45,58)
[fifo] ar=61945 retask 2 45 60
[devMouse] retask slot2 (44,60)w0 -> (45,60)
[dbg] ar=61948 am=6 aA=6 aH=0 l=false j=false fullRedraw=false
[fifo] ar=61954 save /tmp/aoe-camp/m1/t.aoesave
[save] wrote /tmp/aoe-camp/m1/t.aoesave (12294B) ar=61955
[dbg] ar=61973 am=6 aA=6 aH=0 l=false j=false fullRedraw=false
[dbg] ar=61998 am=6 aA=6 aH=0 l=false j=false fullRedraw=false
[fifo] ar=62001 slots 0
[slots] p0 n=11 0:t0@(44,58)w3b12 1:t0@(43,60)w13 2:t0@(44,60)w2f12 3:t3@(29,59)w0 4:t3@(30,59)w0 5:t3@(30,60)w0 6:t3@(29,60)w0 7:t4@(30,57)w0 8:t4@(30,56)w0 9:t4@(30,55)w0 10:t6@(28,58)w0
[dbg] ar=62023 am=6 aA=6 aH=0 l=false j=false fullRedraw=false
[fifo] ar=62026 retask 1 45 59
[devMouse] retask slot1 (42,59)w13 -> (45,59)
[fifo] ar=62034 save /tmp/aoe-camp/m1/t.aoesave
[save] wrote /tmp/aoe-camp/m1/t.aoesave (12294B) ar=62035
[dbg] ar=62048 am=6 aA=6 aH=0 l=false j=false fullRedraw=false
[dbg] ar=62073 am=6 aA=6 aH=0 l=false j=false fullRedraw=false
[fifo] ar=62082 slots 0
[slots] p0 n=11 0:t0@(41,58)w13 1:t0@(44,59)w4512 2:t0@(43,59)w13 3:t3@(29,59)w0 4:t3@(30,59)w0 5:t3@(30,60)w0 6:t3@(29,60)w0 7:t4@(30,57)w0 8:t4@(30,56)w0 9:t4@(30,55)w0 10:t6@(28,58)w0
[dbg] ar=62098 am=6 aA=6 aH=0 l=false j=false fullRedraw=false
[fifo] ar=62106 retask 0 45 58
[devMouse] retask slot0 (44,58)w13 -> (45,58)
[fifo] ar=62113 retask 2 45 60
[devMouse] retask slot2 (43,58)w13 -> (45,60)
[fifo] ar=62122 save /tmp/aoe-camp/m1/t.aoesave
[save] wrote /tmp/aoe-camp/m1/t.aoesave (12294B) ar=62123
[dbg] ar=62123 am=6 aA=6 aH=0 l=false j=false fullRedraw=false
[dbg] ar=62148 am=6 aA=6 aH=0 l=false j=false fullRedraw=false
[fifo] ar=62169 slots 0
[slots] p0 n=11 0:t0@(44,58)w3012 1:t0@(42,60)w13 2:t0@(44,60)w4812 3:t3@(29,59)w0 4:t3@(30,59)w0 5:t3@(30,60)w0 6:t3@(29,60)w0 7:t4@(30,57)w0 8:t4@(30,56)w0 9:t4@(30,55)w0 10:t6@(28,58)w0
[dbg] ar=62173 am=6 aA=6 aH=0 l=false j=false fullRedraw=false
[fifo] ar=62194 retask 1 45 59
[devMouse] retask slot1 (43,59)w13 -> (45,59)
[dbg] ar=62198 am=6 aA=6 aH=0 l=false j=false fullRedraw=false
[fifo] ar=62202 save /tmp/aoe-camp/m1/t.aoesave
[save] wrote /tmp/aoe-camp/m1/t.aoesave (12294B) ar=62203
[dbg] ar=62223 am=6 aA=6 aH=0 l=false j=false fullRedraw=false
[dbg] ar=62248 am=6 aA=6 aH=0 l=false j=false fullRedraw=false
[fifo] ar=62249 slots 0
[slots] p0 n=11 0:t0@(42,58)w13 1:t0@(44,59)w3b12 2:t0@(43,59)w13 3:t3@(29,59)w0 4:t3@(30,59)w0 5:t3@(30,60)w0 6:t3@(29,60)w0 7:t4@(30,57)w0 8:t4@(30,56)w0 9:t4@(30,55)w0 10:t6@(28,58)w0
[fifo] ar=62273 retask 0 45 58
[devMouse] retask slot0 (44,60)w13 -> (45,58)
[dbg] ar=62273 am=6 aA=6 aH=0 l=false j=false fullRedraw=false
[fifo] ar=62281 retask 2 45 60
[devMouse] retask slot2 (42,59)w13 -> (45,60)
[fifo] ar=62289 save /tmp/aoe-camp/m1/t.aoesave
[save] wrote /tmp/aoe-camp/m1/t.aoesave (12294B) ar=62290
[dbg] ar=62298 am=6 aA=6 aH=0 l=false j=false fullRedraw=false
[dbg] ar=62323 am=6 aA=6 aH=0 l=false j=false fullRedraw=false
[fifo] ar=62334 state
[devMouse] aA=6/6 cursor=(31,58) cam=(-523,628) Q=3743 aE=512 Y=0 sel=6
[devMouse] p0 unit 0 tile=(44,58) type=0 sel=true
[devMouse] p0 unit 1 tile=(42,59) type=0 sel=true
[devMouse] p0 unit 2 tile=(42,60) type=0 sel=true
[devMouse] p0 unit 3 tile=(29,59) type=3 sel=true
[devMouse] p0 unit 4 tile=(30,59) type=3 sel=true
[devMouse] p0 unit 5 tile=(30,60) type=3 sel=true
[devMouse] p0 unit 6 tile=(29,60) type=3 sel=true
[devMouse] p0 unit 7 tile=(30,57) type=4 sel=true
[devMouse] p0 unit 8 tile=(30,56) type=4 sel=true
[devMouse] p0 unit 9 tile=(30,55) type=4 sel=true
[devMouse] p0 unit 10 tile=(28,58) type=6 sel=true
[devMouse] p1 unit 0 tile=(48,48) type=3 sel=false
[devMouse] p1 unit 1 tile=(40,34) type=3 sel=false
[devMouse] p1 unit 2 tile=(60,55) type=3 sel=false
[devMouse] p1 unit 3 tile=(61,45) type=3 sel=false
[devMouse] p1 unit 4 tile=(49,24) type=3 sel=false
[devMouse] p1 unit 5 tile=(48,25) type=3 sel=false
[devMouse] p1 unit 6 tile=(54,19) type=3 sel=false
[devMouse] p1 unit 7 tile=(36,23) type=4 sel=false
[devMouse] p1 unit 8 tile=(37,22) type=4 sel=false
[devMouse] p1 unit 9 tile=(49,33) type=4 sel=false
[devMouse] p1 unit 10 tile=(32,17) type=3 sel=false
[devMouse] p1 unit 11 tile=(25,21) type=4 sel=false
[devMouse] p1 unit 12 tile=(22,26) type=3 sel=false
[devMouse] p1 unit 13 tile=(23,27) type=3 sel=false
[devMouse] p1 unit 14 tile=(15,47) type=3 sel=false
[devMouse] p1 unit 15 tile=(16,54) type=3 sel=false
[dbg] ar=62348 am=6 aA=6 aH=0 l=false j=false fullRedraw=false
[dbg] ar=62373 am=6 aA=6 aH=0 l=false j=false fullRedraw=false
[fifo] ar=62387 slots 0
[slots] p0 n=11 0:t0@(44,58)we12 1:t0@(42,59)w13 2:t0@(44,60)w4a12 3:t3@(29,59)w0 4:t3@(30,59)w0 5:t3@(30,60)w0 6:t3@(29,60)w0 7:t4@(30,57)w0 8:t4@(30,56)w0 9:t4@(30,55)w0 10:t6@(28,58)w0
[dbg] ar=62398 am=6 aA=6 aH=0 l=false j=false fullRedraw=false
[fifo] ar=62411 retask 1 45 59
[devMouse] retask slot1 (44,58)w13 -> (45,59)
[fifo] ar=62419 save /tmp/aoe-camp/m1/t.aoesave
[save] wrote /tmp/aoe-camp/m1/t.aoesave (12294B) ar=62420
[dbg] ar=62423 am=6 aA=6 aH=0 l=false j=false fullRedraw=false
[dbg] ar=62448 am=6 aA=6 aH=0 l=false j=false fullRedraw=false
[fifo] ar=62464 slots 0
[slots] p0 n=11 0:t0@(43,59)w13 1:t0@(44,58)w3712 2:t0@(44,59)w13 3:t3@(29,59)w0 4:t3@(30,59)w0 5:t3@(30,60)w0 6:t3@(29,60)w0 7:t4@(30,57)w0 8:t4@(30,56)w0 9:t4@(30,55)w0 10:t6@(28,58)w0
[dbg] ar=62473 am=6 aA=6 aH=0 l=false j=false fullRedraw=false
[fifo] ar=62488 retask 0 45 58
[devMouse] retask slot0 (42,59)w13 -> (45,58)
[fifo] ar=62496 retask 2 45 60
[devMouse] retask slot2 (41,59)w13 -> (45,60)
[dbg] ar=62498 am=6 aA=6 aH=0 l=false j=false fullRedraw=false
[fifo] ar=62502 save /tmp/aoe-camp/m1/t.aoesave
[save] wrote /tmp/aoe-camp/m1/t.aoesave (12294B) ar=62503
[dbg] ar=62523 am=6 aA=6 aH=0 l=false j=false fullRedraw=false
[dbg] ar=62548 am=6 aA=6 aH=0 l=false j=false fullRedraw=false
[fifo] ar=62549 slots 0
[slots] p0 n=11 0:t0@(44,59)w4812 1:t0@(42,58)w13 2:t0@(44,60)w4e12 3:t3@(29,59)w0 4:t3@(30,59)w0 5:t3@(30,60)w0 6:t3@(29,60)w0 7:t4@(30,57)w0 8:t4@(30,56)w0 9:t4@(30,55)w0 10:t6@(28,58)w0
[dbg] ar=62573 am=6 aA=6 aH=0 l=false j=false fullRedraw=false
[fifo] ar=62574 retask 1 45 59
[devMouse] retask slot1 (44,58)w13 -> (45,59)
[fifo] ar=62581 save /tmp/aoe-camp/m1/t.aoesave
[save] wrote /tmp/aoe-camp/m1/t.aoesave (12294B) ar=62582
[dbg] ar=62598 am=6 aA=6 aH=0 l=false j=false fullRedraw=false
[dbg] ar=62623 am=6 aA=6 aH=0 l=false j=false fullRedraw=false
[fifo] ar=62629 slots 0
[slots] p0 n=11 0:t0@(43,58)w13 1:t0@(44,58)w2f12 2:t0@(44,59)w13 3:t3@(29,59)w0 4:t3@(30,59)w0 5:t3@(30,60)w0 6:t3@(29,60)w0 7:t4@(30,57)w0 8:t4@(30,56)w0 9:t4@(30,55)w0 10:t6@(28,58)w0
[dbg] ar=62648 am=6 aA=6 aH=0 l=false j=false fullRedraw=false
[fifo] ar=62654 retask 0 45 58
[devMouse] retask slot0 (42,59)w13 -> (45,58)
[fifo] ar=62662 retask 2 45 60
[devMouse] retask slot2 (41,59)w13 -> (45,60)
[fifo] ar=62670 save /tmp/aoe-camp/m1/t.aoesave
[save] wrote /tmp/aoe-camp/m1/t.aoesave (12294B) ar=62671
[dbg] ar=62673 am=6 aA=6 aH=0 l=false j=false fullRedraw=false
[dbg] ar=62698 am=6 aA=6 aH=0 l=false j=false fullRedraw=false
[fifo] ar=62718 slots 0
[slots] p0 n=11 0:t0@(44,59)w4512 1:t0@(43,58)w13 2:t0@(44,60)w4b12 3:t3@(29,59)w0 4:t3@(30,59)w0 5:t3@(30,60)w0 6:t3@(29,60)w0 7:t4@(30,57)w0 8:t4@(30,56)w0 9:t4@(30,55)w0 10:t6@(28,58)w0
[dbg] ar=62723 am=6 aA=6 aH=0 l=false j=false fullRedraw=false
[fifo] ar=62743 retask 1 45 59
[devMouse] retask slot1 (42,59)w13 -> (45,59)
[dbg] ar=62748 am=6 aA=6 aH=0 l=false j=false fullRedraw=false
[fifo] ar=62751 save /tmp/aoe-camp/m1/t.aoesave
[save] wrote /tmp/aoe-camp/m1/t.aoesave (12294B) ar=62752
[dbg] ar=62773 am=6 aA=6 aH=0 l=false j=false fullRedraw=false
[fifo] ar=62797 state
[devMouse] aA=6/6 cursor=(31,58) cam=(-523,628) Q=3743 aE=512 Y=0 sel=6
[devMouse] p0 unit 0 tile=(42,58) type=0 sel=true
[devMouse] p0 unit 1 tile=(44,58) type=0 sel=true
[devMouse] p0 unit 2 tile=(44,59) type=0 sel=true
[devMouse] p0 unit 3 tile=(29,59) type=3 sel=true
[devMouse] p0 unit 4 tile=(30,59) type=3 sel=true
[devMouse] p0 unit 5 tile=(30,60) type=3 sel=true
[devMouse] p0 unit 6 tile=(29,60) type=3 sel=true
[devMouse] p0 unit 7 tile=(30,57) type=4 sel=true
[devMouse] p0 unit 8 tile=(30,56) type=4 sel=true
[devMouse] p0 unit 9 tile=(30,55) type=4 sel=true
[devMouse] p0 unit 10 tile=(28,58) type=6 sel=true
[devMouse] p1 unit 0 tile=(48,48) type=3 sel=false
[devMouse] p1 unit 1 tile=(40,34) type=3 sel=false
[devMouse] p1 unit 2 tile=(60,55) type=3 sel=false
[devMouse] p1 unit 3 tile=(61,45) type=3 sel=false
[devMouse] p1 unit 4 tile=(49,24) type=3 sel=false
[devMouse] p1 unit 5 tile=(48,25) type=3 sel=false
[devMouse] p1 unit 6 tile=(54,19) type=3 sel=false
[devMouse] p1 unit 7 tile=(36,23) type=4 sel=false
[devMouse] p1 unit 8 tile=(37,22) type=4 sel=false
[devMouse] p1 unit 9 tile=(49,33) type=4 sel=false
[devMouse] p1 unit 10 tile=(32,17) type=3 sel=false
[devMouse] p1 unit 11 tile=(25,21) type=4 sel=false
[devMouse] p1 unit 12 tile=(22,26) type=3 sel=false
[devMouse] p1 unit 13 tile=(23,27) type=3 sel=false
[devMouse] p1 unit 14 tile=(15,47) type=3 sel=false
[devMouse] p1 unit 15 tile=(16,54) type=3 sel=false
[dbg] ar=62798 am=6 aA=6 aH=0 l=false j=false fullRedraw=false
[dbg] ar=62823 am=6 aA=6 aH=0 l=false j=false fullRedraw=false
[dbg] ar=62848 am=6 aA=6 aH=0 l=false j=false fullRedraw=false
[fifo] ar=62850 slots 0
[slots] p0 n=11 0:t0@(44,60)w13 1:t0@(44,58)w1312 2:t0@(44,59)w13 3:t3@(29,59)w0 4:t3@(30,59)w0 5:t3@(30,60)w0 6:t3@(29,60)w0 7:t4@(30,57)w0 8:t4@(30,56)w0 9:t4@(30,55)w0 10:t6@(28,58)w0
[dbg] ar=62873 am=6 aA=6 aH=0 l=false j=false fullRedraw=false
[fifo] ar=62874 retask 0 45 58
[devMouse] retask slot0 (43,59)w13 -> (45,58)
[fifo] ar=62881 retask 2 45 60
[devMouse] retask slot2 (42,59)w13 -> (45,60)
[fifo] ar=62889 save /tmp/aoe-camp/m1/t.aoesave
[save] wrote /tmp/aoe-camp/m1/t.aoesave (12294B) ar=62890
[dbg] ar=62898 am=6 aA=6 aH=0 l=false j=false fullRedraw=false
[dbg] ar=62923 am=6 aA=6 aH=0 l=false j=false fullRedraw=false
[fifo] ar=62934 slots 0
[slots] p0 n=11 0:t0@(44,58)w3712 1:t0@(42,59)w13 2:t0@(44,60)w4f12 3:t3@(29,59)w0 4:t3@(30,59)w0 5:t3@(30,60)w0 6:t3@(29,60)w0 7:t4@(30,57)w0 8:t4@(30,56)w0 9:t4@(30,55)w0 10:t6@(28,58)w0
[dbg] ar=62948 am=6 aA=6 aH=0 l=false j=false fullRedraw=false
[fifo] ar=62959 retask 1 45 59
[devMouse] retask slot1 (44,59)w13 -> (45,59)
[fifo] ar=62968 save /tmp/aoe-camp/m1/t.aoesave
[save] wrote /tmp/aoe-camp/m1/t.aoesave (12294B) ar=62969
[dbg] ar=62973 am=6 aA=6 aH=0 l=false j=false fullRedraw=false
[dbg] ar=62998 am=6 aA=6 aH=0 l=false j=false fullRedraw=false
[fifo] ar=63017 slots 0
[slots] p0 n=11 0:t0@(42,58)w13 1:t0@(44,59)w2d12 2:t0@(43,59)w13 3:t3@(29,59)w0 4:t3@(30,59)w0 5:t3@(30,60)w0 6:t3@(29,60)w0 7:t4@(30,57)w0 8:t4@(30,56)w0 9:t4@(30,55)w0 10:t6@(28,58)w0
[dbg] ar=63023 am=6 aA=6 aH=0 l=false j=false fullRedraw=false
[fifo] ar=63042 retask 0 45 58
[devMouse] retask slot0 (43,60)w13 -> (45,58)
[dbg] ar=63048 am=6 aA=6 aH=0 l=false j=false fullRedraw=false
[fifo] ar=63050 retask 2 45 60
[devMouse] retask slot2 (42,59)w13 -> (45,60)
[fifo] ar=63059 save /tmp/aoe-camp/m1/t.aoesave
[save] wrote /tmp/aoe-camp/m1/t.aoesave (12294B) ar=63060
[dbg] ar=63073 am=6 aA=6 aH=0 l=false j=false fullRedraw=false
[dbg] ar=63098 am=6 aA=6 aH=0 l=false j=false fullRedraw=false
[fifo] ar=63105 slots 0
[slots] p0 n=11 0:t0@(44,58)w4d12 1:t0@(44,59)w13 2:t0@(42,60)w0 3:t3@(29,59)w0 4:t3@(30,59)w0 5:t3@(30,60)w0 6:t3@(29,60)w0 7:t4@(30,57)w0 8:t4@(30,56)w0 9:t4@(30,55)w0 10:t6@(28,58)w0
[dbg] ar=63123 am=6 aA=6 aH=0 l=false j=false fullRedraw=false
[fifo] ar=63129 retask 1 45 59
[devMouse] retask slot1 (44,59)w13 -> (45,59)
[fifo] ar=63137 retask 2 45 60
[devMouse] retask slot2 (44,60)w6012 -> (45,60)
[fifo] ar=63145 save /tmp/aoe-camp/m1/t.aoesave
[save] wrote /tmp/aoe-camp/m1/t.aoesave (12294B) ar=63146
[dbg] ar=63148 am=6 aA=6 aH=0 l=false j=false fullRedraw=false
[dbg] ar=63173 am=6 aA=6 aH=0 l=false j=false fullRedraw=false
[fifo] ar=63189 slots 0
[slots] p0 n=11 0:t0@(43,59)w13 1:t0@(44,59)w3012 2:t0@(44,60)w3312 3:t3@(29,59)w0 4:t3@(30,59)w0 5:t3@(30,60)w0 6:t3@(29,60)w0 7:t4@(30,57)w0 8:t4@(30,56)w0 9:t4@(30,55)w0 10:t6@(28,58)w0
[dbg] ar=63198 am=6 aA=6 aH=0 l=false j=false fullRedraw=false
[fifo] ar=63214 retask 0 45 58
[devMouse] retask slot0 (42,58)w13 -> (45,58)
[fifo] ar=63221 save /tmp/aoe-camp/m1/t.aoesave
[save] wrote /tmp/aoe-camp/m1/t.aoesave (12294B) ar=63222
[dbg] ar=63223 am=6 aA=6 aH=0 l=false j=false fullRedraw=false
[dbg] ar=63248 am=6 aA=6 aH=0 l=false j=false fullRedraw=false
[fifo] ar=63269 state
[devMouse] aA=6/6 cursor=(31,58) cam=(-523,628) Q=3743 aE=512 Y=0 sel=6
[devMouse] p0 unit 0 tile=(44,58) type=0 sel=true
[devMouse] p0 unit 1 tile=(43,58) type=0 sel=true
[devMouse] p0 unit 2 tile=(41,59) type=0 sel=true
[devMouse] p0 unit 3 tile=(29,59) type=3 sel=true
[devMouse] p0 unit 4 tile=(30,59) type=3 sel=true
[devMouse] p0 unit 5 tile=(30,60) type=3 sel=true
[devMouse] p0 unit 6 tile=(29,60) type=3 sel=true
[devMouse] p0 unit 7 tile=(30,57) type=4 sel=true
[devMouse] p0 unit 8 tile=(30,56) type=4 sel=true
[devMouse] p0 unit 9 tile=(30,55) type=4 sel=true
[devMouse] p0 unit 10 tile=(28,58) type=6 sel=true
[devMouse] p1 unit 0 tile=(48,48) type=3 sel=false
[devMouse] p1 unit 1 tile=(40,34) type=3 sel=false
[devMouse] p1 unit 2 tile=(60,55) type=3 sel=false
[devMouse] p1 unit 3 tile=(61,45) type=3 sel=false
[devMouse] p1 unit 4 tile=(49,24) type=3 sel=false
[devMouse] p1 unit 5 tile=(48,25) type=3 sel=false
[devMouse] p1 unit 6 tile=(54,19) type=3 sel=false
[devMouse] p1 unit 7 tile=(36,23) type=4 sel=false
[devMouse] p1 unit 8 tile=(37,22) type=4 sel=false
[devMouse] p1 unit 9 tile=(49,33) type=4 sel=false
[devMouse] p1 unit 10 tile=(32,17) type=3 sel=false
[devMouse] p1 unit 11 tile=(25,21) type=4 sel=false
[devMouse] p1 unit 12 tile=(22,26) type=3 sel=false
[devMouse] p1 unit 13 tile=(23,27) type=3 sel=false
[devMouse] p1 unit 14 tile=(15,47) type=3 sel=false
[devMouse] p1 unit 15 tile=(16,54) type=3 sel=false
[dbg] ar=63273 am=6 aA=6 aH=0 l=false j=false fullRedraw=false
[dbg] ar=63298 am=6 aA=6 aH=0 l=false j=false fullRedraw=false
[fifo] ar=63323 slots 0
[slots] p0 n=11 0:t0@(44,58)w1012 1:t0@(44,60)w13 2:t0@(42,59)w13 3:t3@(29,59)w0 4:t3@(30,59)w0 5:t3@(30,60)w0 6:t3@(29,60)w0 7:t4@(30,57)w0 8:t4@(30,56)w0 9:t4@(30,55)w0 10:t6@(28,58)w0
[dbg] ar=63323 am=6 aA=6 aH=0 l=false j=false fullRedraw=false
[dbg] ar=63348 am=6 aA=6 aH=0 l=false j=false fullRedraw=false
[fifo] ar=63349 retask 1 45 59
[devMouse] retask slot1 (43,59)w13 -> (45,59)
[fifo] ar=63357 retask 2 45 60
[devMouse] retask slot2 (44,59)w13 -> (45,60)
[fifo] ar=63366 save /tmp/aoe-camp/m1/t.aoesave
[save] wrote /tmp/aoe-camp/m1/t.aoesave (12294B) ar=63367
[dbg] ar=63373 am=6 aA=6 aH=0 l=false j=false fullRedraw=false
[dbg] ar=63398 am=6 aA=6 aH=0 l=false j=false fullRedraw=false
[fifo] ar=63411 slots 0
[slots] p0 n=11 0:t0@(43,58)w13 1:t0@(44,60)w3712 2:t0@(44,59)w3112 3:t3@(29,59)w0 4:t3@(30,59)w0 5:t3@(30,60)w0 6:t3@(29,60)w0 7:t4@(30,57)w0 8:t4@(30,56)w0 9:t4@(30,55)w0 10:t6@(28,58)w0
[dbg] ar=63423 am=6 aA=6 aH=0 l=false j=false fullRedraw=false
[fifo] ar=63437 retask 0 45 58
[devMouse] retask slot0 (44,58)w13 -> (45,58)
[fifo] ar=63444 save /tmp/aoe-camp/m1/t.aoesave
[save] wrote /tmp/aoe-camp/m1/t.aoesave (12294B) ar=63445
[dbg] ar=63448 am=6 aA=6 aH=0 l=false j=false fullRedraw=false
[dbg] ar=63473 am=6 aA=6 aH=0 l=false j=false fullRedraw=false
[fifo] ar=63490 slots 0
[slots] p0 n=11 0:t0@(44,58)w3312 1:t0@(42,58)w13 2:t0@(43,58)w13 3:t3@(29,59)w0 4:t3@(30,59)w0 5:t3@(30,60)w0 6:t3@(29,60)w0 7:t4@(30,57)w0 8:t4@(30,56)w0 9:t4@(30,55)w0 10:t6@(28,58)w0
[dbg] ar=63498 am=6 aA=6 aH=0 l=false j=false fullRedraw=false
[fifo] ar=63517 retask 1 45 59
[devMouse] retask slot1 (43,59)w13 -> (45,59)
[dbg] ar=63523 am=6 aA=6 aH=0 l=false j=false fullRedraw=false
[fifo] ar=63525 retask 2 45 60
[devMouse] retask slot2 (43,59)w13 -> (45,60)
[fifo] ar=63533 save /tmp/aoe-camp/m1/t.aoesave
[save] wrote /tmp/aoe-camp/m1/t.aoesave (12294B) ar=63534
[dbg] ar=63548 am=6 aA=6 aH=0 l=false j=false fullRedraw=false
[dbg] ar=63573 am=6 aA=6 aH=0 l=false j=false fullRedraw=false
[fifo] ar=63581 slots 0
[slots] p0 n=11 0:t0@(43,58)w13 1:t0@(44,59)w3312 2:t0@(44,60)w3f12 3:t3@(29,59)w0 4:t3@(30,59)w0 5:t3@(30,60)w0 6:t3@(29,60)w0 7:t4@(30,57)w0 8:t4@(30,56)w0 9:t4@(30,55)w0 10:t6@(28,58)w0
[dbg] ar=63598 am=6 aA=6 aH=0 l=false j=false fullRedraw=false
[fifo] ar=63606 retask 0 45 58
[devMouse] retask slot0 (42,59)w13 -> (45,58)
[fifo] ar=63614 save /tmp/aoe-camp/m1/t.aoesave
[save] wrote /tmp/aoe-camp/m1/t.aoesave (12294B) ar=63615
[dbg] ar=63623 am=6 aA=6 aH=0 l=false j=false fullRedraw=false
[dbg] ar=63648 am=6 aA=6 aH=0 l=false j=false fullRedraw=false
[fifo] ar=63661 slots 0
[slots] p0 n=11 0:t0@(44,58)w4912 1:t0@(42,59)w13 2:t0@(43,58)w13 3:t3@(29,59)w0 4:t3@(30,59)w0 5:t3@(30,60)w0 6:t3@(29,60)w0 7:t4@(30,57)w0 8:t4@(30,56)w0 9:t4@(30,55)w0 10:t6@(28,58)w0
[dbg] ar=63673 am=6 aA=6 aH=0 l=false j=false fullRedraw=false
[fifo] ar=63686 retask 1 45 59
[devMouse] retask slot1 (44,59)w13 -> (45,59)
[fifo] ar=63694 retask 2 45 60
[devMouse] retask slot2 (43,59)w13 -> (45,60)
[dbg] ar=63698 am=6 aA=6 aH=0 l=false j=false fullRedraw=false
[fifo] ar=63701 save /tmp/aoe-camp/m1/t.aoesave
[save] wrote /tmp/aoe-camp/m1/t.aoesave (12294B) ar=63702
[dbg] ar=63723 am=6 aA=6 aH=0 l=false j=false fullRedraw=false
[fifo] ar=63748 state
[devMouse] aA=6/6 cursor=(31,58) cam=(-523,628) Q=3743 aE=512 Y=0 sel=6
[devMouse] p0 unit 0 tile=(42,59) type=0 sel=true
[devMouse] p0 unit 1 tile=(44,59) type=0 sel=true
[devMouse] p0 unit 2 tile=(44,60) type=0 sel=true
[devMouse] p0 unit 3 tile=(29,59) type=3 sel=true
[devMouse] p0 unit 4 tile=(30,59) type=3 sel=true
[devMouse] p0 unit 5 tile=(30,60) type=3 sel=true
[devMouse] p0 unit 6 tile=(29,60) type=3 sel=true
[devMouse] p0 unit 7 tile=(30,57) type=4 sel=true
[devMouse] p0 unit 8 tile=(30,56) type=4 sel=true
[devMouse] p0 unit 9 tile=(30,55) type=4 sel=true
[devMouse] p0 unit 10 tile=(28,58) type=6 sel=true
[devMouse] p1 unit 0 tile=(48,48) type=3 sel=false
[devMouse] p1 unit 1 tile=(40,34) type=3 sel=false
[devMouse] p1 unit 2 tile=(60,55) type=3 sel=false
[devMouse] p1 unit 3 tile=(61,45) type=3 sel=false
[devMouse] p1 unit 4 tile=(49,24) type=3 sel=false
[devMouse] p1 unit 5 tile=(48,25) type=3 sel=false
[devMouse] p1 unit 6 tile=(54,19) type=3 sel=false
[devMouse] p1 unit 7 tile=(36,23) type=4 sel=false
[devMouse] p1 unit 8 tile=(37,22) type=4 sel=false
[devMouse] p1 unit 9 tile=(49,33) type=4 sel=false
[devMouse] p1 unit 10 tile=(32,17) type=3 sel=false
[devMouse] p1 unit 11 tile=(25,21) type=4 sel=false
[devMouse] p1 unit 12 tile=(22,26) type=3 sel=false
[devMouse] p1 unit 13 tile=(23,27) type=3 sel=false
[devMouse] p1 unit 14 tile=(15,47) type=3 sel=false
[devMouse] p1 unit 15 tile=(16,54) type=3 sel=false
[dbg] ar=63748 am=6 aA=6 aH=0 l=false j=false fullRedraw=false
[dbg] ar=63773 am=6 aA=6 aH=0 l=false j=false fullRedraw=false
[dbg] ar=63798 am=6 aA=6 aH=0 l=false j=false fullRedraw=false
[fifo] ar=63802 slots 0
[slots] p0 n=11 0:t0@(44,59)w13 1:t0@(43,58)w13 2:t0@(44,60)w812 3:t3@(29,59)w0 4:t3@(30,59)w0 5:t3@(30,60)w0 6:t3@(29,60)w0 7:t4@(30,57)w0 8:t4@(30,56)w0 9:t4@(30,55)w0 10:t6@(28,58)w0
[dbg] ar=63823 am=6 aA=6 aH=0 l=false j=false fullRedraw=false
[fifo] ar=63827 retask 0 45 58
[devMouse] retask slot0 (42,59)w13 -> (45,58)
[fifo] ar=63835 retask 1 45 59
[devMouse] retask slot1 (44,58)w13 -> (45,59)
[fifo] ar=63843 save /tmp/aoe-camp/m1/t.aoesave
[save] wrote /tmp/aoe-camp/m1/t.aoesave (12294B) ar=63844
[dbg] ar=63848 am=6 aA=6 aH=0 l=false j=false fullRedraw=false
[dbg] ar=63873 am=6 aA=6 aH=0 l=false j=false fullRedraw=false
[fifo] ar=63890 slots 0
[slots] p0 n=11 0:t0@(44,59)w5212 1:t0@(44,58)w3812 2:t0@(43,59)w13 3:t3@(29,59)w0 4:t3@(30,59)w0 5:t3@(30,60)w0 6:t3@(29,60)w0 7:t4@(30,57)w0 8:t4@(30,56)w0 9:t4@(30,55)w0 10:t6@(28,58)w0
[dbg] ar=63898 am=6 aA=6 aH=0 l=false j=false fullRedraw=false
[fifo] ar=63915 retask 2 45 60
[devMouse] retask slot2 (42,59)w13 -> (45,60)
[fifo] ar=63923 save /tmp/aoe-camp/m1/t.aoesave
[dbg] ar=63923 am=6 aA=6 aH=0 l=false j=false fullRedraw=false
[save] wrote /tmp/aoe-camp/m1/t.aoesave (12294B) ar=63924
[dbg] ar=63948 am=6 aA=6 aH=0 l=false j=false fullRedraw=false
[fifo] ar=63971 slots 0
[slots] p0 n=11 0:t0@(44,59)w112 1:t0@(41,58)w13 2:t0@(44,60)w4412 3:t3@(29,59)w0 4:t3@(30,59)w0 5:t3@(30,60)w0 6:t3@(29,60)w0 7:t4@(30,57)w0 8:t4@(30,56)w0 9:t4@(30,55)w0 10:t6@(28,58)w0
[dbg] ar=63973 am=6 aA=6 aH=0 l=false j=false fullRedraw=false
[fifo] ar=63997 retask 1 45 59
[devMouse] retask slot1 (44,59)w13 -> (45,59)
[dbg] ar=63998 am=6 aA=6 aH=0 l=false j=false fullRedraw=false
[fifo] ar=64005 save /tmp/aoe-camp/m1/t.aoesave
[save] wrote /tmp/aoe-camp/m1/t.aoesave (12294B) ar=64006
[dbg] ar=64023 am=6 aA=6 aH=0 l=false j=false fullRedraw=false
[dbg] ar=64048 am=6 aA=6 aH=0 l=false j=false fullRedraw=false
[fifo] ar=64050 slots 0
[slots] p0 n=11 0:t0@(44,60)w13 1:t0@(44,59)w3512 2:t0@(42,59)w13 3:t3@(29,59)w0 4:t3@(30,59)w0 5:t3@(30,60)w0 6:t3@(29,60)w0 7:t4@(30,57)w0 8:t4@(30,56)w0 9:t4@(30,55)w0 10:t6@(28,58)w0
[dbg] ar=64073 am=6 aA=6 aH=0 l=false j=false fullRedraw=false
[fifo] ar=64076 retask 0 45 58
[devMouse] retask slot0 (43,59)w13 -> (45,58)
[fifo] ar=64083 retask 2 45 60
[devMouse] retask slot2 (43,60)w13 -> (45,60)
[fifo] ar=64091 save /tmp/aoe-camp/m1/t.aoesave
[save] wrote /tmp/aoe-camp/m1/t.aoesave (12294B) ar=64092
[dbg] ar=64098 am=6 aA=6 aH=0 l=false j=false fullRedraw=false
[dbg] ar=64123 am=6 aA=6 aH=0 l=false j=false fullRedraw=false
[fifo] ar=64137 slots 0
[slots] p0 n=11 0:t0@(44,58)w3712 1:t0@(42,59)w13 2:t0@(44,60)w3b12 3:t3@(29,59)w0 4:t3@(30,59)w0 5:t3@(30,60)w0 6:t3@(29,60)w0 7:t4@(30,57)w0 8:t4@(30,56)w0 9:t4@(30,55)w0 10:t6@(28,58)w0
[dbg] ar=64148 am=6 aA=6 aH=0 l=false j=false fullRedraw=false
[fifo] ar=64164 retask 1 45 59
[devMouse] retask slot1 (43,60)w13 -> (45,59)
[fifo] ar=64172 save /tmp/aoe-camp/m1/t.aoesave
[save] wrote /tmp/aoe-camp/m1/t.aoesave (12294B) ar=64173
[dbg] ar=64173 am=6 aA=6 aH=0 l=false j=false fullRedraw=false
[dbg] ar=64198 am=6 aA=6 aH=0 l=false j=false fullRedraw=false
[fifo] ar=64219 state
[devMouse] aA=6/6 cursor=(31,58) cam=(-523,628) Q=3743 aE=512 Y=0 sel=6
[devMouse] p0 unit 0 tile=(41,58) type=0 sel=true
[devMouse] p0 unit 1 tile=(44,59) type=0 sel=true
[devMouse] p0 unit 2 tile=(44,58) type=0 sel=true
[devMouse] p0 unit 3 tile=(29,59) type=3 sel=true
[devMouse] p0 unit 4 tile=(30,59) type=3 sel=true
[devMouse] p0 unit 5 tile=(30,60) type=3 sel=true
[devMouse] p0 unit 6 tile=(29,60) type=3 sel=true
[devMouse] p0 unit 7 tile=(30,57) type=4 sel=true
[devMouse] p0 unit 8 tile=(30,56) type=4 sel=true
[devMouse] p0 unit 9 tile=(30,55) type=4 sel=true
[devMouse] p0 unit 10 tile=(28,58) type=6 sel=true
[devMouse] p1 unit 0 tile=(48,48) type=3 sel=false
[devMouse] p1 unit 1 tile=(40,34) type=3 sel=false
[devMouse] p1 unit 2 tile=(60,55) type=3 sel=false
[devMouse] p1 unit 3 tile=(61,45) type=3 sel=false
[devMouse] p1 unit 4 tile=(49,24) type=3 sel=false
[devMouse] p1 unit 5 tile=(48,25) type=3 sel=false
[devMouse] p1 unit 6 tile=(54,19) type=3 sel=false
[devMouse] p1 unit 7 tile=(36,23) type=4 sel=false
[devMouse] p1 unit 8 tile=(37,22) type=4 sel=false
[devMouse] p1 unit 9 tile=(49,33) type=4 sel=false
[devMouse] p1 unit 10 tile=(32,17) type=3 sel=false
[devMouse] p1 unit 11 tile=(25,21) type=4 sel=false
[devMouse] p1 unit 12 tile=(22,26) type=3 sel=false
[devMouse] p1 unit 13 tile=(23,27) type=3 sel=false
[devMouse] p1 unit 14 tile=(15,47) type=3 sel=false
[devMouse] p1 unit 15 tile=(16,54) type=3 sel=false
[dbg] ar=64223 am=6 aA=6 aH=0 l=false j=false fullRedraw=false
[dbg] ar=64248 am=6 aA=6 aH=0 l=false j=false fullRedraw=false
[fifo] ar=64271 slots 0
[slots] p0 n=11 0:t0@(42,59)w13 1:t0@(44,59)w712 2:t0@(43,59)w13 3:t3@(29,59)w0 4:t3@(30,59)w0 5:t3@(30,60)w0 6:t3@(29,60)w0 7:t4@(30,57)w0 8:t4@(30,56)w0 9:t4@(30,55)w0 10:t6@(28,58)w0
[dbg] ar=64273 am=6 aA=6 aH=0 l=false j=false fullRedraw=false
[fifo] ar=64296 retask 0 45 58
[devMouse] retask slot0 (43,58)w13 -> (45,58)
[dbg] ar=64298 am=6 aA=6 aH=0 l=false j=false fullRedraw=false
[fifo] ar=64303 retask 2 45 60
[devMouse] retask slot2 (44,60)w13 -> (45,60)
[fifo] ar=64311 save /tmp/aoe-camp/m1/t.aoesave
[save] wrote /tmp/aoe-camp/m1/t.aoesave (12294B) ar=64312
[dbg] ar=64323 am=6 aA=6 aH=0 l=false j=false fullRedraw=false
[dbg] ar=64348 am=6 aA=6 aH=0 l=false j=false fullRedraw=false
[fifo] ar=64358 slots 0
[slots] p0 n=11 0:t0@(44,58)w3612 1:t0@(44,59)w13 2:t0@(44,60)w3112 3:t3@(29,59)w0 4:t3@(30,59)w0 5:t3@(30,60)w0 6:t3@(29,60)w0 7:t4@(30,57)w0 8:t4@(30,56)w0 9:t4@(30,55)w0 10:t6@(28,58)w0
[dbg] ar=64373 am=6 aA=6 aH=0 l=false j=false fullRedraw=false
[fifo] ar=64382 retask 1 45 59
[devMouse] retask slot1 (41,59)w13 -> (45,59)
[fifo] ar=64390 save /tmp/aoe-camp/m1/t.aoesave
[save] wrote /tmp/aoe-camp/m1/t.aoesave (12294B) ar=64391
[dbg] ar=64398 am=6 aA=6 aH=0 l=false j=false fullRedraw=false
[dbg] ar=64423 am=6 aA=6 aH=0 l=false j=false fullRedraw=false
[fifo] ar=64438 slots 0
[slots] p0 n=11 0:t0@(42,60)w13 1:t0@(44,59)w4e12 2:t0@(42,58)w13 3:t3@(29,59)w0 4:t3@(30,59)w0 5:t3@(30,60)w0 6:t3@(29,60)w0 7:t4@(30,57)w0 8:t4@(30,56)w0 9:t4@(30,55)w0 10:t6@(28,58)w0
[dbg] ar=64448 am=6 aA=6 aH=0 l=false j=false fullRedraw=false
[fifo] ar=64461 retask 0 45 58
[devMouse] retask slot0 (43,59)w13 -> (45,58)
[fifo] ar=64468 retask 2 45 60
[devMouse] retask slot2 (43,59)w13 -> (45,60)
[dbg] ar=64473 am=6 aA=6 aH=0 l=false j=false fullRedraw=false
[fifo] ar=64476 save /tmp/aoe-camp/m1/t.aoesave
[save] wrote /tmp/aoe-camp/m1/t.aoesave (12294B) ar=64477
[dbg] ar=64498 am=6 aA=6 aH=0 l=false j=false fullRedraw=false
[fifo] ar=64523 slots 0
[slots] p0 n=11 0:t0@(44,58)w4012 1:t0@(43,60)w13 2:t0@(44,60)w4012 3:t3@(29,59)w0 4:t3@(30,59)w0 5:t3@(30,60)w0 6:t3@(29,60)w0 7:t4@(30,57)w0 8:t4@(30,56)w0 9:t4@(30,55)w0 10:t6@(28,58)w0
[dbg] ar=64523 am=6 aA=6 aH=0 l=false j=false fullRedraw=false
[fifo] ar=64548 retask 1 45 59
[devMouse] retask slot1 (42,59)w13 -> (45,59)
[dbg] ar=64548 am=6 aA=6 aH=0 l=false j=false fullRedraw=false
[fifo] ar=64556 save /tmp/aoe-camp/m1/t.aoesave
[save] wrote /tmp/aoe-camp/m1/t.aoesave (12294B) ar=64557
[dbg] ar=64573 am=6 aA=6 aH=0 l=false j=false fullRedraw=false
[dbg] ar=64598 am=6 aA=6 aH=0 l=false j=false fullRedraw=false
[fifo] ar=64602 slots 0
[slots] p0 n=11 0:t0@(42,59)w13 1:t0@(44,59)w4712 2:t0@(43,59)w13 3:t3@(29,59)w0 4:t3@(30,59)w0 5:t3@(30,60)w0 6:t3@(29,60)w0 7:t4@(30,57)w0 8:t4@(30,56)w0 9:t4@(30,55)w0 10:t6@(28,58)w0
[dbg] ar=64623 am=6 aA=6 aH=0 l=false j=false fullRedraw=false
[fifo] ar=64626 retask 0 45 58
[devMouse] retask slot0 (43,59)w13 -> (45,58)
[fifo] ar=64634 retask 2 45 60
[devMouse] retask slot2 (43,59)w13 -> (45,60)
[fifo] ar=64642 save /tmp/aoe-camp/m1/t.aoesave
[save] wrote /tmp/aoe-camp/m1/t.aoesave (12294B) ar=64643
[dbg] ar=64648 am=6 aA=6 aH=0 l=false j=false fullRedraw=false
[dbg] ar=64673 am=6 aA=6 aH=0 l=false j=false fullRedraw=false
[fifo] ar=64688 state
[devMouse] aA=6/6 cursor=(31,58) cam=(-523,628) Q=3743 aE=512 Y=0 sel=6
[devMouse] p0 unit 0 tile=(44,58) type=0 sel=true
[devMouse] p0 unit 1 tile=(42,60) type=0 sel=true
[devMouse] p0 unit 2 tile=(44,60) type=0 sel=true
[devMouse] p0 unit 3 tile=(29,59) type=3 sel=true
[devMouse] p0 unit 4 tile=(30,59) type=3 sel=true
[devMouse] p0 unit 5 tile=(30,60) type=3 sel=true
[devMouse] p0 unit 6 tile=(29,60) type=3 sel=true
[devMouse] p0 unit 7 tile=(30,57) type=4 sel=true
[devMouse] p0 unit 8 tile=(30,56) type=4 sel=true
[devMouse] p0 unit 9 tile=(30,55) type=4 sel=true
[devMouse] p0 unit 10 tile=(28,58) type=6 sel=true
[devMouse] p1 unit 0 tile=(48,48) type=3 sel=false
[devMouse] p1 unit 1 tile=(40,34) type=3 sel=false
[devMouse] p1 unit 2 tile=(60,55) type=3 sel=false
[devMouse] p1 unit 3 tile=(61,45) type=3 sel=false
[devMouse] p1 unit 4 tile=(49,24) type=3 sel=false
[devMouse] p1 unit 5 tile=(48,25) type=3 sel=false
[devMouse] p1 unit 6 tile=(54,19) type=3 sel=false
[devMouse] p1 unit 7 tile=(36,23) type=4 sel=false
[devMouse] p1 unit 8 tile=(37,22) type=4 sel=false
[devMouse] p1 unit 9 tile=(49,33) type=4 sel=false
[devMouse] p1 unit 10 tile=(32,17) type=3 sel=false
[devMouse] p1 unit 11 tile=(25,21) type=4 sel=false
[devMouse] p1 unit 12 tile=(22,26) type=3 sel=false
[devMouse] p1 unit 13 tile=(23,27) type=3 sel=false
[devMouse] p1 unit 14 tile=(15,47) type=3 sel=false
[devMouse] p1 unit 15 tile=(16,54) type=3 sel=false
[dbg] ar=64698 am=6 aA=6 aH=0 l=false j=false fullRedraw=false
[dbg] ar=64723 am=6 aA=6 aH=0 l=false j=false fullRedraw=false
[fifo] ar=64741 slots 0
[slots] p0 n=11 0:t0@(44,58)w312 1:t0@(42,60)w13 2:t0@(44,60)wc12 3:t3@(29,59)w0 4:t3@(30,59)w0 5:t3@(30,60)w0 6:t3@(29,60)w0 7:t4@(30,57)w0 8:t4@(30,56)w0 9:t4@(30,55)w0 10:t6@(28,58)w0
[dbg] ar=64748 am=6 aA=6 aH=0 l=false j=false fullRedraw=false
[fifo] ar=64768 retask 1 45 59
[devMouse] retask slot1 (43,59)w13 -> (45,59)
[dbg] ar=64773 am=6 aA=6 aH=0 l=false j=false fullRedraw=false
[fifo] ar=64776 save /tmp/aoe-camp/m1/t.aoesave
[save] wrote /tmp/aoe-camp/m1/t.aoesave (12294B) ar=64777
[dbg] ar=64798 am=6 aA=6 aH=0 l=false j=false fullRedraw=false
[fifo] ar=64823 slots 0
[slots] p0 n=11 0:t0@(42,60)w13 1:t0@(44,60)w3e12 2:t0@(42,59)w13 3:t3@(29,59)w0 4:t3@(30,59)w0 5:t3@(30,60)w0 6:t3@(29,60)w0 7:t4@(30,57)w0 8:t4@(30,56)w0 9:t4@(30,55)w0 10:t6@(28,58)w0
[dbg] ar=64823 am=6 aA=6 aH=0 l=false j=false fullRedraw=false
[fifo] ar=64846 retask 0 45 58
[devMouse] retask slot0 (43,59)w13 -> (45,58)
[dbg] ar=64848 am=6 aA=6 aH=0 l=false j=false fullRedraw=false
[fifo] ar=64854 retask 2 45 60
[devMouse] retask slot2 (43,58)w13 -> (45,60)
[fifo] ar=64862 save /tmp/aoe-camp/m1/t.aoesave
[save] wrote /tmp/aoe-camp/m1/t.aoesave (12294B) ar=64863
[dbg] ar=64873 am=6 aA=6 aH=0 l=false j=false fullRedraw=false
[dbg] ar=64898 am=6 aA=6 aH=0 l=false j=false fullRedraw=false
[fifo] ar=64907 slots 0
[slots] p0 n=11 0:t0@(44,59)w4212 1:t0@(41,58)w13 2:t0@(44,60)w0 3:t3@(29,59)w0 4:t3@(30,59)w0 5:t3@(30,60)w0 6:t3@(29,60)w0 7:t4@(30,57)w0 8:t4@(30,56)w0 9:t4@(30,55)w0 10:t6@(28,58)w0
[dbg] ar=64923 am=6 aA=6 aH=0 l=false j=false fullRedraw=false
[fifo] ar=64932 retask 1 45 59
[devMouse] retask slot1 (44,58)w13 -> (45,59)
[fifo] ar=64940 retask 2 45 60
[devMouse] retask slot2 (44,60)w4f12 -> (45,60)
[fifo] ar=64947 save /tmp/aoe-camp/m1/t.aoesave
[save] wrote /tmp/aoe-camp/m1/t.aoesave (12294B) ar=64948
[dbg] ar=64948 am=6 aA=6 aH=0 l=false j=false fullRedraw=false
[dbg] ar=64973 am=6 aA=6 aH=0 l=false j=false fullRedraw=false
[fifo] ar=64994 slots 0
[slots] p0 n=11 0:t0@(41,59)w13 1:t0@(44,58)w2f12 2:t0@(44,60)w3012 3:t3@(29,59)w0 4:t3@(30,59)w0 5:t3@(30,60)w0 6:t3@(29,60)w0 7:t4@(30,57)w0 8:t4@(30,56)w0 9:t4@(30,55)w0 10:t6@(28,58)w0
[dbg] ar=64998 am=6 aA=6 aH=0 l=false j=false fullRedraw=false
[fifo] ar=65018 retask 0 45 58
[devMouse] retask slot0 (43,59)w13 -> (45,58)
[dbg] ar=65023 am=6 aA=6 aH=0 l=false j=false fullRedraw=false
[fifo] ar=65026 save /tmp/aoe-camp/m1/t.aoesave
[save] wrote /tmp/aoe-camp/m1/t.aoesave (12294B) ar=65027
[dbg] ar=65048 am=6 aA=6 aH=0 l=false j=false fullRedraw=false
[fifo] ar=65071 slots 0
[slots] p0 n=11 0:t0@(44,59)w4412 1:t0@(42,58)w13 2:t0@(43,58)w13 3:t3@(29,59)w0 4:t3@(30,59)w0 5:t3@(30,60)w0 6:t3@(29,60)w0 7:t4@(30,57)w0 8:t4@(30,56)w0 9:t4@(30,55)w0 10:t6@(28,58)w0
[dbg] ar=65073 am=6 aA=6 aH=0 l=false j=false fullRedraw=false
[fifo] ar=65095 retask 1 45 59
[devMouse] retask slot1 (43,60)w13 -> (45,59)
[dbg] ar=65098 am=6 aA=6 aH=0 l=false j=false fullRedraw=false
[fifo] ar=65104 retask 2 45 60
[devMouse] retask slot2 (44,60)w13 -> (45,60)
[fifo] ar=65111 save /tmp/aoe-camp/m1/t.aoesave
[save] wrote /tmp/aoe-camp/m1/t.aoesave (12294B) ar=65112
[dbg] ar=65123 am=6 aA=6 aH=0 l=false j=false fullRedraw=false
[dbg] ar=65148 am=6 aA=6 aH=0 l=false j=false fullRedraw=false
[fifo] ar=65153 state
[devMouse] aA=6/6 cursor=(31,58) cam=(-523,628) Q=3743 aE=512 Y=0 sel=6
[devMouse] p0 unit 0 tile=(42,58) type=0 sel=true
[devMouse] p0 unit 1 tile=(44,58) type=0 sel=true
[devMouse] p0 unit 2 tile=(44,60) type=0 sel=true
[devMouse] p0 unit 3 tile=(29,59) type=3 sel=true
[devMouse] p0 unit 4 tile=(30,59) type=3 sel=true
[devMouse] p0 unit 5 tile=(30,60) type=3 sel=true
[devMouse] p0 unit 6 tile=(29,60) type=3 sel=true
[devMouse] p0 unit 7 tile=(30,57) type=4 sel=true
[devMouse] p0 unit 8 tile=(30,56) type=4 sel=true
[devMouse] p0 unit 9 tile=(30,55) type=4 sel=true
[devMouse] p0 unit 10 tile=(28,58) type=6 sel=true
[devMouse] p1 unit 0 tile=(48,48) type=3 sel=false
[devMouse] p1 unit 1 tile=(40,34) type=3 sel=false
[devMouse] p1 unit 2 tile=(60,55) type=3 sel=false
[devMouse] p1 unit 3 tile=(61,45) type=3 sel=false
[devMouse] p1 unit 4 tile=(49,24) type=3 sel=false
[devMouse] p1 unit 5 tile=(48,25) type=3 sel=false
[devMouse] p1 unit 6 tile=(54,19) type=3 sel=false
[devMouse] p1 unit 7 tile=(36,23) type=4 sel=false
[devMouse] p1 unit 8 tile=(37,22) type=4 sel=false
[devMouse] p1 unit 9 tile=(49,33) type=4 sel=false
[devMouse] p1 unit 10 tile=(32,17) type=3 sel=false
[devMouse] p1 unit 11 tile=(25,21) type=4 sel=false
[devMouse] p1 unit 12 tile=(22,26) type=3 sel=false
[devMouse] p1 unit 13 tile=(23,27) type=3 sel=false
[devMouse] p1 unit 14 tile=(15,47) type=3 sel=false
[devMouse] p1 unit 15 tile=(16,54) type=3 sel=false
[dbg] ar=65173 am=6 aA=6 aH=0 l=false j=false fullRedraw=false
[dbg] ar=65198 am=6 aA=6 aH=0 l=false j=false fullRedraw=false
[fifo] ar=65206 slots 0
[slots] p0 n=11 0:t0@(42,60)w13 1:t0@(44,58)w2512 2:t0@(44,60)w212 3:t3@(29,59)w0 4:t3@(30,59)w0 5:t3@(30,60)w0 6:t3@(29,60)w0 7:t4@(30,57)w0 8:t4@(30,56)w0 9:t4@(30,55)w0 10:t6@(28,58)w0
[dbg] ar=65223 am=6 aA=6 aH=0 l=false j=false fullRedraw=false
[fifo] ar=65230 retask 0 45 58
[devMouse] retask slot0 (43,59)w13 -> (45,58)
[fifo] ar=65238 save /tmp/aoe-camp/m1/t.aoesave
[save] wrote /tmp/aoe-camp/m1/t.aoesave (12294B) ar=65239
[dbg] ar=65248 am=6 aA=6 aH=0 l=false j=false fullRedraw=false
[dbg] ar=65273 am=6 aA=6 aH=0 l=false j=false fullRedraw=false
[fifo] ar=65285 slots 0
[slots] p0 n=11 0:t0@(44,59)w5312 1:t0@(44,58)w13 2:t0@(42,59)w13 3:t3@(29,59)w0 4:t3@(30,59)w0 5:t3@(30,60)w0 6:t3@(29,60)w0 7:t4@(30,57)w0 8:t4@(30,56)w0 9:t4@(30,55)w0 10:t6@(28,58)w0
[dbg] ar=65298 am=6 aA=6 aH=0 l=false j=false fullRedraw=false
[fifo] ar=65310 retask 1 45 59
[devMouse] retask slot1 (41,58)w13 -> (45,59)
[fifo] ar=65318 retask 2 45 60
[devMouse] retask slot2 (44,58)w13 -> (45,60)
[dbg] ar=65323 am=6 aA=6 aH=0 l=false j=false fullRedraw=false
[fifo] ar=65326 save /tmp/aoe-camp/m1/t.aoesave
[save] wrote /tmp/aoe-camp/m1/t.aoesave (12294B) ar=65327
[dbg] ar=65348 am=6 aA=6 aH=0 l=false j=false fullRedraw=false
[dbg] ar=65373 am=6 aA=6 aH=0 l=false j=false fullRedraw=false
[fifo] ar=65376 slots 0
[slots] p0 n=11 0:t0@(44,58)w13 1:t0@(43,59)w0 2:t0@(44,60)w5812 3:t3@(29,59)w0 4:t3@(30,59)w0 5:t3@(30,60)w0 6:t3@(29,60)w0 7:t4@(30,57)w0 8:t4@(30,56)w0 9:t4@(30,55)w0 10:t6@(28,58)w0
[dbg] ar=65398 am=6 aA=6 aH=0 l=false j=false fullRedraw=false
[fifo] ar=65401 retask 0 45 58
[devMouse] retask slot0 (43,59)w13 -> (45,58)
[fifo] ar=65409 retask 1 45 59
[devMouse] retask slot1 (44,59)w5112 -> (45,59)
[fifo] ar=65417 save /tmp/aoe-camp/m1/t.aoesave
[save] wrote /tmp/aoe-camp/m1/t.aoesave (12294B) ar=65418
[dbg] ar=65423 am=6 aA=6 aH=0 l=false j=false fullRedraw=false
[dbg] ar=65448 am=6 aA=6 aH=0 l=false j=false fullRedraw=false
[fifo] ar=65464 slots 0
[slots] p0 n=11 0:t0@(44,58)w3412 1:t0@(44,59)w3012 2:t0@(44,60)w13 3:t3@(29,59)w0 4:t3@(30,59)w0 5:t3@(30,60)w0 6:t3@(29,60)w0 7:t4@(30,57)w0 8:t4@(30,56)w0 9:t4@(30,55)w0 10:t6@(28,58)w0
[dbg] ar=65473 am=6 aA=6 aH=0 l=false j=false fullRedraw=false
[fifo] ar=65489 retask 2 45 60
[devMouse] retask slot2 (42,58)w13 -> (45,60)
[fifo] ar=65497 save /tmp/aoe-camp/m1/t.aoesave
[save] wrote /tmp/aoe-camp/m1/t.aoesave (12294B) ar=65498
[dbg] ar=65498 am=6 aA=6 aH=0 l=false j=false fullRedraw=false
[dbg] ar=65523 am=6 aA=6 aH=0 l=false j=false fullRedraw=false
[fifo] ar=65543 slots 0
[slots] p0 n=11 0:t0@(43,59)w13 1:t0@(42,59)w13 2:t0@(44,60)w4e12 3:t3@(29,59)w0 4:t3@(30,59)w0 5:t3@(30,60)w0 6:t3@(29,60)w0 7:t4@(30,57)w0 8:t4@(30,56)w0 9:t4@(30,55)w0 10:t6@(28,58)w0
[dbg] ar=65548 am=6 aA=6 aH=0 l=false j=false fullRedraw=false
[fifo] ar=65569 retask 0 45 58
[devMouse] retask slot0 (44,58)w13 -> (45,58)
[dbg] ar=65573 am=6 aA=6 aH=0 l=false j=false fullRedraw=false
[fifo] ar=65578 retask 1 45 59
[devMouse] retask slot1 (45,58)w13 -> (45,59)
[fifo] ar=65585 save /tmp/aoe-camp/m1/t.aoesave
[save] wrote /tmp/aoe-camp/m1/t.aoesave (12294B) ar=65586
[dbg] ar=65598 am=6 aA=6 aH=0 l=false j=false fullRedraw=false
[dbg] ar=65623 am=6 aA=6 aH=0 l=false j=false fullRedraw=false
[fifo] ar=65632 state
[devMouse] aA=6/6 cursor=(31,58) cam=(-523,628) Q=3743 aE=512 Y=0 sel=6
[devMouse] p0 unit 0 tile=(44,58) type=0 sel=true
[devMouse] p0 unit 1 tile=(45,58) type=0 sel=true
[devMouse] p0 unit 2 tile=(43,58) type=0 sel=true
[devMouse] p0 unit 3 tile=(29,59) type=3 sel=true
[devMouse] p0 unit 4 tile=(30,59) type=3 sel=true
[devMouse] p0 unit 5 tile=(30,60) type=3 sel=true
[devMouse] p0 unit 6 tile=(29,60) type=3 sel=true
[devMouse] p0 unit 7 tile=(30,57) type=4 sel=true
[devMouse] p0 unit 8 tile=(30,56) type=4 sel=true
[devMouse] p0 unit 9 tile=(30,55) type=4 sel=true
[devMouse] p0 unit 10 tile=(28,58) type=6 sel=true
[devMouse] p1 unit 0 tile=(48,48) type=3 sel=false
[devMouse] p1 unit 1 tile=(40,34) type=3 sel=false
[devMouse] p1 unit 2 tile=(60,55) type=3 sel=false
[devMouse] p1 unit 3 tile=(61,45) type=3 sel=false
[devMouse] p1 unit 4 tile=(49,24) type=3 sel=false
[devMouse] p1 unit 5 tile=(48,25) type=3 sel=false
[devMouse] p1 unit 6 tile=(54,19) type=3 sel=false
[devMouse] p1 unit 7 tile=(36,23) type=4 sel=false
[devMouse] p1 unit 8 tile=(37,22) type=4 sel=false
[devMouse] p1 unit 9 tile=(49,33) type=4 sel=false
[devMouse] p1 unit 10 tile=(32,17) type=3 sel=false
[devMouse] p1 unit 11 tile=(25,21) type=4 sel=false
[devMouse] p1 unit 12 tile=(22,26) type=3 sel=false
[devMouse] p1 unit 13 tile=(23,27) type=3 sel=false
[devMouse] p1 unit 14 tile=(15,47) type=3 sel=false
[devMouse] p1 unit 15 tile=(16,54) type=3 sel=false
[dbg] ar=65648 am=6 aA=6 aH=0 l=false j=false fullRedraw=false
[dbg] ar=65673 am=6 aA=6 aH=0 l=false j=false fullRedraw=false
[fifo] ar=65683 slots 0
[slots] p0 n=11 0:t0@(44,58)w0 1:t0@(45,58)w13 2:t0@(44,59)w13 3:t3@(29,59)w0 4:t3@(30,59)w0 5:t3@(30,60)w0 6:t3@(29,60)w0 7:t4@(30,57)w0 8:t4@(30,56)w0 9:t4@(30,55)w0 10:t6@(28,58)w0
[dbg] ar=65698 am=6 aA=6 aH=0 l=false j=false fullRedraw=false
[fifo] ar=65707 retask 0 46 58
[devMouse] retask slot0 (44,58)w0 -> (46,58)
[fifo] ar=65716 retask 1 45 59
[devMouse] retask slot1 (44,58)w13 -> (45,59)
[dbg] ar=65723 am=6 aA=6 aH=0 l=false j=false fullRedraw=false
[fifo] ar=65724 retask 2 45 60
[devMouse] retask slot2 (42,58)w13 -> (45,60)
[fifo] ar=65732 save /tmp/aoe-camp/m1/t.aoesave
[save] wrote /tmp/aoe-camp/m1/t.aoesave (12294B) ar=65733
[dbg] ar=65748 am=6 aA=6 aH=0 l=false j=false fullRedraw=false
[dbg] ar=65773 am=6 aA=6 aH=0 l=false j=false fullRedraw=false
[fifo] ar=65781 slots 0
[slots] p0 n=11 0:t0@(45,59)w2712 1:t0@(44,58)w0 2:t0@(44,59)w4612 3:t3@(29,59)w0 4:t3@(30,59)w0 5:t3@(30,60)w0 6:t3@(29,60)w0 7:t4@(30,57)w0 8:t4@(30,56)w0 9:t4@(30,55)w0 10:t6@(28,58)w0
[dbg] ar=65798 am=6 aA=6 aH=0 l=false j=false fullRedraw=false
[fifo] ar=65806 retask 1 46 59
[devMouse] retask slot1 (44,58)w0 -> (46,59)
[fifo] ar=65815 save /tmp/aoe-camp/m1/t.aoesave
[save] wrote /tmp/aoe-camp/m1/t.aoesave (12294B) ar=65816
[dbg] ar=65823 am=6 aA=6 aH=0 l=false j=false fullRedraw=false
[dbg] ar=65848 am=6 aA=6 aH=0 l=false j=false fullRedraw=false
[fifo] ar=65861 slots 0
[slots] p0 n=11 0:t0@(44,59)w13 1:t0@(45,58)w3912 2:t0@(44,60)w13 3:t3@(29,59)w0 4:t3@(30,59)w0 5:t3@(30,60)w0 6:t3@(29,60)w0 7:t4@(30,57)w0 8:t4@(30,56)w0 9:t4@(30,55)w0 10:t6@(28,58)w0
[dbg] ar=65873 am=6 aA=6 aH=0 l=false j=false fullRedraw=false
[fifo] ar=65886 retask 0 46 58
[devMouse] retask slot0 (43,60)w13 -> (46,58)
[fifo] ar=65893 retask 2 45 60
[devMouse] retask slot2 (43,59)w13 -> (45,60)
[dbg] ar=65898 am=6 aA=6 aH=0 l=false j=false fullRedraw=false
[fifo] ar=65901 save /tmp/aoe-camp/m1/t.aoesave
[save] wrote /tmp/aoe-camp/m1/t.aoesave (12294B) ar=65902
[dbg] ar=65923 am=6 aA=6 aH=0 l=false j=false fullRedraw=false
[fifo] ar=65947 slots 0
[slots] p0 n=11 0:t0@(45,59)w4112 1:t0@(43,58)w13 2:t0@(44,60)w3c12 3:t3@(29,59)w0 4:t3@(30,59)w0 5:t3@(30,60)w0 6:t3@(29,60)w0 7:t4@(30,57)w0 8:t4@(30,56)w0 9:t4@(30,55)w0 10:t6@(28,58)w0
[dbg] ar=65948 am=6 aA=6 aH=0 l=false j=false fullRedraw=false
[fifo] ar=65973 retask 1 46 59
[devMouse] retask slot1 (44,59)w13 -> (46,59)
[dbg] ar=65973 am=6 aA=6 aH=0 l=false j=false fullRedraw=false
[fifo] ar=65981 save /tmp/aoe-camp/m1/t.aoesave
[save] wrote /tmp/aoe-camp/m1/t.aoesave (12294B) ar=65982
[dbg] ar=65998 am=6 aA=6 aH=0 l=false j=false fullRedraw=false
[dbg] ar=66023 am=6 aA=6 aH=0 l=false j=false fullRedraw=false
[fifo] ar=66025 slots 0
[slots] p0 n=11 0:t0@(44,58)w13 1:t0@(44,59)w0 2:t0@(45,59)w13 3:t3@(29,59)w0 4:t3@(30,59)w0 5:t3@(30,60)w0 6:t3@(29,60)w0 7:t4@(30,57)w0 8:t4@(30,56)w0 9:t4@(30,55)w0 10:t6@(28,58)w0
[dbg] ar=66048 am=6 aA=6 aH=0 l=false j=false fullRedraw=false
[fifo] ar=66050 retask 0 46 58
[devMouse] retask slot0 (45,58)w13 -> (46,58)
[fifo] ar=66058 retask 1 46 59
[devMouse] retask slot1 (45,59)w5112 -> (46,59)
[fifo] ar=66065 retask 2 45 60
[devMouse] retask slot2 (44,60)w13 -> (45,60)
[fifo] ar=66073 save /tmp/aoe-camp/m1/t.aoesave
[dbg] ar=66073 am=6 aA=6 aH=0 l=false j=false fullRedraw=false
[save] wrote /tmp/aoe-camp/m1/t.aoesave (12294B) ar=66074
[dbg] ar=66098 am=6 aA=6 aH=0 l=false j=false fullRedraw=false
[fifo] ar=66120 state
[devMouse] aA=6/6 cursor=(31,58) cam=(-523,628) Q=3743 aE=512 Y=0 sel=6
[devMouse] p0 unit 0 tile=(45,58) type=0 sel=true
[devMouse] p0 unit 1 tile=(45,59) type=0 sel=true
[devMouse] p0 unit 2 tile=(44,60) type=0 sel=true
[devMouse] p0 unit 3 tile=(29,59) type=3 sel=true
[devMouse] p0 unit 4 tile=(30,59) type=3 sel=true
[devMouse] p0 unit 5 tile=(30,60) type=3 sel=true
[devMouse] p0 unit 6 tile=(29,60) type=3 sel=true
[devMouse] p0 unit 7 tile=(30,57) type=4 sel=true
[devMouse] p0 unit 8 tile=(30,56) type=4 sel=true
[devMouse] p0 unit 9 tile=(30,55) type=4 sel=true
[devMouse] p0 unit 10 tile=(28,58) type=6 sel=true
[devMouse] p1 unit 0 tile=(48,48) type=3 sel=false
[devMouse] p1 unit 1 tile=(40,34) type=3 sel=false
[devMouse] p1 unit 2 tile=(60,55) type=3 sel=false
[devMouse] p1 unit 3 tile=(61,45) type=3 sel=false
[devMouse] p1 unit 4 tile=(49,24) type=3 sel=false
[devMouse] p1 unit 5 tile=(48,25) type=3 sel=false
[devMouse] p1 unit 6 tile=(54,19) type=3 sel=false
[devMouse] p1 unit 7 tile=(36,23) type=4 sel=false
[devMouse] p1 unit 8 tile=(37,22) type=4 sel=false
[devMouse] p1 unit 9 tile=(49,33) type=4 sel=false
[devMouse] p1 unit 10 tile=(32,17) type=3 sel=false
[devMouse] p1 unit 11 tile=(25,21) type=4 sel=false
[devMouse] p1 unit 12 tile=(22,26) type=3 sel=false
[devMouse] p1 unit 13 tile=(23,27) type=3 sel=false
[devMouse] p1 unit 14 tile=(15,47) type=3 sel=false
[devMouse] p1 unit 15 tile=(16,54) type=3 sel=false
[dbg] ar=66123 am=6 aA=6 aH=0 l=false j=false fullRedraw=false
[dbg] ar=66148 am=6 aA=6 aH=0 l=false j=false fullRedraw=false
[dbg] ar=66173 am=6 aA=6 aH=0 l=false j=false fullRedraw=false
[fifo] ar=66175 slots 0
[slots] p0 n=11 0:t0@(45,59)w13 1:t0@(44,58)w13 2:t0@(44,59)w13 3:t3@(29,59)w0 4:t3@(30,59)w0 5:t3@(30,60)w0 6:t3@(29,60)w0 7:t4@(30,57)w0 8:t4@(30,56)w0 9:t4@(30,55)w0 10:t6@(28,58)w0
[dbg] ar=66198 am=6 aA=6 aH=0 l=false j=false fullRedraw=false
[fifo] ar=66200 retask 0 46 58
[devMouse] retask slot0 (43,59)w13 -> (46,58)
[fifo] ar=66207 retask 1 46 59
[devMouse] retask slot1 (45,58)w13 -> (46,59)
[fifo] ar=66215 retask 2 45 60
[devMouse] retask slot2 (43,59)w13 -> (45,60)
[fifo] ar=66223 save /tmp/aoe-camp/m1/t.aoesave
[dbg] ar=66223 am=6 aA=6 aH=0 l=false j=false fullRedraw=false
[save] wrote /tmp/aoe-camp/m1/t.aoesave (12294B) ar=66224
[dbg] ar=66248 am=6 aA=6 aH=0 l=false j=false fullRedraw=false
[fifo] ar=66272 slots 0
[slots] p0 n=11 0:t0@(45,59)w3f12 1:t0@(45,58)w2d12 2:t0@(41,59)w0 3:t3@(29,59)w0 4:t3@(30,59)w0 5:t3@(30,60)w0 6:t3@(29,60)w0 7:t4@(30,57)w0 8:t4@(30,56)w0 9:t4@(30,55)w0 10:t6@(28,58)w0
[dbg] ar=66273 am=6 aA=6 aH=0 l=false j=false fullRedraw=false
[fifo] ar=66297 retask 2 45 60
[devMouse] retask slot2 (44,60)w0 -> (45,60)
[dbg] ar=66298 am=6 aA=6 aH=0 l=false j=false fullRedraw=false
[fifo] ar=66305 save /tmp/aoe-camp/m1/t.aoesave
[save] wrote /tmp/aoe-camp/m1/t.aoesave (12294B) ar=66306
[dbg] ar=66323 am=6 aA=6 aH=0 l=false j=false fullRedraw=false
[dbg] ar=66348 am=6 aA=6 aH=0 l=false j=false fullRedraw=false
[fifo] ar=66352 slots 0
[slots] p0 n=11 0:t0@(44,58)w13 1:t0@(43,58)w13 2:t0@(44,60)w3212 3:t3@(29,59)w0 4:t3@(30,59)w0 5:t3@(30,60)w0 6:t3@(29,60)w0 7:t4@(30,57)w0 8:t4@(30,56)w0 9:t4@(30,55)w0 10:t6@(28,58)w0
[dbg] ar=66373 am=6 aA=6 aH=0 l=false j=false fullRedraw=false
[fifo] ar=66376 retask 0 46 58
[devMouse] retask slot0 (45,59)w13 -> (46,58)
[fifo] ar=66384 retask 1 46 59
[devMouse] retask slot1 (43,59)w13 -> (46,59)
[fifo] ar=66392 save /tmp/aoe-camp/m1/t.aoesave
[save] wrote /tmp/aoe-camp/m1/t.aoesave (12294B) ar=66393
[dbg] ar=66398 am=6 aA=6 aH=0 l=false j=false fullRedraw=false
[dbg] ar=66423 am=6 aA=6 aH=0 l=false j=false fullRedraw=false
[fifo] ar=66438 slots 0
[slots] p0 n=11 0:t0@(45,59)w2d12 1:t0@(45,58)w4812 2:t0@(44,59)w13 3:t3@(29,59)w0 4:t3@(30,59)w0 5:t3@(30,60)w0 6:t3@(29,60)w0 7:t4@(30,57)w0 8:t4@(30,56)w0 9:t4@(30,55)w0 10:t6@(28,58)w0
[dbg] ar=66448 am=6 aA=6 aH=0 l=false j=false fullRedraw=false
[fifo] ar=66462 retask 2 45 60
[devMouse] retask slot2 (44,59)w13 -> (45,60)
[fifo] ar=66470 save /tmp/aoe-camp/m1/t.aoesave
[save] wrote /tmp/aoe-camp/m1/t.aoesave (12294B) ar=66471
[dbg] ar=66473 am=6 aA=6 aH=0 l=false j=false fullRedraw=false
[dbg] ar=66498 am=6 aA=6 aH=0 l=false j=false fullRedraw=false
[fifo] ar=66517 slots 0
[slots] p0 n=11 0:t0@(43,59)w13 1:t0@(45,59)w13 2:t0@(44,59)w3312 3:t3@(29,59)w0 4:t3@(30,59)w0 5:t3@(30,60)w0 6:t3@(29,60)w0 7:t4@(30,57)w0 8:t4@(30,56)w0 9:t4@(30,55)w0 10:t6@(28,58)w0
[dbg] ar=66523 am=6 aA=6 aH=0 l=false j=false fullRedraw=false
[fifo] ar=66541 retask 0 46 58
[devMouse] retask slot0 (44,58)w13 -> (46,58)
[dbg] ar=66548 am=6 aA=6 aH=0 l=false j=false fullRedraw=false
[fifo] ar=66549 retask 1 46 59
[devMouse] retask slot1 (44,60)w13 -> (46,59)
[fifo] ar=66557 save /tmp/aoe-camp/m1/t.aoesave
[save] wrote /tmp/aoe-camp/m1/t.aoesave (12294B) ar=66558
[dbg] ar=66573 am=6 aA=6 aH=0 l=false j=false fullRedraw=false
[dbg] ar=66598 am=6 aA=6 aH=0 l=false j=false fullRedraw=false
[fifo] ar=66602 state
[devMouse] aA=6/6 cursor=(31,58) cam=(-523,628) Q=3743 aE=512 Y=0 sel=6
[devMouse] p0 unit 0 tile=(45,58) type=0 sel=true
[devMouse] p0 unit 1 tile=(45,59) type=0 sel=true
[devMouse] p0 unit 2 tile=(43,59) type=0 sel=true
[devMouse] p0 unit 3 tile=(29,59) type=3 sel=true
[devMouse] p0 unit 4 tile=(30,59) type=3 sel=true
[devMouse] p0 unit 5 tile=(30,60) type=3 sel=true
[devMouse] p0 unit 6 tile=(29,60) type=3 sel=true
[devMouse] p0 unit 7 tile=(30,57) type=4 sel=true
[devMouse] p0 unit 8 tile=(30,56) type=4 sel=true
[devMouse] p0 unit 9 tile=(30,55) type=4 sel=true
[devMouse] p0 unit 10 tile=(28,58) type=6 sel=true
[devMouse] p1 unit 0 tile=(48,48) type=3 sel=false
[devMouse] p1 unit 1 tile=(40,34) type=3 sel=false
[devMouse] p1 unit 2 tile=(60,55) type=3 sel=false
[devMouse] p1 unit 3 tile=(61,45) type=3 sel=false
[devMouse] p1 unit 4 tile=(49,24) type=3 sel=false
[devMouse] p1 unit 5 tile=(48,25) type=3 sel=false
[devMouse] p1 unit 6 tile=(54,19) type=3 sel=false
[devMouse] p1 unit 7 tile=(36,23) type=4 sel=false
[devMouse] p1 unit 8 tile=(37,22) type=4 sel=false
[devMouse] p1 unit 9 tile=(49,33) type=4 sel=false
[devMouse] p1 unit 10 tile=(32,17) type=3 sel=false
[devMouse] p1 unit 11 tile=(25,21) type=4 sel=false
[devMouse] p1 unit 12 tile=(22,26) type=3 sel=false
[devMouse] p1 unit 13 tile=(23,27) type=3 sel=false
[devMouse] p1 unit 14 tile=(15,47) type=3 sel=false
[devMouse] p1 unit 15 tile=(16,54) type=3 sel=false
[dbg] ar=66623 am=6 aA=6 aH=0 l=false j=false fullRedraw=false
[dbg] ar=66648 am=6 aA=6 aH=0 l=false j=false fullRedraw=false
[fifo] ar=66656 slots 0
[slots] p0 n=11 0:t0@(45,58)w212 1:t0@(45,59)wb12 2:t0@(44,59)w13 3:t3@(29,59)w0 4:t3@(30,59)w0 5:t3@(30,60)w0 6:t3@(29,60)w0 7:t4@(30,57)w0 8:t4@(30,56)w0 9:t4@(30,55)w0 10:t6@(28,58)w0
[dbg] ar=66673 am=6 aA=6 aH=0 l=false j=false fullRedraw=false
[fifo] ar=66680 retask 2 45 60
[devMouse] retask slot2 (44,60)w13 -> (45,60)
[fifo] ar=66684 save /tmp/aoe-camp/m1/t.aoesave
[save] wrote /tmp/aoe-camp/m1/t.aoesave (12294B) ar=66685
[dbg] ar=66698 am=6 aA=6 aH=0 l=false j=false fullRedraw=false
[dbg] ar=66723 am=6 aA=6 aH=0 l=false j=false fullRedraw=false
[fifo] ar=66730 slots 0
[slots] p0 n=11 0:t0@(44,59)w13 1:t0@(45,58)w13 2:t0@(44,60)w3a12 3:t3@(29,59)w0 4:t3@(30,59)w0 5:t3@(30,60)w0 6:t3@(29,60)w0 7:t4@(30,57)w0 8:t4@(30,56)w0 9:t4@(30,55)w0 10:t6@(28,58)w0
[dbg] ar=66748 am=6 aA=6 aH=0 l=false j=false fullRedraw=false
[fifo] ar=66755 retask 0 46 58
[devMouse] retask slot0 (44,58)w13 -> (46,58)
[fifo] ar=66763 retask 1 46 59
[devMouse] retask slot1 (45,59)w13 -> (46,59)
[fifo] ar=66771 save /tmp/aoe-camp/m1/t.aoesave
[save] wrote /tmp/aoe-camp/m1/t.aoesave (12294B) ar=66772
[dbg] ar=66773 am=6 aA=6 aH=0 l=false j=false fullRedraw=false
[dbg] ar=66798 am=6 aA=6 aH=0 l=false j=false fullRedraw=false
[fifo] ar=66818 slots 0
[slots] p0 n=11 0:t0@(45,58)w3312 1:t0@(45,59)w3312 2:t0@(44,59)w13 3:t3@(29,59)w0 4:t3@(30,59)w0 5:t3@(30,60)w0 6:t3@(29,60)w0 7:t4@(30,57)w0 8:t4@(30,56)w0 9:t4@(30,55)w0 10:t6@(28,58)w0
[dbg] ar=66823 am=6 aA=6 aH=0 l=false j=false fullRedraw=false
[fifo] ar=66842 retask 2 45 60
[devMouse] retask slot2 (44,60)w13 -> (45,60)
[dbg] ar=66848 am=6 aA=6 aH=0 l=false j=false fullRedraw=false
[fifo] ar=66851 save /tmp/aoe-camp/m1/t.aoesave
[save] wrote /tmp/aoe-camp/m1/t.aoesave (12294B) ar=66852
[dbg] ar=66873 am=6 aA=6 aH=0 l=false j=false fullRedraw=false
[fifo] ar=66897 slots 0
[slots] p0 n=11 0:t0@(44,58)w13 1:t0@(44,59)w13 2:t0@(44,60)w3012 3:t3@(29,59)w0 4:t3@(30,59)w0 5:t3@(30,60)w0 6:t3@(29,60)w0 7:t4@(30,57)w0 8:t4@(30,56)w0 9:t4@(30,55)w0 10:t6@(28,58)w0
[dbg] ar=66898 am=6 aA=6 aH=0 l=false j=false fullRedraw=false
[fifo] ar=66921 retask 0 46 58
[devMouse] retask slot0 (44,59)w13 -> (46,58)
[dbg] ar=66923 am=6 aA=6 aH=0 l=false j=false fullRedraw=false
[fifo] ar=66929 retask 1 46 59
[devMouse] retask slot1 (44,59)w13 -> (46,59)
[fifo] ar=66937 save /tmp/aoe-camp/m1/t.aoesave
[save] wrote /tmp/aoe-camp/m1/t.aoesave (12294B) ar=66938
[dbg] ar=66948 am=6 aA=6 aH=0 l=false j=false fullRedraw=false
[dbg] ar=66973 am=6 aA=6 aH=0 l=false j=false fullRedraw=false
[fifo] ar=66984 slots 0
[slots] p0 n=11 0:t0@(45,58)w3c12 1:t0@(45,59)w3c12 2:t0@(43,60)w13 3:t3@(29,59)w0 4:t3@(30,59)w0 5:t3@(30,60)w0 6:t3@(29,60)w0 7:t4@(30,57)w0 8:t4@(30,56)w0 9:t4@(30,55)w0 10:t6@(28,58)w0
[dbg] ar=66998 am=6 aA=6 aH=0 l=false j=false fullRedraw=false
[fifo] ar=67008 retask 2 45 60
[devMouse] retask slot2 (44,59)w13 -> (45,60)
[fifo] ar=67016 save /tmp/aoe-camp/m1/t.aoesave
[save] wrote /tmp/aoe-camp/m1/t.aoesave (12294B) ar=67017
[dbg] ar=67023 am=6 aA=6 aH=0 l=false j=false fullRedraw=false
[dbg] ar=67048 am=6 aA=6 aH=0 l=false j=false fullRedraw=false
[fifo] ar=67064 state
[devMouse] aA=6/6 cursor=(31,58) cam=(-523,628) Q=3743 aE=512 Y=0 sel=6
[devMouse] p0 unit 0 tile=(42,59) type=0 sel=true
[devMouse] p0 unit 1 tile=(43,59) type=0 sel=true
[devMouse] p0 unit 2 tile=(44,59) type=0 sel=true
[devMouse] p0 unit 3 tile=(29,59) type=3 sel=true
[devMouse] p0 unit 4 tile=(30,59) type=3 sel=true
[devMouse] p0 unit 5 tile=(30,60) type=3 sel=true
[devMouse] p0 unit 6 tile=(29,60) type=3 sel=true
[devMouse] p0 unit 7 tile=(30,57) type=4 sel=true
[devMouse] p0 unit 8 tile=(30,56) type=4 sel=true
[devMouse] p0 unit 9 tile=(30,55) type=4 sel=true
[devMouse] p0 unit 10 tile=(28,58) type=6 sel=true
[devMouse] p1 unit 0 tile=(48,48) type=3 sel=false
[devMouse] p1 unit 1 tile=(40,34) type=3 sel=false
[devMouse] p1 unit 2 tile=(60,55) type=3 sel=false
[devMouse] p1 unit 3 tile=(61,45) type=3 sel=false
[devMouse] p1 unit 4 tile=(49,24) type=3 sel=false
[devMouse] p1 unit 5 tile=(48,25) type=3 sel=false
[devMouse] p1 unit 6 tile=(54,19) type=3 sel=false
[devMouse] p1 unit 7 tile=(36,23) type=4 sel=false
[devMouse] p1 unit 8 tile=(37,22) type=4 sel=false
[devMouse] p1 unit 9 tile=(49,33) type=4 sel=false
[devMouse] p1 unit 10 tile=(32,17) type=3 sel=false
[devMouse] p1 unit 11 tile=(25,21) type=4 sel=false
[devMouse] p1 unit 12 tile=(22,26) type=3 sel=false
[devMouse] p1 unit 13 tile=(23,27) type=3 sel=false
[devMouse] p1 unit 14 tile=(15,47) type=3 sel=false
[devMouse] p1 unit 15 tile=(16,54) type=3 sel=false
[dbg] ar=67073 am=6 aA=6 aH=0 l=false j=false fullRedraw=false
[dbg] ar=67098 am=6 aA=6 aH=0 l=false j=false fullRedraw=false
[fifo] ar=67115 slots 0
[slots] p0 n=11 0:t0@(45,58)w13 1:t0@(44,58)w13 2:t0@(45,59)w13 3:t3@(29,59)w0 4:t3@(30,59)w0 5:t3@(30,60)w0 6:t3@(29,60)w0 7:t4@(30,57)w0 8:t4@(30,56)w0 9:t4@(30,55)w0 10:t6@(28,58)w0
[dbg] ar=67123 am=6 aA=6 aH=0 l=false j=false fullRedraw=false
[fifo] ar=67139 retask 0 46 58
[devMouse] retask slot0 (45,58)w13 -> (46,58)
[fifo] ar=67148 retask 1 46 59
[devMouse] retask slot1 (44,60)w13 -> (46,59)
[dbg] ar=67148 am=6 aA=6 aH=0 l=false j=false fullRedraw=false
[fifo] ar=67156 retask 2 45 60
[devMouse] retask slot2 (43,59)w13 -> (45,60)
[fifo] ar=67163 save /tmp/aoe-camp/m1/t.aoesave
[save] wrote /tmp/aoe-camp/m1/t.aoesave (12294B) ar=67164
[dbg] ar=67173 am=6 aA=6 aH=0 l=false j=false fullRedraw=false
[dbg] ar=67198 am=6 aA=6 aH=0 l=false j=false fullRedraw=false
[fifo] ar=67209 slots 0
[slots] p0 n=11 0:t0@(45,58)w2512 1:t0@(45,59)w3712 2:t0@(44,60)w3b12 3:t3@(29,59)w0 4:t3@(30,59)w0 5:t3@(30,60)w0 6:t3@(29,60)w0 7:t4@(30,57)w0 8:t4@(30,56)w0 9:t4@(30,55)w0 10:t6@(28,58)w0
[dbg] ar=67223 am=6 aA=6 aH=0 l=false j=false fullRedraw=false
[fifo] ar=67234 save /tmp/aoe-camp/m1/t.aoesave
[save] wrote /tmp/aoe-camp/m1/t.aoesave (12294B) ar=67235
[dbg] ar=67248 am=6 aA=6 aH=0 l=false j=false fullRedraw=false
[dbg] ar=67273 am=6 aA=6 aH=0 l=false j=false fullRedraw=false
[fifo] ar=67281 slots 0
[slots] p0 n=11 0:t0@(43,58)w13 1:t0@(44,58)w13 2:t0@(45,58)w13 3:t3@(29,59)w0 4:t3@(30,59)w0 5:t3@(30,60)w0 6:t3@(29,60)w0 7:t4@(30,57)w0 8:t4@(30,56)w0 9:t4@(30,55)w0 10:t6@(28,58)w0
[dbg] ar=67298 am=6 aA=6 aH=0 l=false j=false fullRedraw=false
[fifo] ar=67305 retask 0 46 58
[devMouse] retask slot0 (45,58)w13 -> (46,58)
[fifo] ar=67314 retask 1 46 59
[devMouse] retask slot1 (44,60)w13 -> (46,59)
[fifo] ar=67321 retask 2 45 60
[devMouse] retask slot2 (45,59)w13 -> (45,60)
[dbg] ar=67323 am=6 aA=6 aH=0 l=false j=false fullRedraw=false
[fifo] ar=67329 save /tmp/aoe-camp/m1/t.aoesave
[save] wrote /tmp/aoe-camp/m1/t.aoesave (12294B) ar=67330
[dbg] ar=67348 am=6 aA=6 aH=0 l=false j=false fullRedraw=false
[dbg] ar=67373 am=6 aA=6 aH=0 l=false j=false fullRedraw=false
[fifo] ar=67377 slots 0
[slots] p0 n=11 0:t0@(45,58)w2412 1:t0@(42,59)w0 2:t0@(45,59)w3112 3:t3@(29,59)w0 4:t3@(30,59)w0 5:t3@(30,60)w0 6:t3@(29,60)w0 7:t4@(30,57)w0 8:t4@(30,56)w0 9:t4@(30,55)w0 10:t6@(28,58)w0
[dbg] ar=67398 am=6 aA=6 aH=0 l=false j=false fullRedraw=false
[fifo] ar=67401 retask 1 46 59
[devMouse] retask slot1 (44,60)w0 -> (46,59)
[fifo] ar=67409 save /tmp/aoe-camp/m1/t.aoesave
[save] wrote /tmp/aoe-camp/m1/t.aoesave (12294B) ar=67410
[dbg] ar=67423 am=6 aA=6 aH=0 l=false j=false fullRedraw=false
[dbg] ar=67448 am=6 aA=6 aH=0 l=false j=false fullRedraw=false
[fifo] ar=67458 slots 0
[slots] p0 n=11 0:t0@(41,59)w13 1:t0@(45,59)w0 2:t0@(43,59)w13 3:t3@(29,59)w0 4:t3@(30,59)w0 5:t3@(30,60)w0 6:t3@(29,60)w0 7:t4@(30,57)w0 8:t4@(30,56)w0 9:t4@(30,55)w0 10:t6@(28,58)w0
[dbg] ar=67473 am=6 aA=6 aH=0 l=false j=false fullRedraw=false
[fifo] ar=67482 retask 0 46 58
[devMouse] retask slot0 (43,59)w13 -> (46,58)
[fifo] ar=67490 retask 1 46 59
[devMouse] retask slot1 (45,59)w4c12 -> (46,59)
[fifo] ar=67498 retask 2 45 60
[devMouse] retask slot2 (44,59)w13 -> (45,60)
[dbg] ar=67498 am=6 aA=6 aH=0 l=false j=false fullRedraw=false
[fifo] ar=67506 save /tmp/aoe-camp/m1/t.aoesave
[save] wrote /tmp/aoe-camp/m1/t.aoesave (12294B) ar=67507
[dbg] ar=67523 am=6 aA=6 aH=0 l=false j=false fullRedraw=false
[dbg] ar=67548 am=6 aA=6 aH=0 l=false j=false fullRedraw=false
[fifo] ar=67552 state
[devMouse] aA=6/6 cursor=(31,58) cam=(-523,628) Q=3743 aE=512 Y=0 sel=6
[devMouse] p0 unit 0 tile=(45,58) type=0 sel=true
[devMouse] p0 unit 1 tile=(45,59) type=0 sel=true
[devMouse] p0 unit 2 tile=(44,59) type=0 sel=true
[devMouse] p0 unit 3 tile=(29,59) type=3 sel=true
[devMouse] p0 unit 4 tile=(30,59) type=3 sel=true
[devMouse] p0 unit 5 tile=(30,60) type=3 sel=true
[devMouse] p0 unit 6 tile=(29,60) type=3 sel=true
[devMouse] p0 unit 7 tile=(30,57) type=4 sel=true
[devMouse] p0 unit 8 tile=(30,56) type=4 sel=true
[devMouse] p0 unit 9 tile=(30,55) type=4 sel=true
[devMouse] p0 unit 10 tile=(28,58) type=6 sel=true
[devMouse] p1 unit 0 tile=(48,48) type=3 sel=false
[devMouse] p1 unit 1 tile=(40,34) type=3 sel=false
[devMouse] p1 unit 2 tile=(60,55) type=3 sel=false
[devMouse] p1 unit 3 tile=(61,45) type=3 sel=false
[devMouse] p1 unit 4 tile=(49,24) type=3 sel=false
[devMouse] p1 unit 5 tile=(48,25) type=3 sel=false
[devMouse] p1 unit 6 tile=(54,19) type=3 sel=false
[devMouse] p1 unit 7 tile=(36,23) type=4 sel=false
[devMouse] p1 unit 8 tile=(37,22) type=4 sel=false
[devMouse] p1 unit 9 tile=(49,33) type=4 sel=false
[devMouse] p1 unit 10 tile=(32,17) type=3 sel=false
[devMouse] p1 unit 11 tile=(25,21) type=4 sel=false
[devMouse] p1 unit 12 tile=(22,26) type=3 sel=false
[devMouse] p1 unit 13 tile=(23,27) type=3 sel=false
[devMouse] p1 unit 14 tile=(15,47) type=3 sel=false
[devMouse] p1 unit 15 tile=(16,54) type=3 sel=false
[dbg] ar=67573 am=6 aA=6 aH=0 l=false j=false fullRedraw=false
[dbg] ar=67598 am=6 aA=6 aH=0 l=false j=false fullRedraw=false
[fifo] ar=67608 slots 0
[slots] p0 n=11 0:t0@(45,59)w13 1:t0@(43,60)w13 2:t0@(44,59)w212 3:t3@(29,59)w0 4:t3@(30,59)w0 5:t3@(30,60)w0 6:t3@(29,60)w0 7:t4@(30,57)w0 8:t4@(30,56)w0 9:t4@(30,55)w0 10:t6@(28,58)w0
[dbg] ar=67623 am=6 aA=6 aH=0 l=false j=false fullRedraw=false
[fifo] ar=67632 retask 0 46 58
[devMouse] retask slot0 (43,58)w13 -> (46,58)
[fifo] ar=67640 retask 1 46 59
[devMouse] retask slot1 (45,59)w13 -> (46,59)
[dbg] ar=67648 am=6 aA=6 aH=0 l=false j=false fullRedraw=false
[fifo] ar=67649 save /tmp/aoe-camp/m1/t.aoesave
[save] wrote /tmp/aoe-camp/m1/t.aoesave (12294B) ar=67650
[dbg] ar=67673 am=6 aA=6 aH=0 l=false j=false fullRedraw=false
[fifo] ar=67697 slots 0
[slots] p0 n=11 0:t0@(45,58)w3912 1:t0@(45,59)w3512 2:t0@(44,59)w13 3:t3@(29,59)w0 4:t3@(30,59)w0 5:t3@(30,60)w0 6:t3@(29,60)w0 7:t4@(30,57)w0 8:t4@(30,56)w0 9:t4@(30,55)w0 10:t6@(28,58)w0
[dbg] ar=67698 am=6 aA=6 aH=0 l=false j=false fullRedraw=false
[fifo] ar=67721 retask 2 45 60
[devMouse] retask slot2 (42,59)w13 -> (45,60)
[dbg] ar=67723 am=6 aA=6 aH=0 l=false j=false fullRedraw=false
[fifo] ar=67729 save /tmp/aoe-camp/m1/t.aoesave
[save] wrote /tmp/aoe-camp/m1/t.aoesave (12294B) ar=67730
[dbg] ar=67748 am=6 aA=6 aH=0 l=false j=false fullRedraw=false
[dbg] ar=67773 am=6 aA=6 aH=0 l=false j=false fullRedraw=false
[fifo] ar=67776 slots 0
[slots] p0 n=11 0:t0@(43,58)w13 1:t0@(45,59)w13 2:t0@(44,60)w4712 3:t3@(29,59)w0 4:t3@(30,59)w0 5:t3@(30,60)w0 6:t3@(29,60)w0 7:t4@(30,57)w0 8:t4@(30,56)w0 9:t4@(30,55)w0 10:t6@(28,58)w0
[dbg] ar=67798 am=6 aA=6 aH=0 l=false j=false fullRedraw=false
[fifo] ar=67801 retask 0 46 58
[devMouse] retask slot0 (45,59)w13 -> (46,58)
[fifo] ar=67809 retask 1 46 59
[devMouse] retask slot1 (45,58)w13 -> (46,59)
[fifo] ar=67817 save /tmp/aoe-camp/m1/t.aoesave
[save] wrote /tmp/aoe-camp/m1/t.aoesave (12294B) ar=67818
[dbg] ar=67823 am=6 aA=6 aH=0 l=false j=false fullRedraw=false
[dbg] ar=67848 am=6 aA=6 aH=0 l=false j=false fullRedraw=false
[fifo] ar=67862 slots 0
[slots] p0 n=11 0:t0@(45,59)w3012 1:t0@(45,58)w3512 2:t0@(44,59)w13 3:t3@(29,59)w0 4:t3@(30,59)w0 5:t3@(30,60)w0 6:t3@(29,60)w0 7:t4@(30,57)w0 8:t4@(30,56)w0 9:t4@(30,55)w0 10:t6@(28,58)w0
[dbg] ar=67873 am=6 aA=6 aH=0 l=false j=false fullRedraw=false
[fifo] ar=67887 retask 2 45 60
[devMouse] retask slot2 (42,59)w13 -> (45,60)
[fifo] ar=67895 save /tmp/aoe-camp/m1/t.aoesave
[save] wrote /tmp/aoe-camp/m1/t.aoesave (12294B) ar=67896
[dbg] ar=67898 am=6 aA=6 aH=0 l=false j=false fullRedraw=false
[dbg] ar=67923 am=6 aA=6 aH=0 l=false j=false fullRedraw=false
[fifo] ar=67943 slots 0
[slots] p0 n=11 0:t0@(44,60)w13 1:t0@(42,59)w13 2:t0@(45,60)w0 3:t3@(29,59)w0 4:t3@(30,59)w0 5:t3@(30,60)w0 6:t3@(29,60)w0 7:t4@(30,57)w0 8:t4@(30,56)w0 9:t4@(30,55)w0 10:t6@(28,58)w0
[dbg] ar=67948 am=6 aA=6 aH=0 l=false j=false fullRedraw=false
[fifo] ar=67967 retask 0 46 58
[devMouse] retask slot0 (43,59)w13 -> (46,58)
[dbg] ar=67973 am=6 aA=6 aH=0 l=false j=false fullRedraw=false
[fifo] ar=67975 retask 1 46 59
[devMouse] retask slot1 (45,59)w13 -> (46,59)
[fifo] ar=67983 retask 2 45 60
[devMouse] retask slot2 (45,60)w0 -> (45,60)
[fifo] ar=67991 save /tmp/aoe-camp/m1/t.aoesave
[save] wrote /tmp/aoe-camp/m1/t.aoesave (12294B) ar=67992
[dbg] ar=67998 am=6 aA=6 aH=0 l=false j=false fullRedraw=false
[dbg] ar=68023 am=6 aA=6 aH=0 l=false j=false fullRedraw=false
[fifo] ar=68037 state
[devMouse] aA=6/6 cursor=(31,58) cam=(-523,628) Q=3743 aE=512 Y=0 sel=6
[devMouse] p0 unit 0 tile=(45,58) type=0 sel=true
[devMouse] p0 unit 1 tile=(45,59) type=0 sel=true
[devMouse] p0 unit 2 tile=(45,60) type=0 sel=true
[devMouse] p0 unit 3 tile=(29,59) type=3 sel=true
[devMouse] p0 unit 4 tile=(30,59) type=3 sel=true
[devMouse] p0 unit 5 tile=(30,60) type=3 sel=true
[devMouse] p0 unit 6 tile=(29,60) type=3 sel=true
[devMouse] p0 unit 7 tile=(30,57) type=4 sel=true
[devMouse] p0 unit 8 tile=(30,56) type=4 sel=true
[devMouse] p0 unit 9 tile=(30,55) type=4 sel=true
[devMouse] p0 unit 10 tile=(28,58) type=6 sel=true
[devMouse] p1 unit 0 tile=(48,48) type=3 sel=false
[devMouse] p1 unit 1 tile=(40,34) type=3 sel=false
[devMouse] p1 unit 2 tile=(60,55) type=3 sel=false
[devMouse] p1 unit 3 tile=(61,45) type=3 sel=false
[devMouse] p1 unit 4 tile=(49,24) type=3 sel=false
[devMouse] p1 unit 5 tile=(48,25) type=3 sel=false
[devMouse] p1 unit 6 tile=(54,19) type=3 sel=false
[devMouse] p1 unit 7 tile=(36,23) type=4 sel=false
[devMouse] p1 unit 8 tile=(37,22) type=4 sel=false
[devMouse] p1 unit 9 tile=(49,33) type=4 sel=false
[devMouse] p1 unit 10 tile=(32,17) type=3 sel=false
[devMouse] p1 unit 11 tile=(25,21) type=4 sel=false
[devMouse] p1 unit 12 tile=(22,26) type=3 sel=false
[devMouse] p1 unit 13 tile=(23,27) type=3 sel=false
[devMouse] p1 unit 14 tile=(15,47) type=3 sel=false
[devMouse] p1 unit 15 tile=(16,54) type=3 sel=false
[dbg] ar=68048 am=6 aA=6 aH=0 l=false j=false fullRedraw=false
[dbg] ar=68073 am=6 aA=6 aH=0 l=false j=false fullRedraw=false
[fifo] ar=68093 slots 0
[slots] p0 n=11 0:t0@(45,58)w112 1:t0@(43,60)w13 2:t0@(45,60)w0 3:t3@(29,59)w0 4:t3@(30,59)w0 5:t3@(30,60)w0 6:t3@(29,60)w0 7:t4@(30,57)w0 8:t4@(30,56)w0 9:t4@(30,55)w0 10:t6@(28,58)w0
[dbg] ar=68098 am=6 aA=6 aH=0 l=false j=false fullRedraw=false
[fifo] ar=68118 retask 1 46 59
[devMouse] retask slot1 (44,59)w13 -> (46,59)
[dbg] ar=68123 am=6 aA=6 aH=0 l=false j=false fullRedraw=false
[fifo] ar=68127 retask 2 45 60
[devMouse] retask slot2 (45,60)w0 -> (45,60)
[fifo] ar=68135 save /tmp/aoe-camp/m1/t.aoesave
[save] wrote /tmp/aoe-camp/m1/t.aoesave (12294B) ar=68136
[dbg] ar=68148 am=6 aA=6 aH=0 l=false j=false fullRedraw=false
[dbg] ar=68173 am=6 aA=6 aH=0 l=false j=false fullRedraw=false
[fifo] ar=68181 slots 0
[slots] p0 n=11 0:t0@(44,59)w13 1:t0@(45,59)w3912 2:t0@(45,60)w0 3:t3@(29,59)w0 4:t3@(30,59)w0 5:t3@(30,60)w0 6:t3@(29,60)w0 7:t4@(30,57)w0 8:t4@(30,56)w0 9:t4@(30,55)w0 10:t6@(28,58)w0
[dbg] ar=68198 am=6 aA=6 aH=0 l=false j=false fullRedraw=false
[fifo] ar=68206 retask 0 46 58
[devMouse] retask slot0 (43,59)w13 -> (46,58)
[fifo] ar=68214 retask 2 46 60
[devMouse] retask slot2 (45,60)w0 -> (46,60)
[fifo] ar=68222 save /tmp/aoe-camp/m1/t.aoesave
[save] wrote /tmp/aoe-camp/m1/t.aoesave (12294B) ar=68223
[dbg] ar=68223 am=6 aA=6 aH=0 l=false j=false fullRedraw=false
[dbg] ar=68248 am=6 aA=6 aH=0 l=false j=false fullRedraw=false
[fifo] ar=68270 slots 0
[slots] p0 n=11 0:t0@(45,58)w3e12 1:t0@(43,59)w13 2:t0@(45,60)w2f12 3:t3@(29,59)w0 4:t3@(30,59)w0 5:t3@(30,60)w0 6:t3@(29,60)w0 7:t4@(30,57)w0 8:t4@(30,56)w0 9:t4@(30,55)w0 10:t6@(28,58)w0
[dbg] ar=68273 am=6 aA=6 aH=0 l=false j=false fullRedraw=false
[fifo] ar=68293 retask 1 46 59
[devMouse] retask slot1 (44,60)w13 -> (46,59)
[dbg] ar=68298 am=6 aA=6 aH=0 l=false j=false fullRedraw=false
[fifo] ar=68301 save /tmp/aoe-camp/m1/t.aoesave
[save] wrote /tmp/aoe-camp/m1/t.aoesave (12294B) ar=68302
[dbg] ar=68323 am=6 aA=6 aH=0 l=false j=false fullRedraw=false
[fifo] ar=68347 slots 0
[slots] p0 n=11 0:t0@(43,59)w13 1:t0@(45,59)w4212 2:t0@(44,59)w13 3:t3@(29,59)w0 4:t3@(30,59)w0 5:t3@(30,60)w0 6:t3@(29,60)w0 7:t4@(30,57)w0 8:t4@(30,56)w0 9:t4@(30,55)w0 10:t6@(28,58)w0
[dbg] ar=68348 am=6 aA=6 aH=0 l=false j=false fullRedraw=false
[fifo] ar=68371 retask 0 46 58
[devMouse] retask slot0 (44,58)w13 -> (46,58)
[dbg] ar=68373 am=6 aA=6 aH=0 l=false j=false fullRedraw=false
[fifo] ar=68378 retask 2 46 60
[devMouse] retask slot2 (43,58)w13 -> (46,60)
[fifo] ar=68386 save /tmp/aoe-camp/m1/t.aoesave
[save] wrote /tmp/aoe-camp/m1/t.aoesave (12294B) ar=68387
[dbg] ar=68398 am=6 aA=6 aH=0 l=false j=false fullRedraw=false
[dbg] ar=68423 am=6 aA=6 aH=0 l=false j=false fullRedraw=false
[fifo] ar=68431 slots 0
[slots] p0 n=11 0:t0@(45,58)w3a12 1:t0@(43,60)w13 2:t0@(45,60)w4612 3:t3@(29,59)w0 4:t3@(30,59)w0 5:t3@(30,60)w0 6:t3@(29,60)w0 7:t4@(30,57)w0 8:t4@(30,56)w0 9:t4@(30,55)w0 10:t6@(28,58)w0
[dbg] ar=68448 am=6 aA=6 aH=0 l=false j=false fullRedraw=false
[fifo] ar=68455 retask 1 46 59
[devMouse] retask slot1 (44,59)w13 -> (46,59)
[fifo] ar=68463 save /tmp/aoe-camp/m1/t.aoesave
[save] wrote /tmp/aoe-camp/m1/t.aoesave (12294B) ar=68464
[dbg] ar=68473 am=6 aA=6 aH=0 l=false j=false fullRedraw=false
[dbg] ar=68498 am=6 aA=6 aH=0 l=false j=false fullRedraw=false
[fifo] ar=68509 state
[devMouse] aA=6/6 cursor=(31,58) cam=(-523,628) Q=3743 aE=512 Y=0 sel=6
[devMouse] p0 unit 0 tile=(42,58) type=0 sel=true
[devMouse] p0 unit 1 tile=(45,59) type=0 sel=true
[devMouse] p0 unit 2 tile=(44,59) type=0 sel=true
[devMouse] p0 unit 3 tile=(29,59) type=3 sel=true
[devMouse] p0 unit 4 tile=(30,59) type=3 sel=true
[devMouse] p0 unit 5 tile=(30,60) type=3 sel=true
[devMouse] p0 unit 6 tile=(29,60) type=3 sel=true
[devMouse] p0 unit 7 tile=(30,57) type=4 sel=true
[devMouse] p0 unit 8 tile=(30,56) type=4 sel=true
[devMouse] p0 unit 9 tile=(30,55) type=4 sel=true
[devMouse] p0 unit 10 tile=(28,58) type=6 sel=true
[devMouse] p1 unit 0 tile=(48,48) type=3 sel=false
[devMouse] p1 unit 1 tile=(40,34) type=3 sel=false
[devMouse] p1 unit 2 tile=(60,55) type=3 sel=false
[devMouse] p1 unit 3 tile=(61,45) type=3 sel=false
[devMouse] p1 unit 4 tile=(49,24) type=3 sel=false
[devMouse] p1 unit 5 tile=(48,25) type=3 sel=false
[devMouse] p1 unit 6 tile=(54,19) type=3 sel=false
[devMouse] p1 unit 7 tile=(36,23) type=4 sel=false
[devMouse] p1 unit 8 tile=(37,22) type=4 sel=false
[devMouse] p1 unit 9 tile=(49,33) type=4 sel=false
[devMouse] p1 unit 10 tile=(32,17) type=3 sel=false
[devMouse] p1 unit 11 tile=(25,21) type=4 sel=false
[devMouse] p1 unit 12 tile=(22,26) type=3 sel=false
[devMouse] p1 unit 13 tile=(23,27) type=3 sel=false
[devMouse] p1 unit 14 tile=(15,47) type=3 sel=false
[devMouse] p1 unit 15 tile=(16,54) type=3 sel=false
[dbg] ar=68523 am=6 aA=6 aH=0 l=false j=false fullRedraw=false
[dbg] ar=68548 am=6 aA=6 aH=0 l=false j=false fullRedraw=false
[fifo] ar=68564 slots 0
[slots] p0 n=11 0:t0@(42,58)w13 1:t0@(45,59)w612 2:t0@(43,58)w13 3:t3@(29,59)w0 4:t3@(30,59)w0 5:t3@(30,60)w0 6:t3@(29,60)w0 7:t4@(30,57)w0 8:t4@(30,56)w0 9:t4@(30,55)w0 10:t6@(28,58)w0
[dbg] ar=68573 am=6 aA=6 aH=0 l=false j=false fullRedraw=false
[fifo] ar=68589 retask 0 46 58
[devMouse] retask slot0 (45,58)w13 -> (46,58)
[fifo] ar=68597 retask 2 46 60
[devMouse] retask slot2 (44,60)w13 -> (46,60)
[dbg] ar=68598 am=6 aA=6 aH=0 l=false j=false fullRedraw=false
[fifo] ar=68606 save /tmp/aoe-camp/m1/t.aoesave
[save] wrote /tmp/aoe-camp/m1/t.aoesave (12294B) ar=68607
[dbg] ar=68623 am=6 aA=6 aH=0 l=false j=false fullRedraw=false
[dbg] ar=68648 am=6 aA=6 aH=0 l=false j=false fullRedraw=false
[fifo] ar=68653 slots 0
[slots] p0 n=11 0:t0@(45,58)w2f12 1:t0@(44,59)w13 2:t0@(45,60)w3b12 3:t3@(29,59)w0 4:t3@(30,59)w0 5:t3@(30,60)w0 6:t3@(29,60)w0 7:t4@(30,57)w0 8:t4@(30,56)w0 9:t4@(30,55)w0 10:t6@(28,58)w0
[dbg] ar=68673 am=6 aA=6 aH=0 l=false j=false fullRedraw=false
[fifo] ar=68677 retask 1 46 59
[devMouse] retask slot1 (44,60)w13 -> (46,59)
[fifo] ar=68685 save /tmp/aoe-camp/m1/t.aoesave
[save] wrote /tmp/aoe-camp/m1/t.aoesave (12294B) ar=68686
[dbg] ar=68698 am=6 aA=6 aH=0 l=false j=false fullRedraw=false
[dbg] ar=68723 am=6 aA=6 aH=0 l=false j=false fullRedraw=false
[fifo] ar=68732 slots 0
[slots] p0 n=11 0:t0@(43,58)w13 1:t0@(45,59)w3a12 2:t0@(45,58)w13 3:t3@(29,59)w0 4:t3@(30,59)w0 5:t3@(30,60)w0 6:t3@(29,60)w0 7:t4@(30,57)w0 8:t4@(30,56)w0 9:t4@(30,55)w0 10:t6@(28,58)w0
[dbg] ar=68748 am=6 aA=6 aH=0 l=false j=false fullRedraw=false
[fifo] ar=68757 retask 0 46 58
[devMouse] retask slot0 (44,59)w13 -> (46,58)
[fifo] ar=68765 retask 2 46 60
[devMouse] retask slot2 (42,58)w13 -> (46,60)
[fifo] ar=68773 save /tmp/aoe-camp/m1/t.aoesave
[dbg] ar=68773 am=6 aA=6 aH=0 l=false j=false fullRedraw=false
[save] wrote /tmp/aoe-camp/m1/t.aoesave (12294B) ar=68774
[dbg] ar=68798 am=6 aA=6 aH=0 l=false j=false fullRedraw=false
[fifo] ar=68819 state
[devMouse] aA=6/6 cursor=(31,58) cam=(-523,628) Q=3743 aE=512 Y=0 sel=6
[devMouse] p0 unit 0 tile=(45,58) type=0 sel=true
[devMouse] p0 unit 1 tile=(43,59) type=0 sel=true
[devMouse] p0 unit 2 tile=(45,60) type=0 sel=true
[devMouse] p0 unit 3 tile=(29,59) type=3 sel=true
[devMouse] p0 unit 4 tile=(30,59) type=3 sel=true
[devMouse] p0 unit 5 tile=(30,60) type=3 sel=true
[devMouse] p0 unit 6 tile=(29,60) type=3 sel=true
[devMouse] p0 unit 7 tile=(30,57) type=4 sel=true
[devMouse] p0 unit 8 tile=(30,56) type=4 sel=true
[devMouse] p0 unit 9 tile=(30,55) type=4 sel=true
[devMouse] p0 unit 10 tile=(28,58) type=6 sel=true
[devMouse] p1 unit 0 tile=(48,48) type=3 sel=false
[devMouse] p1 unit 1 tile=(40,34) type=3 sel=false
[devMouse] p1 unit 2 tile=(60,55) type=3 sel=false
[devMouse] p1 unit 3 tile=(61,45) type=3 sel=false
[devMouse] p1 unit 4 tile=(49,24) type=3 sel=false
[devMouse] p1 unit 5 tile=(48,25) type=3 sel=false
[devMouse] p1 unit 6 tile=(54,19) type=3 sel=false
[devMouse] p1 unit 7 tile=(36,23) type=4 sel=false
[devMouse] p1 unit 8 tile=(37,22) type=4 sel=false
[devMouse] p1 unit 9 tile=(49,33) type=4 sel=false
[devMouse] p1 unit 10 tile=(32,17) type=3 sel=false
[devMouse] p1 unit 11 tile=(25,21) type=4 sel=false
[devMouse] p1 unit 12 tile=(22,26) type=3 sel=false
[devMouse] p1 unit 13 tile=(23,27) type=3 sel=false
[devMouse] p1 unit 14 tile=(15,47) type=3 sel=false
[devMouse] p1 unit 15 tile=(16,54) type=3 sel=false
[dbg] ar=68823 am=6 aA=6 aH=0 l=false j=false fullRedraw=false
[dbg] ar=68848 am=6 aA=6 aH=0 l=false j=false fullRedraw=false
[dbg] ar=68873 am=6 aA=6 aH=0 l=false j=false fullRedraw=false
[dbg] ar=68898 am=6 aA=6 aH=0 l=false j=false fullRedraw=false
[dbg] ar=68923 am=6 aA=6 aH=0 l=false j=false fullRedraw=false
[dbg] ar=68948 am=6 aA=6 aH=0 l=false j=false fullRedraw=false
[dbg] ar=68973 am=6 aA=6 aH=0 l=false j=false fullRedraw=false
[dbg] ar=68998 am=6 aA=6 aH=0 l=false j=false fullRedraw=false
[dbg] ar=69023 am=6 aA=6 aH=0 l=false j=false fullRedraw=false
[dbg] ar=69048 am=6 aA=6 aH=0 l=false j=false fullRedraw=false
[dbg] ar=69073 am=6 aA=6 aH=0 l=false j=false fullRedraw=false
[dbg] ar=69098 am=6 aA=6 aH=0 l=false j=false fullRedraw=false
[dbg] ar=69123 am=6 aA=6 aH=0 l=false j=false fullRedraw=false
[dbg] ar=69148 am=6 aA=6 aH=0 l=false j=false fullRedraw=false
[dbg] ar=69173 am=6 aA=6 aH=0 l=false j=false fullRedraw=false
[dbg] ar=69198 am=6 aA=6 aH=0 l=false j=false fullRedraw=false
[dbg] ar=69223 am=6 aA=6 aH=0 l=false j=false fullRedraw=false
[dbg] ar=69248 am=6 aA=6 aH=0 l=false j=false fullRedraw=false
[dbg] ar=69273 am=6 aA=6 aH=0 l=false j=false fullRedraw=false
[dbg] ar=69298 am=6 aA=6 aH=0 l=false j=false fullRedraw=false
[dbg] ar=69323 am=6 aA=6 aH=0 l=false j=false fullRedraw=false
[dbg] ar=69348 am=6 aA=6 aH=0 l=false j=false fullRedraw=false
[dbg] ar=69373 am=6 aA=6 aH=0 l=false j=false fullRedraw=false
[dbg] ar=69398 am=6 aA=6 aH=0 l=false j=false fullRedraw=false
[dbg] ar=69423 am=6 aA=6 aH=0 l=false j=false fullRedraw=false
[dbg] ar=69448 am=6 aA=6 aH=0 l=false j=false fullRedraw=false
[dbg] ar=69473 am=6 aA=6 aH=0 l=false j=false fullRedraw=false
[fifo] ar=69496 slots 0
[slots] p0 n=11 0:t0@(45,59)w13 1:t0@(43,59)w13 2:t0@(44,60)w13 3:t3@(29,59)w0 4:t3@(30,59)w0 5:t3@(30,60)w0 6:t3@(29,60)w0 7:t4@(30,57)w0 8:t4@(30,56)w0 9:t4@(30,55)w0 10:t6@(28,58)w0
[dbg] ar=69498 am=6 aA=6 aH=0 l=false j=false fullRedraw=false
[fifo] ar=69521 retask 0 36 58
[devMouse] retask slot0 (43,59)w13 -> (36,58)
[dbg] ar=69523 am=6 aA=6 aH=0 l=false j=false fullRedraw=false
[fifo] ar=69529 retask 1 36 59
[devMouse] retask slot1 (44,60)w13 -> (36,59)
[fifo] ar=69537 retask 2 36 60
[devMouse] retask slot2 (45,60)w13 -> (36,60)
[fifo] ar=69545 save /tmp/aoe-camp/m1/t.aoesave
[save] wrote /tmp/aoe-camp/m1/t.aoesave (12294B) ar=69546
[dbg] ar=69548 am=6 aA=6 aH=0 l=false j=false fullRedraw=false
[dbg] ar=69573 am=6 aA=6 aH=0 l=false j=false fullRedraw=false
[fifo] ar=69591 slots 0
[slots] p0 n=11 0:t0@(36,58)w0 1:t0@(38,59)w0 2:t0@(39,60)w0 3:t3@(29,59)w0 4:t3@(30,59)w0 5:t3@(30,60)w0 6:t3@(29,60)w0 7:t4@(30,57)w0 8:t4@(30,56)w0 9:t4@(30,55)w0 10:t6@(28,58)w0
[dbg] ar=69598 am=6 aA=6 aH=0 l=false j=false fullRedraw=false
[fifo] ar=69615 retask 0 37 58
[devMouse] retask slot0 (36,58)w0 -> (37,58)
[fifo] ar=69622 retask 1 36 59
[devMouse] retask slot1 (36,59)w0 -> (36,59)
[dbg] ar=69623 am=6 aA=6 aH=0 l=false j=false fullRedraw=false
[fifo] ar=69630 retask 2 36 60
[devMouse] retask slot2 (36,60)w0 -> (36,60)
[fifo] ar=69637 save /tmp/aoe-camp/m1/t.aoesave
[save] wrote /tmp/aoe-camp/m1/t.aoesave (12294B) ar=69638
[dbg] ar=69648 am=6 aA=6 aH=0 l=false j=false fullRedraw=false
[dbg] ar=69673 am=6 aA=6 aH=0 l=false j=false fullRedraw=false
[fifo] ar=69681 slots 0
[slots] p0 n=11 0:t0@(37,58)w0 1:t0@(36,59)w0 2:t0@(36,60)w0 3:t3@(29,59)w0 4:t3@(30,59)w0 5:t3@(30,60)w0 6:t3@(29,60)w0 7:t4@(30,57)w0 8:t4@(30,56)w0 9:t4@(30,55)w0 10:t6@(28,58)w0
[dbg] ar=69698 am=6 aA=6 aH=0 l=false j=false fullRedraw=false
[fifo] ar=69704 retask 0 37 58
[devMouse] retask slot0 (37,58)w0 -> (37,58)
[fifo] ar=69712 retask 1 37 59
[devMouse] retask slot1 (36,59)w0 -> (37,59)
[fifo] ar=69719 retask 2 36 60
[devMouse] retask slot2 (36,60)w0 -> (36,60)
[dbg] ar=69723 am=6 aA=6 aH=0 l=false j=false fullRedraw=false
[fifo] ar=69727 save /tmp/aoe-camp/m1/t.aoesave
[save] wrote /tmp/aoe-camp/m1/t.aoesave (12294B) ar=69728
[dbg] ar=69748 am=6 aA=6 aH=0 l=false j=false fullRedraw=false
[fifo] ar=69773 slots 0
[slots] p0 n=11 0:t0@(37,58)w0 1:t0@(37,59)w0 2:t0@(36,60)w0 3:t3@(29,59)w0 4:t3@(30,59)w0 5:t3@(30,60)w0 6:t3@(29,60)w0 7:t4@(30,57)w0 8:t4@(30,56)w0 9:t4@(30,55)w0 10:t6@(28,58)w0
[dbg] ar=69773 am=6 aA=6 aH=0 l=false j=false fullRedraw=false
[dbg] ar=69798 am=6 aA=6 aH=0 l=false j=false fullRedraw=false
[fifo] ar=69799 retask 0 37 58
[devMouse] retask slot0 (37,58)w0 -> (37,58)
[fifo] ar=69806 retask 1 37 59
[devMouse] retask slot1 (37,59)w0 -> (37,59)
[fifo] ar=69814 retask 2 37 60
[devMouse] retask slot2 (36,60)w0 -> (37,60)
[fifo] ar=69822 save /tmp/aoe-camp/m1/t.aoesave
[save] wrote /tmp/aoe-camp/m1/t.aoesave (12294B) ar=69823
[dbg] ar=69823 am=6 aA=6 aH=0 l=false j=false fullRedraw=false
[dbg] ar=69848 am=6 aA=6 aH=0 l=false j=false fullRedraw=false
[fifo] ar=69868 state
[devMouse] aA=6/6 cursor=(31,58) cam=(-523,628) Q=3743 aE=512 Y=0 sel=6
[devMouse] p0 unit 0 tile=(37,58) type=0 sel=true
[devMouse] p0 unit 1 tile=(37,59) type=0 sel=true
[devMouse] p0 unit 2 tile=(37,60) type=0 sel=true
[devMouse] p0 unit 3 tile=(29,59) type=3 sel=true
[devMouse] p0 unit 4 tile=(30,59) type=3 sel=true
[devMouse] p0 unit 5 tile=(30,60) type=3 sel=true
[devMouse] p0 unit 6 tile=(29,60) type=3 sel=true
[devMouse] p0 unit 7 tile=(30,57) type=4 sel=true
[devMouse] p0 unit 8 tile=(30,56) type=4 sel=true
[devMouse] p0 unit 9 tile=(30,55) type=4 sel=true
[devMouse] p0 unit 10 tile=(28,58) type=6 sel=true
[devMouse] p1 unit 0 tile=(48,48) type=3 sel=false
[devMouse] p1 unit 1 tile=(40,34) type=3 sel=false
[devMouse] p1 unit 2 tile=(60,55) type=3 sel=false
[devMouse] p1 unit 3 tile=(61,45) type=3 sel=false
[devMouse] p1 unit 4 tile=(49,24) type=3 sel=false
[devMouse] p1 unit 5 tile=(48,25) type=3 sel=false
[devMouse] p1 unit 6 tile=(54,19) type=3 sel=false
[devMouse] p1 unit 7 tile=(36,23) type=4 sel=false
[devMouse] p1 unit 8 tile=(37,22) type=4 sel=false
[devMouse] p1 unit 9 tile=(49,33) type=4 sel=false
[devMouse] p1 unit 10 tile=(32,17) type=3 sel=false
[devMouse] p1 unit 11 tile=(25,21) type=4 sel=false
[devMouse] p1 unit 12 tile=(22,26) type=3 sel=false
[devMouse] p1 unit 13 tile=(23,27) type=3 sel=false
[devMouse] p1 unit 14 tile=(15,47) type=3 sel=false
[devMouse] p1 unit 15 tile=(16,54) type=3 sel=false
[dbg] ar=69873 am=6 aA=6 aH=0 l=false j=false fullRedraw=false
[dbg] ar=69898 am=6 aA=6 aH=0 l=false j=false fullRedraw=false
[dbg] ar=69923 am=6 aA=6 aH=0 l=false j=false fullRedraw=false
[fifo] ar=69924 slots 0
[slots] p0 n=11 0:t0@(37,58)w0 1:t0@(37,59)w0 2:t0@(37,60)w0 3:t3@(29,59)w0 4:t3@(30,59)w0 5:t3@(30,60)w0 6:t3@(29,60)w0 7:t4@(30,57)w0 8:t4@(30,56)w0 9:t4@(30,55)w0 10:t6@(28,58)w0
[fifo] ar=69948 retask 0 38 58
[devMouse] retask slot0 (37,58)w0 -> (38,58)
[dbg] ar=69948 am=6 aA=6 aH=0 l=false j=false fullRedraw=false
[fifo] ar=69956 retask 1 37 59
[devMouse] retask slot1 (37,59)w0 -> (37,59)
[fifo] ar=69964 retask 2 37 60
[devMouse] retask slot2 (37,60)w0 -> (37,60)
[fifo] ar=69972 save /tmp/aoe-camp/m1/t.aoesave
[save] wrote /tmp/aoe-camp/m1/t.aoesave (12294B) ar=69973
[dbg] ar=69973 am=6 aA=6 aH=0 l=false j=false fullRedraw=false
[dbg] ar=69998 am=6 aA=6 aH=0 l=false j=false fullRedraw=false
[fifo] ar=70019 slots 0
[slots] p0 n=11 0:t0@(38,58)w0 1:t0@(37,59)w0 2:t0@(37,60)w0 3:t3@(29,59)w0 4:t3@(30,59)w0 5:t3@(30,60)w0 6:t3@(29,60)w0 7:t4@(30,57)w0 8:t4@(30,56)w0 9:t4@(30,55)w0 10:t6@(28,58)w0
[dbg] ar=70023 am=6 aA=6 aH=0 l=false j=false fullRedraw=false
[fifo] ar=70044 retask 0 38 58
[devMouse] retask slot0 (38,58)w0 -> (38,58)
[dbg] ar=70048 am=6 aA=6 aH=0 l=false j=false fullRedraw=false
[fifo] ar=70052 retask 1 38 59
[devMouse] retask slot1 (37,59)w0 -> (38,59)
[fifo] ar=70059 retask 2 37 60
[devMouse] retask slot2 (37,60)w0 -> (37,60)
[fifo] ar=70067 save /tmp/aoe-camp/m1/t.aoesave
[save] wrote /tmp/aoe-camp/m1/t.aoesave (12294B) ar=70068
[dbg] ar=70073 am=6 aA=6 aH=0 l=false j=false fullRedraw=false
[dbg] ar=70098 am=6 aA=6 aH=0 l=false j=false fullRedraw=false
[fifo] ar=70111 slots 0
[slots] p0 n=11 0:t0@(38,58)w0 1:t0@(38,59)w0 2:t0@(37,60)w0 3:t3@(29,59)w0 4:t3@(30,59)w0 5:t3@(30,60)w0 6:t3@(29,60)w0 7:t4@(30,57)w0 8:t4@(30,56)w0 9:t4@(30,55)w0 10:t6@(28,58)w0
[dbg] ar=70123 am=6 aA=6 aH=0 l=false j=false fullRedraw=false
[fifo] ar=70135 retask 0 38 58
[devMouse] retask slot0 (38,58)w0 -> (38,58)
[fifo] ar=70143 retask 1 38 59
[devMouse] retask slot1 (38,59)w0 -> (38,59)
[dbg] ar=70148 am=6 aA=6 aH=0 l=false j=false fullRedraw=false
[fifo] ar=70151 retask 2 38 60
[devMouse] retask slot2 (37,60)w0 -> (38,60)
[fifo] ar=70159 save /tmp/aoe-camp/m1/t.aoesave
[save] wrote /tmp/aoe-camp/m1/t.aoesave (12294B) ar=70160
[dbg] ar=70173 am=6 aA=6 aH=0 l=false j=false fullRedraw=false
[dbg] ar=70198 am=6 aA=6 aH=0 l=false j=false fullRedraw=false
[fifo] ar=70205 slots 0
[slots] p0 n=11 0:t0@(38,58)w0 1:t0@(38,59)w0 2:t0@(38,60)w0 3:t3@(29,59)w0 4:t3@(30,59)w0 5:t3@(30,60)w0 6:t3@(29,60)w0 7:t4@(30,57)w0 8:t4@(30,56)w0 9:t4@(30,55)w0 10:t6@(28,58)w0
[dbg] ar=70223 am=6 aA=6 aH=0 l=false j=false fullRedraw=false
[fifo] ar=70232 retask 0 39 58
[devMouse] retask slot0 (38,58)w0 -> (39,58)
[fifo] ar=70240 retask 1 38 59
[devMouse] retask slot1 (38,59)w0 -> (38,59)
[fifo] ar=70247 retask 2 38 60
[devMouse] retask slot2 (38,60)w0 -> (38,60)
[dbg] ar=70248 am=6 aA=6 aH=0 l=false j=false fullRedraw=false
[fifo] ar=70254 save /tmp/aoe-camp/m1/t.aoesave
[save] wrote /tmp/aoe-camp/m1/t.aoesave (12294B) ar=70255
[dbg] ar=70273 am=6 aA=6 aH=0 l=false j=false fullRedraw=false
[dbg] ar=70298 am=6 aA=6 aH=0 l=false j=false fullRedraw=false
[fifo] ar=70303 slots 0
[slots] p0 n=11 0:t0@(39,58)w0 1:t0@(38,59)w0 2:t0@(38,60)w0 3:t3@(29,59)w0 4:t3@(30,59)w0 5:t3@(30,60)w0 6:t3@(29,60)w0 7:t4@(30,57)w0 8:t4@(30,56)w0 9:t4@(30,55)w0 10:t6@(28,58)w0
[dbg] ar=70323 am=6 aA=6 aH=0 l=false j=false fullRedraw=false
[fifo] ar=70328 retask 0 39 58
[devMouse] retask slot0 (39,58)w0 -> (39,58)
[fifo] ar=70336 retask 1 39 59
[devMouse] retask slot1 (38,59)w0 -> (39,59)
[fifo] ar=70344 retask 2 38 60
[devMouse] retask slot2 (38,60)w0 -> (38,60)
[dbg] ar=70348 am=6 aA=6 aH=0 l=false j=false fullRedraw=false
[fifo] ar=70353 save /tmp/aoe-camp/m1/t.aoesave
[save] wrote /tmp/aoe-camp/m1/t.aoesave (12294B) ar=70354
[dbg] ar=70373 am=6 aA=6 aH=0 l=false j=false fullRedraw=false
[dbg] ar=70398 am=6 aA=6 aH=0 l=false j=false fullRedraw=false
[fifo] ar=70400 state
[devMouse] aA=6/6 cursor=(31,58) cam=(-523,628) Q=3743 aE=512 Y=0 sel=6
[devMouse] p0 unit 0 tile=(39,58) type=0 sel=true
[devMouse] p0 unit 1 tile=(39,59) type=0 sel=true
[devMouse] p0 unit 2 tile=(38,60) type=0 sel=true
[devMouse] p0 unit 3 tile=(29,59) type=3 sel=true
[devMouse] p0 unit 4 tile=(30,59) type=3 sel=true
[devMouse] p0 unit 5 tile=(30,60) type=3 sel=true
[devMouse] p0 unit 6 tile=(29,60) type=3 sel=true
[devMouse] p0 unit 7 tile=(30,57) type=4 sel=true
[devMouse] p0 unit 8 tile=(30,56) type=4 sel=true
[devMouse] p0 unit 9 tile=(30,55) type=4 sel=true
[devMouse] p0 unit 10 tile=(28,58) type=6 sel=true
[devMouse] p1 unit 0 tile=(48,48) type=3 sel=false
[devMouse] p1 unit 1 tile=(40,34) type=3 sel=false
[devMouse] p1 unit 2 tile=(60,55) type=3 sel=false
[devMouse] p1 unit 3 tile=(61,45) type=3 sel=false
[devMouse] p1 unit 4 tile=(49,24) type=3 sel=false
[devMouse] p1 unit 5 tile=(48,25) type=3 sel=false
[devMouse] p1 unit 6 tile=(54,19) type=3 sel=false
[devMouse] p1 unit 7 tile=(36,23) type=4 sel=false
[devMouse] p1 unit 8 tile=(37,22) type=4 sel=false
[devMouse] p1 unit 9 tile=(49,33) type=4 sel=false
[devMouse] p1 unit 10 tile=(32,17) type=3 sel=false
[devMouse] p1 unit 11 tile=(25,21) type=4 sel=false
[devMouse] p1 unit 12 tile=(22,26) type=3 sel=false
[devMouse] p1 unit 13 tile=(23,27) type=3 sel=false
[devMouse] p1 unit 14 tile=(15,47) type=3 sel=false
[devMouse] p1 unit 15 tile=(16,54) type=3 sel=false
[dbg] ar=70423 am=6 aA=6 aH=0 l=false j=false fullRedraw=false
[dbg] ar=70448 am=6 aA=6 aH=0 l=false j=false fullRedraw=false
[fifo] ar=70457 slots 0
[slots] p0 n=11 0:t0@(39,58)w0 1:t0@(39,59)w0 2:t0@(38,60)w0 3:t3@(29,59)w0 4:t3@(30,59)w0 5:t3@(30,60)w0 6:t3@(29,60)w0 7:t4@(30,57)w0 8:t4@(30,56)w0 9:t4@(30,55)w0 10:t6@(28,58)w0
[dbg] ar=70473 am=6 aA=6 aH=0 l=false j=false fullRedraw=false
[fifo] ar=70482 retask 0 39 58
[devMouse] retask slot0 (39,58)w0 -> (39,58)
[fifo] ar=70489 retask 1 39 59
[devMouse] retask slot1 (39,59)w0 -> (39,59)
[fifo] ar=70497 retask 2 39 60
[devMouse] retask slot2 (38,60)w0 -> (39,60)
[dbg] ar=70498 am=6 aA=6 aH=0 l=false j=false fullRedraw=false
[fifo] ar=70505 save /tmp/aoe-camp/m1/t.aoesave
[save] wrote /tmp/aoe-camp/m1/t.aoesave (12294B) ar=70506
[dbg] ar=70523 am=6 aA=6 aH=0 l=false j=false fullRedraw=false
[dbg] ar=70548 am=6 aA=6 aH=0 l=false j=false fullRedraw=false
[fifo] ar=70551 slots 0
[slots] p0 n=11 0:t0@(39,58)w0 1:t0@(39,59)w0 2:t0@(39,60)w0 3:t3@(29,59)w0 4:t3@(30,59)w0 5:t3@(30,60)w0 6:t3@(29,60)w0 7:t4@(30,57)w0 8:t4@(30,56)w0 9:t4@(30,55)w0 10:t6@(28,58)w0
[dbg] ar=70573 am=6 aA=6 aH=0 l=false j=false fullRedraw=false
[fifo] ar=70576 retask 0 40 58
[devMouse] retask slot0 (39,58)w0 -> (40,58)
[fifo] ar=70585 retask 1 39 59
[devMouse] retask slot1 (39,59)w0 -> (39,59)
[fifo] ar=70593 retask 2 39 60
[devMouse] retask slot2 (39,60)w0 -> (39,60)
[dbg] ar=70598 am=6 aA=6 aH=0 l=false j=false fullRedraw=false
[fifo] ar=70602 save /tmp/aoe-camp/m1/t.aoesave
[save] wrote /tmp/aoe-camp/m1/t.aoesave (12294B) ar=70603
[dbg] ar=70623 am=6 aA=6 aH=0 l=false j=false fullRedraw=false
[dbg] ar=70648 am=6 aA=6 aH=0 l=false j=false fullRedraw=false
[fifo] ar=70649 slots 0
[slots] p0 n=11 0:t0@(40,58)w0 1:t0@(39,59)w0 2:t0@(39,60)w0 3:t3@(29,59)w0 4:t3@(30,59)w0 5:t3@(30,60)w0 6:t3@(29,60)w0 7:t4@(30,57)w0 8:t4@(30,56)w0 9:t4@(30,55)w0 10:t6@(28,58)w0
[dbg] ar=70673 am=6 aA=6 aH=0 l=false j=false fullRedraw=false
[fifo] ar=70674 retask 0 40 58
[devMouse] retask slot0 (40,58)w0 -> (40,58)
[fifo] ar=70682 retask 1 40 59
[devMouse] retask slot1 (39,59)w0 -> (40,59)
[fifo] ar=70689 retask 2 39 60
[devMouse] retask slot2 (39,60)w0 -> (39,60)
[fifo] ar=70697 save /tmp/aoe-camp/m1/t.aoesave
[save] wrote /tmp/aoe-camp/m1/t.aoesave (12294B) ar=70698
[dbg] ar=70698 am=6 aA=6 aH=0 l=false j=false fullRedraw=false
[dbg] ar=70723 am=6 aA=6 aH=0 l=false j=false fullRedraw=false
[fifo] ar=70744 slots 0
[slots] p0 n=11 0:t0@(40,58)w0 1:t0@(40,59)w0 2:t0@(39,60)w0 3:t3@(29,59)w0 4:t3@(30,59)w0 5:t3@(30,60)w0 6:t3@(29,60)w0 7:t4@(30,57)w0 8:t4@(30,56)w0 9:t4@(30,55)w0 10:t6@(28,58)w0
[dbg] ar=70748 am=6 aA=6 aH=0 l=false j=false fullRedraw=false
[fifo] ar=70769 retask 0 40 58
[devMouse] retask slot0 (40,58)w0 -> (40,58)
[dbg] ar=70773 am=6 aA=6 aH=0 l=false j=false fullRedraw=false
[fifo] ar=70777 retask 1 40 59
[devMouse] retask slot1 (40,59)w0 -> (40,59)
[fifo] ar=70785 retask 2 40 60
[devMouse] retask slot2 (39,60)w0 -> (40,60)
[fifo] ar=70793 save /tmp/aoe-camp/m1/t.aoesave
[save] wrote /tmp/aoe-camp/m1/t.aoesave (12294B) ar=70794
[dbg] ar=70798 am=6 aA=6 aH=0 l=false j=false fullRedraw=false
[dbg] ar=70823 am=6 aA=6 aH=0 l=false j=false fullRedraw=false
[fifo] ar=70839 slots 0
[slots] p0 n=11 0:t0@(40,58)w0 1:t0@(40,59)w0 2:t0@(40,60)w0 3:t3@(29,59)w0 4:t3@(30,59)w0 5:t3@(30,60)w0 6:t3@(29,60)w0 7:t4@(30,57)w0 8:t4@(30,56)w0 9:t4@(30,55)w0 10:t6@(28,58)w0
[dbg] ar=70848 am=6 aA=6 aH=0 l=false j=false fullRedraw=false
[fifo] ar=70865 retask 0 41 58
[devMouse] retask slot0 (40,58)w0 -> (41,58)
[fifo] ar=70873 retask 1 40 59
[devMouse] retask slot1 (40,59)w0 -> (40,59)
[dbg] ar=70873 am=6 aA=6 aH=0 l=false j=false fullRedraw=false
[fifo] ar=70881 retask 2 40 60
[devMouse] retask slot2 (40,60)w0 -> (40,60)
[fifo] ar=70889 save /tmp/aoe-camp/m1/t.aoesave
[save] wrote /tmp/aoe-camp/m1/t.aoesave (12294B) ar=70890
[dbg] ar=70898 am=6 aA=6 aH=0 l=false j=false fullRedraw=false
[dbg] ar=70923 am=6 aA=6 aH=0 l=false j=false fullRedraw=false
[fifo] ar=70937 state
[devMouse] aA=6/6 cursor=(31,58) cam=(-523,628) Q=3743 aE=512 Y=0 sel=6
[devMouse] p0 unit 0 tile=(41,58) type=0 sel=true
[devMouse] p0 unit 1 tile=(40,59) type=0 sel=true
[devMouse] p0 unit 2 tile=(40,60) type=0 sel=true
[devMouse] p0 unit 3 tile=(29,59) type=3 sel=true
[devMouse] p0 unit 4 tile=(30,59) type=3 sel=true
[devMouse] p0 unit 5 tile=(30,60) type=3 sel=true
[devMouse] p0 unit 6 tile=(29,60) type=3 sel=true
[devMouse] p0 unit 7 tile=(30,57) type=4 sel=true
[devMouse] p0 unit 8 tile=(30,56) type=4 sel=true
[devMouse] p0 unit 9 tile=(30,55) type=4 sel=true
[devMouse] p0 unit 10 tile=(28,58) type=6 sel=true
[devMouse] p1 unit 0 tile=(48,48) type=3 sel=false
[devMouse] p1 unit 1 tile=(40,34) type=3 sel=false
[devMouse] p1 unit 2 tile=(60,55) type=3 sel=false
[devMouse] p1 unit 3 tile=(61,45) type=3 sel=false
[devMouse] p1 unit 4 tile=(49,24) type=3 sel=false
[devMouse] p1 unit 5 tile=(48,25) type=3 sel=false
[devMouse] p1 unit 6 tile=(54,19) type=3 sel=false
[devMouse] p1 unit 7 tile=(36,23) type=4 sel=false
[devMouse] p1 unit 8 tile=(37,22) type=4 sel=false
[devMouse] p1 unit 9 tile=(49,33) type=4 sel=false
[devMouse] p1 unit 10 tile=(32,17) type=3 sel=false
[devMouse] p1 unit 11 tile=(25,21) type=4 sel=false
[devMouse] p1 unit 12 tile=(22,26) type=3 sel=false
[devMouse] p1 unit 13 tile=(23,27) type=3 sel=false
[devMouse] p1 unit 14 tile=(15,47) type=3 sel=false
[devMouse] p1 unit 15 tile=(16,54) type=3 sel=false
[dbg] ar=70948 am=6 aA=6 aH=0 l=false j=false fullRedraw=false
[dbg] ar=70973 am=6 aA=6 aH=0 l=false j=false fullRedraw=false
[fifo] ar=70991 slots 0
[slots] p0 n=11 0:t0@(41,58)w0 1:t0@(40,59)w0 2:t0@(40,60)w0 3:t3@(29,59)w0 4:t3@(30,59)w0 5:t3@(30,60)w0 6:t3@(29,60)w0 7:t4@(30,57)w0 8:t4@(30,56)w0 9:t4@(30,55)w0 10:t6@(28,58)w0
[dbg] ar=70998 am=6 aA=6 aH=0 l=false j=false fullRedraw=false
[fifo] ar=71014 retask 0 41 58
[devMouse] retask slot0 (41,58)w0 -> (41,58)
[fifo] ar=71022 retask 1 41 59
[devMouse] retask slot1 (40,59)w0 -> (41,59)
[dbg] ar=71023 am=6 aA=6 aH=0 l=false j=false fullRedraw=false
[fifo] ar=71030 retask 2 40 60
[devMouse] retask slot2 (40,60)w0 -> (40,60)
[fifo] ar=71037 save /tmp/aoe-camp/m1/t.aoesave
[save] wrote /tmp/aoe-camp/m1/t.aoesave (12294B) ar=71038
[dbg] ar=71048 am=6 aA=6 aH=0 l=false j=false fullRedraw=false
[dbg] ar=71073 am=6 aA=6 aH=0 l=false j=false fullRedraw=false
[fifo] ar=71085 slots 0
[slots] p0 n=11 0:t0@(41,58)w0 1:t0@(41,59)w0 2:t0@(40,60)w0 3:t3@(29,59)w0 4:t3@(30,59)w0 5:t3@(30,60)w0 6:t3@(29,60)w0 7:t4@(30,57)w0 8:t4@(30,56)w0 9:t4@(30,55)w0 10:t6@(28,58)w0
[dbg] ar=71098 am=6 aA=6 aH=0 l=false j=false fullRedraw=false
[fifo] ar=71109 retask 0 41 58
[devMouse] retask slot0 (41,58)w0 -> (41,58)
[fifo] ar=71117 retask 1 41 59
[devMouse] retask slot1 (41,59)w0 -> (41,59)
[dbg] ar=71123 am=6 aA=6 aH=0 l=false j=false fullRedraw=false
[fifo] ar=71124 retask 2 41 60
[devMouse] retask slot2 (40,60)w0 -> (41,60)
[fifo] ar=71133 save /tmp/aoe-camp/m1/t.aoesave
[save] wrote /tmp/aoe-camp/m1/t.aoesave (12294B) ar=71134
[dbg] ar=71148 am=6 aA=6 aH=0 l=false j=false fullRedraw=false
[dbg] ar=71173 am=6 aA=6 aH=0 l=false j=false fullRedraw=false
[fifo] ar=71180 slots 0
[slots] p0 n=11 0:t0@(41,58)w0 1:t0@(41,59)w0 2:t0@(41,60)w0 3:t3@(29,59)w0 4:t3@(30,59)w0 5:t3@(30,60)w0 6:t3@(29,60)w0 7:t4@(30,57)w0 8:t4@(30,56)w0 9:t4@(30,55)w0 10:t6@(28,58)w0
[dbg] ar=71198 am=6 aA=6 aH=0 l=false j=false fullRedraw=false
[fifo] ar=71203 retask 0 42 58
[devMouse] retask slot0 (41,58)w0 -> (42,58)
[fifo] ar=71211 retask 1 41 59
[devMouse] retask slot1 (41,59)w0 -> (41,59)
[fifo] ar=71220 retask 2 41 60
[devMouse] retask slot2 (41,60)w0 -> (41,60)
[dbg] ar=71223 am=6 aA=6 aH=0 l=false j=false fullRedraw=false
[fifo] ar=71228 save /tmp/aoe-camp/m1/t.aoesave
[save] wrote /tmp/aoe-camp/m1/t.aoesave (12294B) ar=71229
[dbg] ar=71248 am=6 aA=6 aH=0 l=false j=false fullRedraw=false
[dbg] ar=71273 am=6 aA=6 aH=0 l=false j=false fullRedraw=false
[fifo] ar=71274 slots 0
[slots] p0 n=11 0:t0@(42,58)w0 1:t0@(41,59)w0 2:t0@(41,60)w0 3:t3@(29,59)w0 4:t3@(30,59)w0 5:t3@(30,60)w0 6:t3@(29,60)w0 7:t4@(30,57)w0 8:t4@(30,56)w0 9:t4@(30,55)w0 10:t6@(28,58)w0
[dbg] ar=71298 am=6 aA=6 aH=0 l=false j=false fullRedraw=false
[fifo] ar=71299 retask 0 42 58
[devMouse] retask slot0 (42,58)w0 -> (42,58)
[fifo] ar=71306 retask 1 42 59
[devMouse] retask slot1 (41,59)w0 -> (42,59)
[fifo] ar=71314 retask 2 41 60
[devMouse] retask slot2 (41,60)w0 -> (41,60)
[fifo] ar=71322 save /tmp/aoe-camp/m1/t.aoesave
[save] wrote /tmp/aoe-camp/m1/t.aoesave (12294B) ar=71323
[dbg] ar=71323 am=6 aA=6 aH=0 l=false j=false fullRedraw=false
[dbg] ar=71348 am=6 aA=6 aH=0 l=false j=false fullRedraw=false
[fifo] ar=71368 slots 0
[slots] p0 n=11 0:t0@(42,58)w0 1:t0@(42,59)w0 2:t0@(41,60)w0 3:t3@(29,59)w0 4:t3@(30,59)w0 5:t3@(30,60)w0 6:t3@(29,60)w0 7:t4@(30,57)w0 8:t4@(30,56)w0 9:t4@(30,55)w0 10:t6@(28,58)w0
[dbg] ar=71373 am=6 aA=6 aH=0 l=false j=false fullRedraw=false
[fifo] ar=71394 retask 0 42 58
[devMouse] retask slot0 (42,58)w0 -> (42,58)
[dbg] ar=71398 am=6 aA=6 aH=0 l=false j=false fullRedraw=false
[fifo] ar=71402 retask 1 42 59
[devMouse] retask slot1 (42,59)w0 -> (42,59)
[fifo] ar=71410 retask 2 42 60
[devMouse] retask slot2 (41,60)w0 -> (42,60)
[fifo] ar=71417 save /tmp/aoe-camp/m1/t.aoesave
[save] wrote /tmp/aoe-camp/m1/t.aoesave (12294B) ar=71418
[dbg] ar=71423 am=6 aA=6 aH=0 l=false j=false fullRedraw=false
[dbg] ar=71448 am=6 aA=6 aH=0 l=false j=false fullRedraw=false
[fifo] ar=71465 state
[devMouse] aA=6/6 cursor=(31,58) cam=(-523,628) Q=3743 aE=512 Y=0 sel=6
[devMouse] p0 unit 0 tile=(42,58) type=0 sel=true
[devMouse] p0 unit 1 tile=(42,59) type=0 sel=true
[devMouse] p0 unit 2 tile=(42,60) type=0 sel=true
[devMouse] p0 unit 3 tile=(29,59) type=3 sel=true
[devMouse] p0 unit 4 tile=(30,59) type=3 sel=true
[devMouse] p0 unit 5 tile=(30,60) type=3 sel=true
[devMouse] p0 unit 6 tile=(29,60) type=3 sel=true
[devMouse] p0 unit 7 tile=(30,57) type=4 sel=true
[devMouse] p0 unit 8 tile=(30,56) type=4 sel=true
[devMouse] p0 unit 9 tile=(30,55) type=4 sel=true
[devMouse] p0 unit 10 tile=(28,58) type=6 sel=true
[devMouse] p1 unit 0 tile=(48,48) type=3 sel=false
[devMouse] p1 unit 1 tile=(40,34) type=3 sel=false
[devMouse] p1 unit 2 tile=(60,55) type=3 sel=false
[devMouse] p1 unit 3 tile=(61,45) type=3 sel=false
[devMouse] p1 unit 4 tile=(49,24) type=3 sel=false
[devMouse] p1 unit 5 tile=(48,25) type=3 sel=false
[devMouse] p1 unit 6 tile=(54,19) type=3 sel=false
[devMouse] p1 unit 7 tile=(36,23) type=4 sel=false
[devMouse] p1 unit 8 tile=(37,22) type=4 sel=false
[devMouse] p1 unit 9 tile=(49,33) type=4 sel=false
[devMouse] p1 unit 10 tile=(32,17) type=3 sel=false
[devMouse] p1 unit 11 tile=(25,21) type=4 sel=false
[devMouse] p1 unit 12 tile=(22,26) type=3 sel=false
[devMouse] p1 unit 13 tile=(23,27) type=3 sel=false
[devMouse] p1 unit 14 tile=(15,47) type=3 sel=false
[devMouse] p1 unit 15 tile=(16,54) type=3 sel=false
[dbg] ar=71473 am=6 aA=6 aH=0 l=false j=false fullRedraw=false
[dbg] ar=71498 am=6 aA=6 aH=0 l=false j=false fullRedraw=false
[fifo] ar=71519 slots 0
[slots] p0 n=11 0:t0@(42,58)w0 1:t0@(42,59)w0 2:t0@(42,60)w0 3:t3@(29,59)w0 4:t3@(30,59)w0 5:t3@(30,60)w0 6:t3@(29,60)w0 7:t4@(30,57)w0 8:t4@(30,56)w0 9:t4@(30,55)w0 10:t6@(28,58)w0
[dbg] ar=71523 am=6 aA=6 aH=0 l=false j=false fullRedraw=false
[fifo] ar=71543 retask 0 43 58
[devMouse] retask slot0 (42,58)w0 -> (43,58)
[dbg] ar=71548 am=6 aA=6 aH=0 l=false j=false fullRedraw=false
[fifo] ar=71551 retask 1 42 59
[devMouse] retask slot1 (42,59)w0 -> (42,59)
[fifo] ar=71558 retask 2 42 60
[devMouse] retask slot2 (42,60)w0 -> (42,60)
[fifo] ar=71566 save /tmp/aoe-camp/m1/t.aoesave
[save] wrote /tmp/aoe-camp/m1/t.aoesave (12294B) ar=71567
[dbg] ar=71573 am=6 aA=6 aH=0 l=false j=false fullRedraw=false
[dbg] ar=71598 am=6 aA=6 aH=0 l=false j=false fullRedraw=false
[fifo] ar=71614 slots 0
[slots] p0 n=11 0:t0@(43,58)w0 1:t0@(42,59)w0 2:t0@(42,60)w0 3:t3@(29,59)w0 4:t3@(30,59)w0 5:t3@(30,60)w0 6:t3@(29,60)w0 7:t4@(30,57)w0 8:t4@(30,56)w0 9:t4@(30,55)w0 10:t6@(28,58)w0
[dbg] ar=71623 am=6 aA=6 aH=0 l=false j=false fullRedraw=false
[fifo] ar=71639 retask 0 43 58
[devMouse] retask slot0 (43,58)w0 -> (43,58)
[fifo] ar=71648 retask 1 43 59
[devMouse] retask slot1 (42,59)w0 -> (43,59)
[dbg] ar=71648 am=6 aA=6 aH=0 l=false j=false fullRedraw=false
[fifo] ar=71655 retask 2 42 60
[devMouse] retask slot2 (42,60)w0 -> (42,60)
[fifo] ar=71664 save /tmp/aoe-camp/m1/t.aoesave
[save] wrote /tmp/aoe-camp/m1/t.aoesave (12294B) ar=71665
[dbg] ar=71673 am=6 aA=6 aH=0 l=false j=false fullRedraw=false
[dbg] ar=71698 am=6 aA=6 aH=0 l=false j=false fullRedraw=false
[fifo] ar=71710 slots 0
[slots] p0 n=11 0:t0@(43,58)w0 1:t0@(43,59)w0 2:t0@(42,60)w0 3:t3@(29,59)w0 4:t3@(30,59)w0 5:t3@(30,60)w0 6:t3@(29,60)w0 7:t4@(30,57)w0 8:t4@(30,56)w0 9:t4@(30,55)w0 10:t6@(28,58)w0
[dbg] ar=71723 am=6 aA=6 aH=0 l=false j=false fullRedraw=false
[fifo] ar=71735 retask 0 43 58
[devMouse] retask slot0 (43,58)w0 -> (43,58)
[fifo] ar=71743 retask 1 43 59
[devMouse] retask slot1 (43,59)w0 -> (43,59)
[dbg] ar=71748 am=6 aA=6 aH=0 l=false j=false fullRedraw=false
[fifo] ar=71750 retask 2 43 60
[devMouse] retask slot2 (42,60)w0 -> (43,60)
[fifo] ar=71758 save /tmp/aoe-camp/m1/t.aoesave
[save] wrote /tmp/aoe-camp/m1/t.aoesave (12294B) ar=71759
[dbg] ar=71773 am=6 aA=6 aH=0 l=false j=false fullRedraw=false
[dbg] ar=71798 am=6 aA=6 aH=0 l=false j=false fullRedraw=false
[fifo] ar=71805 slots 0
[slots] p0 n=11 0:t0@(43,58)w0 1:t0@(43,59)w0 2:t0@(43,60)w0 3:t3@(29,59)w0 4:t3@(30,59)w0 5:t3@(30,60)w0 6:t3@(29,60)w0 7:t4@(30,57)w0 8:t4@(30,56)w0 9:t4@(30,55)w0 10:t6@(28,58)w0
[dbg] ar=71823 am=6 aA=6 aH=0 l=false j=false fullRedraw=false
[fifo] ar=71829 retask 0 44 58
[devMouse] retask slot0 (43,58)w0 -> (44,58)
[fifo] ar=71838 retask 1 43 59
[devMouse] retask slot1 (43,59)w0 -> (43,59)
[fifo] ar=71845 retask 2 43 60
[devMouse] retask slot2 (43,60)w0 -> (43,60)
[dbg] ar=71848 am=6 aA=6 aH=0 l=false j=false fullRedraw=false
[fifo] ar=71852 save /tmp/aoe-camp/m1/t.aoesave
[save] wrote /tmp/aoe-camp/m1/t.aoesave (12294B) ar=71853
[dbg] ar=71873 am=6 aA=6 aH=0 l=false j=false fullRedraw=false
[fifo] ar=71897 slots 0
[slots] p0 n=11 0:t0@(44,58)w0 1:t0@(43,59)w0 2:t0@(43,60)w0 3:t3@(29,59)w0 4:t3@(30,59)w0 5:t3@(30,60)w0 6:t3@(29,60)w0 7:t4@(30,57)w0 8:t4@(30,56)w0 9:t4@(30,55)w0 10:t6@(28,58)w0
[dbg] ar=71898 am=6 aA=6 aH=0 l=false j=false fullRedraw=false
[fifo] ar=71920 retask 0 44 58
[devMouse] retask slot0 (44,58)w0 -> (44,58)
[dbg] ar=71923 am=6 aA=6 aH=0 l=false j=false fullRedraw=false
[fifo] ar=71928 retask 1 44 59
[devMouse] retask slot1 (43,59)w0 -> (44,59)
[fifo] ar=71936 retask 2 43 60
[devMouse] retask slot2 (43,60)w0 -> (43,60)
[fifo] ar=71944 save /tmp/aoe-camp/m1/t.aoesave
[save] wrote /tmp/aoe-camp/m1/t.aoesave (12294B) ar=71945
[dbg] ar=71948 am=6 aA=6 aH=0 l=false j=false fullRedraw=false
[dbg] ar=71973 am=6 aA=6 aH=0 l=false j=false fullRedraw=false
[fifo] ar=71990 state
[devMouse] aA=6/6 cursor=(31,58) cam=(-523,628) Q=3743 aE=512 Y=0 sel=6
[devMouse] p0 unit 0 tile=(44,58) type=0 sel=true
[devMouse] p0 unit 1 tile=(44,59) type=0 sel=true
[devMouse] p0 unit 2 tile=(43,60) type=0 sel=true
[devMouse] p0 unit 3 tile=(29,59) type=3 sel=true
[devMouse] p0 unit 4 tile=(30,59) type=3 sel=true
[devMouse] p0 unit 5 tile=(30,60) type=3 sel=true
[devMouse] p0 unit 6 tile=(29,60) type=3 sel=true
[devMouse] p0 unit 7 tile=(30,57) type=4 sel=true
[devMouse] p0 unit 8 tile=(30,56) type=4 sel=true
[devMouse] p0 unit 9 tile=(30,55) type=4 sel=true
[devMouse] p0 unit 10 tile=(28,58) type=6 sel=true
[devMouse] p1 unit 0 tile=(48,48) type=3 sel=false
[devMouse] p1 unit 1 tile=(40,34) type=3 sel=false
[devMouse] p1 unit 2 tile=(60,55) type=3 sel=false
[devMouse] p1 unit 3 tile=(61,45) type=3 sel=false
[devMouse] p1 unit 4 tile=(49,24) type=3 sel=false
[devMouse] p1 unit 5 tile=(48,25) type=3 sel=false
[devMouse] p1 unit 6 tile=(54,19) type=3 sel=false
[devMouse] p1 unit 7 tile=(36,23) type=4 sel=false
[devMouse] p1 unit 8 tile=(37,22) type=4 sel=false
[devMouse] p1 unit 9 tile=(49,33) type=4 sel=false
[devMouse] p1 unit 10 tile=(32,17) type=3 sel=false
[devMouse] p1 unit 11 tile=(25,21) type=4 sel=false
[devMouse] p1 unit 12 tile=(22,26) type=3 sel=false
[devMouse] p1 unit 13 tile=(23,27) type=3 sel=false
[devMouse] p1 unit 14 tile=(15,47) type=3 sel=false
[devMouse] p1 unit 15 tile=(16,54) type=3 sel=false
[dbg] ar=71998 am=6 aA=6 aH=0 l=false j=false fullRedraw=false
[dbg] ar=72023 am=6 aA=6 aH=0 l=false j=false fullRedraw=false
[fifo] ar=72044 slots 0
[slots] p0 n=11 0:t0@(44,58)w0 1:t0@(44,59)w0 2:t0@(43,60)w0 3:t3@(29,59)w0 4:t3@(30,59)w0 5:t3@(30,60)w0 6:t3@(29,60)w0 7:t4@(30,57)w0 8:t4@(30,56)w0 9:t4@(30,55)w0 10:t6@(28,58)w0
[dbg] ar=72048 am=6 aA=6 aH=0 l=false j=false fullRedraw=false
[fifo] ar=72069 retask 0 44 58
[devMouse] retask slot0 (44,58)w0 -> (44,58)
[dbg] ar=72073 am=6 aA=6 aH=0 l=false j=false fullRedraw=false
[fifo] ar=72078 retask 1 44 59
[devMouse] retask slot1 (44,59)w0 -> (44,59)
[fifo] ar=72086 retask 2 44 60
[devMouse] retask slot2 (43,60)w0 -> (44,60)
[fifo] ar=72094 save /tmp/aoe-camp/m1/t.aoesave
[save] wrote /tmp/aoe-camp/m1/t.aoesave (12294B) ar=72095
[dbg] ar=72098 am=6 aA=6 aH=0 l=false j=false fullRedraw=false
[dbg] ar=72123 am=6 aA=6 aH=0 l=false j=false fullRedraw=false
[fifo] ar=72141 slots 0
[slots] p0 n=11 0:t0@(44,58)w0 1:t0@(44,59)w0 2:t0@(44,60)w0 3:t3@(29,59)w0 4:t3@(30,59)w0 5:t3@(30,60)w0 6:t3@(29,60)w0 7:t4@(30,57)w0 8:t4@(30,56)w0 9:t4@(30,55)w0 10:t6@(28,58)w0
[dbg] ar=72148 am=6 aA=6 aH=0 l=false j=false fullRedraw=false
[fifo] ar=72166 retask 0 45 58
[devMouse] retask slot0 (44,58)w0 -> (45,58)
[dbg] ar=72173 am=6 aA=6 aH=0 l=false j=false fullRedraw=false
[fifo] ar=72174 retask 1 44 59
[devMouse] retask slot1 (44,59)w0 -> (44,59)
[fifo] ar=72182 retask 2 44 60
[devMouse] retask slot2 (44,60)w0 -> (44,60)
[fifo] ar=72190 save /tmp/aoe-camp/m1/t.aoesave
[save] wrote /tmp/aoe-camp/m1/t.aoesave (12294B) ar=72191
[dbg] ar=72198 am=6 aA=6 aH=0 l=false j=false fullRedraw=false
[dbg] ar=72223 am=6 aA=6 aH=0 l=false j=false fullRedraw=false
[fifo] ar=72235 slots 0
[slots] p0 n=11 0:t0@(45,58)w0 1:t0@(44,59)w0 2:t0@(44,60)w0 3:t3@(29,59)w0 4:t3@(30,59)w0 5:t3@(30,60)w0 6:t3@(29,60)w0 7:t4@(30,57)w0 8:t4@(30,56)w0 9:t4@(30,55)w0 10:t6@(28,58)w0
[dbg] ar=72248 am=6 aA=6 aH=0 l=false j=false fullRedraw=false
[fifo] ar=72261 retask 0 45 58
[devMouse] retask slot0 (45,58)w0 -> (45,58)
[fifo] ar=72269 retask 1 45 59
[devMouse] retask slot1 (44,59)w0 -> (45,59)
[dbg] ar=72273 am=6 aA=6 aH=0 l=false j=false fullRedraw=false
[fifo] ar=72277 retask 2 44 60
[devMouse] retask slot2 (44,60)w0 -> (44,60)
[fifo] ar=72285 save /tmp/aoe-camp/m1/t.aoesave
[save] wrote /tmp/aoe-camp/m1/t.aoesave (12294B) ar=72286
[dbg] ar=72298 am=6 aA=6 aH=0 l=false j=false fullRedraw=false
[dbg] ar=72323 am=6 aA=6 aH=0 l=false j=false fullRedraw=false
[fifo] ar=72331 slots 0
[slots] p0 n=11 0:t0@(45,58)w0 1:t0@(45,59)w0 2:t0@(44,60)w0 3:t3@(29,59)w0 4:t3@(30,59)w0 5:t3@(30,60)w0 6:t3@(29,60)w0 7:t4@(30,57)w0 8:t4@(30,56)w0 9:t4@(30,55)w0 10:t6@(28,58)w0
[dbg] ar=72348 am=6 aA=6 aH=0 l=false j=false fullRedraw=false
[fifo] ar=72355 retask 0 45 58
[devMouse] retask slot0 (45,58)w0 -> (45,58)
[fifo] ar=72362 retask 1 45 59
[devMouse] retask slot1 (45,59)w0 -> (45,59)
[fifo] ar=72370 retask 2 45 60
[devMouse] retask slot2 (44,60)w0 -> (45,60)
[dbg] ar=72373 am=6 aA=6 aH=0 l=false j=false fullRedraw=false
[fifo] ar=72379 save /tmp/aoe-camp/m1/t.aoesave
[save] wrote /tmp/aoe-camp/m1/t.aoesave (12294B) ar=72380
[dbg] ar=72398 am=6 aA=6 aH=0 l=false j=false fullRedraw=false
[dbg] ar=72423 am=6 aA=6 aH=0 l=false j=false fullRedraw=false
[fifo] ar=72426 slots 0
[slots] p0 n=11 0:t0@(45,58)w0 1:t0@(45,59)w0 2:t0@(45,60)w0 3:t3@(29,59)w0 4:t3@(30,59)w0 5:t3@(30,60)w0 6:t3@(29,60)w0 7:t4@(30,57)w0 8:t4@(30,56)w0 9:t4@(30,55)w0 10:t6@(28,58)w0
[dbg] ar=72448 am=6 aA=6 aH=0 l=false j=false fullRedraw=false
[fifo] ar=72452 retask 0 46 58
[devMouse] retask slot0 (45,58)w0 -> (46,58)
[fifo] ar=72460 retask 1 45 59
[devMouse] retask slot1 (45,59)w0 -> (45,59)
[fifo] ar=72469 retask 2 45 60
[devMouse] retask slot2 (45,60)w0 -> (45,60)
[dbg] ar=72473 am=6 aA=6 aH=0 l=false j=false fullRedraw=false
[fifo] ar=72477 save /tmp/aoe-camp/m1/t.aoesave
[save] wrote /tmp/aoe-camp/m1/t.aoesave (12294B) ar=72478
[dbg] ar=72498 am=6 aA=6 aH=0 l=false j=false fullRedraw=false
[fifo] ar=72523 state
[devMouse] aA=6/6 cursor=(31,58) cam=(-523,628) Q=3743 aE=512 Y=0 sel=6
[devMouse] p0 unit 0 tile=(45,58) type=0 sel=true
[devMouse] p0 unit 1 tile=(45,59) type=0 sel=true
[devMouse] p0 unit 2 tile=(45,60) type=0 sel=true
[devMouse] p0 unit 3 tile=(29,59) type=3 sel=true
[devMouse] p0 unit 4 tile=(30,59) type=3 sel=true
[devMouse] p0 unit 5 tile=(30,60) type=3 sel=true
[devMouse] p0 unit 6 tile=(29,60) type=3 sel=true
[devMouse] p0 unit 7 tile=(30,57) type=4 sel=true
[devMouse] p0 unit 8 tile=(30,56) type=4 sel=true
[devMouse] p0 unit 9 tile=(30,55) type=4 sel=true
[devMouse] p0 unit 10 tile=(28,58) type=6 sel=true
[devMouse] p1 unit 0 tile=(48,48) type=3 sel=false
[devMouse] p1 unit 1 tile=(40,34) type=3 sel=false
[devMouse] p1 unit 2 tile=(60,55) type=3 sel=false
[devMouse] p1 unit 3 tile=(61,45) type=3 sel=false
[devMouse] p1 unit 4 tile=(49,24) type=3 sel=false
[devMouse] p1 unit 5 tile=(48,25) type=3 sel=false
[devMouse] p1 unit 6 tile=(54,19) type=3 sel=false
[devMouse] p1 unit 7 tile=(36,23) type=4 sel=false
[devMouse] p1 unit 8 tile=(37,22) type=4 sel=false
[devMouse] p1 unit 9 tile=(49,33) type=4 sel=false
[devMouse] p1 unit 10 tile=(32,17) type=3 sel=false
[devMouse] p1 unit 11 tile=(25,21) type=4 sel=false
[devMouse] p1 unit 12 tile=(22,26) type=3 sel=false
[devMouse] p1 unit 13 tile=(23,27) type=3 sel=false
[devMouse] p1 unit 14 tile=(15,47) type=3 sel=false
[devMouse] p1 unit 15 tile=(16,54) type=3 sel=false
[dbg] ar=72523 am=6 aA=6 aH=0 l=false j=false fullRedraw=false
[dbg] ar=72548 am=6 aA=6 aH=0 l=false j=false fullRedraw=false
[dbg] ar=72573 am=6 aA=6 aH=0 l=false j=false fullRedraw=false
[fifo] ar=72577 slots 0
[slots] p0 n=11 0:t0@(42,58)w13 1:t0@(45,59)w0 2:t0@(45,60)w0 3:t3@(29,59)w0 4:t3@(30,59)w0 5:t3@(30,60)w0 6:t3@(29,60)w0 7:t4@(30,57)w0 8:t4@(30,56)w0 9:t4@(30,55)w0 10:t6@(28,58)w0
[dbg] ar=72598 am=6 aA=6 aH=0 l=false j=false fullRedraw=false
[fifo] ar=72600 retask 0 46 58
[devMouse] retask slot0 (44,58)w13 -> (46,58)
[fifo] ar=72608 retask 1 46 59
[devMouse] retask slot1 (45,59)w0 -> (46,59)
[fifo] ar=72616 retask 2 45 60
[devMouse] retask slot2 (45,60)w0 -> (45,60)
[fifo] ar=72623 save /tmp/aoe-camp/m1/t.aoesave
[dbg] ar=72623 am=6 aA=6 aH=0 l=false j=false fullRedraw=false
[save] wrote /tmp/aoe-camp/m1/t.aoesave (12294B) ar=72624
[dbg] ar=72648 am=6 aA=6 aH=0 l=false j=false fullRedraw=false
[fifo] ar=72671 slots 0
[slots] p0 n=11 0:t0@(45,58)w2912 1:t0@(45,59)w2812 2:t0@(45,60)w0 3:t3@(29,59)w0 4:t3@(30,59)w0 5:t3@(30,60)w0 6:t3@(29,60)w0 7:t4@(30,57)w0 8:t4@(30,56)w0 9:t4@(30,55)w0 10:t6@(28,58)w0
[dbg] ar=72673 am=6 aA=6 aH=0 l=false j=false fullRedraw=false
[fifo] ar=72697 retask 2 46 60
[devMouse] retask slot2 (45,60)w0 -> (46,60)
[dbg] ar=72698 am=6 aA=6 aH=0 l=false j=false fullRedraw=false
[fifo] ar=72704 save /tmp/aoe-camp/m1/t.aoesave
[save] wrote /tmp/aoe-camp/m1/t.aoesave (12294B) ar=72705
[dbg] ar=72723 am=6 aA=6 aH=0 l=false j=false fullRedraw=false
[dbg] ar=72748 am=6 aA=6 aH=0 l=false j=false fullRedraw=false
[fifo] ar=72749 slots 0
[slots] p0 n=11 0:t0@(43,59)w13 1:t0@(44,59)w13 2:t0@(45,60)w3312 3:t3@(29,59)w0 4:t3@(30,59)w0 5:t3@(30,60)w0 6:t3@(29,60)w0 7:t4@(30,57)w0 8:t4@(30,56)w0 9:t4@(30,55)w0 10:t6@(28,58)w0
[dbg] ar=72773 am=6 aA=6 aH=0 l=false j=false fullRedraw=false
[fifo] ar=72774 retask 0 46 58
[devMouse] retask slot0 (45,59)w13 -> (46,58)
[fifo] ar=72783 retask 1 46 59
[devMouse] retask slot1 (44,58)w13 -> (46,59)
[fifo] ar=72791 save /tmp/aoe-camp/m1/t.aoesave
[save] wrote /tmp/aoe-camp/m1/t.aoesave (12294B) ar=72792
[dbg] ar=72798 am=6 aA=6 aH=0 l=false j=false fullRedraw=false
[dbg] ar=72823 am=6 aA=6 aH=0 l=false j=false fullRedraw=false
[fifo] ar=72839 slots 0
[slots] p0 n=11 0:t0@(45,59)w2712 1:t0@(45,60)w4a12 2:t0@(44,58)w13 3:t3@(29,59)w0 4:t3@(30,59)w0 5:t3@(30,60)w0 6:t3@(29,60)w0 7:t4@(30,57)w0 8:t4@(30,56)w0 9:t4@(30,55)w0 10:t6@(28,58)w0
[dbg] ar=72848 am=6 aA=6 aH=0 l=false j=false fullRedraw=false
[fifo] ar=72864 retask 2 46 60
[devMouse] retask slot2 (45,58)w13 -> (46,60)
[fifo] ar=72872 save /tmp/aoe-camp/m1/t.aoesave
[save] wrote /tmp/aoe-camp/m1/t.aoesave (12294B) ar=72873
[dbg] ar=72873 am=6 aA=6 aH=0 l=false j=false fullRedraw=false
[dbg] ar=72898 am=6 aA=6 aH=0 l=false j=false fullRedraw=false
[fifo] ar=72920 slots 0
[slots] p0 n=11 0:t0@(45,60)w13 1:t0@(44,60)w13 2:t0@(45,59)w4912 3:t3@(29,59)w0 4:t3@(30,59)w0 5:t3@(30,60)w0 6:t3@(29,60)w0 7:t4@(30,57)w0 8:t4@(30,56)w0 9:t4@(30,55)w0 10:t6@(28,58)w0
[dbg] ar=72923 am=6 aA=6 aH=0 l=false j=false fullRedraw=false
[fifo] ar=72944 retask 0 46 58
[devMouse] retask slot0 (44,59)w13 -> (46,58)
[dbg] ar=72948 am=6 aA=6 aH=0 l=false j=false fullRedraw=false
[fifo] ar=72953 retask 1 46 59
[devMouse] retask slot1 (44,60)w13 -> (46,59)
[fifo] ar=72960 save /tmp/aoe-camp/m1/t.aoesave
[save] wrote /tmp/aoe-camp/m1/t.aoesave (12294B) ar=72961
[dbg] ar=72973 am=6 aA=6 aH=0 l=false j=false fullRedraw=false
[dbg] ar=72998 am=6 aA=6 aH=0 l=false j=false fullRedraw=false
[fifo] ar=73007 state
[devMouse] aA=6/6 cursor=(31,58) cam=(-523,628) Q=3743 aE=512 Y=0 sel=6
[devMouse] p0 unit 0 tile=(45,58) type=0 sel=true
[devMouse] p0 unit 1 tile=(45,60) type=0 sel=true
[devMouse] p0 unit 2 tile=(43,60) type=0 sel=true
[devMouse] p0 unit 3 tile=(29,59) type=3 sel=true
[devMouse] p0 unit 4 tile=(30,59) type=3 sel=true
[devMouse] p0 unit 5 tile=(30,60) type=3 sel=true
[devMouse] p0 unit 6 tile=(29,60) type=3 sel=true
[devMouse] p0 unit 7 tile=(30,57) type=4 sel=true
[devMouse] p0 unit 8 tile=(30,56) type=4 sel=true
[devMouse] p0 unit 9 tile=(30,55) type=4 sel=true
[devMouse] p0 unit 10 tile=(28,58) type=6 sel=true
[devMouse] p1 unit 0 tile=(48,48) type=3 sel=false
[devMouse] p1 unit 1 tile=(40,34) type=3 sel=false
[devMouse] p1 unit 2 tile=(60,55) type=3 sel=false
[devMouse] p1 unit 3 tile=(61,45) type=3 sel=false
[devMouse] p1 unit 4 tile=(49,24) type=3 sel=false
[devMouse] p1 unit 5 tile=(48,25) type=3 sel=false
[devMouse] p1 unit 6 tile=(54,19) type=3 sel=false
[devMouse] p1 unit 7 tile=(36,23) type=4 sel=false
[devMouse] p1 unit 8 tile=(37,22) type=4 sel=false
[devMouse] p1 unit 9 tile=(49,33) type=4 sel=false
[devMouse] p1 unit 10 tile=(32,17) type=3 sel=false
[devMouse] p1 unit 11 tile=(25,21) type=4 sel=false
[devMouse] p1 unit 12 tile=(22,26) type=3 sel=false
[devMouse] p1 unit 13 tile=(23,27) type=3 sel=false
[devMouse] p1 unit 14 tile=(15,47) type=3 sel=false
[devMouse] p1 unit 15 tile=(16,54) type=3 sel=false
[dbg] ar=73023 am=6 aA=6 aH=0 l=false j=false fullRedraw=false
[dbg] ar=73048 am=6 aA=6 aH=0 l=false j=false fullRedraw=false
[fifo] ar=73062 slots 0
[slots] p0 n=11 0:t0@(45,58)w13 1:t0@(45,60)w1a12 2:t0@(43,60)w13 3:t3@(29,59)w0 4:t3@(30,59)w0 5:t3@(30,60)w0 6:t3@(29,60)w0 7:t4@(30,57)w0 8:t4@(30,56)w0 9:t4@(30,55)w0 10:t6@(28,58)w0
[dbg] ar=73073 am=6 aA=6 aH=0 l=false j=false fullRedraw=false
[fifo] ar=73086 retask 0 46 58
[devMouse] retask slot0 (43,60)w13 -> (46,58)
[fifo] ar=73094 retask 2 46 60
[devMouse] retask slot2 (45,60)w13 -> (46,60)
[dbg] ar=73098 am=6 aA=6 aH=0 l=false j=false fullRedraw=false
[fifo] ar=73101 save /tmp/aoe-camp/m1/t.aoesave
[save] wrote /tmp/aoe-camp/m1/t.aoesave (12294B) ar=73102
[dbg] ar=73123 am=6 aA=6 aH=0 l=false j=false fullRedraw=false
[fifo] ar=73147 slots 0
[slots] p0 n=11 0:t0@(45,58)w5112 1:t0@(42,59)w13 2:t0@(45,60)w3912 3:t3@(29,59)w0 4:t3@(30,59)w0 5:t3@(30,60)w0 6:t3@(29,60)w0 7:t4@(30,57)w0 8:t4@(30,56)w0 9:t4@(30,55)w0 10:t6@(28,58)w0
[dbg] ar=73148 am=6 aA=6 aH=0 l=false j=false fullRedraw=false
[fifo] ar=73172 retask 1 46 59
[devMouse] retask slot1 (45,59)w13 -> (46,59)
[dbg] ar=73173 am=6 aA=6 aH=0 l=false j=false fullRedraw=false
[fifo] ar=73180 save /tmp/aoe-camp/m1/t.aoesave
[save] wrote /tmp/aoe-camp/m1/t.aoesave (12294B) ar=73181
[dbg] ar=73198 am=6 aA=6 aH=0 l=false j=false fullRedraw=false
[dbg] ar=73223 am=6 aA=6 aH=0 l=false j=false fullRedraw=false
[fifo] ar=73225 slots 0
[slots] p0 n=11 0:t0@(45,58)w312 1:t0@(45,59)w3812 2:t0@(43,58)w13 3:t3@(29,59)w0 4:t3@(30,59)w0 5:t3@(30,60)w0 6:t3@(29,60)w0 7:t4@(30,57)w0 8:t4@(30,56)w0 9:t4@(30,55)w0 10:t6@(28,58)w0
[dbg] ar=73248 am=6 aA=6 aH=0 l=false j=false fullRedraw=false
[fifo] ar=73249 retask 2 46 60
[devMouse] retask slot2 (41,59)w13 -> (46,60)
[fifo] ar=73257 save /tmp/aoe-camp/m1/t.aoesave
[save] wrote /tmp/aoe-camp/m1/t.aoesave (12294B) ar=73258
[dbg] ar=73273 am=6 aA=6 aH=0 l=false j=false fullRedraw=false
[dbg] ar=73298 am=6 aA=6 aH=0 l=false j=false fullRedraw=false
[fifo] ar=73304 slots 0
[slots] p0 n=11 0:t0@(43,60)w13 1:t0@(42,59)w13 2:t0@(45,60)w5412 3:t3@(29,59)w0 4:t3@(30,59)w0 5:t3@(30,60)w0 6:t3@(29,60)w0 7:t4@(30,57)w0 8:t4@(30,56)w0 9:t4@(30,55)w0 10:t6@(28,58)w0
[dbg] ar=73323 am=6 aA=6 aH=0 l=false j=false fullRedraw=false
[fifo] ar=73329 retask 0 46 58
[devMouse] retask slot0 (44,59)w13 -> (46,58)
[fifo] ar=73337 retask 1 46 59
[devMouse] retask slot1 (45,58)w13 -> (46,59)
[fifo] ar=73345 save /tmp/aoe-camp/m1/t.aoesave
[save] wrote /tmp/aoe-camp/m1/t.aoesave (12294B) ar=73346
[dbg] ar=73348 am=6 aA=6 aH=0 l=false j=false fullRedraw=false
[dbg] ar=73373 am=6 aA=6 aH=0 l=false j=false fullRedraw=false
[fifo] ar=73390 slots 0
[slots] p0 n=11 0:t0@(45,59)w4312 1:t0@(45,58)w3912 2:t0@(44,59)w13 3:t3@(29,59)w0 4:t3@(30,59)w0 5:t3@(30,60)w0 6:t3@(29,60)w0 7:t4@(30,57)w0 8:t4@(30,56)w0 9:t4@(30,55)w0 10:t6@(28,58)w0
[dbg] ar=73398 am=6 aA=6 aH=0 l=false j=false fullRedraw=false
[fifo] ar=73415 retask 2 46 60
[devMouse] retask slot2 (43,58)w13 -> (46,60)
[fifo] ar=73423 save /tmp/aoe-camp/m1/t.aoesave
[dbg] ar=73423 am=6 aA=6 aH=0 l=false j=false fullRedraw=false
[save] wrote /tmp/aoe-camp/m1/t.aoesave (12294B) ar=73424
[dbg] ar=73448 am=6 aA=6 aH=0 l=false j=false fullRedraw=false
[fifo] ar=73471 state
[devMouse] aA=6/6 cursor=(31,58) cam=(-523,628) Q=3743 aE=512 Y=0 sel=6
[devMouse] p0 unit 0 tile=(44,58) type=0 sel=true
[devMouse] p0 unit 1 tile=(42,58) type=0 sel=true
[devMouse] p0 unit 2 tile=(45,60) type=0 sel=true
[devMouse] p0 unit 3 tile=(29,59) type=3 sel=true
[devMouse] p0 unit 4 tile=(30,59) type=3 sel=true
[devMouse] p0 unit 5 tile=(30,60) type=3 sel=true
[devMouse] p0 unit 6 tile=(29,60) type=3 sel=true
[devMouse] p0 unit 7 tile=(30,57) type=4 sel=true
[devMouse] p0 unit 8 tile=(30,56) type=4 sel=true
[devMouse] p0 unit 9 tile=(30,55) type=4 sel=true
[devMouse] p0 unit 10 tile=(28,58) type=6 sel=true
[devMouse] p1 unit 0 tile=(48,48) type=3 sel=false
[devMouse] p1 unit 1 tile=(40,34) type=3 sel=false
[devMouse] p1 unit 2 tile=(60,55) type=3 sel=false
[devMouse] p1 unit 3 tile=(61,45) type=3 sel=false
[devMouse] p1 unit 4 tile=(49,24) type=3 sel=false
[devMouse] p1 unit 5 tile=(48,25) type=3 sel=false
[devMouse] p1 unit 6 tile=(54,19) type=3 sel=false
[devMouse] p1 unit 7 tile=(36,23) type=4 sel=false
[devMouse] p1 unit 8 tile=(37,22) type=4 sel=false
[devMouse] p1 unit 9 tile=(49,33) type=4 sel=false
[devMouse] p1 unit 10 tile=(32,17) type=3 sel=false
[devMouse] p1 unit 11 tile=(25,21) type=4 sel=false
[devMouse] p1 unit 12 tile=(22,26) type=3 sel=false
[devMouse] p1 unit 13 tile=(23,27) type=3 sel=false
[devMouse] p1 unit 14 tile=(15,47) type=3 sel=false
[devMouse] p1 unit 15 tile=(16,54) type=3 sel=false
[dbg] ar=73473 am=6 aA=6 aH=0 l=false j=false fullRedraw=false
[dbg] ar=73498 am=6 aA=6 aH=0 l=false j=false fullRedraw=false
[dbg] ar=73523 am=6 aA=6 aH=0 l=false j=false fullRedraw=false
[fifo] ar=73526 slots 0
[slots] p0 n=11 0:t0@(43,59)w13 1:t0@(45,58)w13 2:t0@(45,60)w1312 3:t3@(29,59)w0 4:t3@(30,59)w0 5:t3@(30,60)w0 6:t3@(29,60)w0 7:t4@(30,57)w0 8:t4@(30,56)w0 9:t4@(30,55)w0 10:t6@(28,58)w0
[dbg] ar=73548 am=6 aA=6 aH=0 l=false j=false fullRedraw=false
[fifo] ar=73550 retask 0 46 58
[devMouse] retask slot0 (45,60)w13 -> (46,58)
[fifo] ar=73558 retask 1 46 59
[devMouse] retask slot1 (41,58)w13 -> (46,59)
[fifo] ar=73566 save /tmp/aoe-camp/m1/t.aoesave
[save] wrote /tmp/aoe-camp/m1/t.aoesave (12294B) ar=73567
[dbg] ar=73573 am=6 aA=6 aH=0 l=false j=false fullRedraw=false
[dbg] ar=73598 am=6 aA=6 aH=0 l=false j=false fullRedraw=false
[fifo] ar=73614 slots 0
[slots] p0 n=11 0:t0@(45,59)w3f12 1:t0@(45,58)w0 2:t0@(43,59)w13 3:t3@(29,59)w0 4:t3@(30,59)w0 5:t3@(30,60)w0 6:t3@(29,60)w0 7:t4@(30,57)w0 8:t4@(30,56)w0 9:t4@(30,55)w0 10:t6@(28,58)w0
[dbg] ar=73623 am=6 aA=6 aH=0 l=false j=false fullRedraw=false
[fifo] ar=73635 retask 1 46 59
[devMouse] retask slot1 (45,58)w5612 -> (46,59)
[fifo] ar=73641 retask 2 46 60
[devMouse] retask slot2 (44,60)w13 -> (46,60)
[fifo] ar=73648 save /tmp/aoe-camp/m1/t.aoesave
[dbg] ar=73648 am=6 aA=6 aH=0 l=false j=false fullRedraw=false
[save] wrote /tmp/aoe-camp/m1/t.aoesave (12294B) ar=73649
[dbg] ar=73673 am=6 aA=6 aH=0 l=false j=false fullRedraw=false
[fifo] ar=73695 slots 0
[slots] p0 n=11 0:t0@(43,58)w13 1:t0@(45,58)w2b12 2:t0@(45,60)w3d12 3:t3@(29,59)w0 4:t3@(30,59)w0 5:t3@(30,60)w0 6:t3@(29,60)w0 7:t4@(30,57)w0 8:t4@(30,56)w0 9:t4@(30,55)w0 10:t6@(28,58)w0
[dbg] ar=73698 am=6 aA=6 aH=0 l=false j=false fullRedraw=false
[fifo] ar=73720 retask 0 46 58
[devMouse] retask slot0 (44,59)w13 -> (46,58)
[dbg] ar=73723 am=6 aA=6 aH=0 l=false j=false fullRedraw=false
[fifo] ar=73728 save /tmp/aoe-camp/m1/t.aoesave
[save] wrote /tmp/aoe-camp/m1/t.aoesave (12294B) ar=73729
[dbg] ar=73748 am=6 aA=6 aH=0 l=false j=false fullRedraw=false
[dbg] ar=73773 am=6 aA=6 aH=0 l=false j=false fullRedraw=false
[fifo] ar=73776 slots 0
[slots] p0 n=11 0:t0@(45,59)w4312 1:t0@(44,59)w13 2:t0@(45,58)w13 3:t3@(29,59)w0 4:t3@(30,59)w0 5:t3@(30,60)w0 6:t3@(29,60)w0 7:t4@(30,57)w0 8:t4@(30,56)w0 9:t4@(30,55)w0 10:t6@(28,58)w0
[dbg] ar=73798 am=6 aA=6 aH=0 l=false j=false fullRedraw=false
[fifo] ar=73801 retask 1 46 59
[devMouse] retask slot1 (45,60)w13 -> (46,59)
[fifo] ar=73809 retask 2 46 60
[devMouse] retask slot2 (42,58)w13 -> (46,60)
[fifo] ar=73817 save /tmp/aoe-camp/m1/t.aoesave
[save] wrote /tmp/aoe-camp/m1/t.aoesave (12294B) ar=73818
[dbg] ar=73823 am=6 aA=6 aH=0 l=false j=false fullRedraw=false
[dbg] ar=73848 am=6 aA=6 aH=0 l=false j=false fullRedraw=false
[fifo] ar=73864 slots 0
[slots] p0 n=11 0:t0@(43,59)w13 1:t0@(45,60)w2812 2:t0@(45,59)w5e12 3:t3@(29,59)w0 4:t3@(30,59)w0 5:t3@(30,60)w0 6:t3@(29,60)w0 7:t4@(30,57)w0 8:t4@(30,56)w0 9:t4@(30,55)w0 10:t6@(28,58)w0
[dbg] ar=73873 am=6 aA=6 aH=0 l=false j=false fullRedraw=false
[fifo] ar=73889 retask 0 46 58
[devMouse] retask slot0 (44,58)w13 -> (46,58)
[fifo] ar=73897 save /tmp/aoe-camp/m1/t.aoesave
[save] wrote /tmp/aoe-camp/m1/t.aoesave (12294B) ar=73898
[dbg] ar=73898 am=6 aA=6 aH=0 l=false j=false fullRedraw=false
[dbg] ar=73923 am=6 aA=6 aH=0 l=false j=false fullRedraw=false
[fifo] ar=73942 state
[devMouse] aA=6/6 cursor=(31,58) cam=(-523,628) Q=3743 aE=512 Y=0 sel=6
[devMouse] p0 unit 0 tile=(45,58) type=0 sel=true
[devMouse] p0 unit 1 tile=(43,59) type=0 sel=true
[devMouse] p0 unit 2 tile=(45,59) type=0 sel=true
[devMouse] p0 unit 3 tile=(29,59) type=3 sel=true
[devMouse] p0 unit 4 tile=(30,59) type=3 sel=true
[devMouse] p0 unit 5 tile=(30,60) type=3 sel=true
[devMouse] p0 unit 6 tile=(29,60) type=3 sel=true
[devMouse] p0 unit 7 tile=(30,57) type=4 sel=true
[devMouse] p0 unit 8 tile=(30,56) type=4 sel=true
[devMouse] p0 unit 9 tile=(30,55) type=4 sel=true
[devMouse] p0 unit 10 tile=(28,58) type=6 sel=true
[devMouse] p1 unit 0 tile=(48,48) type=3 sel=false
[devMouse] p1 unit 1 tile=(40,34) type=3 sel=false
[devMouse] p1 unit 2 tile=(60,55) type=3 sel=false
[devMouse] p1 unit 3 tile=(61,45) type=3 sel=false
[devMouse] p1 unit 4 tile=(49,24) type=3 sel=false
[devMouse] p1 unit 5 tile=(48,25) type=3 sel=false
[devMouse] p1 unit 6 tile=(54,19) type=3 sel=false
[devMouse] p1 unit 7 tile=(36,23) type=4 sel=false
[devMouse] p1 unit 8 tile=(37,22) type=4 sel=false
[devMouse] p1 unit 9 tile=(49,33) type=4 sel=false
[devMouse] p1 unit 10 tile=(32,17) type=3 sel=false
[devMouse] p1 unit 11 tile=(25,21) type=4 sel=false
[devMouse] p1 unit 12 tile=(22,26) type=3 sel=false
[devMouse] p1 unit 13 tile=(23,27) type=3 sel=false
[devMouse] p1 unit 14 tile=(15,47) type=3 sel=false
[devMouse] p1 unit 15 tile=(16,54) type=3 sel=false
[dbg] ar=73948 am=6 aA=6 aH=0 l=false j=false fullRedraw=false
[dbg] ar=73973 am=6 aA=6 aH=0 l=false j=false fullRedraw=false
[fifo] ar=73996 slots 0
[slots] p0 n=11 0:t0@(45,58)wd12 1:t0@(42,59)w13 2:t0@(43,58)w13 3:t3@(29,59)w0 4:t3@(30,59)w0 5:t3@(30,60)w0 6:t3@(29,60)w0 7:t4@(30,57)w0 8:t4@(30,56)w0 9:t4@(30,55)w0 10:t6@(28,58)w0
[dbg] ar=73998 am=6 aA=6 aH=0 l=false j=false fullRedraw=false
[fifo] ar=74022 retask 1 46 59
[devMouse] retask slot1 (45,59)w13 -> (46,59)
[dbg] ar=74023 am=6 aA=6 aH=0 l=false j=false fullRedraw=false
[fifo] ar=74029 retask 2 46 60
[devMouse] retask slot2 (44,59)w13 -> (46,60)
[fifo] ar=74037 save /tmp/aoe-camp/m1/t.aoesave
[save] wrote /tmp/aoe-camp/m1/t.aoesave (12294B) ar=74038
[dbg] ar=74048 am=6 aA=6 aH=0 l=false j=false fullRedraw=false
[dbg] ar=74073 am=6 aA=6 aH=0 l=false j=false fullRedraw=false
[fifo] ar=74081 slots 0
[slots] p0 n=11 0:t0@(44,58)w13 1:t0@(45,59)w3412 2:t0@(45,60)w5812 3:t3@(29,59)w0 4:t3@(30,59)w0 5:t3@(30,60)w0 6:t3@(29,60)w0 7:t4@(30,57)w0 8:t4@(30,56)w0 9:t4@(30,55)w0 10:t6@(28,58)w0
[dbg] ar=74098 am=6 aA=6 aH=0 l=false j=false fullRedraw=false
[fifo] ar=74104 retask 0 46 58
[devMouse] retask slot0 (43,59)w13 -> (46,58)
[fifo] ar=74112 save /tmp/aoe-camp/m1/t.aoesave
[save] wrote /tmp/aoe-camp/m1/t.aoesave (12294B) ar=74113
[dbg] ar=74123 am=6 aA=6 aH=0 l=false j=false fullRedraw=false
[dbg] ar=74148 am=6 aA=6 aH=0 l=false j=false fullRedraw=false
[fifo] ar=74158 slots 0
[slots] p0 n=11 0:t0@(45,58)w4712 1:t0@(42,59)w13 2:t0@(45,60)wb12 3:t3@(29,59)w0 4:t3@(30,59)w0 5:t3@(30,60)w0 6:t3@(29,60)w0 7:t4@(30,57)w0 8:t4@(30,56)w0 9:t4@(30,55)w0 10:t6@(28,58)w0
[dbg] ar=74173 am=6 aA=6 aH=0 l=false j=false fullRedraw=false
[fifo] ar=74182 retask 1 46 59
[devMouse] retask slot1 (45,60)w13 -> (46,59)
[fifo] ar=74189 save /tmp/aoe-camp/m1/t.aoesave
[save] wrote /tmp/aoe-camp/m1/t.aoesave (12294B) ar=74190
[dbg] ar=74198 am=6 aA=6 aH=0 l=false j=false fullRedraw=false
[dbg] ar=74223 am=6 aA=6 aH=0 l=false j=false fullRedraw=false
[fifo] ar=74237 slots 0
[slots] p0 n=11 0:t0@(44,59)w13 1:t0@(45,60)w3512 2:t0@(45,58)w13 3:t3@(29,59)w0 4:t3@(30,59)w0 5:t3@(30,60)w0 6:t3@(29,60)w0 7:t4@(30,57)w0 8:t4@(30,56)w0 9:t4@(30,55)w0 10:t6@(28,58)w0
[dbg] ar=74248 am=6 aA=6 aH=0 l=false j=false fullRedraw=false
[fifo] ar=74260 retask 0 46 58
[devMouse] retask slot0 (44,58)w13 -> (46,58)
[fifo] ar=74268 retask 2 46 60
[devMouse] retask slot2 (44,59)w13 -> (46,60)
[dbg] ar=74273 am=6 aA=6 aH=0 l=false j=false fullRedraw=false
[fifo] ar=74276 save /tmp/aoe-camp/m1/t.aoesave
[save] wrote /tmp/aoe-camp/m1/t.aoesave (12294B) ar=74277
[dbg] ar=74298 am=6 aA=6 aH=0 l=false j=false fullRedraw=false
[fifo] ar=74323 slots 0
[slots] p0 n=11 0:t0@(45,58)w3612 1:t0@(42,59)w13 2:t0@(45,60)w6612 3:t3@(29,59)w0 4:t3@(30,59)w0 5:t3@(30,60)w0 6:t3@(29,60)w0 7:t4@(30,57)w0 8:t4@(30,56)w0 9:t4@(30,55)w0 10:t6@(28,58)w0
[dbg] ar=74323 am=6 aA=6 aH=0 l=false j=false fullRedraw=false
[fifo] ar=74348 retask 1 46 59
[devMouse] retask slot1 (45,59)w13 -> (46,59)
[dbg] ar=74348 am=6 aA=6 aH=0 l=false j=false fullRedraw=false
[fifo] ar=74356 save /tmp/aoe-camp/m1/t.aoesave
[save] wrote /tmp/aoe-camp/m1/t.aoesave (12294B) ar=74357
[dbg] ar=74373 am=6 aA=6 aH=0 l=false j=false fullRedraw=false
[dbg] ar=74398 am=6 aA=6 aH=0 l=false j=false fullRedraw=false
[fifo] ar=74406 state
[devMouse] aA=6/6 cursor=(31,58) cam=(-523,628) Q=3743 aE=512 Y=0 sel=6
[devMouse] p0 unit 0 tile=(43,58) type=0 sel=true
[devMouse] p0 unit 1 tile=(45,59) type=0 sel=true
[devMouse] p0 unit 2 tile=(45,60) type=0 sel=true
[devMouse] p0 unit 3 tile=(29,59) type=3 sel=true
[devMouse] p0 unit 4 tile=(30,59) type=3 sel=true
[devMouse] p0 unit 5 tile=(30,60) type=3 sel=true
[devMouse] p0 unit 6 tile=(29,60) type=3 sel=true
[devMouse] p0 unit 7 tile=(30,57) type=4 sel=true
[devMouse] p0 unit 8 tile=(30,56) type=4 sel=true
[devMouse] p0 unit 9 tile=(30,55) type=4 sel=true
[devMouse] p0 unit 10 tile=(28,58) type=6 sel=true
[devMouse] p1 unit 0 tile=(48,48) type=3 sel=false
[devMouse] p1 unit 1 tile=(40,34) type=3 sel=false
[devMouse] p1 unit 2 tile=(60,55) type=3 sel=false
[devMouse] p1 unit 3 tile=(61,45) type=3 sel=false
[devMouse] p1 unit 4 tile=(49,24) type=3 sel=false
[devMouse] p1 unit 5 tile=(48,25) type=3 sel=false
[devMouse] p1 unit 6 tile=(54,19) type=3 sel=false
[devMouse] p1 unit 7 tile=(36,23) type=4 sel=false
[devMouse] p1 unit 8 tile=(37,22) type=4 sel=false
[devMouse] p1 unit 9 tile=(49,33) type=4 sel=false
[devMouse] p1 unit 10 tile=(32,17) type=3 sel=false
[devMouse] p1 unit 11 tile=(25,21) type=4 sel=false
[devMouse] p1 unit 12 tile=(22,26) type=3 sel=false
[devMouse] p1 unit 13 tile=(23,27) type=3 sel=false
[devMouse] p1 unit 14 tile=(15,47) type=3 sel=false
[devMouse] p1 unit 15 tile=(16,54) type=3 sel=false
[dbg] ar=74423 am=6 aA=6 aH=0 l=false j=false fullRedraw=false
[dbg] ar=74448 am=6 aA=6 aH=0 l=false j=false fullRedraw=false
[fifo] ar=74459 slots 0
[slots] p0 n=11 0:t0@(42,58)w13 1:t0@(45,60)w13 2:t0@(44,59)w13 3:t3@(29,59)w0 4:t3@(30,59)w0 5:t3@(30,60)w0 6:t3@(29,60)w0 7:t4@(30,57)w0 8:t4@(30,56)w0 9:t4@(30,55)w0 10:t6@(28,58)w0
[dbg] ar=74473 am=6 aA=6 aH=0 l=false j=false fullRedraw=false
[fifo] ar=74484 retask 0 46 58
[devMouse] retask slot0 (45,58)w13 -> (46,58)
[fifo] ar=74493 retask 1 46 59
[devMouse] retask slot1 (45,59)w13 -> (46,59)
[dbg] ar=74498 am=6 aA=6 aH=0 l=false j=false fullRedraw=false
[fifo] ar=74501 retask 2 46 60
[devMouse] retask slot2 (44,59)w13 -> (46,60)
[fifo] ar=74508 save /tmp/aoe-camp/m1/t.aoesave
[save] wrote /tmp/aoe-camp/m1/t.aoesave (12294B) ar=74509
[dbg] ar=74523 am=6 aA=6 aH=0 l=false j=false fullRedraw=false
[dbg] ar=74548 am=6 aA=6 aH=0 l=false j=false fullRedraw=false
[fifo] ar=74554 slots 0
[slots] p0 n=11 0:t0@(45,58)w2612 1:t0@(45,59)w3212 2:t0@(45,60)w4012 3:t3@(29,59)w0 4:t3@(30,59)w0 5:t3@(30,60)w0 6:t3@(29,60)w0 7:t4@(30,57)w0 8:t4@(30,56)w0 9:t4@(30,55)w0 10:t6@(28,58)w0
[dbg] ar=74573 am=6 aA=6 aH=0 l=false j=false fullRedraw=false
[fifo] ar=74578 save /tmp/aoe-camp/m1/t.aoesave
[save] wrote /tmp/aoe-camp/m1/t.aoesave (12294B) ar=74579
[dbg] ar=74598 am=6 aA=6 aH=0 l=false j=false fullRedraw=false
[dbg] ar=74623 am=6 aA=6 aH=0 l=false j=false fullRedraw=false
[fifo] ar=74624 slots 0
[slots] p0 n=11 0:t0@(43,58)w13 1:t0@(43,59)w13 2:t0@(45,59)w13 3:t3@(29,59)w0 4:t3@(30,59)w0 5:t3@(30,60)w0 6:t3@(29,60)w0 7:t4@(30,57)w0 8:t4@(30,56)w0 9:t4@(30,55)w0 10:t6@(28,58)w0
[dbg] ar=74648 am=6 aA=6 aH=0 l=false j=false fullRedraw=false
[fifo] ar=74649 retask 0 46 58
[devMouse] retask slot0 (45,60)w13 -> (46,58)
[fifo] ar=74657 retask 1 46 59
[devMouse] retask slot1 (42,58)w13 -> (46,59)
[fifo] ar=74665 retask 2 46 60
[devMouse] retask slot2 (45,60)w13 -> (46,60)
[dbg] ar=74673 am=6 aA=6 aH=0 l=false j=false fullRedraw=false
[fifo] ar=74674 save /tmp/aoe-camp/m1/t.aoesave
[save] wrote /tmp/aoe-camp/m1/t.aoesave (12294B) ar=74675
[dbg] ar=74698 am=6 aA=6 aH=0 l=false j=false fullRedraw=false
[fifo] ar=74719 slots 0
[slots] p0 n=11 0:t0@(45,59)w3a12 1:t0@(45,58)w4612 2:t0@(45,60)w3912 3:t3@(29,59)w0 4:t3@(30,59)w0 5:t3@(30,60)w0 6:t3@(29,60)w0 7:t4@(30,57)w0 8:t4@(30,56)w0 9:t4@(30,55)w0 10:t6@(28,58)w0
[dbg] ar=74723 am=6 aA=6 aH=0 l=false j=false fullRedraw=false
[fifo] ar=74742 save /tmp/aoe-camp/m1/t.aoesave
[save] wrote /tmp/aoe-camp/m1/t.aoesave (12294B) ar=74743
[dbg] ar=74748 am=6 aA=6 aH=0 l=false j=false fullRedraw=false
[dbg] ar=74773 am=6 aA=6 aH=0 l=false j=false fullRedraw=false
[fifo] ar=74789 slots 0
[slots] p0 n=11 0:t0@(43,58)w13 1:t0@(46,58)w13 2:t0@(45,59)w13 3:t3@(29,59)w0 4:t3@(30,59)w0 5:t3@(30,60)w0 6:t3@(29,60)w0 7:t4@(30,57)w0 8:t4@(30,56)w0 9:t4@(30,55)w0 10:t6@(28,58)w0
[dbg] ar=74798 am=6 aA=6 aH=0 l=false j=false fullRedraw=false
[fifo] ar=74814 retask 0 46 58
[devMouse] retask slot0 (44,60)w13 -> (46,58)
[fifo] ar=74822 retask 1 46 59
[devMouse] retask slot1 (43,58)w13 -> (46,59)
[dbg] ar=74823 am=6 aA=6 aH=0 l=false j=false fullRedraw=false
[fifo] ar=74830 retask 2 46 60
[devMouse] retask slot2 (46,58)w13 -> (46,60)
[fifo] ar=74838 save /tmp/aoe-camp/m1/t.aoesave
[save] wrote /tmp/aoe-camp/m1/t.aoesave (12294B) ar=74839
[dbg] ar=74848 am=6 aA=6 aH=0 l=false j=false fullRedraw=false
[dbg] ar=74873 am=6 aA=6 aH=0 l=false j=false fullRedraw=false
[fifo] ar=74884 state
[devMouse] aA=6/6 cursor=(31,58) cam=(-523,628) Q=3743 aE=512 Y=0 sel=6
[devMouse] p0 unit 0 tile=(45,59) type=0 sel=true
[devMouse] p0 unit 1 tile=(45,58) type=0 sel=true
[devMouse] p0 unit 2 tile=(45,60) type=0 sel=true
[devMouse] p0 unit 3 tile=(29,59) type=3 sel=true
[devMouse] p0 unit 4 tile=(30,59) type=3 sel=true
[devMouse] p0 unit 5 tile=(30,60) type=3 sel=true
[devMouse] p0 unit 6 tile=(29,60) type=3 sel=true
[devMouse] p0 unit 7 tile=(30,57) type=4 sel=true
[devMouse] p0 unit 8 tile=(30,56) type=4 sel=true
[devMouse] p0 unit 9 tile=(30,55) type=4 sel=true
[devMouse] p0 unit 10 tile=(28,58) type=6 sel=true
[devMouse] p1 unit 0 tile=(48,48) type=3 sel=false
[devMouse] p1 unit 1 tile=(40,34) type=3 sel=false
[devMouse] p1 unit 2 tile=(60,55) type=3 sel=false
[devMouse] p1 unit 3 tile=(61,45) type=3 sel=false
[devMouse] p1 unit 4 tile=(49,24) type=3 sel=false
[devMouse] p1 unit 5 tile=(48,25) type=3 sel=false
[devMouse] p1 unit 6 tile=(54,19) type=3 sel=false
[devMouse] p1 unit 7 tile=(36,23) type=4 sel=false
[devMouse] p1 unit 8 tile=(37,22) type=4 sel=false
[devMouse] p1 unit 9 tile=(49,33) type=4 sel=false
[devMouse] p1 unit 10 tile=(32,17) type=3 sel=false
[devMouse] p1 unit 11 tile=(25,21) type=4 sel=false
[devMouse] p1 unit 12 tile=(22,26) type=3 sel=false
[devMouse] p1 unit 13 tile=(23,27) type=3 sel=false
[devMouse] p1 unit 14 tile=(15,47) type=3 sel=false
[devMouse] p1 unit 15 tile=(16,54) type=3 sel=false
[dbg] ar=74898 am=6 aA=6 aH=0 l=false j=false fullRedraw=false
[dbg] ar=74923 am=6 aA=6 aH=0 l=false j=false fullRedraw=false
[fifo] ar=74938 slots 0
[slots] p0 n=11 0:t0@(45,59)w0 1:t0@(45,58)w2b12 2:t0@(45,60)w1e12 3:t3@(29,59)w0 4:t3@(30,59)w0 5:t3@(30,60)w0 6:t3@(29,60)w0 7:t4@(30,57)w0 8:t4@(30,56)w0 9:t4@(30,55)w0 10:t6@(28,58)w0
[dbg] ar=74948 am=6 aA=6 aH=0 l=false j=false fullRedraw=false
[fifo] ar=74963 retask 0 46 58
[devMouse] retask slot0 (45,59)w0 -> (46,58)
[fifo] ar=74970 save /tmp/aoe-camp/m1/t.aoesave
[save] wrote /tmp/aoe-camp/m1/t.aoesave (12294B) ar=74971
[dbg] ar=74973 am=6 aA=6 aH=0 l=false j=false fullRedraw=false
[dbg] ar=74998 am=6 aA=6 aH=0 l=false j=false fullRedraw=false
[fifo] ar=75015 slots 0
[slots] p0 n=11 0:t0@(46,58)w0 1:t0@(45,59)w13 2:t0@(45,60)w13 3:t3@(29,59)w0 4:t3@(30,59)w0 5:t3@(30,60)w0 6:t3@(29,60)w0 7:t4@(30,57)w0 8:t4@(30,56)w0 9:t4@(30,55)w0 10:t6@(28,58)w0
[dbg] ar=75023 am=6 aA=6 aH=0 l=false j=false fullRedraw=false
[fifo] ar=75040 retask 0 47 58
[devMouse] retask slot0 (46,58)w0 -> (47,58)
[fifo] ar=75048 retask 1 46 59
[devMouse] retask slot1 (44,60)w13 -> (46,59)
[dbg] ar=75048 am=6 aA=6 aH=0 l=false j=false fullRedraw=false
[fifo] ar=75056 retask 2 46 60
[devMouse] retask slot2 (45,59)w13 -> (46,60)
[fifo] ar=75064 save /tmp/aoe-camp/m1/t.aoesave
[save] wrote /tmp/aoe-camp/m1/t.aoesave (12294B) ar=75065
[dbg] ar=75073 am=6 aA=6 aH=0 l=false j=false fullRedraw=false
[dbg] ar=75098 am=6 aA=6 aH=0 l=false j=false fullRedraw=false
[fifo] ar=75108 slots 0
[slots] p0 n=11 0:t0@(46,58)w2312 1:t0@(45,60)w5d12 2:t0@(45,59)w3512 3:t3@(29,59)w0 4:t3@(30,59)w0 5:t3@(30,60)w0 6:t3@(29,60)w0 7:t4@(30,57)w0 8:t4@(30,56)w0 9:t4@(30,55)w0 10:t6@(28,58)w0
[dbg] ar=75123 am=6 aA=6 aH=0 l=false j=false fullRedraw=false
[fifo] ar=75133 save /tmp/aoe-camp/m1/t.aoesave
[save] wrote /tmp/aoe-camp/m1/t.aoesave (12294B) ar=75134
[dbg] ar=75148 am=6 aA=6 aH=0 l=false j=false fullRedraw=false
[dbg] ar=75173 am=6 aA=6 aH=0 l=false j=false fullRedraw=false
[fifo] ar=75181 slots 0
[slots] p0 n=11 0:t0@(43,58)w13 1:t0@(45,60)w1412 2:t0@(42,59)w13 3:t3@(29,59)w0 4:t3@(30,59)w0 5:t3@(30,60)w0 6:t3@(29,60)w0 7:t4@(30,57)w0 8:t4@(30,56)w0 9:t4@(30,55)w0 10:t6@(28,58)w0
[dbg] ar=75198 am=6 aA=6 aH=0 l=false j=false fullRedraw=false
[fifo] ar=75206 retask 0 47 58
[devMouse] retask slot0 (45,58)w13 -> (47,58)
[fifo] ar=75215 retask 2 46 60
[devMouse] retask slot2 (45,60)w13 -> (46,60)
[fifo] ar=75222 save /tmp/aoe-camp/m1/t.aoesave
[save] wrote /tmp/aoe-camp/m1/t.aoesave (12294B) ar=75223
[dbg] ar=75223 am=6 aA=6 aH=0 l=false j=false fullRedraw=false
[dbg] ar=75248 am=6 aA=6 aH=0 l=false j=false fullRedraw=false
[fifo] ar=75268 slots 0
[slots] p0 n=11 0:t0@(46,58)w3212 1:t0@(43,59)w13 2:t0@(45,60)w3212 3:t3@(29,59)w0 4:t3@(30,59)w0 5:t3@(30,60)w0 6:t3@(29,60)w0 7:t4@(30,57)w0 8:t4@(30,56)w0 9:t4@(30,55)w0 10:t6@(28,58)w0
[dbg] ar=75273 am=6 aA=6 aH=0 l=false j=false fullRedraw=false
[fifo] ar=75292 retask 1 46 59
[devMouse] retask slot1 (45,58)w13 -> (46,59)
[dbg] ar=75298 am=6 aA=6 aH=0 l=false j=false fullRedraw=false
[fifo] ar=75300 save /tmp/aoe-camp/m1/t.aoesave
[save] wrote /tmp/aoe-camp/m1/t.aoesave (12294B) ar=75301
[dbg] ar=75323 am=6 aA=6 aH=0 l=false j=false fullRedraw=false
[fifo] ar=75346 state
[devMouse] aA=6/6 cursor=(31,58) cam=(-523,628) Q=3743 aE=512 Y=0 sel=6
[devMouse] p0 unit 0 tile=(43,59) type=0 sel=true
[devMouse] p0 unit 1 tile=(45,58) type=0 sel=true
[devMouse] p0 unit 2 tile=(46,58) type=0 sel=true
[devMouse] p0 unit 3 tile=(29,59) type=3 sel=true
[devMouse] p0 unit 4 tile=(30,59) type=3 sel=true
[devMouse] p0 unit 5 tile=(30,60) type=3 sel=true
[devMouse] p0 unit 6 tile=(29,60) type=3 sel=true
[devMouse] p0 unit 7 tile=(30,57) type=4 sel=true
[devMouse] p0 unit 8 tile=(30,56) type=4 sel=true
[devMouse] p0 unit 9 tile=(30,55) type=4 sel=true
[devMouse] p0 unit 10 tile=(28,58) type=6 sel=true
[devMouse] p1 unit 0 tile=(48,48) type=3 sel=false
[devMouse] p1 unit 1 tile=(40,34) type=3 sel=false
[devMouse] p1 unit 2 tile=(60,55) type=3 sel=false
[devMouse] p1 unit 3 tile=(61,45) type=3 sel=false
[devMouse] p1 unit 4 tile=(49,24) type=3 sel=false
[devMouse] p1 unit 5 tile=(48,25) type=3 sel=false
[devMouse] p1 unit 6 tile=(54,19) type=3 sel=false
[devMouse] p1 unit 7 tile=(36,23) type=4 sel=false
[devMouse] p1 unit 8 tile=(37,22) type=4 sel=false
[devMouse] p1 unit 9 tile=(49,33) type=4 sel=false
[devMouse] p1 unit 10 tile=(32,17) type=3 sel=false
[devMouse] p1 unit 11 tile=(25,21) type=4 sel=false
[devMouse] p1 unit 12 tile=(22,26) type=3 sel=false
[devMouse] p1 unit 13 tile=(23,27) type=3 sel=false
[devMouse] p1 unit 14 tile=(15,47) type=3 sel=false
[devMouse] p1 unit 15 tile=(16,54) type=3 sel=false
[dbg] ar=75348 am=6 aA=6 aH=0 l=false j=false fullRedraw=false
[dbg] ar=75373 am=6 aA=6 aH=0 l=false j=false fullRedraw=false
[dbg] ar=75398 am=6 aA=6 aH=0 l=false j=false fullRedraw=false
[fifo] ar=75399 slots 0
[slots] p0 n=11 0:t0@(43,59)w13 1:t0@(45,58)w412 2:t0@(46,58)w13 3:t3@(29,59)w0 4:t3@(30,59)w0 5:t3@(30,60)w0 6:t3@(29,60)w0 7:t4@(30,57)w0 8:t4@(30,56)w0 9:t4@(30,55)w0 10:t6@(28,58)w0
[fifo] ar=75423 retask 0 47 58
[devMouse] retask slot0 (46,58)w13 -> (47,58)
[dbg] ar=75423 am=6 aA=6 aH=0 l=false j=false fullRedraw=false
[fifo] ar=75431 retask 2 46 60
[devMouse] retask slot2 (43,59)w13 -> (46,60)
[fifo] ar=75438 save /tmp/aoe-camp/m1/t.aoesave
[save] wrote /tmp/aoe-camp/m1/t.aoesave (12294B) ar=75439
[dbg] ar=75448 am=6 aA=6 aH=0 l=false j=false fullRedraw=false
[dbg] ar=75473 am=6 aA=6 aH=0 l=false j=false fullRedraw=false
[fifo] ar=75485 slots 0
[slots] p0 n=11 0:t0@(46,58)w2c12 1:t0@(44,58)w13 2:t0@(45,60)w4a12 3:t3@(29,59)w0 4:t3@(30,59)w0 5:t3@(30,60)w0 6:t3@(29,60)w0 7:t4@(30,57)w0 8:t4@(30,56)w0 9:t4@(30,55)w0 10:t6@(28,58)w0
[dbg] ar=75498 am=6 aA=6 aH=0 l=false j=false fullRedraw=false
[fifo] ar=75511 retask 1 46 59
[devMouse] retask slot1 (44,59)w13 -> (46,59)
[fifo] ar=75519 save /tmp/aoe-camp/m1/t.aoesave
[save] wrote /tmp/aoe-camp/m1/t.aoesave (12294B) ar=75520
[dbg] ar=75523 am=6 aA=6 aH=0 l=false j=false fullRedraw=false
[dbg] ar=75548 am=6 aA=6 aH=0 l=false j=false fullRedraw=false
[fifo] ar=75566 slots 0
[slots] p0 n=11 0:t0@(45,58)w13 1:t0@(46,59)w0 2:t0@(45,59)w13 3:t3@(29,59)w0 4:t3@(30,59)w0 5:t3@(30,60)w0 6:t3@(29,60)w0 7:t4@(30,57)w0 8:t4@(30,56)w0 9:t4@(30,55)w0 10:t6@(28,58)w0
[dbg] ar=75573 am=6 aA=6 aH=0 l=false j=false fullRedraw=false
[fifo] ar=75592 retask 0 47 58
[devMouse] retask slot0 (44,60)w13 -> (47,58)
[dbg] ar=75598 am=6 aA=6 aH=0 l=false j=false fullRedraw=false
[fifo] ar=75600 retask 1 46 59
[devMouse] retask slot1 (46,59)w0 -> (46,59)
[fifo] ar=75608 retask 2 46 60
[devMouse] retask slot2 (42,58)w13 -> (46,60)
[fifo] ar=75615 save /tmp/aoe-camp/m1/t.aoesave
[save] wrote /tmp/aoe-camp/m1/t.aoesave (12294B) ar=75616
[dbg] ar=75623 am=6 aA=6 aH=0 l=false j=false fullRedraw=false
[dbg] ar=75648 am=6 aA=6 aH=0 l=false j=false fullRedraw=false
[fifo] ar=75662 slots 0
[slots] p0 n=11 0:t0@(46,58)w3c12 1:t0@(46,59)w0 2:t0@(45,59)w5112 3:t3@(29,59)w0 4:t3@(30,59)w0 5:t3@(30,60)w0 6:t3@(29,60)w0 7:t4@(30,57)w0 8:t4@(30,56)w0 9:t4@(30,55)w0 10:t6@(28,58)w0
[dbg] ar=75673 am=6 aA=6 aH=0 l=false j=false fullRedraw=false
[fifo] ar=75686 retask 1 47 59
[devMouse] retask slot1 (46,59)w0 -> (47,59)
[fifo] ar=75693 save /tmp/aoe-camp/m1/t.aoesave
[save] wrote /tmp/aoe-camp/m1/t.aoesave (12294B) ar=75694
[dbg] ar=75698 am=6 aA=6 aH=0 l=false j=false fullRedraw=false
[dbg] ar=75723 am=6 aA=6 aH=0 l=false j=false fullRedraw=false
[fifo] ar=75741 slots 0
[slots] p0 n=11 0:t0@(44,59)w13 1:t0@(46,59)w3112 2:t0@(45,59)w312 3:t3@(29,59)w0 4:t3@(30,59)w0 5:t3@(30,60)w0 6:t3@(29,60)w0 7:t4@(30,57)w0 8:t4@(30,56)w0 9:t4@(30,55)w0 10:t6@(28,58)w0
[dbg] ar=75748 am=6 aA=6 aH=0 l=false j=false fullRedraw=false
[fifo] ar=75765 retask 0 47 58
[devMouse] retask slot0 (43,58)w13 -> (47,58)
[fifo] ar=75772 save /tmp/aoe-camp/m1/t.aoesave
[save] wrote /tmp/aoe-camp/m1/t.aoesave (12294B) ar=75773
[dbg] ar=75773 am=6 aA=6 aH=0 l=false j=false fullRedraw=false
[dbg] ar=75798 am=6 aA=6 aH=0 l=false j=false fullRedraw=false
[fifo] ar=75819 state
[devMouse] aA=6/6 cursor=(31,58) cam=(-523,628) Q=3743 aE=512 Y=0 sel=6
[devMouse] p0 unit 0 tile=(46,58) type=0 sel=true
[devMouse] p0 unit 1 tile=(45,59) type=0 sel=true
[devMouse] p0 unit 2 tile=(43,58) type=0 sel=true
[devMouse] p0 unit 3 tile=(29,59) type=3 sel=true
[devMouse] p0 unit 4 tile=(30,59) type=3 sel=true
[devMouse] p0 unit 5 tile=(30,60) type=3 sel=true
[devMouse] p0 unit 6 tile=(29,60) type=3 sel=true
[devMouse] p0 unit 7 tile=(30,57) type=4 sel=true
[devMouse] p0 unit 8 tile=(30,56) type=4 sel=true
[devMouse] p0 unit 9 tile=(30,55) type=4 sel=true
[devMouse] p0 unit 10 tile=(28,58) type=6 sel=true
[devMouse] p1 unit 0 tile=(48,48) type=3 sel=false
[devMouse] p1 unit 1 tile=(40,34) type=3 sel=false
[devMouse] p1 unit 2 tile=(60,55) type=3 sel=false
[devMouse] p1 unit 3 tile=(61,45) type=3 sel=false
[devMouse] p1 unit 4 tile=(49,24) type=3 sel=false
[devMouse] p1 unit 5 tile=(48,25) type=3 sel=false
[devMouse] p1 unit 6 tile=(54,19) type=3 sel=false
[devMouse] p1 unit 7 tile=(36,23) type=4 sel=false
[devMouse] p1 unit 8 tile=(37,22) type=4 sel=false
[devMouse] p1 unit 9 tile=(49,33) type=4 sel=false
[devMouse] p1 unit 10 tile=(32,17) type=3 sel=false
[devMouse] p1 unit 11 tile=(25,21) type=4 sel=false
[devMouse] p1 unit 12 tile=(22,26) type=3 sel=false
[devMouse] p1 unit 13 tile=(23,27) type=3 sel=false
[devMouse] p1 unit 14 tile=(15,47) type=3 sel=false
[devMouse] p1 unit 15 tile=(16,54) type=3 sel=false
[dbg] ar=75823 am=6 aA=6 aH=0 l=false j=false fullRedraw=false
[dbg] ar=75848 am=6 aA=6 aH=0 l=false j=false fullRedraw=false
[fifo] ar=75873 slots 0
[slots] p0 n=11 0:t0@(46,58)w1812 1:t0@(45,59)w13 2:t0@(43,59)w13 3:t3@(29,59)w0 4:t3@(30,59)w0 5:t3@(30,60)w0 6:t3@(29,60)w0 7:t4@(30,57)w0 8:t4@(30,56)w0 9:t4@(30,55)w0 10:t6@(28,58)w0
[dbg] ar=75873 am=6 aA=6 aH=0 l=false j=false fullRedraw=false
[dbg] ar=75898 am=6 aA=6 aH=0 l=false j=false fullRedraw=false
[fifo] ar=75899 retask 1 47 59
[devMouse] retask slot1 (44,60)w13 -> (47,59)
[fifo] ar=75908 retask 2 46 60
[devMouse] retask slot2 (46,58)w13 -> (46,60)
[fifo] ar=75915 save /tmp/aoe-camp/m1/t.aoesave
[save] wrote /tmp/aoe-camp/m1/t.aoesave (12294B) ar=75916
[dbg] ar=75923 am=6 aA=6 aH=0 l=false j=false fullRedraw=false
[dbg] ar=75948 am=6 aA=6 aH=0 l=false j=false fullRedraw=false
[fifo] ar=75963 slots 0
[slots] p0 n=11 0:t0@(45,58)w13 1:t0@(46,59)w4012 2:t0@(45,60)w5112 3:t3@(29,59)w0 4:t3@(30,59)w0 5:t3@(30,60)w0 6:t3@(29,60)w0 7:t4@(30,57)w0 8:t4@(30,56)w0 9:t4@(30,55)w0 10:t6@(28,58)w0
[dbg] ar=75973 am=6 aA=6 aH=0 l=false j=false fullRedraw=false
[fifo] ar=75988 retask 0 47 58
[devMouse] retask slot0 (46,58)w13 -> (47,58)
[fifo] ar=75996 save /tmp/aoe-camp/m1/t.aoesave
[save] wrote /tmp/aoe-camp/m1/t.aoesave (12294B) ar=75997
[dbg] ar=75998 am=6 aA=6 aH=0 l=false j=false fullRedraw=false
[dbg] ar=76023 am=6 aA=6 aH=0 l=false j=false fullRedraw=false
[fifo] ar=76040 slots 0
[slots] p0 n=11 0:t0@(46,58)w3b12 1:t0@(44,58)w13 2:t0@(45,60)w412 3:t3@(29,59)w0 4:t3@(30,59)w0 5:t3@(30,60)w0 6:t3@(29,60)w0 7:t4@(30,57)w0 8:t4@(30,56)w0 9:t4@(30,55)w0 10:t6@(28,58)w0
[dbg] ar=76048 am=6 aA=6 aH=0 l=false j=false fullRedraw=false
[fifo] ar=76065 retask 1 47 59
[devMouse] retask slot1 (45,59)w13 -> (47,59)
[dbg] ar=76073 am=6 aA=6 aH=0 l=false j=false fullRedraw=false
[fifo] ar=76073 save /tmp/aoe-camp/m1/t.aoesave
[save] wrote /tmp/aoe-camp/m1/t.aoesave (12294B) ar=76075
[dbg] ar=76098 am=6 aA=6 aH=0 l=false j=false fullRedraw=false
[fifo] ar=76122 slots 0
[slots] p0 n=11 0:t0@(43,58)w13 1:t0@(46,59)w3e12 2:t0@(43,59)w13 3:t3@(29,59)w0 4:t3@(30,59)w0 5:t3@(30,60)w0 6:t3@(29,60)w0 7:t4@(30,57)w0 8:t4@(30,56)w0 9:t4@(30,55)w0 10:t6@(28,58)w0
[dbg] ar=76123 am=6 aA=6 aH=0 l=false j=false fullRedraw=false
[fifo] ar=76147 retask 0 47 58
[devMouse] retask slot0 (45,59)w13 -> (47,58)
[dbg] ar=76148 am=6 aA=6 aH=0 l=false j=false fullRedraw=false
[fifo] ar=76155 retask 2 46 60
[devMouse] retask slot2 (45,58)w13 -> (46,60)
[fifo] ar=76164 save /tmp/aoe-camp/m1/t.aoesave
[save] wrote /tmp/aoe-camp/m1/t.aoesave (12294B) ar=76165
[dbg] ar=76173 am=6 aA=6 aH=0 l=false j=false fullRedraw=false
[dbg] ar=76198 am=6 aA=6 aH=0 l=false j=false fullRedraw=false
[fifo] ar=76211 slots 0
[slots] p0 n=11 0:t0@(46,58)w3612 1:t0@(43,59)w13 2:t0@(45,60)w4712 3:t3@(29,59)w0 4:t3@(30,59)w0 5:t3@(30,60)w0 6:t3@(29,60)w0 7:t4@(30,57)w0 8:t4@(30,56)w0 9:t4@(30,55)w0 10:t6@(28,58)w0
[dbg] ar=76223 am=6 aA=6 aH=0 l=false j=false fullRedraw=false
[fifo] ar=76235 retask 1 47 59
[devMouse] retask slot1 (46,59)w13 -> (47,59)
[fifo] ar=76243 save /tmp/aoe-camp/m1/t.aoesave
[save] wrote /tmp/aoe-camp/m1/t.aoesave (12294B) ar=76244
[dbg] ar=76248 am=6 aA=6 aH=0 l=false j=false fullRedraw=false
[dbg] ar=76273 am=6 aA=6 aH=0 l=false j=false fullRedraw=false
[fifo] ar=76289 state
[devMouse] aA=6/6 cursor=(31,58) cam=(-523,628) Q=3743 aE=512 Y=0 sel=6
[devMouse] p0 unit 0 tile=(43,58) type=0 sel=true
[devMouse] p0 unit 1 tile=(46,59) type=0 sel=true
[devMouse] p0 unit 2 tile=(45,59) type=0 sel=true
[devMouse] p0 unit 3 tile=(29,59) type=3 sel=true
[devMouse] p0 unit 4 tile=(30,59) type=3 sel=true
[devMouse] p0 unit 5 tile=(30,60) type=3 sel=true
[devMouse] p0 unit 6 tile=(29,60) type=3 sel=true
[devMouse] p0 unit 7 tile=(30,57) type=4 sel=true
[devMouse] p0 unit 8 tile=(30,56) type=4 sel=true
[devMouse] p0 unit 9 tile=(30,55) type=4 sel=true
[devMouse] p0 unit 10 tile=(28,58) type=6 sel=true
[devMouse] p1 unit 0 tile=(48,48) type=3 sel=false
[devMouse] p1 unit 1 tile=(40,34) type=3 sel=false
[devMouse] p1 unit 2 tile=(60,55) type=3 sel=false
[devMouse] p1 unit 3 tile=(61,45) type=3 sel=false
[devMouse] p1 unit 4 tile=(49,24) type=3 sel=false
[devMouse] p1 unit 5 tile=(48,25) type=3 sel=false
[devMouse] p1 unit 6 tile=(54,19) type=3 sel=false
[devMouse] p1 unit 7 tile=(36,23) type=4 sel=false
[devMouse] p1 unit 8 tile=(37,22) type=4 sel=false
[devMouse] p1 unit 9 tile=(49,33) type=4 sel=false
[devMouse] p1 unit 10 tile=(32,17) type=3 sel=false
[devMouse] p1 unit 11 tile=(25,21) type=4 sel=false
[devMouse] p1 unit 12 tile=(22,26) type=3 sel=false
[devMouse] p1 unit 13 tile=(23,27) type=3 sel=false
[devMouse] p1 unit 14 tile=(15,47) type=3 sel=false
[devMouse] p1 unit 15 tile=(16,54) type=3 sel=false
[dbg] ar=76298 am=6 aA=6 aH=0 l=false j=false fullRedraw=false
[dbg] ar=76323 am=6 aA=6 aH=0 l=false j=false fullRedraw=false
[fifo] ar=76344 slots 0
[slots] p0 n=11 0:t0@(44,59)w13 1:t0@(46,58)w13 2:t0@(45,58)w13 3:t3@(29,59)w0 4:t3@(30,59)w0 5:t3@(30,60)w0 6:t3@(29,60)w0 7:t4@(30,57)w0 8:t4@(30,56)w0 9:t4@(30,55)w0 10:t6@(28,58)w0
[dbg] ar=76348 am=6 aA=6 aH=0 l=false j=false fullRedraw=false
[fifo] ar=76369 retask 0 47 58
[devMouse] retask slot0 (43,59)w13 -> (47,58)
[dbg] ar=76373 am=6 aA=6 aH=0 l=false j=false fullRedraw=false
[fifo] ar=76377 retask 1 47 59
[devMouse] retask slot1 (45,59)w13 -> (47,59)
[fifo] ar=76384 retask 2 46 60
[devMouse] retask slot2 (45,59)w13 -> (46,60)
[fifo] ar=76392 save /tmp/aoe-camp/m1/t.aoesave
[save] wrote /tmp/aoe-camp/m1/t.aoesave (12294B) ar=76393
[dbg] ar=76398 am=6 aA=6 aH=0 l=false j=false fullRedraw=false
[dbg] ar=76423 am=6 aA=6 aH=0 l=false j=false fullRedraw=false
[fifo] ar=76440 slots 0
[slots] p0 n=11 0:t0@(46,58)w3f12 1:t0@(46,59)w3112 2:t0@(45,59)w3512 3:t3@(29,59)w0 4:t3@(30,59)w0 5:t3@(30,60)w0 6:t3@(29,60)w0 7:t4@(30,57)w0 8:t4@(30,56)w0 9:t4@(30,55)w0 10:t6@(28,58)w0
[dbg] ar=76448 am=6 aA=6 aH=0 l=false j=false fullRedraw=false
[fifo] ar=76464 save /tmp/aoe-camp/m1/t.aoesave
[save] wrote /tmp/aoe-camp/m1/t.aoesave (12294B) ar=76465
[dbg] ar=76473 am=6 aA=6 aH=0 l=false j=false fullRedraw=false
[dbg] ar=76498 am=6 aA=6 aH=0 l=false j=false fullRedraw=false
[fifo] ar=76511 slots 0
[slots] p0 n=11 0:t0@(46,59)w13 1:t0@(43,59)w13 2:t0@(45,60)w13 3:t3@(29,59)w0 4:t3@(30,59)w0 5:t3@(30,60)w0 6:t3@(29,60)w0 7:t4@(30,57)w0 8:t4@(30,56)w0 9:t4@(30,55)w0 10:t6@(28,58)w0
[dbg] ar=76523 am=6 aA=6 aH=0 l=false j=false fullRedraw=false
[fifo] ar=76536 retask 0 47 58
[devMouse] retask slot0 (43,59)w13 -> (47,58)
[fifo] ar=76544 retask 1 47 59
[devMouse] retask slot1 (46,58)w13 -> (47,59)
[dbg] ar=76548 am=6 aA=6 aH=0 l=false j=false fullRedraw=false
[fifo] ar=76552 retask 2 46 60
[devMouse] retask slot2 (46,59)w13 -> (46,60)
[fifo] ar=76561 save /tmp/aoe-camp/m1/t.aoesave
[save] wrote /tmp/aoe-camp/m1/t.aoesave (12294B) ar=76562
[dbg] ar=76573 am=6 aA=6 aH=0 l=false j=false fullRedraw=false
[dbg] ar=76598 am=6 aA=6 aH=0 l=false j=false fullRedraw=false
[fifo] ar=76609 slots 0
[slots] p0 n=11 0:t0@(45,60)w0 1:t0@(46,58)w2e12 2:t0@(46,59)w3212 3:t3@(29,59)w0 4:t3@(30,59)w0 5:t3@(30,60)w0 6:t3@(29,60)w0 7:t4@(30,57)w0 8:t4@(30,56)w0 9:t4@(30,55)w0 10:t6@(28,58)w0
[dbg] ar=76623 am=6 aA=6 aH=0 l=false j=false fullRedraw=false
[fifo] ar=76633 retask 0 47 58
[devMouse] retask slot0 (45,58)w0 -> (47,58)
[fifo] ar=76642 save /tmp/aoe-camp/m1/t.aoesave
[save] wrote /tmp/aoe-camp/m1/t.aoesave (12294B) ar=76643
[dbg] ar=76648 am=6 aA=6 aH=0 l=false j=false fullRedraw=false
[dbg] ar=76673 am=6 aA=6 aH=0 l=false j=false fullRedraw=false
[fifo] ar=76689 slots 0
[slots] p0 n=11 0:t0@(46,59)w6112 1:t0@(45,58)w13 2:t0@(44,59)w13 3:t3@(29,59)w0 4:t3@(30,59)w0 5:t3@(30,60)w0 6:t3@(29,60)w0 7:t4@(30,57)w0 8:t4@(30,56)w0 9:t4@(30,55)w0 10:t6@(28,58)w0
[dbg] ar=76698 am=6 aA=6 aH=0 l=false j=false fullRedraw=false
[fifo] ar=76713 retask 1 47 59
[devMouse] retask slot1 (45,60)w13 -> (47,59)
[fifo] ar=76722 retask 2 46 60
[devMouse] retask slot2 (46,58)w13 -> (46,60)
[dbg] ar=76723 am=6 aA=6 aH=0 l=false j=false fullRedraw=false
[fifo] ar=76730 save /tmp/aoe-camp/m1/t.aoesave
[save] wrote /tmp/aoe-camp/m1/t.aoesave (12294B) ar=76731
[dbg] ar=76748 am=6 aA=6 aH=0 l=false j=false fullRedraw=false
[dbg] ar=76773 am=6 aA=6 aH=0 l=false j=false fullRedraw=false
[fifo] ar=76775 state
[devMouse] aA=6/6 cursor=(31,58) cam=(-523,628) Q=3743 aE=512 Y=0 sel=6
[devMouse] p0 unit 0 tile=(46,59) type=0 sel=true
[devMouse] p0 unit 1 tile=(46,58) type=0 sel=true
[devMouse] p0 unit 2 tile=(45,60) type=0 sel=true
[devMouse] p0 unit 3 tile=(29,59) type=3 sel=true
[devMouse] p0 unit 4 tile=(30,59) type=3 sel=true
[devMouse] p0 unit 5 tile=(30,60) type=3 sel=true
[devMouse] p0 unit 6 tile=(29,60) type=3 sel=true
[devMouse] p0 unit 7 tile=(30,57) type=4 sel=true
[devMouse] p0 unit 8 tile=(30,56) type=4 sel=true
[devMouse] p0 unit 9 tile=(30,55) type=4 sel=true
[devMouse] p0 unit 10 tile=(28,58) type=6 sel=true
[devMouse] p1 unit 0 tile=(48,48) type=3 sel=false
[devMouse] p1 unit 1 tile=(40,34) type=3 sel=false
[devMouse] p1 unit 2 tile=(60,55) type=3 sel=false
[devMouse] p1 unit 3 tile=(61,45) type=3 sel=false
[devMouse] p1 unit 4 tile=(49,24) type=3 sel=false
[devMouse] p1 unit 5 tile=(48,25) type=3 sel=false
[devMouse] p1 unit 6 tile=(54,19) type=3 sel=false
[devMouse] p1 unit 7 tile=(36,23) type=4 sel=false
[devMouse] p1 unit 8 tile=(37,22) type=4 sel=false
[devMouse] p1 unit 9 tile=(49,33) type=4 sel=false
[devMouse] p1 unit 10 tile=(32,17) type=3 sel=false
[devMouse] p1 unit 11 tile=(25,21) type=4 sel=false
[devMouse] p1 unit 12 tile=(22,26) type=3 sel=false
[devMouse] p1 unit 13 tile=(23,27) type=3 sel=false
[devMouse] p1 unit 14 tile=(15,47) type=3 sel=false
[devMouse] p1 unit 15 tile=(16,54) type=3 sel=false
[dbg] ar=76798 am=6 aA=6 aH=0 l=false j=false fullRedraw=false
[dbg] ar=76823 am=6 aA=6 aH=0 l=false j=false fullRedraw=false
[fifo] ar=76828 slots 0
[slots] p0 n=11 0:t0@(45,59)w13 1:t0@(46,58)wb12 2:t0@(45,60)w1812 3:t3@(29,59)w0 4:t3@(30,59)w0 5:t3@(30,60)w0 6:t3@(29,60)w0 7:t4@(30,57)w0 8:t4@(30,56)w0 9:t4@(30,55)w0 10:t6@(28,58)w0
[dbg] ar=76848 am=6 aA=6 aH=0 l=false j=false fullRedraw=false
[fifo] ar=76851 retask 0 47 58
[devMouse] retask slot0 (45,58)w13 -> (47,58)
[fifo] ar=76859 save /tmp/aoe-camp/m1/t.aoesave
[save] wrote /tmp/aoe-camp/m1/t.aoesave (12294B) ar=76860
[dbg] ar=76873 am=6 aA=6 aH=0 l=false j=false fullRedraw=false
[dbg] ar=76898 am=6 aA=6 aH=0 l=false j=false fullRedraw=false
[fifo] ar=76906 slots 0
[slots] p0 n=11 0:t0@(46,59)w5b12 1:t0@(45,58)w13 2:t0@(45,59)w13 3:t3@(29,59)w0 4:t3@(30,59)w0 5:t3@(30,60)w0 6:t3@(29,60)w0 7:t4@(30,57)w0 8:t4@(30,56)w0 9:t4@(30,55)w0 10:t6@(28,58)w0
[dbg] ar=76923 am=6 aA=6 aH=0 l=false j=false fullRedraw=false
[fifo] ar=76931 retask 1 47 59
[devMouse] retask slot1 (46,58)w13 -> (47,59)
[fifo] ar=76939 retask 2 46 60
[devMouse] retask slot2 (45,59)w13 -> (46,60)
[fifo] ar=76948 save /tmp/aoe-camp/m1/t.aoesave
[dbg] ar=76948 am=6 aA=6 aH=0 l=false j=false fullRedraw=false
[save] wrote /tmp/aoe-camp/m1/t.aoesave (12294B) ar=76949
[dbg] ar=76973 am=6 aA=6 aH=0 l=false j=false fullRedraw=false
[fifo] ar=76995 slots 0
[slots] p0 n=11 0:t0@(46,59)w212 1:t0@(46,58)w2e12 2:t0@(45,59)w3212 3:t3@(29,59)w0 4:t3@(30,59)w0 5:t3@(30,60)w0 6:t3@(29,60)w0 7:t4@(30,57)w0 8:t4@(30,56)w0 9:t4@(30,55)w0 10:t6@(28,58)w0
[dbg] ar=76998 am=6 aA=6 aH=0 l=false j=false fullRedraw=false
[fifo] ar=77019 save /tmp/aoe-camp/m1/t.aoesave
[save] wrote /tmp/aoe-camp/m1/t.aoesave (12294B) ar=77020
[dbg] ar=77023 am=6 aA=6 aH=0 l=false j=false fullRedraw=false
[dbg] ar=77048 am=6 aA=6 aH=0 l=false j=false fullRedraw=false
[fifo] ar=77067 slots 0
[slots] p0 n=11 0:t0@(44,59)w13 1:t0@(44,58)w13 2:t0@(43,59)w13 3:t3@(29,59)w0 4:t3@(30,59)w0 5:t3@(30,60)w0 6:t3@(29,60)w0 7:t4@(30,57)w0 8:t4@(30,56)w0 9:t4@(30,55)w0 10:t6@(28,58)w0
[dbg] ar=77073 am=6 aA=6 aH=0 l=false j=false fullRedraw=false
[fifo] ar=77091 retask 0 47 58
[devMouse] retask slot0 (45,60)w13 -> (47,58)
[dbg] ar=77098 am=6 aA=6 aH=0 l=false j=false fullRedraw=false
[fifo] ar=77099 retask 1 47 59
[devMouse] retask slot1 (45,60)w13 -> (47,59)
[fifo] ar=77107 retask 2 46 60
[devMouse] retask slot2 (46,59)w13 -> (46,60)
[fifo] ar=77116 save /tmp/aoe-camp/m1/t.aoesave
[save] wrote /tmp/aoe-camp/m1/t.aoesave (12294B) ar=77117
[dbg] ar=77123 am=6 aA=6 aH=0 l=false j=false fullRedraw=false
[dbg] ar=77148 am=6 aA=6 aH=0 l=false j=false fullRedraw=false
[fifo] ar=77163 slots 0
[slots] p0 n=11 0:t0@(46,58)w4812 1:t0@(43,59)w0 2:t0@(46,59)w3012 3:t3@(29,59)w0 4:t3@(30,59)w0 5:t3@(30,60)w0 6:t3@(29,60)w0 7:t4@(30,57)w0 8:t4@(30,56)w0 9:t4@(30,55)w0 10:t6@(28,58)w0
[dbg] ar=77173 am=6 aA=6 aH=0 l=false j=false fullRedraw=false
[fifo] ar=77188 retask 1 47 59
[devMouse] retask slot1 (45,60)w0 -> (47,59)
[fifo] ar=77196 save /tmp/aoe-camp/m1/t.aoesave
[save] wrote /tmp/aoe-camp/m1/t.aoesave (12294B) ar=77197
[dbg] ar=77198 am=6 aA=6 aH=0 l=false j=false fullRedraw=false
[dbg] ar=77223 am=6 aA=6 aH=0 l=false j=false fullRedraw=false
[fifo] ar=77243 state
[devMouse] aA=6/6 cursor=(31,58) cam=(-523,628) Q=3743 aE=512 Y=0 sel=6
[devMouse] p0 unit 0 tile=(45,59) type=0 sel=true
[devMouse] p0 unit 1 tile=(46,59) type=0 sel=true
[devMouse] p0 unit 2 tile=(44,59) type=0 sel=true
[devMouse] p0 unit 3 tile=(29,59) type=3 sel=true
[devMouse] p0 unit 4 tile=(30,59) type=3 sel=true
[devMouse] p0 unit 5 tile=(30,60) type=3 sel=true
[devMouse] p0 unit 6 tile=(29,60) type=3 sel=true
[devMouse] p0 unit 7 tile=(30,57) type=4 sel=true
[devMouse] p0 unit 8 tile=(30,56) type=4 sel=true
[devMouse] p0 unit 9 tile=(30,55) type=4 sel=true
[devMouse] p0 unit 10 tile=(28,58) type=6 sel=true
[devMouse] p1 unit 0 tile=(48,48) type=3 sel=false
[devMouse] p1 unit 1 tile=(40,34) type=3 sel=false
[devMouse] p1 unit 2 tile=(60,55) type=3 sel=false
[devMouse] p1 unit 3 tile=(61,45) type=3 sel=false
[devMouse] p1 unit 4 tile=(49,24) type=3 sel=false
[devMouse] p1 unit 5 tile=(48,25) type=3 sel=false
[devMouse] p1 unit 6 tile=(54,19) type=3 sel=false
[devMouse] p1 unit 7 tile=(36,23) type=4 sel=false
[devMouse] p1 unit 8 tile=(37,22) type=4 sel=false
[devMouse] p1 unit 9 tile=(49,33) type=4 sel=false
[devMouse] p1 unit 10 tile=(32,17) type=3 sel=false
[devMouse] p1 unit 11 tile=(25,21) type=4 sel=false
[devMouse] p1 unit 12 tile=(22,26) type=3 sel=false
[devMouse] p1 unit 13 tile=(23,27) type=3 sel=false
[devMouse] p1 unit 14 tile=(15,47) type=3 sel=false
[devMouse] p1 unit 15 tile=(16,54) type=3 sel=false
[dbg] ar=77248 am=6 aA=6 aH=0 l=false j=false fullRedraw=false
[dbg] ar=77273 am=6 aA=6 aH=0 l=false j=false fullRedraw=false
[fifo] ar=77297 slots 0
[slots] p0 n=11 0:t0@(45,59)w13 1:t0@(46,59)w2e12 2:t0@(45,60)w13 3:t3@(29,59)w0 4:t3@(30,59)w0 5:t3@(30,60)w0 6:t3@(29,60)w0 7:t4@(30,57)w0 8:t4@(30,56)w0 9:t4@(30,55)w0 10:t6@(28,58)w0
[dbg] ar=77298 am=6 aA=6 aH=0 l=false j=false fullRedraw=false
[fifo] ar=77322 retask 0 47 58
[devMouse] retask slot0 (44,59)w13 -> (47,58)
[dbg] ar=77323 am=6 aA=6 aH=0 l=false j=false fullRedraw=false
[fifo] ar=77331 retask 2 46 60
[devMouse] retask slot2 (44,59)w13 -> (46,60)
[fifo] ar=77337 save /tmp/aoe-camp/m1/t.aoesave
[save] wrote /tmp/aoe-camp/m1/t.aoesave (12294B) ar=77338
[dbg] ar=77348 am=6 aA=6 aH=0 l=false j=false fullRedraw=false
[dbg] ar=77373 am=6 aA=6 aH=0 l=false j=false fullRedraw=false
[fifo] ar=77385 slots 0
[slots] p0 n=11 0:t0@(46,58)w3d12 1:t0@(45,59)w13 2:t0@(45,60)w4012 3:t3@(29,59)w0 4:t3@(30,59)w0 5:t3@(30,60)w0 6:t3@(29,60)w0 7:t4@(30,57)w0 8:t4@(30,56)w0 9:t4@(30,55)w0 10:t6@(28,58)w0
[dbg] ar=77398 am=6 aA=6 aH=0 l=false j=false fullRedraw=false
[fifo] ar=77410 retask 1 47 59
[devMouse] retask slot1 (44,58)w13 -> (47,59)
[fifo] ar=77418 save /tmp/aoe-camp/m1/t.aoesave
[save] wrote /tmp/aoe-camp/m1/t.aoesave (12294B) ar=77419
[dbg] ar=77423 am=6 aA=6 aH=0 l=false j=false fullRedraw=false
[dbg] ar=77448 am=6 aA=6 aH=0 l=false j=false fullRedraw=false
[fifo] ar=77466 slots 0
[slots] p0 n=11 0:t0@(44,60)w13 1:t0@(46,59)w4612 2:t0@(45,59)w13 3:t3@(29,59)w0 4:t3@(30,59)w0 5:t3@(30,60)w0 6:t3@(29,60)w0 7:t4@(30,57)w0 8:t4@(30,56)w0 9:t4@(30,55)w0 10:t6@(28,58)w0
[dbg] ar=77473 am=6 aA=6 aH=0 l=false j=false fullRedraw=false
[fifo] ar=77490 retask 0 47 58
[devMouse] retask slot0 (44,59)w13 -> (47,58)
[fifo] ar=77498 retask 2 46 60
[devMouse] retask slot2 (44,60)w13 -> (46,60)
[dbg] ar=77498 am=6 aA=6 aH=0 l=false j=false fullRedraw=false
[fifo] ar=77505 save /tmp/aoe-camp/m1/t.aoesave
[save] wrote /tmp/aoe-camp/m1/t.aoesave (12294B) ar=77506
[dbg] ar=77523 am=6 aA=6 aH=0 l=false j=false fullRedraw=false
[dbg] ar=77548 am=6 aA=6 aH=0 l=false j=false fullRedraw=false
[fifo] ar=77551 slots 0
[slots] p0 n=11 0:t0@(46,58)w4612 1:t0@(44,58)w13 2:t0@(45,60)w4012 3:t3@(29,59)w0 4:t3@(30,59)w0 5:t3@(30,60)w0 6:t3@(29,60)w0 7:t4@(30,57)w0 8:t4@(30,56)w0 9:t4@(30,55)w0 10:t6@(28,58)w0
[dbg] ar=77573 am=6 aA=6 aH=0 l=false j=false fullRedraw=false
[fifo] ar=77576 retask 1 47 59
[devMouse] retask slot1 (45,59)w13 -> (47,59)
[fifo] ar=77584 save /tmp/aoe-camp/m1/t.aoesave
[save] wrote /tmp/aoe-camp/m1/t.aoesave (12294B) ar=77585
[dbg] ar=77598 am=6 aA=6 aH=0 l=false j=false fullRedraw=false
[dbg] ar=77623 am=6 aA=6 aH=0 l=false j=false fullRedraw=false
[fifo] ar=77632 slots 0
[slots] p0 n=11 0:t0@(44,59)w13 1:t0@(46,59)w3d12 2:t0@(46,58)w13 3:t3@(29,59)w0 4:t3@(30,59)w0 5:t3@(30,60)w0 6:t3@(29,60)w0 7:t4@(30,57)w0 8:t4@(30,56)w0 9:t4@(30,55)w0 10:t6@(28,58)w0
[dbg] ar=77648 am=6 aA=6 aH=0 l=false j=false fullRedraw=false
[fifo] ar=77656 retask 0 47 58
[devMouse] retask slot0 (46,58)w13 -> (47,58)
[fifo] ar=77665 retask 2 46 60
[devMouse] retask slot2 (45,60)w13 -> (46,60)
[fifo] ar=77673 save /tmp/aoe-camp/m1/t.aoesave
[dbg] ar=77673 am=6 aA=6 aH=0 l=false j=false fullRedraw=false
[save] wrote /tmp/aoe-camp/m1/t.aoesave (12294B) ar=77674
[dbg] ar=77698 am=6 aA=6 aH=0 l=false j=false fullRedraw=false
[fifo] ar=77719 state
[devMouse] aA=6/6 cursor=(31,58) cam=(-523,628) Q=3743 aE=512 Y=0 sel=6
[devMouse] p0 unit 0 tile=(46,58) type=0 sel=true
[devMouse] p0 unit 1 tile=(43,59) type=0 sel=true
[devMouse] p0 unit 2 tile=(45,60) type=0 sel=true
[devMouse] p0 unit 3 tile=(29,59) type=3 sel=true
[devMouse] p0 unit 4 tile=(30,59) type=3 sel=true
[devMouse] p0 unit 5 tile=(30,60) type=3 sel=true
[devMouse] p0 unit 6 tile=(29,60) type=3 sel=true
[devMouse] p0 unit 7 tile=(30,57) type=4 sel=true
[devMouse] p0 unit 8 tile=(30,56) type=4 sel=true
[devMouse] p0 unit 9 tile=(30,55) type=4 sel=true
[devMouse] p0 unit 10 tile=(28,58) type=6 sel=true
[devMouse] p1 unit 0 tile=(48,48) type=3 sel=false
[devMouse] p1 unit 1 tile=(40,34) type=3 sel=false
[devMouse] p1 unit 2 tile=(60,55) type=3 sel=false
[devMouse] p1 unit 3 tile=(61,45) type=3 sel=false
[devMouse] p1 unit 4 tile=(49,24) type=3 sel=false
[devMouse] p1 unit 5 tile=(48,25) type=3 sel=false
[devMouse] p1 unit 6 tile=(54,19) type=3 sel=false
[devMouse] p1 unit 7 tile=(36,23) type=4 sel=false
[devMouse] p1 unit 8 tile=(37,22) type=4 sel=false
[devMouse] p1 unit 9 tile=(49,33) type=4 sel=false
[devMouse] p1 unit 10 tile=(32,17) type=3 sel=false
[devMouse] p1 unit 11 tile=(25,21) type=4 sel=false
[devMouse] p1 unit 12 tile=(22,26) type=3 sel=false
[devMouse] p1 unit 13 tile=(23,27) type=3 sel=false
[devMouse] p1 unit 14 tile=(15,47) type=3 sel=false
[devMouse] p1 unit 15 tile=(16,54) type=3 sel=false
[dbg] ar=77723 am=6 aA=6 aH=0 l=false j=false fullRedraw=false
[dbg] ar=77748 am=6 aA=6 aH=0 l=false j=false fullRedraw=false
[fifo] ar=77771 slots 0
[slots] p0 n=11 0:t0@(45,59)w13 1:t0@(43,59)w13 2:t0@(45,60)w112 3:t3@(29,59)w0 4:t3@(30,59)w0 5:t3@(30,60)w0 6:t3@(29,60)w0 7:t4@(30,57)w0 8:t4@(30,56)w0 9:t4@(30,55)w0 10:t6@(28,58)w0
[dbg] ar=77773 am=6 aA=6 aH=0 l=false j=false fullRedraw=false
[fifo] ar=77794 retask 0 47 58
[devMouse] retask slot0 (45,58)w13 -> (47,58)
[dbg] ar=77798 am=6 aA=6 aH=0 l=false j=false fullRedraw=false
[fifo] ar=77802 retask 1 47 59
[devMouse] retask slot1 (45,60)w13 -> (47,59)
[fifo] ar=77811 save /tmp/aoe-camp/m1/t.aoesave
[save] wrote /tmp/aoe-camp/m1/t.aoesave (12294B) ar=77812
[dbg] ar=77823 am=6 aA=6 aH=0 l=false j=false fullRedraw=false
[dbg] ar=77848 am=6 aA=6 aH=0 l=false j=false fullRedraw=false
[fifo] ar=77858 slots 0
[slots] p0 n=11 0:t0@(46,58)w3212 1:t0@(46,59)w6412 2:t0@(45,60)w13 3:t3@(29,59)w0 4:t3@(30,59)w0 5:t3@(30,60)w0 6:t3@(29,60)w0 7:t4@(30,57)w0 8:t4@(30,56)w0 9:t4@(30,55)w0 10:t6@(28,58)w0
[dbg] ar=77873 am=6 aA=6 aH=0 l=false j=false fullRedraw=false
[fifo] ar=77883 retask 2 46 60
[devMouse] retask slot2 (44,59)w13 -> (46,60)
[fifo] ar=77890 save /tmp/aoe-camp/m1/t.aoesave
[save] wrote /tmp/aoe-camp/m1/t.aoesave (12294B) ar=77891
[dbg] ar=77898 am=6 aA=6 aH=0 l=false j=false fullRedraw=false
[dbg] ar=77923 am=6 aA=6 aH=0 l=false j=false fullRedraw=false
[fifo] ar=77938 slots 0
[slots] p0 n=11 0:t0@(44,58)w13 1:t0@(46,59)w1412 2:t0@(45,60)w4112 3:t3@(29,59)w0 4:t3@(30,59)w0 5:t3@(30,60)w0 6:t3@(29,60)w0 7:t4@(30,57)w0 8:t4@(30,56)w0 9:t4@(30,55)w0 10:t6@(28,58)w0
[dbg] ar=77948 am=6 aA=6 aH=0 l=false j=false fullRedraw=false
[fifo] ar=77961 retask 0 47 58
[devMouse] retask slot0 (46,58)w13 -> (47,58)
[fifo] ar=77969 save /tmp/aoe-camp/m1/t.aoesave
[save] wrote /tmp/aoe-camp/m1/t.aoesave (12294B) ar=77970
[dbg] ar=77973 am=6 aA=6 aH=0 l=false j=false fullRedraw=false
[dbg] ar=77998 am=6 aA=6 aH=0 l=false j=false fullRedraw=false
[fifo] ar=78015 slots 0
[slots] p0 n=11 0:t0@(46,58)w3212 1:t0@(45,60)w13 2:t0@(46,59)w13 3:t3@(29,59)w0 4:t3@(30,59)w0 5:t3@(30,60)w0 6:t3@(29,60)w0 7:t4@(30,57)w0 8:t4@(30,56)w0 9:t4@(30,55)w0 10:t6@(28,58)w0
[dbg] ar=78023 am=6 aA=6 aH=0 l=false j=false fullRedraw=false
[fifo] ar=78039 retask 1 47 59
[devMouse] retask slot1 (46,59)w13 -> (47,59)
[fifo] ar=78047 retask 2 46 60
[devMouse] retask slot2 (43,59)w13 -> (46,60)
[dbg] ar=78048 am=6 aA=6 aH=0 l=false j=false fullRedraw=false
[fifo] ar=78055 save /tmp/aoe-camp/m1/t.aoesave
[save] wrote /tmp/aoe-camp/m1/t.aoesave (12294B) ar=78056
[dbg] ar=78073 am=6 aA=6 aH=0 l=false j=false fullRedraw=false
[dbg] ar=78098 am=6 aA=6 aH=0 l=false j=false fullRedraw=false
[fifo] ar=78103 slots 0
[slots] p0 n=11 0:t0@(45,58)w13 1:t0@(46,59)w2712 2:t0@(46,60)w0 3:t3@(29,59)w0 4:t3@(30,59)w0 5:t3@(30,60)w0 6:t3@(29,60)w0 7:t4@(30,57)w0 8:t4@(30,56)w0 9:t4@(30,55)w0 10:t6@(28,58)w0
[dbg] ar=78123 am=6 aA=6 aH=0 l=false j=false fullRedraw=false
[fifo] ar=78127 retask 0 47 58
[devMouse] retask slot0 (45,59)w13 -> (47,58)
[fifo] ar=78136 retask 2 46 60
[devMouse] retask slot2 (46,60)w0 -> (46,60)
[fifo] ar=78144 save /tmp/aoe-camp/m1/t.aoesave
[save] wrote /tmp/aoe-camp/m1/t.aoesave (12294B) ar=78145
[dbg] ar=78148 am=6 aA=6 aH=0 l=false j=false fullRedraw=false
[dbg] ar=78173 am=6 aA=6 aH=0 l=false j=false fullRedraw=false
[fifo] ar=78190 state
[devMouse] aA=6/6 cursor=(31,58) cam=(-523,628) Q=3743 aE=512 Y=0 sel=6
[devMouse] p0 unit 0 tile=(46,58) type=0 sel=true
[devMouse] p0 unit 1 tile=(46,59) type=0 sel=true
[devMouse] p0 unit 2 tile=(46,60) type=0 sel=true
[devMouse] p0 unit 3 tile=(29,59) type=3 sel=true
[devMouse] p0 unit 4 tile=(30,59) type=3 sel=true
[devMouse] p0 unit 5 tile=(30,60) type=3 sel=true
[devMouse] p0 unit 6 tile=(29,60) type=3 sel=true
[devMouse] p0 unit 7 tile=(30,57) type=4 sel=true
[devMouse] p0 unit 8 tile=(30,56) type=4 sel=true
[devMouse] p0 unit 9 tile=(30,55) type=4 sel=true
[devMouse] p0 unit 10 tile=(28,58) type=6 sel=true
[devMouse] p1 unit 0 tile=(48,48) type=3 sel=false
[devMouse] p1 unit 1 tile=(40,34) type=3 sel=false
[devMouse] p1 unit 2 tile=(60,55) type=3 sel=false
[devMouse] p1 unit 3 tile=(61,45) type=3 sel=false
[devMouse] p1 unit 4 tile=(49,24) type=3 sel=false
[devMouse] p1 unit 5 tile=(48,25) type=3 sel=false
[devMouse] p1 unit 6 tile=(54,19) type=3 sel=false
[devMouse] p1 unit 7 tile=(36,23) type=4 sel=false
[devMouse] p1 unit 8 tile=(37,22) type=4 sel=false
[devMouse] p1 unit 9 tile=(49,33) type=4 sel=false
[devMouse] p1 unit 10 tile=(32,17) type=3 sel=false
[devMouse] p1 unit 11 tile=(25,21) type=4 sel=false
[devMouse] p1 unit 12 tile=(22,26) type=3 sel=false
[devMouse] p1 unit 13 tile=(23,27) type=3 sel=false
[devMouse] p1 unit 14 tile=(15,47) type=3 sel=false
[devMouse] p1 unit 15 tile=(16,54) type=3 sel=false
[dbg] ar=78198 am=6 aA=6 aH=0 l=false j=false fullRedraw=false
[dbg] ar=78223 am=6 aA=6 aH=0 l=false j=false fullRedraw=false
[fifo] ar=78243 slots 0
[slots] p0 n=11 0:t0@(46,59)w13 1:t0@(46,58)w13 2:t0@(46,60)w0 3:t3@(29,59)w0 4:t3@(30,59)w0 5:t3@(30,60)w0 6:t3@(29,60)w0 7:t4@(30,57)w0 8:t4@(30,56)w0 9:t4@(30,55)w0 10:t6@(28,58)w0
[dbg] ar=78248 am=6 aA=6 aH=0 l=false j=false fullRedraw=false
[fifo] ar=78268 retask 0 47 58
[devMouse] retask slot0 (43,59)w13 -> (47,58)
[dbg] ar=78273 am=6 aA=6 aH=0 l=false j=false fullRedraw=false
[fifo] ar=78277 retask 1 47 59
[devMouse] retask slot1 (44,60)w13 -> (47,59)
[fifo] ar=78283 retask 2 46 60
[devMouse] retask slot2 (46,60)w0 -> (46,60)
[fifo] ar=78292 save /tmp/aoe-camp/m1/t.aoesave
[save] wrote /tmp/aoe-camp/m1/t.aoesave (12294B) ar=78293
[dbg] ar=78298 am=6 aA=6 aH=0 l=false j=false fullRedraw=false
[dbg] ar=78323 am=6 aA=6 aH=0 l=false j=false fullRedraw=false
[fifo] ar=78338 slots 0
[slots] p0 n=11 0:t0@(46,58)w4412 1:t0@(46,59)w3c12 2:t0@(46,60)w0 3:t3@(29,59)w0 4:t3@(30,59)w0 5:t3@(30,60)w0 6:t3@(29,60)w0 7:t4@(30,57)w0 8:t4@(30,56)w0 9:t4@(30,55)w0 10:t6@(28,58)w0
[dbg] ar=78348 am=6 aA=6 aH=0 l=false j=false fullRedraw=false
[fifo] ar=78363 retask 2 47 60
[devMouse] retask slot2 (46,60)w0 -> (47,60)
[fifo] ar=78372 save /tmp/aoe-camp/m1/t.aoesave
[save] wrote /tmp/aoe-camp/m1/t.aoesave (12294B) ar=78373
[dbg] ar=78373 am=6 aA=6 aH=0 l=false j=false fullRedraw=false
[dbg] ar=78398 am=6 aA=6 aH=0 l=false j=false fullRedraw=false
[fifo] ar=78418 slots 0
[slots] p0 n=11 0:t0@(45,60)w13 1:t0@(43,59)w13 2:t0@(46,60)w3012 3:t3@(29,59)w0 4:t3@(30,59)w0 5:t3@(30,60)w0 6:t3@(29,60)w0 7:t4@(30,57)w0 8:t4@(30,56)w0 9:t4@(30,55)w0 10:t6@(28,58)w0
[dbg] ar=78423 am=6 aA=6 aH=0 l=false j=false fullRedraw=false
[fifo] ar=78442 retask 0 47 58
[devMouse] retask slot0 (43,59)w13 -> (47,58)
[dbg] ar=78448 am=6 aA=6 aH=0 l=false j=false fullRedraw=false
[fifo] ar=78450 retask 1 47 59
[devMouse] retask slot1 (46,59)w13 -> (47,59)
[fifo] ar=78459 save /tmp/aoe-camp/m1/t.aoesave
[save] wrote /tmp/aoe-camp/m1/t.aoesave (12294B) ar=78460
[dbg] ar=78473 am=6 aA=6 aH=0 l=false j=false fullRedraw=false
[dbg] ar=78498 am=6 aA=6 aH=0 l=false j=false fullRedraw=false
[fifo] ar=78506 slots 0
[slots] p0 n=11 0:t0@(46,58)w4212 1:t0@(46,59)w3112 2:t0@(44,59)w13 3:t3@(29,59)w0 4:t3@(30,59)w0 5:t3@(30,60)w0 6:t3@(29,60)w0 7:t4@(30,57)w0 8:t4@(30,56)w0 9:t4@(30,55)w0 10:t6@(28,58)w0
[dbg] ar=78523 am=6 aA=6 aH=0 l=false j=false fullRedraw=false
[fifo] ar=78532 retask 2 47 60
[devMouse] retask slot2 (45,60)w13 -> (47,60)
[fifo] ar=78540 save /tmp/aoe-camp/m1/t.aoesave
[save] wrote /tmp/aoe-camp/m1/t.aoesave (12294B) ar=78541
[dbg] ar=78548 am=6 aA=6 aH=0 l=false j=false fullRedraw=false
[dbg] ar=78573 am=6 aA=6 aH=0 l=false j=false fullRedraw=false
[fifo] ar=78587 slots 0
[slots] p0 n=11 0:t0@(45,60)w13 1:t0@(44,59)w13 2:t0@(46,60)w3f12 3:t3@(29,59)w0 4:t3@(30,59)w0 5:t3@(30,60)w0 6:t3@(29,60)w0 7:t4@(30,57)w0 8:t4@(30,56)w0 9:t4@(30,55)w0 10:t6@(28,58)w0
[dbg] ar=78598 am=6 aA=6 aH=0 l=false j=false fullRedraw=false
[fifo] ar=78611 retask 0 47 58
[devMouse] retask slot0 (44,59)w13 -> (47,58)
[fifo] ar=78618 retask 1 47 59
[devMouse] retask slot1 (46,58)w13 -> (47,59)
[dbg] ar=78623 am=6 aA=6 aH=0 l=false j=false fullRedraw=false
[fifo] ar=78626 save /tmp/aoe-camp/m1/t.aoesave
[save] wrote /tmp/aoe-camp/m1/t.aoesave (12294B) ar=78627
[dbg] ar=78648 am=6 aA=6 aH=0 l=false j=false fullRedraw=false
[fifo] ar=78671 state
[devMouse] aA=6/6 cursor=(31,58) cam=(-523,628) Q=3743 aE=512 Y=0 sel=6
[devMouse] p0 unit 0 tile=(46,59) type=0 sel=true
[devMouse] p0 unit 1 tile=(46,58) type=0 sel=true
[devMouse] p0 unit 2 tile=(44,58) type=0 sel=true
[devMouse] p0 unit 3 tile=(29,59) type=3 sel=true
[devMouse] p0 unit 4 tile=(30,59) type=3 sel=true
[devMouse] p0 unit 5 tile=(30,60) type=3 sel=true
[devMouse] p0 unit 6 tile=(29,60) type=3 sel=true
[devMouse] p0 unit 7 tile=(30,57) type=4 sel=true
[devMouse] p0 unit 8 tile=(30,56) type=4 sel=true
[devMouse] p0 unit 9 tile=(30,55) type=4 sel=true
[devMouse] p0 unit 10 tile=(28,58) type=6 sel=true
[devMouse] p1 unit 0 tile=(48,48) type=3 sel=false
[devMouse] p1 unit 1 tile=(40,34) type=3 sel=false
[devMouse] p1 unit 2 tile=(60,55) type=3 sel=false
[devMouse] p1 unit 3 tile=(61,45) type=3 sel=false
[devMouse] p1 unit 4 tile=(49,24) type=3 sel=false
[devMouse] p1 unit 5 tile=(48,25) type=3 sel=false
[devMouse] p1 unit 6 tile=(54,19) type=3 sel=false
[devMouse] p1 unit 7 tile=(36,23) type=4 sel=false
[devMouse] p1 unit 8 tile=(37,22) type=4 sel=false
[devMouse] p1 unit 9 tile=(49,33) type=4 sel=false
[devMouse] p1 unit 10 tile=(32,17) type=3 sel=false
[devMouse] p1 unit 11 tile=(25,21) type=4 sel=false
[devMouse] p1 unit 12 tile=(22,26) type=3 sel=false
[devMouse] p1 unit 13 tile=(23,27) type=3 sel=false
[devMouse] p1 unit 14 tile=(15,47) type=3 sel=false
[devMouse] p1 unit 15 tile=(16,54) type=3 sel=false
[dbg] ar=78673 am=6 aA=6 aH=0 l=false j=false fullRedraw=false
[dbg] ar=78698 am=6 aA=6 aH=0 l=false j=false fullRedraw=false
[dbg] ar=78723 am=6 aA=6 aH=0 l=false j=false fullRedraw=false
[fifo] ar=78725 slots 0
[slots] p0 n=11 0:t0@(46,59)w1612 1:t0@(45,59)w13 2:t0@(44,59)w13 3:t3@(29,59)w0 4:t3@(30,59)w0 5:t3@(30,60)w0 6:t3@(29,60)w0 7:t4@(30,57)w0 8:t4@(30,56)w0 9:t4@(30,55)w0 10:t6@(28,58)w0
[dbg] ar=78748 am=6 aA=6 aH=0 l=false j=false fullRedraw=false
[fifo] ar=78751 retask 1 47 59
[devMouse] retask slot1 (46,59)w13 -> (47,59)
[fifo] ar=78758 retask 2 47 60
[devMouse] retask slot2 (45,58)w13 -> (47,60)
[fifo] ar=78766 save /tmp/aoe-camp/m1/t.aoesave
[save] wrote /tmp/aoe-camp/m1/t.aoesave (12294B) ar=78767
[dbg] ar=78773 am=6 aA=6 aH=0 l=false j=false fullRedraw=false
[dbg] ar=78798 am=6 aA=6 aH=0 l=false j=false fullRedraw=false
[fifo] ar=78813 slots 0
[slots] p0 n=11 0:t0@(44,58)w13 1:t0@(46,59)w2f12 2:t0@(46,60)w5212 3:t3@(29,59)w0 4:t3@(30,59)w0 5:t3@(30,60)w0 6:t3@(29,60)w0 7:t4@(30,57)w0 8:t4@(30,56)w0 9:t4@(30,55)w0 10:t6@(28,58)w0
[dbg] ar=78823 am=6 aA=6 aH=0 l=false j=false fullRedraw=false
[fifo] ar=78838 retask 0 47 58
[devMouse] retask slot0 (44,60)w13 -> (47,58)
[fifo] ar=78846 save /tmp/aoe-camp/m1/t.aoesave
[save] wrote /tmp/aoe-camp/m1/t.aoesave (12294B) ar=78847
[dbg] ar=78848 am=6 aA=6 aH=0 l=false j=false fullRedraw=false
[dbg] ar=78873 am=6 aA=6 aH=0 l=false j=false fullRedraw=false
[fifo] ar=78892 slots 0
[slots] p0 n=11 0:t0@(41,58)w0 1:t0@(45,59)w13 2:t0@(46,60)w312 3:t3@(29,59)w0 4:t3@(30,59)w0 5:t3@(30,60)w0 6:t3@(29,60)w0 7:t4@(30,57)w0 8:t4@(30,56)w0 9:t4@(30,55)w0 10:t6@(28,58)w0
[dbg] ar=78898 am=6 aA=6 aH=0 l=false j=false fullRedraw=false
[fifo] ar=78917 retask 0 47 58
[devMouse] retask slot0 (43,58)w0 -> (47,58)
[dbg] ar=78923 am=6 aA=6 aH=0 l=false j=false fullRedraw=false
[fifo] ar=78925 retask 1 47 59
[devMouse] retask slot1 (45,59)w13 -> (47,59)
[fifo] ar=78933 save /tmp/aoe-camp/m1/t.aoesave
[save] wrote /tmp/aoe-camp/m1/t.aoesave (12294B) ar=78934
[dbg] ar=78948 am=6 aA=6 aH=0 l=false j=false fullRedraw=false
[dbg] ar=78973 am=6 aA=6 aH=0 l=false j=false fullRedraw=false
[fifo] ar=78980 slots 0
[slots] p0 n=11 0:t0@(46,58)w4412 1:t0@(46,59)w4012 2:t0@(43,59)w13 3:t3@(29,59)w0 4:t3@(30,59)w0 5:t3@(30,60)w0 6:t3@(29,60)w0 7:t4@(30,57)w0 8:t4@(30,56)w0 9:t4@(30,55)w0 10:t6@(28,58)w0
[dbg] ar=78998 am=6 aA=6 aH=0 l=false j=false fullRedraw=false
[fifo] ar=79005 retask 2 47 60
[devMouse] retask slot2 (46,60)w13 -> (47,60)
[fifo] ar=79013 save /tmp/aoe-camp/m1/t.aoesave
[save] wrote /tmp/aoe-camp/m1/t.aoesave (12294B) ar=79014
[dbg] ar=79023 am=6 aA=6 aH=0 l=false j=false fullRedraw=false
[dbg] ar=79048 am=6 aA=6 aH=0 l=false j=false fullRedraw=false
[fifo] ar=79059 slots 0
[slots] p0 n=11 0:t0@(45,60)w13 1:t0@(44,60)w13 2:t0@(46,60)w3812 3:t3@(29,59)w0 4:t3@(30,59)w0 5:t3@(30,60)w0 6:t3@(29,60)w0 7:t4@(30,57)w0 8:t4@(30,56)w0 9:t4@(30,55)w0 10:t6@(28,58)w0
[dbg] ar=79073 am=6 aA=6 aH=0 l=false j=false fullRedraw=false
[fifo] ar=79084 retask 0 47 58
[devMouse] retask slot0 (43,59)w13 -> (47,58)
[fifo] ar=79092 retask 1 47 59
[devMouse] retask slot1 (46,59)w13 -> (47,59)
[dbg] ar=79098 am=6 aA=6 aH=0 l=false j=false fullRedraw=false
[fifo] ar=79100 save /tmp/aoe-camp/m1/t.aoesave
[save] wrote /tmp/aoe-camp/m1/t.aoesave (12294B) ar=79101
[dbg] ar=79123 am=6 aA=6 aH=0 l=false j=false fullRedraw=false
[fifo] ar=79147 state
[devMouse] aA=6/6 cursor=(31,58) cam=(-523,628) Q=3743 aE=512 Y=0 sel=6
[devMouse] p0 unit 0 tile=(46,58) type=0 sel=true
[devMouse] p0 unit 1 tile=(46,59) type=0 sel=true
[devMouse] p0 unit 2 tile=(43,59) type=0 sel=true
[devMouse] p0 unit 3 tile=(29,59) type=3 sel=true
[devMouse] p0 unit 4 tile=(30,59) type=3 sel=true
[devMouse] p0 unit 5 tile=(30,60) type=3 sel=true
[devMouse] p0 unit 6 tile=(29,60) type=3 sel=true
[devMouse] p0 unit 7 tile=(30,57) type=4 sel=true
[devMouse] p0 unit 8 tile=(30,56) type=4 sel=true
[devMouse] p0 unit 9 tile=(30,55) type=4 sel=true
[devMouse] p0 unit 10 tile=(28,58) type=6 sel=true
[devMouse] p1 unit 0 tile=(48,48) type=3 sel=false
[devMouse] p1 unit 1 tile=(40,34) type=3 sel=false
[devMouse] p1 unit 2 tile=(60,55) type=3 sel=false
[devMouse] p1 unit 3 tile=(61,45) type=3 sel=false
[devMouse] p1 unit 4 tile=(49,24) type=3 sel=false
[devMouse] p1 unit 5 tile=(48,25) type=3 sel=false
[devMouse] p1 unit 6 tile=(54,19) type=3 sel=false
[devMouse] p1 unit 7 tile=(36,23) type=4 sel=false
[devMouse] p1 unit 8 tile=(37,22) type=4 sel=false
[devMouse] p1 unit 9 tile=(49,33) type=4 sel=false
[devMouse] p1 unit 10 tile=(32,17) type=3 sel=false
[devMouse] p1 unit 11 tile=(25,21) type=4 sel=false
[devMouse] p1 unit 12 tile=(22,26) type=3 sel=false
[devMouse] p1 unit 13 tile=(23,27) type=3 sel=false
[devMouse] p1 unit 14 tile=(15,47) type=3 sel=false
[devMouse] p1 unit 15 tile=(16,54) type=3 sel=false
[dbg] ar=79148 am=6 aA=6 aH=0 l=false j=false fullRedraw=false
[dbg] ar=79173 am=6 aA=6 aH=0 l=false j=false fullRedraw=false
[dbg] ar=79198 am=6 aA=6 aH=0 l=false j=false fullRedraw=false
[fifo] ar=79201 slots 0
[slots] p0 n=11 0:t0@(46,58)we12 1:t0@(46,59)w112 2:t0@(45,59)w13 3:t3@(29,59)w0 4:t3@(30,59)w0 5:t3@(30,60)w0 6:t3@(29,60)w0 7:t4@(30,57)w0 8:t4@(30,56)w0 9:t4@(30,55)w0 10:t6@(28,58)w0
[dbg] ar=79223 am=6 aA=6 aH=0 l=false j=false fullRedraw=false
[fifo] ar=79226 retask 2 47 60
[devMouse] retask slot2 (45,60)w13 -> (47,60)
[fifo] ar=79233 save /tmp/aoe-camp/m1/t.aoesave
[save] wrote /tmp/aoe-camp/m1/t.aoesave (12294B) ar=79234
[dbg] ar=79248 am=6 aA=6 aH=0 l=false j=false fullRedraw=false
[dbg] ar=79273 am=6 aA=6 aH=0 l=false j=false fullRedraw=false
[fifo] ar=79278 slots 0
[slots] p0 n=11 0:t0@(45,60)w13 1:t0@(45,59)w13 2:t0@(46,59)w5d12 3:t3@(29,59)w0 4:t3@(30,59)w0 5:t3@(30,60)w0 6:t3@(29,60)w0 7:t4@(30,57)w0 8:t4@(30,56)w0 9:t4@(30,55)w0 10:t6@(28,58)w0
[dbg] ar=79298 am=6 aA=6 aH=0 l=false j=false fullRedraw=false
[fifo] ar=79301 retask 0 47 58
[devMouse] retask slot0 (45,59)w13 -> (47,58)
[fifo] ar=79310 retask 1 47 59
[devMouse] retask slot1 (45,59)w13 -> (47,59)
[fifo] ar=79319 save /tmp/aoe-camp/m1/t.aoesave
[save] wrote /tmp/aoe-camp/m1/t.aoesave (12294B) ar=79320
[dbg] ar=79323 am=6 aA=6 aH=0 l=false j=false fullRedraw=false
[dbg] ar=79348 am=6 aA=6 aH=0 l=false j=false fullRedraw=false
[fifo] ar=79367 slots 0
[slots] p0 n=11 0:t0@(46,58)w3112 1:t0@(46,60)w3f12 2:t0@(46,59)w412 3:t3@(29,59)w0 4:t3@(30,59)w0 5:t3@(30,60)w0 6:t3@(29,60)w0 7:t4@(30,57)w0 8:t4@(30,56)w0 9:t4@(30,55)w0 10:t6@(28,58)w0
[dbg] ar=79373 am=6 aA=6 aH=0 l=false j=false fullRedraw=false
[fifo] ar=79391 save /tmp/aoe-camp/m1/t.aoesave
[save] wrote /tmp/aoe-camp/m1/t.aoesave (12294B) ar=79392
[dbg] ar=79398 am=6 aA=6 aH=0 l=false j=false fullRedraw=false
[dbg] ar=79423 am=6 aA=6 aH=0 l=false j=false fullRedraw=false
[fifo] ar=79439 slots 0
[slots] p0 n=11 0:t0@(46,60)w13 1:t0@(45,59)w13 2:t0@(45,60)w13 3:t3@(29,59)w0 4:t3@(30,59)w0 5:t3@(30,60)w0 6:t3@(29,60)w0 7:t4@(30,57)w0 8:t4@(30,56)w0 9:t4@(30,55)w0 10:t6@(28,58)w0
[dbg] ar=79448 am=6 aA=6 aH=0 l=false j=false fullRedraw=false
[fifo] ar=79463 retask 0 47 58
[devMouse] retask slot0 (46,60)w13 -> (47,58)
[fifo] ar=79472 retask 1 47 59
[devMouse] retask slot1 (44,59)w13 -> (47,59)
[dbg] ar=79473 am=6 aA=6 aH=0 l=false j=false fullRedraw=false
[fifo] ar=79480 retask 2 47 60
[devMouse] retask slot2 (45,60)w13 -> (47,60)
[fifo] ar=79489 save /tmp/aoe-camp/m1/t.aoesave
[save] wrote /tmp/aoe-camp/m1/t.aoesave (12294B) ar=79490
[dbg] ar=79498 am=6 aA=6 aH=0 l=false j=false fullRedraw=false
[dbg] ar=79523 am=6 aA=6 aH=0 l=false j=false fullRedraw=false
[fifo] ar=79537 slots 0
[slots] p0 n=11 0:t0@(46,59)w3612 1:t0@(46,60)w3b12 2:t0@(45,59)w0 3:t3@(29,59)w0 4:t3@(30,59)w0 5:t3@(30,60)w0 6:t3@(29,60)w0 7:t4@(30,57)w0 8:t4@(30,56)w0 9:t4@(30,55)w0 10:t6@(28,58)w0
[dbg] ar=79548 am=6 aA=6 aH=0 l=false j=false fullRedraw=false
[fifo] ar=79561 retask 2 47 60
[devMouse] retask slot2 (44,59)w0 -> (47,60)
[fifo] ar=79570 save /tmp/aoe-camp/m1/t.aoesave
[save] wrote /tmp/aoe-camp/m1/t.aoesave (12294B) ar=79571
[dbg] ar=79573 am=6 aA=6 aH=0 l=false j=false fullRedraw=false
[dbg] ar=79598 am=6 aA=6 aH=0 l=false j=false fullRedraw=false
[fifo] ar=79616 state
[devMouse] aA=6/6 cursor=(31,58) cam=(-523,628) Q=3743 aE=512 Y=0 sel=6
[devMouse] p0 unit 0 tile=(44,59) type=0 sel=true
[devMouse] p0 unit 1 tile=(44,58) type=0 sel=true
[devMouse] p0 unit 2 tile=(42,58) type=0 sel=true
[devMouse] p0 unit 3 tile=(29,59) type=3 sel=true
[devMouse] p0 unit 4 tile=(30,59) type=3 sel=true
[devMouse] p0 unit 5 tile=(30,60) type=3 sel=true
[devMouse] p0 unit 6 tile=(29,60) type=3 sel=true
[devMouse] p0 unit 7 tile=(30,57) type=4 sel=true
[devMouse] p0 unit 8 tile=(30,56) type=4 sel=true
[devMouse] p0 unit 9 tile=(30,55) type=4 sel=true
[devMouse] p0 unit 10 tile=(28,58) type=6 sel=true
[devMouse] p1 unit 0 tile=(48,48) type=3 sel=false
[devMouse] p1 unit 1 tile=(40,34) type=3 sel=false
[devMouse] p1 unit 2 tile=(60,55) type=3 sel=false
[devMouse] p1 unit 3 tile=(61,45) type=3 sel=false
[devMouse] p1 unit 4 tile=(49,24) type=3 sel=false
[devMouse] p1 unit 5 tile=(48,25) type=3 sel=false
[devMouse] p1 unit 6 tile=(54,19) type=3 sel=false
[devMouse] p1 unit 7 tile=(36,23) type=4 sel=false
[devMouse] p1 unit 8 tile=(37,22) type=4 sel=false
[devMouse] p1 unit 9 tile=(49,33) type=4 sel=false
[devMouse] p1 unit 10 tile=(32,17) type=3 sel=false
[devMouse] p1 unit 11 tile=(25,21) type=4 sel=false
[devMouse] p1 unit 12 tile=(22,26) type=3 sel=false
[devMouse] p1 unit 13 tile=(23,27) type=3 sel=false
[devMouse] p1 unit 14 tile=(15,47) type=3 sel=false
[devMouse] p1 unit 15 tile=(16,54) type=3 sel=false
[dbg] ar=79623 am=6 aA=6 aH=0 l=false j=false fullRedraw=false
[dbg] ar=79648 am=6 aA=6 aH=0 l=false j=false fullRedraw=false
[fifo] ar=79668 slots 0
[slots] p0 n=11 0:t0@(45,59)w13 1:t0@(46,58)w13 2:t0@(46,60)w5e12 3:t3@(29,59)w0 4:t3@(30,59)w0 5:t3@(30,60)w0 6:t3@(29,60)w0 7:t4@(30,57)w0 8:t4@(30,56)w0 9:t4@(30,55)w0 10:t6@(28,58)w0
[dbg] ar=79673 am=6 aA=6 aH=0 l=false j=false fullRedraw=false
[fifo] ar=79693 retask 0 47 58
[devMouse] retask slot0 (45,60)w13 -> (47,58)
[dbg] ar=79698 am=6 aA=6 aH=0 l=false j=false fullRedraw=false
[fifo] ar=79701 retask 1 47 59
[devMouse] retask slot1 (43,59)w13 -> (47,59)
[fifo] ar=79709 save /tmp/aoe-camp/m1/t.aoesave
[save] wrote /tmp/aoe-camp/m1/t.aoesave (12294B) ar=79710
[dbg] ar=79723 am=6 aA=6 aH=0 l=false j=false fullRedraw=false
[dbg] ar=79748 am=6 aA=6 aH=0 l=false j=false fullRedraw=false
[fifo] ar=79757 slots 0
[slots] p0 n=11 0:t0@(46,59)w3612 1:t0@(46,58)w4d12 2:t0@(46,60)w512 3:t3@(29,59)w0 4:t3@(30,59)w0 5:t3@(30,60)w0 6:t3@(29,60)w0 7:t4@(30,57)w0 8:t4@(30,56)w0 9:t4@(30,55)w0 10:t6@(28,58)w0
[dbg] ar=79773 am=6 aA=6 aH=0 l=false j=false fullRedraw=false
[fifo] ar=79781 save /tmp/aoe-camp/m1/t.aoesave
[save] wrote /tmp/aoe-camp/m1/t.aoesave (12294B) ar=79782
[dbg] ar=79798 am=6 aA=6 aH=0 l=false j=false fullRedraw=false
[dbg] ar=79823 am=6 aA=6 aH=0 l=false j=false fullRedraw=false
[fifo] ar=79826 slots 0
[slots] p0 n=11 0:t0@(44,58)w13 1:t0@(46,58)w812 2:t0@(46,60)w13 3:t3@(29,59)w0 4:t3@(30,59)w0 5:t3@(30,60)w0 6:t3@(29,60)w0 7:t4@(30,57)w0 8:t4@(30,56)w0 9:t4@(30,55)w0 10:t6@(28,58)w0
[dbg] ar=79848 am=6 aA=6 aH=0 l=false j=false fullRedraw=false
[fifo] ar=79851 retask 0 47 58
[devMouse] retask slot0 (45,60)w13 -> (47,58)
[fifo] ar=79858 retask 2 47 60
[devMouse] retask slot2 (46,58)w13 -> (47,60)
[fifo] ar=79866 save /tmp/aoe-camp/m1/t.aoesave
[save] wrote /tmp/aoe-camp/m1/t.aoesave (12294B) ar=79867
[dbg] ar=79873 am=6 aA=6 aH=0 l=false j=false fullRedraw=false
[dbg] ar=79898 am=6 aA=6 aH=0 l=false j=false fullRedraw=false
[fifo] ar=79914 slots 0
[slots] p0 n=11 0:t0@(46,59)w3612 1:t0@(44,58)w13 2:t0@(46,60)w4412 3:t3@(29,59)w0 4:t3@(30,59)w0 5:t3@(30,60)w0 6:t3@(29,60)w0 7:t4@(30,57)w0 8:t4@(30,56)w0 9:t4@(30,55)w0 10:t6@(28,58)w0
[dbg] ar=79923 am=6 aA=6 aH=0 l=false j=false fullRedraw=false
[fifo] ar=79940 retask 1 47 59
[devMouse] retask slot1 (45,59)w13 -> (47,59)
[fifo] ar=79948 save /tmp/aoe-camp/m1/t.aoesave
[dbg] ar=79948 am=6 aA=6 aH=0 l=false j=false fullRedraw=false
[save] wrote /tmp/aoe-camp/m1/t.aoesave (12294B) ar=79949
[dbg] ar=79973 am=6 aA=6 aH=0 l=false j=false fullRedraw=false
[fifo] ar=79996 slots 0
[slots] p0 n=11 0:t0@(45,59)w13 1:t0@(46,59)w5e12 2:t0@(45,58)w13 3:t3@(29,59)w0 4:t3@(30,59)w0 5:t3@(30,60)w0 6:t3@(29,60)w0 7:t4@(30,57)w0 8:t4@(30,56)w0 9:t4@(30,55)w0 10:t6@(28,58)w0
[dbg] ar=79998 am=6 aA=6 aH=0 l=false j=false fullRedraw=false
[fifo] ar=80022 retask 0 47 58
[devMouse] retask slot0 (45,60)w13 -> (47,58)
[dbg] ar=80023 am=6 aA=6 aH=0 l=false j=false fullRedraw=false
[fifo] ar=80030 retask 2 47 60
[devMouse] retask slot2 (43,58)w13 -> (47,60)
[fifo] ar=80038 save /tmp/aoe-camp/m1/t.aoesave
[save] wrote /tmp/aoe-camp/m1/t.aoesave (12294B) ar=80039
[dbg] ar=80048 am=6 aA=6 aH=0 l=false j=false fullRedraw=false
[dbg] ar=80073 am=6 aA=6 aH=0 l=false j=false fullRedraw=false
[fifo] ar=80088 state
[devMouse] aA=6/6 cursor=(31,58) cam=(-523,628) Q=3743 aE=512 Y=0 sel=6
[devMouse] p0 unit 0 tile=(46,58) type=0 sel=true
[devMouse] p0 unit 1 tile=(46,59) type=0 sel=true
[devMouse] p0 unit 2 tile=(46,60) type=0 sel=true
[devMouse] p0 unit 3 tile=(29,59) type=3 sel=true
[devMouse] p0 unit 4 tile=(30,59) type=3 sel=true
[devMouse] p0 unit 5 tile=(30,60) type=3 sel=true
[devMouse] p0 unit 6 tile=(29,60) type=3 sel=true
[devMouse] p0 unit 7 tile=(30,57) type=4 sel=true
[devMouse] p0 unit 8 tile=(30,56) type=4 sel=true
[devMouse] p0 unit 9 tile=(30,55) type=4 sel=true
[devMouse] p0 unit 10 tile=(28,58) type=6 sel=true
[devMouse] p1 unit 0 tile=(48,48) type=3 sel=false
[devMouse] p1 unit 1 tile=(40,34) type=3 sel=false
[devMouse] p1 unit 2 tile=(60,55) type=3 sel=false
[devMouse] p1 unit 3 tile=(61,45) type=3 sel=false
[devMouse] p1 unit 4 tile=(49,24) type=3 sel=false
[devMouse] p1 unit 5 tile=(48,25) type=3 sel=false
[devMouse] p1 unit 6 tile=(54,19) type=3 sel=false
[devMouse] p1 unit 7 tile=(36,23) type=4 sel=false
[devMouse] p1 unit 8 tile=(37,22) type=4 sel=false
[devMouse] p1 unit 9 tile=(49,33) type=4 sel=false
[devMouse] p1 unit 10 tile=(32,17) type=3 sel=false
[devMouse] p1 unit 11 tile=(25,21) type=4 sel=false
[devMouse] p1 unit 12 tile=(22,26) type=3 sel=false
[devMouse] p1 unit 13 tile=(23,27) type=3 sel=false
[devMouse] p1 unit 14 tile=(15,47) type=3 sel=false
[devMouse] p1 unit 15 tile=(16,54) type=3 sel=false
[dbg] ar=80098 am=6 aA=6 aH=0 l=false j=false fullRedraw=false
[dbg] ar=80123 am=6 aA=6 aH=0 l=false j=false fullRedraw=false
[fifo] ar=80140 slots 0
[slots] p0 n=11 0:t0@(46,58)w312 1:t0@(46,59)w13 2:t0@(46,60)w1a12 3:t3@(29,59)w0 4:t3@(30,59)w0 5:t3@(30,60)w0 6:t3@(29,60)w0 7:t4@(30,57)w0 8:t4@(30,56)w0 9:t4@(30,55)w0 10:t6@(28,58)w0
[dbg] ar=80148 am=6 aA=6 aH=0 l=false j=false fullRedraw=false
[fifo] ar=80165 retask 1 47 59
[devMouse] retask slot1 (44,59)w13 -> (47,59)
[fifo] ar=80172 save /tmp/aoe-camp/m1/t.aoesave
[save] wrote /tmp/aoe-camp/m1/t.aoesave (12294B) ar=80173
[dbg] ar=80173 am=6 aA=6 aH=0 l=false j=false fullRedraw=false
[dbg] ar=80198 am=6 aA=6 aH=0 l=false j=false fullRedraw=false
[fifo] ar=80217 slots 0
[slots] p0 n=11 0:t0@(45,59)w13 1:t0@(46,59)w4b12 2:t0@(43,58)w13 3:t3@(29,59)w0 4:t3@(30,59)w0 5:t3@(30,60)w0 6:t3@(29,60)w0 7:t4@(30,57)w0 8:t4@(30,56)w0 9:t4@(30,55)w0 10:t6@(28,58)w0
[dbg] ar=80223 am=6 aA=6 aH=0 l=false j=false fullRedraw=false
[fifo] ar=80241 retask 0 47 58
[devMouse] retask slot0 (45,60)w13 -> (47,58)
[fifo] ar=80248 retask 2 47 60
[devMouse] retask slot2 (46,58)w13 -> (47,60)
[dbg] ar=80248 am=6 aA=6 aH=0 l=false j=false fullRedraw=false
[fifo] ar=80256 save /tmp/aoe-camp/m1/t.aoesave
[save] wrote /tmp/aoe-camp/m1/t.aoesave (12294B) ar=80257
[dbg] ar=80273 am=6 aA=6 aH=0 l=false j=false fullRedraw=false
[dbg] ar=80298 am=6 aA=6 aH=0 l=false j=false fullRedraw=false
[fifo] ar=80301 slots 0
[slots] p0 n=11 0:t0@(46,58)w5012 1:t0@(45,60)w13 2:t0@(46,60)w4712 3:t3@(29,59)w0 4:t3@(30,59)w0 5:t3@(30,60)w0 6:t3@(29,60)w0 7:t4@(30,57)w0 8:t4@(30,56)w0 9:t4@(30,55)w0 10:t6@(28,58)w0
[dbg] ar=80323 am=6 aA=6 aH=0 l=false j=false fullRedraw=false
[fifo] ar=80326 retask 1 47 59
[devMouse] retask slot1 (44,59)w13 -> (47,59)
[fifo] ar=80334 save /tmp/aoe-camp/m1/t.aoesave
[save] wrote /tmp/aoe-camp/m1/t.aoesave (12294B) ar=80335
[dbg] ar=80348 am=6 aA=6 aH=0 l=false j=false fullRedraw=false
[dbg] ar=80373 am=6 aA=6 aH=0 l=false j=false fullRedraw=false
[fifo] ar=80382 slots 0
[slots] p0 n=11 0:t0@(45,58)w13 1:t0@(46,59)w4312 2:t0@(44,59)w13 3:t3@(29,59)w0 4:t3@(30,59)w0 5:t3@(30,60)w0 6:t3@(29,60)w0 7:t4@(30,57)w0 8:t4@(30,56)w0 9:t4@(30,55)w0 10:t6@(28,58)w0
[dbg] ar=80398 am=6 aA=6 aH=0 l=false j=false fullRedraw=false
[fifo] ar=80406 retask 0 47 58
[devMouse] retask slot0 (44,60)w13 -> (47,58)
[fifo] ar=80413 retask 2 47 60
[devMouse] retask slot2 (45,58)w13 -> (47,60)
[fifo] ar=80421 save /tmp/aoe-camp/m1/t.aoesave
[save] wrote /tmp/aoe-camp/m1/t.aoesave (12294B) ar=80422
[dbg] ar=80423 am=6 aA=6 aH=0 l=false j=false fullRedraw=false
[dbg] ar=80448 am=6 aA=6 aH=0 l=false j=false fullRedraw=false
[fifo] ar=80468 slots 0
[slots] p0 n=11 0:t0@(46,59)w0 1:t0@(44,59)w13 2:t0@(46,60)w4612 3:t3@(29,59)w0 4:t3@(30,59)w0 5:t3@(30,60)w0 6:t3@(29,60)w0 7:t4@(30,57)w0 8:t4@(30,56)w0 9:t4@(30,55)w0 10:t6@(28,58)w0
[dbg] ar=80473 am=6 aA=6 aH=0 l=false j=false fullRedraw=false
[fifo] ar=80493 retask 0 47 58
[devMouse] retask slot0 (46,59)w5112 -> (47,58)
[dbg] ar=80498 am=6 aA=6 aH=0 l=false j=false fullRedraw=false
[fifo] ar=80501 retask 1 47 59
[devMouse] retask slot1 (45,58)w13 -> (47,59)
[fifo] ar=80509 save /tmp/aoe-camp/m1/t.aoesave
[save] wrote /tmp/aoe-camp/m1/t.aoesave (12294B) ar=80510
[dbg] ar=80523 am=6 aA=6 aH=0 l=false j=false fullRedraw=false
[dbg] ar=80548 am=6 aA=6 aH=0 l=false j=false fullRedraw=false
[fifo] ar=80556 state
[devMouse] aA=6/6 cursor=(31,58) cam=(-523,628) Q=3743 aE=512 Y=0 sel=6
[devMouse] p0 unit 0 tile=(46,59) type=0 sel=true
[devMouse] p0 unit 1 tile=(46,58) type=0 sel=true
[devMouse] p0 unit 2 tile=(45,58) type=0 sel=true
[devMouse] p0 unit 3 tile=(29,59) type=3 sel=true
[devMouse] p0 unit 4 tile=(30,59) type=3 sel=true
[devMouse] p0 unit 5 tile=(30,60) type=3 sel=true
[devMouse] p0 unit 6 tile=(29,60) type=3 sel=true
[devMouse] p0 unit 7 tile=(30,57) type=4 sel=true
[devMouse] p0 unit 8 tile=(30,56) type=4 sel=true
[devMouse] p0 unit 9 tile=(30,55) type=4 sel=true
[devMouse] p0 unit 10 tile=(28,58) type=6 sel=true
[devMouse] p1 unit 0 tile=(48,48) type=3 sel=false
[devMouse] p1 unit 1 tile=(40,34) type=3 sel=false
[devMouse] p1 unit 2 tile=(60,55) type=3 sel=false
[devMouse] p1 unit 3 tile=(61,45) type=3 sel=false
[devMouse] p1 unit 4 tile=(49,24) type=3 sel=false
[devMouse] p1 unit 5 tile=(48,25) type=3 sel=false
[devMouse] p1 unit 6 tile=(54,19) type=3 sel=false
[devMouse] p1 unit 7 tile=(36,23) type=4 sel=false
[devMouse] p1 unit 8 tile=(37,22) type=4 sel=false
[devMouse] p1 unit 9 tile=(49,33) type=4 sel=false
[devMouse] p1 unit 10 tile=(32,17) type=3 sel=false
[devMouse] p1 unit 11 tile=(25,21) type=4 sel=false
[devMouse] p1 unit 12 tile=(22,26) type=3 sel=false
[devMouse] p1 unit 13 tile=(23,27) type=3 sel=false
[devMouse] p1 unit 14 tile=(15,47) type=3 sel=false
[devMouse] p1 unit 15 tile=(16,54) type=3 sel=false
[dbg] ar=80573 am=6 aA=6 aH=0 l=false j=false fullRedraw=false
[dbg] ar=80598 am=6 aA=6 aH=0 l=false j=false fullRedraw=false
[fifo] ar=80610 slots 0
[slots] p0 n=11 0:t0@(44,58)w13 1:t0@(46,58)w1712 2:t0@(45,60)w13 3:t3@(29,59)w0 4:t3@(30,59)w0 5:t3@(30,60)w0 6:t3@(29,60)w0 7:t4@(30,57)w0 8:t4@(30,56)w0 9:t4@(30,55)w0 10:t6@(28,58)w0
[dbg] ar=80623 am=6 aA=6 aH=0 l=false j=false fullRedraw=false
[fifo] ar=80634 retask 0 47 58
[devMouse] retask slot0 (45,59)w13 -> (47,58)
[fifo] ar=80641 retask 2 47 60
[devMouse] retask slot2 (46,60)w13 -> (47,60)
[dbg] ar=80648 am=6 aA=6 aH=0 l=false j=false fullRedraw=false
[fifo] ar=80649 save /tmp/aoe-camp/m1/t.aoesave
[save] wrote /tmp/aoe-camp/m1/t.aoesave (12294B) ar=80650
[dbg] ar=80673 am=6 aA=6 aH=0 l=false j=false fullRedraw=false
[fifo] ar=80696 slots 0
[slots] p0 n=11 0:t0@(46,58)w3912 1:t0@(43,59)w13 2:t0@(46,60)w3512 3:t3@(29,59)w0 4:t3@(30,59)w0 5:t3@(30,60)w0 6:t3@(29,60)w0 7:t4@(30,57)w0 8:t4@(30,56)w0 9:t4@(30,55)w0 10:t6@(28,58)w0
[dbg] ar=80698 am=6 aA=6 aH=0 l=false j=false fullRedraw=false
[fifo] ar=80720 retask 1 47 59
[devMouse] retask slot1 (46,59)w13 -> (47,59)
[dbg] ar=80723 am=6 aA=6 aH=0 l=false j=false fullRedraw=false
[fifo] ar=80728 save /tmp/aoe-camp/m1/t.aoesave
[save] wrote /tmp/aoe-camp/m1/t.aoesave (12294B) ar=80729
[dbg] ar=80748 am=6 aA=6 aH=0 l=false j=false fullRedraw=false
[dbg] ar=80773 am=6 aA=6 aH=0 l=false j=false fullRedraw=false
[fifo] ar=80774 slots 0
[slots] p0 n=11 0:t0@(44,60)w13 1:t0@(46,59)w3412 2:t0@(43,58)w13 3:t3@(29,59)w0 4:t3@(30,59)w0 5:t3@(30,60)w0 6:t3@(29,60)w0 7:t4@(30,57)w0 8:t4@(30,56)w0 9:t4@(30,55)w0 10:t6@(28,58)w0
[fifo] ar=80798 retask 0 47 58
[devMouse] retask slot0 (46,60)w13 -> (47,58)
[dbg] ar=80798 am=6 aA=6 aH=0 l=false j=false fullRedraw=false
[fifo] ar=80806 retask 2 47 60
[devMouse] retask slot2 (46,58)w13 -> (47,60)
[fifo] ar=80814 save /tmp/aoe-camp/m1/t.aoesave
[save] wrote /tmp/aoe-camp/m1/t.aoesave (12294B) ar=80815
[dbg] ar=80823 am=6 aA=6 aH=0 l=false j=false fullRedraw=false
[dbg] ar=80848 am=6 aA=6 aH=0 l=false j=false fullRedraw=false
[fifo] ar=80861 slots 0
[slots] p0 n=11 0:t0@(46,58)w3a12 1:t0@(45,60)w13 2:t0@(46,60)w5d12 3:t3@(29,59)w0 4:t3@(30,59)w0 5:t3@(30,60)w0 6:t3@(29,60)w0 7:t4@(30,57)w0 8:t4@(30,56)w0 9:t4@(30,55)w0 10:t6@(28,58)w0
[dbg] ar=80873 am=6 aA=6 aH=0 l=false j=false fullRedraw=false
[fifo] ar=80886 retask 1 47 59
[devMouse] retask slot1 (44,59)w13 -> (47,59)
[fifo] ar=80895 save /tmp/aoe-camp/m1/t.aoesave
[save] wrote /tmp/aoe-camp/m1/t.aoesave (12294B) ar=80896
[dbg] ar=80898 am=6 aA=6 aH=0 l=false j=false fullRedraw=false
[dbg] ar=80923 am=6 aA=6 aH=0 l=false j=false fullRedraw=false
[fifo] ar=80942 slots 0
[slots] p0 n=11 0:t0@(47,58)w13 1:t0@(46,59)w4412 2:t0@(46,60)wc12 3:t3@(29,59)w0 4:t3@(30,59)w0 5:t3@(30,60)w0 6:t3@(29,60)w0 7:t4@(30,57)w0 8:t4@(30,56)w0 9:t4@(30,55)w0 10:t6@(28,58)w0
[dbg] ar=80948 am=6 aA=6 aH=0 l=false j=false fullRedraw=false
[fifo] ar=80967 retask 0 47 58
[devMouse] retask slot0 (47,58)w13 -> (47,58)
[dbg] ar=80973 am=6 aA=6 aH=0 l=false j=false fullRedraw=false
[fifo] ar=80975 save /tmp/aoe-camp/m1/t.aoesave
[save] wrote /tmp/aoe-camp/m1/t.aoesave (12294B) ar=80976
[dbg] ar=80998 am=6 aA=6 aH=0 l=false j=false fullRedraw=false
[fifo] ar=81021 state
[devMouse] aA=6/6 cursor=(31,58) cam=(-523,628) Q=3743 aE=512 Y=0 sel=6
[devMouse] p0 unit 0 tile=(47,58) type=0 sel=true
[devMouse] p0 unit 1 tile=(45,60) type=0 sel=true
[devMouse] p0 unit 2 tile=(45,58) type=0 sel=true
[devMouse] p0 unit 3 tile=(29,59) type=3 sel=true
[devMouse] p0 unit 4 tile=(30,59) type=3 sel=true
[devMouse] p0 unit 5 tile=(30,60) type=3 sel=true
[devMouse] p0 unit 6 tile=(29,60) type=3 sel=true
[devMouse] p0 unit 7 tile=(30,57) type=4 sel=true
[devMouse] p0 unit 8 tile=(30,56) type=4 sel=true
[devMouse] p0 unit 9 tile=(30,55) type=4 sel=true
[devMouse] p0 unit 10 tile=(28,58) type=6 sel=true
[devMouse] p1 unit 0 tile=(48,48) type=3 sel=false
[devMouse] p1 unit 1 tile=(40,34) type=3 sel=false
[devMouse] p1 unit 2 tile=(60,55) type=3 sel=false
[devMouse] p1 unit 3 tile=(61,45) type=3 sel=false
[devMouse] p1 unit 4 tile=(49,24) type=3 sel=false
[devMouse] p1 unit 5 tile=(48,25) type=3 sel=false
[devMouse] p1 unit 6 tile=(54,19) type=3 sel=false
[devMouse] p1 unit 7 tile=(36,23) type=4 sel=false
[devMouse] p1 unit 8 tile=(37,22) type=4 sel=false
[devMouse] p1 unit 9 tile=(49,33) type=4 sel=false
[devMouse] p1 unit 10 tile=(32,17) type=3 sel=false
[devMouse] p1 unit 11 tile=(25,21) type=4 sel=false
[devMouse] p1 unit 12 tile=(22,26) type=3 sel=false
[devMouse] p1 unit 13 tile=(23,27) type=3 sel=false
[devMouse] p1 unit 14 tile=(15,47) type=3 sel=false
[devMouse] p1 unit 15 tile=(16,54) type=3 sel=false
[dbg] ar=81023 am=6 aA=6 aH=0 l=false j=false fullRedraw=false
[dbg] ar=81048 am=6 aA=6 aH=0 l=false j=false fullRedraw=false
[dbg] ar=81073 am=6 aA=6 aH=0 l=false j=false fullRedraw=false
[fifo] ar=81077 slots 0
[slots] p0 n=11 0:t0@(47,58)w0 1:t0@(44,59)w13 2:t0@(45,59)w13 3:t3@(29,59)w0 4:t3@(30,59)w0 5:t3@(30,60)w0 6:t3@(29,60)w0 7:t4@(30,57)w0 8:t4@(30,56)w0 9:t4@(30,55)w0 10:t6@(28,58)w0
[dbg] ar=81098 am=6 aA=6 aH=0 l=false j=false fullRedraw=false
[fifo] ar=81103 retask 0 47 58
[devMouse] retask slot0 (47,58)w0 -> (47,58)
[fifo] ar=81111 retask 1 47 59
[devMouse] retask slot1 (45,60)w13 -> (47,59)
[fifo] ar=81120 retask 2 47 60
[devMouse] retask slot2 (45,59)w13 -> (47,60)
[dbg] ar=81123 am=6 aA=6 aH=0 l=false j=false fullRedraw=false
[fifo] ar=81128 save /tmp/aoe-camp/m1/t.aoesave
[save] wrote /tmp/aoe-camp/m1/t.aoesave (12294B) ar=81129
[dbg] ar=81148 am=6 aA=6 aH=0 l=false j=false fullRedraw=false
[dbg] ar=81173 am=6 aA=6 aH=0 l=false j=false fullRedraw=false
[fifo] ar=81176 slots 0
[slots] p0 n=11 0:t0@(47,58)w0 1:t0@(46,59)w3712 2:t0@(46,60)w3e12 3:t3@(29,59)w0 4:t3@(30,59)w0 5:t3@(30,60)w0 6:t3@(29,60)w0 7:t4@(30,57)w0 8:t4@(30,56)w0 9:t4@(30,55)w0 10:t6@(28,58)w0
[dbg] ar=81198 am=6 aA=6 aH=0 l=false j=false fullRedraw=false
[fifo] ar=81200 retask 0 47 58
[devMouse] retask slot0 (47,58)w0 -> (47,58)
[fifo] ar=81209 save /tmp/aoe-camp/m1/t.aoesave
[save] wrote /tmp/aoe-camp/m1/t.aoesave (12294B) ar=81210
[dbg] ar=81223 am=6 aA=6 aH=0 l=false j=false fullRedraw=false
[dbg] ar=81248 am=6 aA=6 aH=0 l=false j=false fullRedraw=false
[fifo] ar=81256 slots 0
[slots] p0 n=11 0:t0@(47,58)w0 1:t0@(44,59)w13 2:t0@(44,58)w13 3:t3@(29,59)w0 4:t3@(30,59)w0 5:t3@(30,60)w0 6:t3@(29,60)w0 7:t4@(30,57)w0 8:t4@(30,56)w0 9:t4@(30,55)w0 10:t6@(28,58)w0
[dbg] ar=81273 am=6 aA=6 aH=0 l=false j=false fullRedraw=false
[fifo] ar=81282 retask 0 48 58
[devMouse] retask slot0 (47,58)w0 -> (48,58)
[fifo] ar=81290 retask 1 47 59
[devMouse] retask slot1 (45,60)w13 -> (47,59)
[fifo] ar=81298 retask 2 47 60
[devMouse] retask slot2 (45,59)w13 -> (47,60)
[dbg] ar=81298 am=6 aA=6 aH=0 l=false j=false fullRedraw=false
[fifo] ar=81306 save /tmp/aoe-camp/m1/t.aoesave
[save] wrote /tmp/aoe-camp/m1/t.aoesave (12294B) ar=81307
[dbg] ar=81323 am=6 aA=6 aH=0 l=false j=false fullRedraw=false
[dbg] ar=81348 am=6 aA=6 aH=0 l=false j=false fullRedraw=false
[fifo] ar=81353 slots 0
[slots] p0 n=11 0:t0@(47,58)w2112 1:t0@(46,59)w3512 2:t0@(46,60)w3c12 3:t3@(29,59)w0 4:t3@(30,59)w0 5:t3@(30,60)w0 6:t3@(29,60)w0 7:t4@(30,57)w0 8:t4@(30,56)w0 9:t4@(30,55)w0 10:t6@(28,58)w0
[dbg] ar=81373 am=6 aA=6 aH=0 l=false j=false fullRedraw=false
[fifo] ar=81377 save /tmp/aoe-camp/m1/t.aoesave
[save] wrote /tmp/aoe-camp/m1/t.aoesave (12294B) ar=81378
[dbg] ar=81398 am=6 aA=6 aH=0 l=false j=false fullRedraw=false
[dbg] ar=81423 am=6 aA=6 aH=0 l=false j=false fullRedraw=false
[fifo] ar=81424 slots 0
[slots] p0 n=11 0:t0@(44,58)w13 1:t0@(45,59)w13 2:t0@(47,58)w13 3:t3@(29,59)w0 4:t3@(30,59)w0 5:t3@(30,60)w0 6:t3@(29,60)w0 7:t4@(30,57)w0 8:t4@(30,56)w0 9:t4@(30,55)w0 10:t6@(28,58)w0
[dbg] ar=81448 am=6 aA=6 aH=0 l=false j=false fullRedraw=false
[fifo] ar=81449 retask 0 48 58
[devMouse] retask slot0 (44,60)w13 -> (48,58)
[fifo] ar=81457 retask 1 47 59
[devMouse] retask slot1 (46,58)w13 -> (47,59)
[fifo] ar=81465 retask 2 47 60
[devMouse] retask slot2 (46,60)w13 -> (47,60)
[fifo] ar=81473 save /tmp/aoe-camp/m1/t.aoesave
[dbg] ar=81473 am=6 aA=6 aH=0 l=false j=false fullRedraw=false
[save] wrote /tmp/aoe-camp/m1/t.aoesave (12294B) ar=81474
[dbg] ar=81498 am=6 aA=6 aH=0 l=false j=false fullRedraw=false
[fifo] ar=81516 state
[devMouse] aA=6/6 cursor=(31,58) cam=(-523,628) Q=3743 aE=512 Y=0 sel=6
[devMouse] p0 unit 0 tile=(47,58) type=0 sel=true
[devMouse] p0 unit 1 tile=(46,58) type=0 sel=true
[devMouse] p0 unit 2 tile=(46,60) type=0 sel=true
[devMouse] p0 unit 3 tile=(29,59) type=3 sel=true
[devMouse] p0 unit 4 tile=(30,59) type=3 sel=true
[devMouse] p0 unit 5 tile=(30,60) type=3 sel=true
[devMouse] p0 unit 6 tile=(29,60) type=3 sel=true
[devMouse] p0 unit 7 tile=(30,57) type=4 sel=true
[devMouse] p0 unit 8 tile=(30,56) type=4 sel=true
[devMouse] p0 unit 9 tile=(30,55) type=4 sel=true
[devMouse] p0 unit 10 tile=(28,58) type=6 sel=true
[devMouse] p1 unit 0 tile=(48,48) type=3 sel=false
[devMouse] p1 unit 1 tile=(40,34) type=3 sel=false
[devMouse] p1 unit 2 tile=(60,55) type=3 sel=false
[devMouse] p1 unit 3 tile=(61,45) type=3 sel=false
[devMouse] p1 unit 4 tile=(49,24) type=3 sel=false
[devMouse] p1 unit 5 tile=(48,25) type=3 sel=false
[devMouse] p1 unit 6 tile=(54,19) type=3 sel=false
[devMouse] p1 unit 7 tile=(36,23) type=4 sel=false
[devMouse] p1 unit 8 tile=(37,22) type=4 sel=false
[devMouse] p1 unit 9 tile=(49,33) type=4 sel=false
[devMouse] p1 unit 10 tile=(32,17) type=3 sel=false
[devMouse] p1 unit 11 tile=(25,21) type=4 sel=false
[devMouse] p1 unit 12 tile=(22,26) type=3 sel=false
[devMouse] p1 unit 13 tile=(23,27) type=3 sel=false
[devMouse] p1 unit 14 tile=(15,47) type=3 sel=false
[devMouse] p1 unit 15 tile=(16,54) type=3 sel=false
[dbg] ar=81523 am=6 aA=6 aH=0 l=false j=false fullRedraw=false
[dbg] ar=81548 am=6 aA=6 aH=0 l=false j=false fullRedraw=false
[fifo] ar=81571 slots 0
[slots] p0 n=11 0:t0@(47,58)w1012 1:t0@(46,59)w13 2:t0@(46,60)w13 3:t3@(29,59)w0 4:t3@(30,59)w0 5:t3@(30,60)w0 6:t3@(29,60)w0 7:t4@(30,57)w0 8:t4@(30,56)w0 9:t4@(30,55)w0 10:t6@(28,58)w0
[dbg] ar=81573 am=6 aA=6 aH=0 l=false j=false fullRedraw=false
[fifo] ar=81595 retask 1 47 59
[devMouse] retask slot1 (45,60)w13 -> (47,59)
[dbg] ar=81598 am=6 aA=6 aH=0 l=false j=false fullRedraw=false
[fifo] ar=81604 retask 2 47 60
[devMouse] retask slot2 (46,58)w13 -> (47,60)
[fifo] ar=81611 save /tmp/aoe-camp/m1/t.aoesave
[save] wrote /tmp/aoe-camp/m1/t.aoesave (12294B) ar=81612
[dbg] ar=81623 am=6 aA=6 aH=0 l=false j=false fullRedraw=false
[dbg] ar=81648 am=6 aA=6 aH=0 l=false j=false fullRedraw=false
[fifo] ar=81657 slots 0
[slots] p0 n=11 0:t0@(46,58)w13 1:t0@(47,59)w0 2:t0@(46,60)w4712 3:t3@(29,59)w0 4:t3@(30,59)w0 5:t3@(30,60)w0 6:t3@(29,60)w0 7:t4@(30,57)w0 8:t4@(30,56)w0 9:t4@(30,55)w0 10:t6@(28,58)w0
[dbg] ar=81673 am=6 aA=6 aH=0 l=false j=false fullRedraw=false
[fifo] ar=81681 retask 0 48 58
[devMouse] retask slot0 (47,58)w13 -> (48,58)
[fifo] ar=81689 retask 1 48 59
[devMouse] retask slot1 (47,59)w0 -> (48,59)
[fifo] ar=81697 save /tmp/aoe-camp/m1/t.aoesave
[save] wrote /tmp/aoe-camp/m1/t.aoesave (12294B) ar=81698
[dbg] ar=81698 am=6 aA=6 aH=0 l=false j=false fullRedraw=false
[dbg] ar=81723 am=6 aA=6 aH=0 l=false j=false fullRedraw=false
[fifo] ar=81743 slots 0
[slots] p0 n=11 0:t0@(47,58)w2e12 1:t0@(47,59)w3112 2:t0@(45,58)w13 3:t3@(29,59)w0 4:t3@(30,59)w0 5:t3@(30,60)w0 6:t3@(29,60)w0 7:t4@(30,57)w0 8:t4@(30,56)w0 9:t4@(30,55)w0 10:t6@(28,58)w0
[dbg] ar=81748 am=6 aA=6 aH=0 l=false j=false fullRedraw=false
[fifo] ar=81768 retask 2 47 60
[devMouse] retask slot2 (45,60)w13 -> (47,60)
[dbg] ar=81773 am=6 aA=6 aH=0 l=false j=false fullRedraw=false
[fifo] ar=81776 save /tmp/aoe-camp/m1/t.aoesave
[save] wrote /tmp/aoe-camp/m1/t.aoesave (12294B) ar=81777
[dbg] ar=81798 am=6 aA=6 aH=0 l=false j=false fullRedraw=false
[fifo] ar=81822 slots 0
[slots] p0 n=11 0:t0@(46,58)w13 1:t0@(46,59)w13 2:t0@(46,60)w3f12 3:t3@(29,59)w0 4:t3@(30,59)w0 5:t3@(30,60)w0 6:t3@(29,60)w0 7:t4@(30,57)w0 8:t4@(30,56)w0 9:t4@(30,55)w0 10:t6@(28,58)w0
[dbg] ar=81823 am=6 aA=6 aH=0 l=false j=false fullRedraw=false
[fifo] ar=81842 retask 0 48 58
[devMouse] retask slot0 (46,59)w13 -> (48,58)
[dbg] ar=81848 am=6 aA=6 aH=0 l=false j=false fullRedraw=false
[fifo] ar=81850 retask 1 48 59
[devMouse] retask slot1 (46,59)w13 -> (48,59)
[fifo] ar=81857 save /tmp/aoe-camp/m1/t.aoesave
[save] wrote /tmp/aoe-camp/m1/t.aoesave (12294B) ar=81858
[dbg] ar=81873 am=6 aA=6 aH=0 l=false j=false fullRedraw=false
[dbg] ar=81898 am=6 aA=6 aH=0 l=false j=false fullRedraw=false
[fifo] ar=81903 slots 0
[slots] p0 n=11 0:t0@(47,58)w3d12 1:t0@(47,59)w4012 2:t0@(45,58)w13 3:t3@(29,59)w0 4:t3@(30,59)w0 5:t3@(30,60)w0 6:t3@(29,60)w0 7:t4@(30,57)w0 8:t4@(30,56)w0 9:t4@(30,55)w0 10:t6@(28,58)w0
[dbg] ar=81923 am=6 aA=6 aH=0 l=false j=false fullRedraw=false
[fifo] ar=81927 retask 2 47 60
[devMouse] retask slot2 (45,60)w13 -> (47,60)
[fifo] ar=81936 save /tmp/aoe-camp/m1/t.aoesave
[save] wrote /tmp/aoe-camp/m1/t.aoesave (12294B) ar=81937
[dbg] ar=81948 am=6 aA=6 aH=0 l=false j=false fullRedraw=false
[dbg] ar=81973 am=6 aA=6 aH=0 l=false j=false fullRedraw=false
[fifo] ar=81980 state
[devMouse] aA=6/6 cursor=(31,58) cam=(-523,628) Q=3743 aE=512 Y=0 sel=6
[devMouse] p0 unit 0 tile=(47,59) type=0 sel=true
[devMouse] p0 unit 1 tile=(46,58) type=0 sel=true
[devMouse] p0 unit 2 tile=(46,60) type=0 sel=true
[devMouse] p0 unit 3 tile=(29,59) type=3 sel=true
[devMouse] p0 unit 4 tile=(30,59) type=3 sel=true
[devMouse] p0 unit 5 tile=(30,60) type=3 sel=true
[devMouse] p0 unit 6 tile=(29,60) type=3 sel=true
[devMouse] p0 unit 7 tile=(30,57) type=4 sel=true
[devMouse] p0 unit 8 tile=(30,56) type=4 sel=true
[devMouse] p0 unit 9 tile=(30,55) type=4 sel=true
[devMouse] p0 unit 10 tile=(28,58) type=6 sel=true
[devMouse] p1 unit 0 tile=(48,48) type=3 sel=false
[devMouse] p1 unit 1 tile=(40,34) type=3 sel=false
[devMouse] p1 unit 2 tile=(60,55) type=3 sel=false
[devMouse] p1 unit 3 tile=(61,45) type=3 sel=false
[devMouse] p1 unit 4 tile=(49,24) type=3 sel=false
[devMouse] p1 unit 5 tile=(48,25) type=3 sel=false
[devMouse] p1 unit 6 tile=(54,19) type=3 sel=false
[devMouse] p1 unit 7 tile=(36,23) type=4 sel=false
[devMouse] p1 unit 8 tile=(37,22) type=4 sel=false
[devMouse] p1 unit 9 tile=(49,33) type=4 sel=false
[devMouse] p1 unit 10 tile=(32,17) type=3 sel=false
[devMouse] p1 unit 11 tile=(25,21) type=4 sel=false
[devMouse] p1 unit 12 tile=(22,26) type=3 sel=false
[devMouse] p1 unit 13 tile=(23,27) type=3 sel=false
[devMouse] p1 unit 14 tile=(15,47) type=3 sel=false
[devMouse] p1 unit 15 tile=(16,54) type=3 sel=false
[dbg] ar=81998 am=6 aA=6 aH=0 l=false j=false fullRedraw=false
[dbg] ar=82023 am=6 aA=6 aH=0 l=false j=false fullRedraw=false
[fifo] ar=82034 slots 0
[slots] p0 n=11 0:t0@(47,58)w13 1:t0@(45,59)w13 2:t0@(46,60)w812 3:t3@(29,59)w0 4:t3@(30,59)w0 5:t3@(30,60)w0 6:t3@(29,60)w0 7:t4@(30,57)w0 8:t4@(30,56)w0 9:t4@(30,55)w0 10:t6@(28,58)w0
[dbg] ar=82048 am=6 aA=6 aH=0 l=false j=false fullRedraw=false
[fifo] ar=82059 retask 0 48 58
[devMouse] retask slot0 (46,59)w13 -> (48,58)
[fifo] ar=82067 retask 1 48 59
[devMouse] retask slot1 (46,59)w13 -> (48,59)
[dbg] ar=82073 am=6 aA=6 aH=0 l=false j=false fullRedraw=false
[fifo] ar=82075 save /tmp/aoe-camp/m1/t.aoesave
[save] wrote /tmp/aoe-camp/m1/t.aoesave (12294B) ar=82076
[dbg] ar=82098 am=6 aA=6 aH=0 l=false j=false fullRedraw=false
[fifo] ar=82120 slots 0
[slots] p0 n=11 0:t0@(47,59)w5212 1:t0@(46,60)w0 2:t0@(46,59)w13 3:t3@(29,59)w0 4:t3@(30,59)w0 5:t3@(30,60)w0 6:t3@(29,60)w0 7:t4@(30,57)w0 8:t4@(30,56)w0 9:t4@(30,55)w0 10:t6@(28,58)w0
[dbg] ar=82123 am=6 aA=6 aH=0 l=false j=false fullRedraw=false
[fifo] ar=82144 retask 1 48 59
[devMouse] retask slot1 (47,58)w0 -> (48,59)
[dbg] ar=82148 am=6 aA=6 aH=0 l=false j=false fullRedraw=false
[fifo] ar=82152 retask 2 47 60
[devMouse] retask slot2 (46,59)w13 -> (47,60)
[fifo] ar=82159 save /tmp/aoe-camp/m1/t.aoesave
[save] wrote /tmp/aoe-camp/m1/t.aoesave (12294B) ar=82160
[dbg] ar=82173 am=6 aA=6 aH=0 l=false j=false fullRedraw=false
[dbg] ar=82198 am=6 aA=6 aH=0 l=false j=false fullRedraw=false
[fifo] ar=82205 slots 0
[slots] p0 n=11 0:t0@(46,58)w13 1:t0@(47,58)w2d12 2:t0@(46,59)w3912 3:t3@(29,59)w0 4:t3@(30,59)w0 5:t3@(30,60)w0 6:t3@(29,60)w0 7:t4@(30,57)w0 8:t4@(30,56)w0 9:t4@(30,55)w0 10:t6@(28,58)w0
[dbg] ar=82223 am=6 aA=6 aH=0 l=false j=false fullRedraw=false
[fifo] ar=82231 retask 0 48 58
[devMouse] retask slot0 (45,59)w13 -> (48,58)
[fifo] ar=82239 save /tmp/aoe-camp/m1/t.aoesave
[save] wrote /tmp/aoe-camp/m1/t.aoesave (12294B) ar=82240
[dbg] ar=82248 am=6 aA=6 aH=0 l=false j=false fullRedraw=false
[dbg] ar=82273 am=6 aA=6 aH=0 l=false j=false fullRedraw=false
[fifo] ar=82286 slots 0
[slots] p0 n=11 0:t0@(47,59)w4912 1:t0@(47,58)w13 2:t0@(44,59)w13 3:t3@(29,59)w0 4:t3@(30,59)w0 5:t3@(30,60)w0 6:t3@(29,60)w0 7:t4@(30,57)w0 8:t4@(30,56)w0 9:t4@(30,55)w0 10:t6@(28,58)w0
[dbg] ar=82298 am=6 aA=6 aH=0 l=false j=false fullRedraw=false
[fifo] ar=82312 retask 1 48 59
[devMouse] retask slot1 (45,60)w13 -> (48,59)
[fifo] ar=82320 retask 2 47 60
[devMouse] retask slot2 (47,58)w13 -> (47,60)
[dbg] ar=82323 am=6 aA=6 aH=0 l=false j=false fullRedraw=false
[fifo] ar=82327 save /tmp/aoe-camp/m1/t.aoesave
[save] wrote /tmp/aoe-camp/m1/t.aoesave (12294B) ar=82328
[dbg] ar=82348 am=6 aA=6 aH=0 l=false j=false fullRedraw=false
[fifo] ar=82373 slots 0
[slots] p0 n=11 0:t0@(45,58)w13 1:t0@(47,58)w4612 2:t0@(46,60)w5212 3:t3@(29,59)w0 4:t3@(30,59)w0 5:t3@(30,60)w0 6:t3@(29,60)w0 7:t4@(30,57)w0 8:t4@(30,56)w0 9:t4@(30,55)w0 10:t6@(28,58)w0
[dbg] ar=82373 am=6 aA=6 aH=0 l=false j=false fullRedraw=false
[fifo] ar=82398 retask 0 48 58
[devMouse] retask slot0 (46,59)w13 -> (48,58)
[dbg] ar=82398 am=6 aA=6 aH=0 l=false j=false fullRedraw=false
[fifo] ar=82406 save /tmp/aoe-camp/m1/t.aoesave
[save] wrote /tmp/aoe-camp/m1/t.aoesave (12294B) ar=82407
[dbg] ar=82423 am=6 aA=6 aH=0 l=false j=false fullRedraw=false
[dbg] ar=82448 am=6 aA=6 aH=0 l=false j=false fullRedraw=false
[fifo] ar=82452 state
[devMouse] aA=6/6 cursor=(31,58) cam=(-523,628) Q=3743 aE=512 Y=0 sel=6
[devMouse] p0 unit 0 tile=(47,58) type=0 sel=true
[devMouse] p0 unit 1 tile=(47,59) type=0 sel=true
[devMouse] p0 unit 2 tile=(46,60) type=0 sel=true
[devMouse] p0 unit 3 tile=(29,59) type=3 sel=true
[devMouse] p0 unit 4 tile=(30,59) type=3 sel=true
[devMouse] p0 unit 5 tile=(30,60) type=3 sel=true
[devMouse] p0 unit 6 tile=(29,60) type=3 sel=true
[devMouse] p0 unit 7 tile=(30,57) type=4 sel=true
[devMouse] p0 unit 8 tile=(30,56) type=4 sel=true
[devMouse] p0 unit 9 tile=(30,55) type=4 sel=true
[devMouse] p0 unit 10 tile=(28,58) type=6 sel=true
[devMouse] p1 unit 0 tile=(48,48) type=3 sel=false
[devMouse] p1 unit 1 tile=(40,34) type=3 sel=false
[devMouse] p1 unit 2 tile=(60,55) type=3 sel=false
[devMouse] p1 unit 3 tile=(61,45) type=3 sel=false
[devMouse] p1 unit 4 tile=(49,24) type=3 sel=false
[devMouse] p1 unit 5 tile=(48,25) type=3 sel=false
[devMouse] p1 unit 6 tile=(54,19) type=3 sel=false
[devMouse] p1 unit 7 tile=(36,23) type=4 sel=false
[devMouse] p1 unit 8 tile=(37,22) type=4 sel=false
[devMouse] p1 unit 9 tile=(49,33) type=4 sel=false
[devMouse] p1 unit 10 tile=(32,17) type=3 sel=false
[devMouse] p1 unit 11 tile=(25,21) type=4 sel=false
[devMouse] p1 unit 12 tile=(22,26) type=3 sel=false
[devMouse] p1 unit 13 tile=(23,27) type=3 sel=false
[devMouse] p1 unit 14 tile=(15,47) type=3 sel=false
[devMouse] p1 unit 15 tile=(16,54) type=3 sel=false
[dbg] ar=82473 am=6 aA=6 aH=0 l=false j=false fullRedraw=false
[dbg] ar=82498 am=6 aA=6 aH=0 l=false j=false fullRedraw=false
[fifo] ar=82508 slots 0
[slots] p0 n=11 0:t0@(47,58)w3512 1:t0@(42,58)w13 2:t0@(46,59)w13 3:t3@(29,59)w0 4:t3@(30,59)w0 5:t3@(30,60)w0 6:t3@(29,60)w0 7:t4@(30,57)w0 8:t4@(30,56)w0 9:t4@(30,55)w0 10:t6@(28,58)w0
[dbg] ar=82523 am=6 aA=6 aH=0 l=false j=false fullRedraw=false
[fifo] ar=82532 retask 1 48 59
[devMouse] retask slot1 (44,58)w13 -> (48,59)
[fifo] ar=82541 retask 2 47 60
[devMouse] retask slot2 (44,59)w13 -> (47,60)
[fifo] ar=82548 save /tmp/aoe-camp/m1/t.aoesave
[dbg] ar=82548 am=6 aA=6 aH=0 l=false j=false fullRedraw=false
[save] wrote /tmp/aoe-camp/m1/t.aoesave (12294B) ar=82549
[dbg] ar=82573 am=6 aA=6 aH=0 l=false j=false fullRedraw=false
[fifo] ar=82596 slots 0
[slots] p0 n=11 0:t0@(45,58)w13 1:t0@(47,59)w4312 2:t0@(46,60)w4612 3:t3@(29,59)w0 4:t3@(30,59)w0 5:t3@(30,60)w0 6:t3@(29,60)w0 7:t4@(30,57)w0 8:t4@(30,56)w0 9:t4@(30,55)w0 10:t6@(28,58)w0
[dbg] ar=82598 am=6 aA=6 aH=0 l=false j=false fullRedraw=false
[fifo] ar=82622 retask 0 48 58
[devMouse] retask slot0 (46,59)w13 -> (48,58)
[dbg] ar=82623 am=6 aA=6 aH=0 l=false j=false fullRedraw=false
[fifo] ar=82630 save /tmp/aoe-camp/m1/t.aoesave
[save] wrote /tmp/aoe-camp/m1/t.aoesave (12294B) ar=82631
[dbg] ar=82648 am=6 aA=6 aH=0 l=false j=false fullRedraw=false
[dbg] ar=82673 am=6 aA=6 aH=0 l=false j=false fullRedraw=false
[fifo] ar=82677 slots 0
[slots] p0 n=11 0:t0@(47,58)w3b12 1:t0@(45,58)w13 2:t0@(46,58)w13 3:t3@(29,59)w0 4:t3@(30,59)w0 5:t3@(30,60)w0 6:t3@(29,60)w0 7:t4@(30,57)w0 8:t4@(30,56)w0 9:t4@(30,55)w0 10:t6@(28,58)w0
[dbg] ar=82698 am=6 aA=6 aH=0 l=false j=false fullRedraw=false
[fifo] ar=82702 retask 1 48 59
[devMouse] retask slot1 (46,59)w13 -> (48,59)
[fifo] ar=82710 retask 2 47 60
[devMouse] retask slot2 (45,59)w13 -> (47,60)
[fifo] ar=82718 save /tmp/aoe-camp/m1/t.aoesave
[save] wrote /tmp/aoe-camp/m1/t.aoesave (12294B) ar=82719
[dbg] ar=82723 am=6 aA=6 aH=0 l=false j=false fullRedraw=false
[dbg] ar=82748 am=6 aA=6 aH=0 l=false j=false fullRedraw=false
[fifo] ar=82765 slots 0
[slots] p0 n=11 0:t0@(45,58)w13 1:t0@(47,59)w3712 2:t0@(46,60)w3a12 3:t3@(29,59)w0 4:t3@(30,59)w0 5:t3@(30,60)w0 6:t3@(29,60)w0 7:t4@(30,57)w0 8:t4@(30,56)w0 9:t4@(30,55)w0 10:t6@(28,58)w0
[dbg] ar=82773 am=6 aA=6 aH=0 l=false j=false fullRedraw=false
[fifo] ar=82789 retask 0 48 58
[devMouse] retask slot0 (47,58)w13 -> (48,58)
[fifo] ar=82796 save /tmp/aoe-camp/m1/t.aoesave
[save] wrote /tmp/aoe-camp/m1/t.aoesave (12294B) ar=82797
[dbg] ar=82798 am=6 aA=6 aH=0 l=false j=false fullRedraw=false
[dbg] ar=82823 am=6 aA=6 aH=0 l=false j=false fullRedraw=false
[fifo] ar=82843 slots 0
[slots] p0 n=11 0:t0@(47,58)w3212 1:t0@(44,59)w13 2:t0@(45,58)w13 3:t3@(29,59)w0 4:t3@(30,59)w0 5:t3@(30,60)w0 6:t3@(29,60)w0 7:t4@(30,57)w0 8:t4@(30,56)w0 9:t4@(30,55)w0 10:t6@(28,58)w0
[dbg] ar=82848 am=6 aA=6 aH=0 l=false j=false fullRedraw=false
[fifo] ar=82868 retask 1 48 59
[devMouse] retask slot1 (47,59)w13 -> (48,59)
[dbg] ar=82873 am=6 aA=6 aH=0 l=false j=false fullRedraw=false
[fifo] ar=82876 retask 2 47 60
[devMouse] retask slot2 (46,59)w13 -> (47,60)
[fifo] ar=82884 save /tmp/aoe-camp/m1/t.aoesave
[save] wrote /tmp/aoe-camp/m1/t.aoesave (12294B) ar=82885
[dbg] ar=82898 am=6 aA=6 aH=0 l=false j=false fullRedraw=false
[dbg] ar=82923 am=6 aA=6 aH=0 l=false j=false fullRedraw=false
[fifo] ar=82929 state
[devMouse] aA=6/6 cursor=(31,58) cam=(-523,628) Q=3743 aE=512 Y=0 sel=6
[devMouse] p0 unit 0 tile=(43,58) type=0 sel=true
[devMouse] p0 unit 1 tile=(47,59) type=0 sel=true
[devMouse] p0 unit 2 tile=(46,59) type=0 sel=true
[devMouse] p0 unit 3 tile=(29,59) type=3 sel=true
[devMouse] p0 unit 4 tile=(30,59) type=3 sel=true
[devMouse] p0 unit 5 tile=(30,60) type=3 sel=true
[devMouse] p0 unit 6 tile=(29,60) type=3 sel=true
[devMouse] p0 unit 7 tile=(30,57) type=4 sel=true
[devMouse] p0 unit 8 tile=(30,56) type=4 sel=true
[devMouse] p0 unit 9 tile=(30,55) type=4 sel=true
[devMouse] p0 unit 10 tile=(28,58) type=6 sel=true
[devMouse] p1 unit 0 tile=(48,48) type=3 sel=false
[devMouse] p1 unit 1 tile=(40,34) type=3 sel=false
[devMouse] p1 unit 2 tile=(60,55) type=3 sel=false
[devMouse] p1 unit 3 tile=(61,45) type=3 sel=false
[devMouse] p1 unit 4 tile=(49,24) type=3 sel=false
[devMouse] p1 unit 5 tile=(48,25) type=3 sel=false
[devMouse] p1 unit 6 tile=(54,19) type=3 sel=false
[devMouse] p1 unit 7 tile=(36,23) type=4 sel=false
[devMouse] p1 unit 8 tile=(37,22) type=4 sel=false
[devMouse] p1 unit 9 tile=(49,33) type=4 sel=false
[devMouse] p1 unit 10 tile=(32,17) type=3 sel=false
[devMouse] p1 unit 11 tile=(25,21) type=4 sel=false
[devMouse] p1 unit 12 tile=(22,26) type=3 sel=false
[devMouse] p1 unit 13 tile=(23,27) type=3 sel=false
[devMouse] p1 unit 14 tile=(15,47) type=3 sel=false
[devMouse] p1 unit 15 tile=(16,54) type=3 sel=false
[dbg] ar=82948 am=6 aA=6 aH=0 l=false j=false fullRedraw=false
[dbg] ar=82973 am=6 aA=6 aH=0 l=false j=false fullRedraw=false
[fifo] ar=82984 slots 0
[slots] p0 n=11 0:t0@(44,58)w13 1:t0@(47,58)w13 2:t0@(47,59)w13 3:t3@(29,59)w0 4:t3@(30,59)w0 5:t3@(30,60)w0 6:t3@(29,60)w0 7:t4@(30,57)w0 8:t4@(30,56)w0 9:t4@(30,55)w0 10:t6@(28,58)w0
[dbg] ar=82998 am=6 aA=6 aH=0 l=false j=false fullRedraw=false
[fifo] ar=83010 retask 0 48 58
[devMouse] retask slot0 (46,59)w13 -> (48,58)
[fifo] ar=83018 retask 1 48 59
[devMouse] retask slot1 (43,58)w13 -> (48,59)
[dbg] ar=83023 am=6 aA=6 aH=0 l=false j=false fullRedraw=false
[fifo] ar=83025 retask 2 47 60
[devMouse] retask slot2 (46,59)w13 -> (47,60)
[fifo] ar=83032 save /tmp/aoe-camp/m1/t.aoesave
[save] wrote /tmp/aoe-camp/m1/t.aoesave (12294B) ar=83033
[dbg] ar=83048 am=6 aA=6 aH=0 l=false j=false fullRedraw=false
[dbg] ar=83073 am=6 aA=6 aH=0 l=false j=false fullRedraw=false
[fifo] ar=83080 slots 0
[slots] p0 n=11 0:t0@(47,58)w2b12 1:t0@(47,59)w5b12 2:t0@(46,59)w3112 3:t3@(29,59)w0 4:t3@(30,59)w0 5:t3@(30,60)w0 6:t3@(29,60)w0 7:t4@(30,57)w0 8:t4@(30,56)w0 9:t4@(30,55)w0 10:t6@(28,58)w0
[dbg] ar=83098 am=6 aA=6 aH=0 l=false j=false fullRedraw=false
[fifo] ar=83102 save /tmp/aoe-camp/m1/t.aoesave
[save] wrote /tmp/aoe-camp/m1/t.aoesave (12294B) ar=83103
[dbg] ar=83123 am=6 aA=6 aH=0 l=false j=false fullRedraw=false
[dbg] ar=83148 am=6 aA=6 aH=0 l=false j=false fullRedraw=false
[fifo] ar=83151 slots 0
[slots] p0 n=11 0:t0@(47,58)w13 1:t0@(47,59)w1312 2:t0@(44,59)w13 3:t3@(29,59)w0 4:t3@(30,59)w0 5:t3@(30,60)w0 6:t3@(29,60)w0 7:t4@(30,57)w0 8:t4@(30,56)w0 9:t4@(30,55)w0 10:t6@(28,58)w0
[dbg] ar=83173 am=6 aA=6 aH=0 l=false j=false fullRedraw=false
[fifo] ar=83175 retask 0 48 58
[devMouse] retask slot0 (45,59)w13 -> (48,58)
[fifo] ar=83183 retask 2 47 60
[devMouse] retask slot2 (47,58)w13 -> (47,60)
[fifo] ar=83191 save /tmp/aoe-camp/m1/t.aoesave
[save] wrote /tmp/aoe-camp/m1/t.aoesave (12294B) ar=83193
[dbg] ar=83198 am=6 aA=6 aH=0 l=false j=false fullRedraw=false
[dbg] ar=83223 am=6 aA=6 aH=0 l=false j=false fullRedraw=false
[fifo] ar=83240 slots 0
[slots] p0 n=11 0:t0@(44,59)w0 1:t0@(46,59)w13 2:t0@(47,59)w3f12 3:t3@(29,59)w0 4:t3@(30,59)w0 5:t3@(30,60)w0 6:t3@(29,60)w0 7:t4@(30,57)w0 8:t4@(30,56)w0 9:t4@(30,55)w0 10:t6@(28,58)w0
[dbg] ar=83248 am=6 aA=6 aH=0 l=false j=false fullRedraw=false
[fifo] ar=83264 retask 0 48 58
[devMouse] retask slot0 (46,60)w0 -> (48,58)
[fifo] ar=83272 retask 1 48 59
[devMouse] retask slot1 (46,59)w13 -> (48,59)
[dbg] ar=83273 am=6 aA=6 aH=0 l=false j=false fullRedraw=false
[fifo] ar=83279 save /tmp/aoe-camp/m1/t.aoesave
[save] wrote /tmp/aoe-camp/m1/t.aoesave (12294B) ar=83280
[dbg] ar=83298 am=6 aA=6 aH=0 l=false j=false fullRedraw=false
[dbg] ar=83323 am=6 aA=6 aH=0 l=false j=false fullRedraw=false
[fifo] ar=83324 slots 0
[slots] p0 n=11 0:t0@(44,60)w0 1:t0@(47,58)w4212 2:t0@(46,59)w13 3:t3@(29,59)w0 4:t3@(30,59)w0 5:t3@(30,60)w0 6:t3@(29,60)w0 7:t4@(30,57)w0 8:t4@(30,56)w0 9:t4@(30,55)w0 10:t6@(28,58)w0
[fifo] ar=83348 retask 0 48 58
[devMouse] retask slot0 (47,59)w0 -> (48,58)
[dbg] ar=83348 am=6 aA=6 aH=0 l=false j=false fullRedraw=false
[fifo] ar=83356 retask 2 47 60
[devMouse] retask slot2 (45,60)w13 -> (47,60)
[fifo] ar=83364 save /tmp/aoe-camp/m1/t.aoesave
[save] wrote /tmp/aoe-camp/m1/t.aoesave (12294B) ar=83365
[dbg] ar=83373 am=6 aA=6 aH=0 l=false j=false fullRedraw=false
[dbg] ar=83398 am=6 aA=6 aH=0 l=false j=false fullRedraw=false
[fifo] ar=83408 state
[devMouse] aA=6/6 cursor=(31,58) cam=(-523,628) Q=3743 aE=512 Y=0 sel=6
[devMouse] p0 unit 0 tile=(47,59) type=0 sel=true
[devMouse] p0 unit 1 tile=(45,59) type=0 sel=true
[devMouse] p0 unit 2 tile=(46,60) type=0 sel=true
[devMouse] p0 unit 3 tile=(29,59) type=3 sel=true
[devMouse] p0 unit 4 tile=(30,59) type=3 sel=true
[devMouse] p0 unit 5 tile=(30,60) type=3 sel=true
[devMouse] p0 unit 6 tile=(29,60) type=3 sel=true
[devMouse] p0 unit 7 tile=(30,57) type=4 sel=true
[devMouse] p0 unit 8 tile=(30,56) type=4 sel=true
[devMouse] p0 unit 9 tile=(30,55) type=4 sel=true
[devMouse] p0 unit 10 tile=(28,58) type=6 sel=true
[devMouse] p1 unit 0 tile=(48,48) type=3 sel=false
[devMouse] p1 unit 1 tile=(40,34) type=3 sel=false
[devMouse] p1 unit 2 tile=(60,55) type=3 sel=false
[devMouse] p1 unit 3 tile=(61,45) type=3 sel=false
[devMouse] p1 unit 4 tile=(49,24) type=3 sel=false
[devMouse] p1 unit 5 tile=(48,25) type=3 sel=false
[devMouse] p1 unit 6 tile=(54,19) type=3 sel=false
[devMouse] p1 unit 7 tile=(36,23) type=4 sel=false
[devMouse] p1 unit 8 tile=(37,22) type=4 sel=false
[devMouse] p1 unit 9 tile=(49,33) type=4 sel=false
[devMouse] p1 unit 10 tile=(32,17) type=3 sel=false
[devMouse] p1 unit 11 tile=(25,21) type=4 sel=false
[devMouse] p1 unit 12 tile=(22,26) type=3 sel=false
[devMouse] p1 unit 13 tile=(23,27) type=3 sel=false
[devMouse] p1 unit 14 tile=(15,47) type=3 sel=false
[devMouse] p1 unit 15 tile=(16,54) type=3 sel=false
[dbg] ar=83423 am=6 aA=6 aH=0 l=false j=false fullRedraw=false
[dbg] ar=83448 am=6 aA=6 aH=0 l=false j=false fullRedraw=false
[fifo] ar=83463 slots 0
[slots] p0 n=11 0:t0@(47,58)w13 1:t0@(44,58)w13 2:t0@(46,60)w612 3:t3@(29,59)w0 4:t3@(30,59)w0 5:t3@(30,60)w0 6:t3@(29,60)w0 7:t4@(30,57)w0 8:t4@(30,56)w0 9:t4@(30,55)w0 10:t6@(28,58)w0
[dbg] ar=83473 am=6 aA=6 aH=0 l=false j=false fullRedraw=false
[fifo] ar=83488 retask 0 48 58
[devMouse] retask slot0 (46,59)w13 -> (48,58)
[fifo] ar=83497 retask 1 48 59
[devMouse] retask slot1 (47,59)w13 -> (48,59)
[dbg] ar=83498 am=6 aA=6 aH=0 l=false j=false fullRedraw=false
[fifo] ar=83505 save /tmp/aoe-camp/m1/t.aoesave
[save] wrote /tmp/aoe-camp/m1/t.aoesave (12294B) ar=83506
[dbg] ar=83523 am=6 aA=6 aH=0 l=false j=false fullRedraw=false
[dbg] ar=83548 am=6 aA=6 aH=0 l=false j=false fullRedraw=false
[fifo] ar=83551 slots 0
[slots] p0 n=11 0:t0@(47,58)w3812 1:t0@(47,59)w3212 2:t0@(45,59)w13 3:t3@(29,59)w0 4:t3@(30,59)w0 5:t3@(30,60)w0 6:t3@(29,60)w0 7:t4@(30,57)w0 8:t4@(30,56)w0 9:t4@(30,55)w0 10:t6@(28,58)w0
[dbg] ar=83573 am=6 aA=6 aH=0 l=false j=false fullRedraw=false
[fifo] ar=83575 retask 2 47 60
[devMouse] retask slot2 (45,60)w13 -> (47,60)
[fifo] ar=83583 save /tmp/aoe-camp/m1/t.aoesave
[save] wrote /tmp/aoe-camp/m1/t.aoesave (12294B) ar=83584
[dbg] ar=83598 am=6 aA=6 aH=0 l=false j=false fullRedraw=false
[dbg] ar=83623 am=6 aA=6 aH=0 l=false j=false fullRedraw=false
[fifo] ar=83630 slots 0
[slots] p0 n=11 0:t0@(45,58)w13 1:t0@(46,59)w13 2:t0@(46,60)w3d12 3:t3@(29,59)w0 4:t3@(30,59)w0 5:t3@(30,60)w0 6:t3@(29,60)w0 7:t4@(30,57)w0 8:t4@(30,56)w0 9:t4@(30,55)w0 10:t6@(28,58)w0
[dbg] ar=83648 am=6 aA=6 aH=0 l=false j=false fullRedraw=false
[fifo] ar=83657 retask 0 48 58
[devMouse] retask slot0 (47,59)w13 -> (48,58)
[fifo] ar=83665 retask 1 48 59
[devMouse] retask slot1 (47,58)w13 -> (48,59)
[fifo] ar=83673 save /tmp/aoe-camp/m1/t.aoesave
[dbg] ar=83673 am=6 aA=6 aH=0 l=false j=false fullRedraw=false
[save] wrote /tmp/aoe-camp/m1/t.aoesave (12294B) ar=83674
[dbg] ar=83698 am=6 aA=6 aH=0 l=false j=false fullRedraw=false
[fifo] ar=83719 slots 0
[slots] p0 n=11 0:t0@(47,59)w2d12 1:t0@(47,58)w3012 2:t0@(46,59)w13 3:t3@(29,59)w0 4:t3@(30,59)w0 5:t3@(30,60)w0 6:t3@(29,60)w0 7:t4@(30,57)w0 8:t4@(30,56)w0 9:t4@(30,55)w0 10:t6@(28,58)w0
[dbg] ar=83723 am=6 aA=6 aH=0 l=false j=false fullRedraw=false
[fifo] ar=83743 retask 2 47 60
[devMouse] retask slot2 (46,60)w13 -> (47,60)
[dbg] ar=83748 am=6 aA=6 aH=0 l=false j=false fullRedraw=false
[fifo] ar=83751 save /tmp/aoe-camp/m1/t.aoesave
[save] wrote /tmp/aoe-camp/m1/t.aoesave (12294B) ar=83752
[dbg] ar=83773 am=6 aA=6 aH=0 l=false j=false fullRedraw=false
[fifo] ar=83796 slots 0
[slots] p0 n=11 0:t0@(46,59)w13 1:t0@(46,58)w13 2:t0@(46,60)w3412 3:t3@(29,59)w0 4:t3@(30,59)w0 5:t3@(30,60)w0 6:t3@(29,60)w0 7:t4@(30,57)w0 8:t4@(30,56)w0 9:t4@(30,55)w0 10:t6@(28,58)w0
[dbg] ar=83798 am=6 aA=6 aH=0 l=false j=false fullRedraw=false
[fifo] ar=83820 retask 0 48 58
[devMouse] retask slot0 (47,58)w13 -> (48,58)
[dbg] ar=83823 am=6 aA=6 aH=0 l=false j=false fullRedraw=false
[fifo] ar=83828 retask 1 48 59
[devMouse] retask slot1 (46,59)w13 -> (48,59)
[fifo] ar=83836 save /tmp/aoe-camp/m1/t.aoesave
[save] wrote /tmp/aoe-camp/m1/t.aoesave (12294B) ar=83837
[dbg] ar=83848 am=6 aA=6 aH=0 l=false j=false fullRedraw=false
[dbg] ar=83873 am=6 aA=6 aH=0 l=false j=false fullRedraw=false
[fifo] ar=83882 state
[devMouse] aA=6/6 cursor=(31,58) cam=(-523,628) Q=3743 aE=512 Y=0 sel=6
[devMouse] p0 unit 0 tile=(47,58) type=0 sel=true
[devMouse] p0 unit 1 tile=(47,59) type=0 sel=true
[devMouse] p0 unit 2 tile=(46,59) type=0 sel=true
[devMouse] p0 unit 3 tile=(29,59) type=3 sel=true
[devMouse] p0 unit 4 tile=(30,59) type=3 sel=true
[devMouse] p0 unit 5 tile=(30,60) type=3 sel=true
[devMouse] p0 unit 6 tile=(29,60) type=3 sel=true
[devMouse] p0 unit 7 tile=(30,57) type=4 sel=true
[devMouse] p0 unit 8 tile=(30,56) type=4 sel=true
[devMouse] p0 unit 9 tile=(30,55) type=4 sel=true
[devMouse] p0 unit 10 tile=(28,58) type=6 sel=true
[devMouse] p1 unit 0 tile=(48,48) type=3 sel=false
[devMouse] p1 unit 1 tile=(40,34) type=3 sel=false
[devMouse] p1 unit 2 tile=(60,55) type=3 sel=false
[devMouse] p1 unit 3 tile=(61,45) type=3 sel=false
[devMouse] p1 unit 4 tile=(49,24) type=3 sel=false
[devMouse] p1 unit 5 tile=(48,25) type=3 sel=false
[devMouse] p1 unit 6 tile=(54,19) type=3 sel=false
[devMouse] p1 unit 7 tile=(36,23) type=4 sel=false
[devMouse] p1 unit 8 tile=(37,22) type=4 sel=false
[devMouse] p1 unit 9 tile=(49,33) type=4 sel=false
[devMouse] p1 unit 10 tile=(32,17) type=3 sel=false
[devMouse] p1 unit 11 tile=(25,21) type=4 sel=false
[devMouse] p1 unit 12 tile=(22,26) type=3 sel=false
[devMouse] p1 unit 13 tile=(23,27) type=3 sel=false
[devMouse] p1 unit 14 tile=(15,47) type=3 sel=false
[devMouse] p1 unit 15 tile=(16,54) type=3 sel=false
[dbg] ar=83898 am=6 aA=6 aH=0 l=false j=false fullRedraw=false
[dbg] ar=83923 am=6 aA=6 aH=0 l=false j=false fullRedraw=false
[fifo] ar=83935 slots 0
[slots] p0 n=11 0:t0@(46,58)w13 1:t0@(47,59)w712 2:t0@(46,59)w13 3:t3@(29,59)w0 4:t3@(30,59)w0 5:t3@(30,60)w0 6:t3@(29,60)w0 7:t4@(30,57)w0 8:t4@(30,56)w0 9:t4@(30,55)w0 10:t6@(28,58)w0
[dbg] ar=83948 am=6 aA=6 aH=0 l=false j=false fullRedraw=false
[fifo] ar=83959 retask 0 48 58
[devMouse] retask slot0 (47,58)w13 -> (48,58)
[fifo] ar=83967 retask 2 47 60
[devMouse] retask slot2 (46,58)w13 -> (47,60)
[dbg] ar=83973 am=6 aA=6 aH=0 l=false j=false fullRedraw=false
[fifo] ar=83974 save /tmp/aoe-camp/m1/t.aoesave
[save] wrote /tmp/aoe-camp/m1/t.aoesave (12294B) ar=83975
[dbg] ar=83998 am=6 aA=6 aH=0 l=false j=false fullRedraw=false
[fifo] ar=84019 slots 0
[slots] p0 n=11 0:t0@(47,58)w3212 1:t0@(46,59)w13 2:t0@(47,59)w4312 3:t3@(29,59)w0 4:t3@(30,59)w0 5:t3@(30,60)w0 6:t3@(29,60)w0 7:t4@(30,57)w0 8:t4@(30,56)w0 9:t4@(30,55)w0 10:t6@(28,58)w0
[dbg] ar=84023 am=6 aA=6 aH=0 l=false j=false fullRedraw=false
[fifo] ar=84044 retask 1 48 59
[devMouse] retask slot1 (44,59)w13 -> (48,59)
[dbg] ar=84048 am=6 aA=6 aH=0 l=false j=false fullRedraw=false
[fifo] ar=84051 save /tmp/aoe-camp/m1/t.aoesave
[save] wrote /tmp/aoe-camp/m1/t.aoesave (12294B) ar=84052
[dbg] ar=84073 am=6 aA=6 aH=0 l=false j=false fullRedraw=false
[fifo] ar=84096 slots 0
[slots] p0 n=11 0:t0@(44,58)w13 1:t0@(45,59)w0 2:t0@(45,60)w13 3:t3@(29,59)w0 4:t3@(30,59)w0 5:t3@(30,60)w0 6:t3@(29,60)w0 7:t4@(30,57)w0 8:t4@(30,56)w0 9:t4@(30,55)w0 10:t6@(28,58)w0
[dbg] ar=84098 am=6 aA=6 aH=0 l=false j=false fullRedraw=false
[fifo] ar=84119 retask 0 48 58
[devMouse] retask slot0 (47,58)w13 -> (48,58)
[dbg] ar=84123 am=6 aA=6 aH=0 l=false j=false fullRedraw=false
[fifo] ar=84127 retask 1 48 59
[devMouse] retask slot1 (47,59)w6212 -> (48,59)
[fifo] ar=84135 retask 2 47 60
[devMouse] retask slot2 (46,60)w13 -> (47,60)
[fifo] ar=84143 save /tmp/aoe-camp/m1/t.aoesave
[save] wrote /tmp/aoe-camp/m1/t.aoesave (12294B) ar=84144
[dbg] ar=84148 am=6 aA=6 aH=0 l=false j=false fullRedraw=false
[dbg] ar=84173 am=6 aA=6 aH=0 l=false j=false fullRedraw=false
[fifo] ar=84189 slots 0
[slots] p0 n=11 0:t0@(47,58)w2512 1:t0@(47,59)w2912 2:t0@(46,60)w3612 3:t3@(29,59)w0 4:t3@(30,59)w0 5:t3@(30,60)w0 6:t3@(29,60)w0 7:t4@(30,57)w0 8:t4@(30,56)w0 9:t4@(30,55)w0 10:t6@(28,58)w0
[dbg] ar=84198 am=6 aA=6 aH=0 l=false j=false fullRedraw=false
[fifo] ar=84214 save /tmp/aoe-camp/m1/t.aoesave
[save] wrote /tmp/aoe-camp/m1/t.aoesave (12294B) ar=84215
[dbg] ar=84223 am=6 aA=6 aH=0 l=false j=false fullRedraw=false
[dbg] ar=84248 am=6 aA=6 aH=0 l=false j=false fullRedraw=false
[fifo] ar=84263 slots 0
[slots] p0 n=11 0:t0@(45,59)w13 1:t0@(46,59)w13 2:t0@(47,58)w13 3:t3@(29,59)w0 4:t3@(30,59)w0 5:t3@(30,60)w0 6:t3@(29,60)w0 7:t4@(30,57)w0 8:t4@(30,56)w0 9:t4@(30,55)w0 10:t6@(28,58)w0
[dbg] ar=84273 am=6 aA=6 aH=0 l=false j=false fullRedraw=false
[fifo] ar=84287 retask 0 48 58
[devMouse] retask slot0 (47,59)w13 -> (48,58)
[fifo] ar=84295 retask 1 48 59
[devMouse] retask slot1 (45,59)w13 -> (48,59)
[dbg] ar=84298 am=6 aA=6 aH=0 l=false j=false fullRedraw=false
[fifo] ar=84302 retask 2 47 60
[devMouse] retask slot2 (47,58)w13 -> (47,60)
[fifo] ar=84311 save /tmp/aoe-camp/m1/t.aoesave
[save] wrote /tmp/aoe-camp/m1/t.aoesave (12294B) ar=84312
[dbg] ar=84323 am=6 aA=6 aH=0 l=false j=false fullRedraw=false
[dbg] ar=84348 am=6 aA=6 aH=0 l=false j=false fullRedraw=false
[fifo] ar=84357 state
[devMouse] aA=6/6 cursor=(31,58) cam=(-523,628) Q=3743 aE=512 Y=0 sel=6
[devMouse] p0 unit 0 tile=(47,59) type=0 sel=true
[devMouse] p0 unit 1 tile=(47,58) type=0 sel=true
[devMouse] p0 unit 2 tile=(46,60) type=0 sel=true
[devMouse] p0 unit 3 tile=(29,59) type=3 sel=true
[devMouse] p0 unit 4 tile=(30,59) type=3 sel=true
[devMouse] p0 unit 5 tile=(30,60) type=3 sel=true
[devMouse] p0 unit 6 tile=(29,60) type=3 sel=true
[devMouse] p0 unit 7 tile=(30,57) type=4 sel=true
[devMouse] p0 unit 8 tile=(30,56) type=4 sel=true
[devMouse] p0 unit 9 tile=(30,55) type=4 sel=true
[devMouse] p0 unit 10 tile=(28,58) type=6 sel=true
[devMouse] p1 unit 0 tile=(48,48) type=3 sel=false
[devMouse] p1 unit 1 tile=(40,34) type=3 sel=false
[devMouse] p1 unit 2 tile=(60,55) type=3 sel=false
[devMouse] p1 unit 3 tile=(61,45) type=3 sel=false
[devMouse] p1 unit 4 tile=(49,24) type=3 sel=false
[devMouse] p1 unit 5 tile=(48,25) type=3 sel=false
[devMouse] p1 unit 6 tile=(54,19) type=3 sel=false
[devMouse] p1 unit 7 tile=(36,23) type=4 sel=false
[devMouse] p1 unit 8 tile=(37,22) type=4 sel=false
[devMouse] p1 unit 9 tile=(49,33) type=4 sel=false
[devMouse] p1 unit 10 tile=(32,17) type=3 sel=false
[devMouse] p1 unit 11 tile=(25,21) type=4 sel=false
[devMouse] p1 unit 12 tile=(22,26) type=3 sel=false
[devMouse] p1 unit 13 tile=(23,27) type=3 sel=false
[devMouse] p1 unit 14 tile=(15,47) type=3 sel=false
[devMouse] p1 unit 15 tile=(16,54) type=3 sel=false
[dbg] ar=84373 am=6 aA=6 aH=0 l=false j=false fullRedraw=false
[dbg] ar=84398 am=6 aA=6 aH=0 l=false j=false fullRedraw=false
[fifo] ar=84414 slots 0
[slots] p0 n=11 0:t0@(44,59)w13 1:t0@(47,58)wa12 2:t0@(46,60)w1712 3:t3@(29,59)w0 4:t3@(30,59)w0 5:t3@(30,60)w0 6:t3@(29,60)w0 7:t4@(30,57)w0 8:t4@(30,56)w0 9:t4@(30,55)w0 10:t6@(28,58)w0
[dbg] ar=84423 am=6 aA=6 aH=0 l=false j=false fullRedraw=false
[fifo] ar=84440 retask 0 48 58
[devMouse] retask slot0 (47,59)w13 -> (48,58)
[fifo] ar=84448 save /tmp/aoe-camp/m1/t.aoesave
[dbg] ar=84448 am=6 aA=6 aH=0 l=false j=false fullRedraw=false
[save] wrote /tmp/aoe-camp/m1/t.aoesave (12294B) ar=84449
[dbg] ar=84473 am=6 aA=6 aH=0 l=false j=false fullRedraw=false
[fifo] ar=84495 slots 0
[slots] p0 n=11 0:t0@(47,59)w3612 1:t0@(46,58)w13 2:t0@(44,58)w13 3:t3@(29,59)w0 4:t3@(30,59)w0 5:t3@(30,60)w0 6:t3@(29,60)w0 7:t4@(30,57)w0 8:t4@(30,56)w0 9:t4@(30,55)w0 10:t6@(28,58)w0
[dbg] ar=84498 am=6 aA=6 aH=0 l=false j=false fullRedraw=false
[fifo] ar=84520 retask 1 48 59
[devMouse] retask slot1 (45,59)w13 -> (48,59)
[dbg] ar=84523 am=6 aA=6 aH=0 l=false j=false fullRedraw=false
[fifo] ar=84528 retask 2 47 60
[devMouse] retask slot2 (46,59)w13 -> (47,60)
[fifo] ar=84537 save /tmp/aoe-camp/m1/t.aoesave
[save] wrote /tmp/aoe-camp/m1/t.aoesave (12294B) ar=84538
[dbg] ar=84548 am=6 aA=6 aH=0 l=false j=false fullRedraw=false
[dbg] ar=84573 am=6 aA=6 aH=0 l=false j=false fullRedraw=false
[fifo] ar=84582 slots 0
[slots] p0 n=11 0:t0@(46,59)w13 1:t0@(47,59)w5412 2:t0@(47,60)w0 3:t3@(29,59)w0 4:t3@(30,59)w0 5:t3@(30,60)w0 6:t3@(29,60)w0 7:t4@(30,57)w0 8:t4@(30,56)w0 9:t4@(30,55)w0 10:t6@(28,58)w0
[dbg] ar=84598 am=6 aA=6 aH=0 l=false j=false fullRedraw=false
[fifo] ar=84608 retask 0 48 58
[devMouse] retask slot0 (45,59)w13 -> (48,58)
[fifo] ar=84615 retask 2 48 60
[devMouse] retask slot2 (47,60)w0 -> (48,60)
[fifo] ar=84623 save /tmp/aoe-camp/m1/t.aoesave
[dbg] ar=84623 am=6 aA=6 aH=0 l=false j=false fullRedraw=false
[save] wrote /tmp/aoe-camp/m1/t.aoesave (12294B) ar=84624
[dbg] ar=84648 am=6 aA=6 aH=0 l=false j=false fullRedraw=false
[fifo] ar=84669 slots 0
[slots] p0 n=11 0:t0@(47,58)w4012 1:t0@(46,60)w13 2:t0@(47,60)w3112 3:t3@(29,59)w0 4:t3@(30,59)w0 5:t3@(30,60)w0 6:t3@(29,60)w0 7:t4@(30,57)w0 8:t4@(30,56)w0 9:t4@(30,55)w0 10:t6@(28,58)w0
[dbg] ar=84673 am=6 aA=6 aH=0 l=false j=false fullRedraw=false
[fifo] ar=84696 retask 1 48 59
[devMouse] retask slot1 (45,59)w13 -> (48,59)
[dbg] ar=84698 am=6 aA=6 aH=0 l=false j=false fullRedraw=false
[fifo] ar=84703 save /tmp/aoe-camp/m1/t.aoesave
[save] wrote /tmp/aoe-camp/m1/t.aoesave (12294B) ar=84704
[dbg] ar=84723 am=6 aA=6 aH=0 l=false j=false fullRedraw=false
[dbg] ar=84748 am=6 aA=6 aH=0 l=false j=false fullRedraw=false
[fifo] ar=84750 slots 0
[slots] p0 n=11 0:t0@(45,59)w13 1:t0@(47,59)w4912 2:t0@(46,59)w13 3:t3@(29,59)w0 4:t3@(30,59)w0 5:t3@(30,60)w0 6:t3@(29,60)w0 7:t4@(30,57)w0 8:t4@(30,56)w0 9:t4@(30,55)w0 10:t6@(28,58)w0
[dbg] ar=84773 am=6 aA=6 aH=0 l=false j=false fullRedraw=false
[fifo] ar=84775 retask 0 48 58
[devMouse] retask slot0 (46,58)w13 -> (48,58)
[fifo] ar=84783 retask 2 48 60
[devMouse] retask slot2 (46,58)w13 -> (48,60)
[fifo] ar=84790 save /tmp/aoe-camp/m1/t.aoesave
[save] wrote /tmp/aoe-camp/m1/t.aoesave (12294B) ar=84791
[dbg] ar=84798 am=6 aA=6 aH=0 l=false j=false fullRedraw=false
[dbg] ar=84823 am=6 aA=6 aH=0 l=false j=false fullRedraw=false
[fifo] ar=84835 state
[devMouse] aA=6/6 cursor=(31,58) cam=(-523,628) Q=3743 aE=512 Y=0 sel=6
[devMouse] p0 unit 0 tile=(47,58) type=0 sel=true
[devMouse] p0 unit 1 tile=(45,60) type=0 sel=true
[devMouse] p0 unit 2 tile=(47,60) type=0 sel=true
[devMouse] p0 unit 3 tile=(29,59) type=3 sel=true
[devMouse] p0 unit 4 tile=(30,59) type=3 sel=true
[devMouse] p0 unit 5 tile=(30,60) type=3 sel=true
[devMouse] p0 unit 6 tile=(29,60) type=3 sel=true
[devMouse] p0 unit 7 tile=(30,57) type=4 sel=true
[devMouse] p0 unit 8 tile=(30,56) type=4 sel=true
[devMouse] p0 unit 9 tile=(30,55) type=4 sel=true
[devMouse] p0 unit 10 tile=(28,58) type=6 sel=true
[devMouse] p1 unit 0 tile=(48,48) type=3 sel=false
[devMouse] p1 unit 1 tile=(40,34) type=3 sel=false
[devMouse] p1 unit 2 tile=(60,55) type=3 sel=false
[devMouse] p1 unit 3 tile=(61,45) type=3 sel=false
[devMouse] p1 unit 4 tile=(49,24) type=3 sel=false
[devMouse] p1 unit 5 tile=(48,25) type=3 sel=false
[devMouse] p1 unit 6 tile=(54,19) type=3 sel=false
[devMouse] p1 unit 7 tile=(36,23) type=4 sel=false
[devMouse] p1 unit 8 tile=(37,22) type=4 sel=false
[devMouse] p1 unit 9 tile=(49,33) type=4 sel=false
[devMouse] p1 unit 10 tile=(32,17) type=3 sel=false
[devMouse] p1 unit 11 tile=(25,21) type=4 sel=false
[devMouse] p1 unit 12 tile=(22,26) type=3 sel=false
[devMouse] p1 unit 13 tile=(23,27) type=3 sel=false
[devMouse] p1 unit 14 tile=(15,47) type=3 sel=false
[devMouse] p1 unit 15 tile=(16,54) type=3 sel=false
[dbg] ar=84848 am=6 aA=6 aH=0 l=false j=false fullRedraw=false
[dbg] ar=84873 am=6 aA=6 aH=0 l=false j=false fullRedraw=false
[fifo] ar=84888 slots 0
[slots] p0 n=11 0:t0@(47,58)w212 1:t0@(45,60)w13 2:t0@(47,60)w1712 3:t3@(29,59)w0 4:t3@(30,59)w0 5:t3@(30,60)w0 6:t3@(29,60)w0 7:t4@(30,57)w0 8:t4@(30,56)w0 9:t4@(30,55)w0 10:t6@(28,58)w0
[dbg] ar=84898 am=6 aA=6 aH=0 l=false j=false fullRedraw=false
[fifo] ar=84913 retask 1 48 59
[devMouse] retask slot1 (45,59)w13 -> (48,59)
[fifo] ar=84921 save /tmp/aoe-camp/m1/t.aoesave
[save] wrote /tmp/aoe-camp/m1/t.aoesave (12294B) ar=84922
[dbg] ar=84923 am=6 aA=6 aH=0 l=false j=false fullRedraw=false
[dbg] ar=84948 am=6 aA=6 aH=0 l=false j=false fullRedraw=false
[fifo] ar=84969 slots 0
[slots] p0 n=11 0:t0@(46,59)w13 1:t0@(47,59)w4112 2:t0@(44,58)w13 3:t3@(29,59)w0 4:t3@(30,59)w0 5:t3@(30,60)w0 6:t3@(29,60)w0 7:t4@(30,57)w0 8:t4@(30,56)w0 9:t4@(30,55)w0 10:t6@(28,58)w0
[dbg] ar=84973 am=6 aA=6 aH=0 l=false j=false fullRedraw=false
[fifo] ar=84994 retask 0 48 58
[devMouse] retask slot0 (45,59)w13 -> (48,58)
[dbg] ar=84998 am=6 aA=6 aH=0 l=false j=false fullRedraw=false
[fifo] ar=85003 retask 2 48 60
[devMouse] retask slot2 (47,60)w13 -> (48,60)
[fifo] ar=85011 save /tmp/aoe-camp/m1/t.aoesave
[save] wrote /tmp/aoe-camp/m1/t.aoesave (12294B) ar=85012
[dbg] ar=85023 am=6 aA=6 aH=0 l=false j=false fullRedraw=false
[dbg] ar=85048 am=6 aA=6 aH=0 l=false j=false fullRedraw=false
[fifo] ar=85056 slots 0
[slots] p0 n=11 0:t0@(47,58)w3f12 1:t0@(44,59)w13 2:t0@(47,60)w3612 3:t3@(29,59)w0 4:t3@(30,59)w0 5:t3@(30,60)w0 6:t3@(29,60)w0 7:t4@(30,57)w0 8:t4@(30,56)w0 9:t4@(30,55)w0 10:t6@(28,58)w0
[dbg] ar=85073 am=6 aA=6 aH=0 l=false j=false fullRedraw=false
[fifo] ar=85080 retask 1 48 59
[devMouse] retask slot1 (47,59)w13 -> (48,59)
[fifo] ar=85088 save /tmp/aoe-camp/m1/t.aoesave
[save] wrote /tmp/aoe-camp/m1/t.aoesave (12294B) ar=85089
[dbg] ar=85098 am=6 aA=6 aH=0 l=false j=false fullRedraw=false
[dbg] ar=85123 am=6 aA=6 aH=0 l=false j=false fullRedraw=false
[fifo] ar=85136 slots 0
[slots] p0 n=11 0:t0@(46,59)w13 1:t0@(47,59)w3712 2:t0@(44,58)w13 3:t3@(29,59)w0 4:t3@(30,59)w0 5:t3@(30,60)w0 6:t3@(29,60)w0 7:t4@(30,57)w0 8:t4@(30,56)w0 9:t4@(30,55)w0 10:t6@(28,58)w0
[dbg] ar=85148 am=6 aA=6 aH=0 l=false j=false fullRedraw=false
[fifo] ar=85160 retask 0 48 58
[devMouse] retask slot0 (47,60)w13 -> (48,58)
[fifo] ar=85167 retask 2 48 60
[devMouse] retask slot2 (47,58)w13 -> (48,60)
[dbg] ar=85173 am=6 aA=6 aH=0 l=false j=false fullRedraw=false
[fifo] ar=85174 save /tmp/aoe-camp/m1/t.aoesave
[save] wrote /tmp/aoe-camp/m1/t.aoesave (12294B) ar=85175
[dbg] ar=85198 am=6 aA=6 aH=0 l=false j=false fullRedraw=false
[fifo] ar=85222 slots 0
[slots] p0 n=11 0:t0@(47,58)w3f12 1:t0@(46,60)w13 2:t0@(47,60)w5d12 3:t3@(29,59)w0 4:t3@(30,59)w0 5:t3@(30,60)w0 6:t3@(29,60)w0 7:t4@(30,57)w0 8:t4@(30,56)w0 9:t4@(30,55)w0 10:t6@(28,58)w0
[dbg] ar=85223 am=6 aA=6 aH=0 l=false j=false fullRedraw=false
[fifo] ar=85247 retask 1 48 59
[devMouse] retask slot1 (45,59)w13 -> (48,59)
[dbg] ar=85248 am=6 aA=6 aH=0 l=false j=false fullRedraw=false
[fifo] ar=85254 save /tmp/aoe-camp/m1/t.aoesave
[save] wrote /tmp/aoe-camp/m1/t.aoesave (12294B) ar=85255
[dbg] ar=85273 am=6 aA=6 aH=0 l=false j=false fullRedraw=false
[dbg] ar=85298 am=6 aA=6 aH=0 l=false j=false fullRedraw=false
[fifo] ar=85301 state
[devMouse] aA=6/6 cursor=(31,58) cam=(-523,628) Q=3743 aE=512 Y=0 sel=6
[devMouse] p0 unit 0 tile=(45,59) type=0 sel=true
[devMouse] p0 unit 1 tile=(47,59) type=0 sel=true
[devMouse] p0 unit 2 tile=(47,60) type=0 sel=true
[devMouse] p0 unit 3 tile=(29,59) type=3 sel=true
[devMouse] p0 unit 4 tile=(30,59) type=3 sel=true
[devMouse] p0 unit 5 tile=(30,60) type=3 sel=true
[devMouse] p0 unit 6 tile=(29,60) type=3 sel=true
[devMouse] p0 unit 7 tile=(30,57) type=4 sel=true
[devMouse] p0 unit 8 tile=(30,56) type=4 sel=true
[devMouse] p0 unit 9 tile=(30,55) type=4 sel=true
[devMouse] p0 unit 10 tile=(28,58) type=6 sel=true
[devMouse] p1 unit 0 tile=(48,48) type=3 sel=false
[devMouse] p1 unit 1 tile=(40,34) type=3 sel=false
[devMouse] p1 unit 2 tile=(60,55) type=3 sel=false
[devMouse] p1 unit 3 tile=(61,45) type=3 sel=false
[devMouse] p1 unit 4 tile=(49,24) type=3 sel=false
[devMouse] p1 unit 5 tile=(48,25) type=3 sel=false
[devMouse] p1 unit 6 tile=(54,19) type=3 sel=false
[devMouse] p1 unit 7 tile=(36,23) type=4 sel=false
[devMouse] p1 unit 8 tile=(37,22) type=4 sel=false
[devMouse] p1 unit 9 tile=(49,33) type=4 sel=false
[devMouse] p1 unit 10 tile=(32,17) type=3 sel=false
[devMouse] p1 unit 11 tile=(25,21) type=4 sel=false
[devMouse] p1 unit 12 tile=(22,26) type=3 sel=false
[devMouse] p1 unit 13 tile=(23,27) type=3 sel=false
[devMouse] p1 unit 14 tile=(15,47) type=3 sel=false
[devMouse] p1 unit 15 tile=(16,54) type=3 sel=false
[dbg] ar=85323 am=6 aA=6 aH=0 l=false j=false fullRedraw=false
[dbg] ar=85348 am=6 aA=6 aH=0 l=false j=false fullRedraw=false
[fifo] ar=85356 slots 0
[slots] p0 n=11 0:t0@(45,59)w13 1:t0@(47,59)w1312 2:t0@(46,58)w13 3:t3@(29,59)w0 4:t3@(30,59)w0 5:t3@(30,60)w0 6:t3@(29,60)w0 7:t4@(30,57)w0 8:t4@(30,56)w0 9:t4@(30,55)w0 10:t6@(28,58)w0
[dbg] ar=85373 am=6 aA=6 aH=0 l=false j=false fullRedraw=false
[fifo] ar=85380 retask 0 48 58
[devMouse] retask slot0 (46,58)w13 -> (48,58)
[fifo] ar=85388 retask 2 48 60
[devMouse] retask slot2 (47,60)w13 -> (48,60)
[fifo] ar=85396 save /tmp/aoe-camp/m1/t.aoesave
[save] wrote /tmp/aoe-camp/m1/t.aoesave (12294B) ar=85397
[dbg] ar=85398 am=6 aA=6 aH=0 l=false j=false fullRedraw=false
[dbg] ar=85423 am=6 aA=6 aH=0 l=false j=false fullRedraw=false
[fifo] ar=85442 slots 0
[slots] p0 n=11 0:t0@(47,58)w3612 1:t0@(44,59)w13 2:t0@(47,60)w3912 3:t3@(29,59)w0 4:t3@(30,59)w0 5:t3@(30,60)w0 6:t3@(29,60)w0 7:t4@(30,57)w0 8:t4@(30,56)w0 9:t4@(30,55)w0 10:t6@(28,58)w0
[dbg] ar=85448 am=6 aA=6 aH=0 l=false j=false fullRedraw=false
[fifo] ar=85466 retask 1 48 59
[devMouse] retask slot1 (47,59)w13 -> (48,59)
[fifo] ar=85473 save /tmp/aoe-camp/m1/t.aoesave
[dbg] ar=85473 am=6 aA=6 aH=0 l=false j=false fullRedraw=false
[save] wrote /tmp/aoe-camp/m1/t.aoesave (12294B) ar=85474
[dbg] ar=85498 am=6 aA=6 aH=0 l=false j=false fullRedraw=false
[fifo] ar=85517 slots 0
[slots] p0 n=11 0:t0@(44,58)w13 1:t0@(47,59)w3c12 2:t0@(46,59)w13 3:t3@(29,59)w0 4:t3@(30,59)w0 5:t3@(30,60)w0 6:t3@(29,60)w0 7:t4@(30,57)w0 8:t4@(30,56)w0 9:t4@(30,55)w0 10:t6@(28,58)w0
[dbg] ar=85523 am=6 aA=6 aH=0 l=false j=false fullRedraw=false
[fifo] ar=85540 retask 0 48 58
[devMouse] retask slot0 (46,59)w13 -> (48,58)
[fifo] ar=85548 retask 2 48 60
[devMouse] retask slot2 (46,59)w13 -> (48,60)
[dbg] ar=85548 am=6 aA=6 aH=0 l=false j=false fullRedraw=false
[fifo] ar=85556 save /tmp/aoe-camp/m1/t.aoesave
[save] wrote /tmp/aoe-camp/m1/t.aoesave (12294B) ar=85557
[dbg] ar=85573 am=6 aA=6 aH=0 l=false j=false fullRedraw=false
[dbg] ar=85598 am=6 aA=6 aH=0 l=false j=false fullRedraw=false
[fifo] ar=85603 slots 0
[slots] p0 n=11 0:t0@(47,58)w3212 1:t0@(44,59)w13 2:t0@(47,60)w3e12 3:t3@(29,59)w0 4:t3@(30,59)w0 5:t3@(30,60)w0 6:t3@(29,60)w0 7:t4@(30,57)w0 8:t4@(30,56)w0 9:t4@(30,55)w0 10:t6@(28,58)w0
[dbg] ar=85623 am=6 aA=6 aH=0 l=false j=false fullRedraw=false
[fifo] ar=85629 retask 1 48 59
[devMouse] retask slot1 (47,59)w13 -> (48,59)
[fifo] ar=85638 save /tmp/aoe-camp/m1/t.aoesave
[save] wrote /tmp/aoe-camp/m1/t.aoesave (12294B) ar=85639
[dbg] ar=85648 am=6 aA=6 aH=0 l=false j=false fullRedraw=false
[dbg] ar=85673 am=6 aA=6 aH=0 l=false j=false fullRedraw=false
[fifo] ar=85686 slots 0
[slots] p0 n=11 0:t0@(45,58)w13 1:t0@(47,59)w3012 2:t0@(47,58)w13 3:t3@(29,59)w0 4:t3@(30,59)w0 5:t3@(30,60)w0 6:t3@(29,60)w0 7:t4@(30,57)w0 8:t4@(30,56)w0 9:t4@(30,55)w0 10:t6@(28,58)w0
[dbg] ar=85698 am=6 aA=6 aH=0 l=false j=false fullRedraw=false
[fifo] ar=85711 retask 0 48 58
[devMouse] retask slot0 (46,59)w13 -> (48,58)
[fifo] ar=85718 retask 2 48 60
[devMouse] retask slot2 (44,58)w13 -> (48,60)
[dbg] ar=85723 am=6 aA=6 aH=0 l=false j=false fullRedraw=false
[fifo] ar=85726 save /tmp/aoe-camp/m1/t.aoesave
[save] wrote /tmp/aoe-camp/m1/t.aoesave (12294B) ar=85727
[dbg] ar=85748 am=6 aA=6 aH=0 l=false j=false fullRedraw=false
[fifo] ar=85773 state
[devMouse] aA=6/6 cursor=(31,58) cam=(-523,628) Q=3743 aE=512 Y=0 sel=6
[devMouse] p0 unit 0 tile=(47,58) type=0 sel=true
[devMouse] p0 unit 1 tile=(47,60) type=0 sel=true
[devMouse] p0 unit 2 tile=(47,59) type=0 sel=true
[devMouse] p0 unit 3 tile=(29,59) type=3 sel=true
[devMouse] p0 unit 4 tile=(30,59) type=3 sel=true
[devMouse] p0 unit 5 tile=(30,60) type=3 sel=true
[devMouse] p0 unit 6 tile=(29,60) type=3 sel=true
[devMouse] p0 unit 7 tile=(30,57) type=4 sel=true
[devMouse] p0 unit 8 tile=(30,56) type=4 sel=true
[devMouse] p0 unit 9 tile=(30,55) type=4 sel=true
[devMouse] p0 unit 10 tile=(28,58) type=6 sel=true
[devMouse] p1 unit 0 tile=(48,48) type=3 sel=false
[devMouse] p1 unit 1 tile=(40,34) type=3 sel=false
[devMouse] p1 unit 2 tile=(60,55) type=3 sel=false
[devMouse] p1 unit 3 tile=(61,45) type=3 sel=false
[devMouse] p1 unit 4 tile=(49,24) type=3 sel=false
[devMouse] p1 unit 5 tile=(48,25) type=3 sel=false
[devMouse] p1 unit 6 tile=(54,19) type=3 sel=false
[devMouse] p1 unit 7 tile=(36,23) type=4 sel=false
[devMouse] p1 unit 8 tile=(37,22) type=4 sel=false
[devMouse] p1 unit 9 tile=(49,33) type=4 sel=false
[devMouse] p1 unit 10 tile=(32,17) type=3 sel=false
[devMouse] p1 unit 11 tile=(25,21) type=4 sel=false
[devMouse] p1 unit 12 tile=(22,26) type=3 sel=false
[devMouse] p1 unit 13 tile=(23,27) type=3 sel=false
[devMouse] p1 unit 14 tile=(15,47) type=3 sel=false
[devMouse] p1 unit 15 tile=(16,54) type=3 sel=false
[dbg] ar=85773 am=6 aA=6 aH=0 l=false j=false fullRedraw=false
[dbg] ar=85798 am=6 aA=6 aH=0 l=false j=false fullRedraw=false
[dbg] ar=85823 am=6 aA=6 aH=0 l=false j=false fullRedraw=false
[fifo] ar=85828 slots 0
[slots] p0 n=11 0:t0@(47,58)w13 1:t0@(45,59)w13 2:t0@(47,59)w1512 3:t3@(29,59)w0 4:t3@(30,59)w0 5:t3@(30,60)w0 6:t3@(29,60)w0 7:t4@(30,57)w0 8:t4@(30,56)w0 9:t4@(30,55)w0 10:t6@(28,58)w0
[dbg] ar=85848 am=6 aA=6 aH=0 l=false j=false fullRedraw=false
[fifo] ar=85853 retask 0 48 58
[devMouse] retask slot0 (47,59)w13 -> (48,58)
[fifo] ar=85861 retask 1 48 59
[devMouse] retask slot1 (46,60)w13 -> (48,59)
[fifo] ar=85868 save /tmp/aoe-camp/m1/t.aoesave
[save] wrote /tmp/aoe-camp/m1/t.aoesave (12294B) ar=85869
[dbg] ar=85873 am=6 aA=6 aH=0 l=false j=false fullRedraw=false
[dbg] ar=85898 am=6 aA=6 aH=0 l=false j=false fullRedraw=false
[fifo] ar=85915 slots 0
[slots] p0 n=11 0:t0@(48,58)w0 1:t0@(47,59)w4112 2:t0@(45,59)w13 3:t3@(29,59)w0 4:t3@(30,59)w0 5:t3@(30,60)w0 6:t3@(29,60)w0 7:t4@(30,57)w0 8:t4@(30,56)w0 9:t4@(30,55)w0 10:t6@(28,58)w0
[dbg] ar=85923 am=6 aA=6 aH=0 l=false j=false fullRedraw=false
[fifo] ar=85938 retask 0 48 58
[devMouse] retask slot0 (48,58)w0 -> (48,58)
[fifo] ar=85947 retask 2 48 60
[devMouse] retask slot2 (46,60)w13 -> (48,60)
[dbg] ar=85948 am=6 aA=6 aH=0 l=false j=false fullRedraw=false
[fifo] ar=85954 save /tmp/aoe-camp/m1/t.aoesave
[save] wrote /tmp/aoe-camp/m1/t.aoesave (12294B) ar=85955
[dbg] ar=85973 am=6 aA=6 aH=0 l=false j=false fullRedraw=false
[dbg] ar=85998 am=6 aA=6 aH=0 l=false j=false fullRedraw=false
[fifo] ar=86000 slots 0
[slots] p0 n=11 0:t0@(48,58)w0 1:t0@(45,59)w13 2:t0@(47,60)w3c12 3:t3@(29,59)w0 4:t3@(30,59)w0 5:t3@(30,60)w0 6:t3@(29,60)w0 7:t4@(30,57)w0 8:t4@(30,56)w0 9:t4@(30,55)w0 10:t6@(28,58)w0
[dbg] ar=86023 am=6 aA=6 aH=0 l=false j=false fullRedraw=false
[fifo] ar=86024 retask 0 48 58
[devMouse] retask slot0 (48,58)w0 -> (48,58)
[fifo] ar=86032 retask 1 48 59
[devMouse] retask slot1 (47,58)w13 -> (48,59)
[fifo] ar=86040 save /tmp/aoe-camp/m1/t.aoesave
[save] wrote /tmp/aoe-camp/m1/t.aoesave (12294B) ar=86041
[dbg] ar=86048 am=6 aA=6 aH=0 l=false j=false fullRedraw=false
[dbg] ar=86073 am=6 aA=6 aH=0 l=false j=false fullRedraw=false
[fifo] ar=86087 slots 0
[slots] p0 n=11 0:t0@(48,58)w0 1:t0@(47,58)w3212 2:t0@(45,58)w13 3:t3@(29,59)w0 4:t3@(30,59)w0 5:t3@(30,60)w0 6:t3@(29,60)w0 7:t4@(30,57)w0 8:t4@(30,56)w0 9:t4@(30,55)w0 10:t6@(28,58)w0
[dbg] ar=86098 am=6 aA=6 aH=0 l=false j=false fullRedraw=false
[fifo] ar=86111 retask 0 49 58
[devMouse] retask slot0 (48,58)w0 -> (49,58)
[fifo] ar=86118 retask 2 48 60
[devMouse] retask slot2 (47,59)w13 -> (48,60)
[dbg] ar=86123 am=6 aA=6 aH=0 l=false j=false fullRedraw=false
[fifo] ar=86125 save /tmp/aoe-camp/m1/t.aoesave
[save] wrote /tmp/aoe-camp/m1/t.aoesave (12294B) ar=86126
[dbg] ar=86148 am=6 aA=6 aH=0 l=false j=false fullRedraw=false
[fifo] ar=86171 slots 0
[slots] p0 n=11 0:t0@(48,58)w2b12 1:t0@(45,58)w13 2:t0@(47,59)w3712 3:t3@(29,59)w0 4:t3@(30,59)w0 5:t3@(30,60)w0 6:t3@(29,60)w0 7:t4@(30,57)w0 8:t4@(30,56)w0 9:t4@(30,55)w0 10:t6@(28,58)w0
[dbg] ar=86173 am=6 aA=6 aH=0 l=false j=false fullRedraw=false
[fifo] ar=86196 retask 1 48 59
[devMouse] retask slot1 (46,59)w13 -> (48,59)
[dbg] ar=86198 am=6 aA=6 aH=0 l=false j=false fullRedraw=false
[fifo] ar=86205 save /tmp/aoe-camp/m1/t.aoesave
[save] wrote /tmp/aoe-camp/m1/t.aoesave (12294B) ar=86206
[dbg] ar=86223 am=6 aA=6 aH=0 l=false j=false fullRedraw=false
[dbg] ar=86248 am=6 aA=6 aH=0 l=false j=false fullRedraw=false
[fifo] ar=86251 state
[devMouse] aA=6/6 cursor=(31,58) cam=(-523,628) Q=3743 aE=512 Y=0 sel=6
[devMouse] p0 unit 0 tile=(47,58) type=0 sel=true
[devMouse] p0 unit 1 tile=(47,59) type=0 sel=true
[devMouse] p0 unit 2 tile=(45,59) type=0 sel=true
[devMouse] p0 unit 3 tile=(29,59) type=3 sel=true
[devMouse] p0 unit 4 tile=(30,59) type=3 sel=true
[devMouse] p0 unit 5 tile=(30,60) type=3 sel=true
[devMouse] p0 unit 6 tile=(29,60) type=3 sel=true
[devMouse] p0 unit 7 tile=(30,57) type=4 sel=true
[devMouse] p0 unit 8 tile=(30,56) type=4 sel=true
[devMouse] p0 unit 9 tile=(30,55) type=4 sel=true
[devMouse] p0 unit 10 tile=(28,58) type=6 sel=true
[devMouse] p1 unit 0 tile=(48,48) type=3 sel=false
[devMouse] p1 unit 1 tile=(40,34) type=3 sel=false
[devMouse] p1 unit 2 tile=(60,55) type=3 sel=false
[devMouse] p1 unit 3 tile=(61,45) type=3 sel=false
[devMouse] p1 unit 4 tile=(49,24) type=3 sel=false
[devMouse] p1 unit 5 tile=(48,25) type=3 sel=false
[devMouse] p1 unit 6 tile=(54,19) type=3 sel=false
[devMouse] p1 unit 7 tile=(36,23) type=4 sel=false
[devMouse] p1 unit 8 tile=(37,22) type=4 sel=false
[devMouse] p1 unit 9 tile=(49,33) type=4 sel=false
[devMouse] p1 unit 10 tile=(32,17) type=3 sel=false
[devMouse] p1 unit 11 tile=(25,21) type=4 sel=false
[devMouse] p1 unit 12 tile=(22,26) type=3 sel=false
[devMouse] p1 unit 13 tile=(23,27) type=3 sel=false
[devMouse] p1 unit 14 tile=(15,47) type=3 sel=false
[devMouse] p1 unit 15 tile=(16,54) type=3 sel=false
[dbg] ar=86273 am=6 aA=6 aH=0 l=false j=false fullRedraw=false
[dbg] ar=86298 am=6 aA=6 aH=0 l=false j=false fullRedraw=false
[fifo] ar=86306 slots 0
[slots] p0 n=11 0:t0@(46,58)w13 1:t0@(47,59)w3312 2:t0@(48,58)w13 3:t3@(29,59)w0 4:t3@(30,59)w0 5:t3@(30,60)w0 6:t3@(29,60)w0 7:t4@(30,57)w0 8:t4@(30,56)w0 9:t4@(30,55)w0 10:t6@(28,58)w0
[dbg] ar=86323 am=6 aA=6 aH=0 l=false j=false fullRedraw=false
[fifo] ar=86331 retask 0 49 58
[devMouse] retask slot0 (45,59)w13 -> (49,58)
[fifo] ar=86339 retask 2 48 60
[devMouse] retask slot2 (48,58)w13 -> (48,60)
[fifo] ar=86347 save /tmp/aoe-camp/m1/t.aoesave
[save] wrote /tmp/aoe-camp/m1/t.aoesave (12294B) ar=86348
[dbg] ar=86348 am=6 aA=6 aH=0 l=false j=false fullRedraw=false
[dbg] ar=86373 am=6 aA=6 aH=0 l=false j=false fullRedraw=false
[fifo] ar=86393 slots 0
[slots] p0 n=11 0:t0@(48,58)w0 1:t0@(47,59)w13 2:t0@(47,60)w4b12 3:t3@(29,59)w0 4:t3@(30,59)w0 5:t3@(30,60)w0 6:t3@(29,60)w0 7:t4@(30,57)w0 8:t4@(30,56)w0 9:t4@(30,55)w0 10:t6@(28,58)w0
[dbg] ar=86398 am=6 aA=6 aH=0 l=false j=false fullRedraw=false
[fifo] ar=86419 retask 0 49 58
[devMouse] retask slot0 (48,58)w5212 -> (49,58)
[dbg] ar=86423 am=6 aA=6 aH=0 l=false j=false fullRedraw=false
[fifo] ar=86427 retask 1 48 59
[devMouse] retask slot1 (46,59)w13 -> (48,59)
[fifo] ar=86434 save /tmp/aoe-camp/m1/t.aoesave
[save] wrote /tmp/aoe-camp/m1/t.aoesave (12294B) ar=86435
[dbg] ar=86448 am=6 aA=6 aH=0 l=false j=false fullRedraw=false
[dbg] ar=86473 am=6 aA=6 aH=0 l=false j=false fullRedraw=false
[fifo] ar=86481 slots 0
[slots] p0 n=11 0:t0@(48,58)w2912 1:t0@(47,59)w3c12 2:t0@(46,58)w13 3:t3@(29,59)w0 4:t3@(30,59)w0 5:t3@(30,60)w0 6:t3@(29,60)w0 7:t4@(30,57)w0 8:t4@(30,56)w0 9:t4@(30,55)w0 10:t6@(28,58)w0
[dbg] ar=86498 am=6 aA=6 aH=0 l=false j=false fullRedraw=false
[fifo] ar=86505 retask 2 48 60
[devMouse] retask slot2 (45,59)w13 -> (48,60)
[fifo] ar=86513 save /tmp/aoe-camp/m1/t.aoesave
[save] wrote /tmp/aoe-camp/m1/t.aoesave (12294B) ar=86514
[dbg] ar=86523 am=6 aA=6 aH=0 l=false j=false fullRedraw=false
[dbg] ar=86548 am=6 aA=6 aH=0 l=false j=false fullRedraw=false
[fifo] ar=86558 slots 0
[slots] p0 n=11 0:t0@(44,58)w13 1:t0@(47,58)w13 2:t0@(47,60)w4c12 3:t3@(29,59)w0 4:t3@(30,59)w0 5:t3@(30,60)w0 6:t3@(29,60)w0 7:t4@(30,57)w0 8:t4@(30,56)w0 9:t4@(30,55)w0 10:t6@(28,58)w0
[dbg] ar=86573 am=6 aA=6 aH=0 l=false j=false fullRedraw=false
[fifo] ar=86583 retask 0 49 58
[devMouse] retask slot0 (47,58)w13 -> (49,58)
[fifo] ar=86592 retask 1 48 59
[devMouse] retask slot1 (47,58)w13 -> (48,59)
[dbg] ar=86598 am=6 aA=6 aH=0 l=false j=false fullRedraw=false
[fifo] ar=86599 save /tmp/aoe-camp/m1/t.aoesave
[save] wrote /tmp/aoe-camp/m1/t.aoesave (12294B) ar=86600
[dbg] ar=86623 am=6 aA=6 aH=0 l=false j=false fullRedraw=false
[fifo] ar=86645 slots 0
[slots] p0 n=11 0:t0@(48,58)w3d12 1:t0@(47,58)w3512 2:t0@(46,58)w13 3:t3@(29,59)w0 4:t3@(30,59)w0 5:t3@(30,60)w0 6:t3@(29,60)w0 7:t4@(30,57)w0 8:t4@(30,56)w0 9:t4@(30,55)w0 10:t6@(28,58)w0
[dbg] ar=86648 am=6 aA=6 aH=0 l=false j=false fullRedraw=false
[fifo] ar=86670 retask 2 48 60
[devMouse] retask slot2 (44,59)w13 -> (48,60)
[dbg] ar=86673 am=6 aA=6 aH=0 l=false j=false fullRedraw=false
[fifo] ar=86677 save /tmp/aoe-camp/m1/t.aoesave
[save] wrote /tmp/aoe-camp/m1/t.aoesave (12294B) ar=86678
[dbg] ar=86698 am=6 aA=6 aH=0 l=false j=false fullRedraw=false
[dbg] ar=86723 am=6 aA=6 aH=0 l=false j=false fullRedraw=false
[fifo] ar=86724 state
[devMouse] aA=6/6 cursor=(31,58) cam=(-523,628) Q=3743 aE=512 Y=0 sel=6
[devMouse] p0 unit 0 tile=(47,59) type=0 sel=true
[devMouse] p0 unit 1 tile=(45,60) type=0 sel=true
[devMouse] p0 unit 2 tile=(47,60) type=0 sel=true
[devMouse] p0 unit 3 tile=(29,59) type=3 sel=true
[devMouse] p0 unit 4 tile=(30,59) type=3 sel=true
[devMouse] p0 unit 5 tile=(30,60) type=3 sel=true
[devMouse] p0 unit 6 tile=(29,60) type=3 sel=true
[devMouse] p0 unit 7 tile=(30,57) type=4 sel=true
[devMouse] p0 unit 8 tile=(30,56) type=4 sel=true
[devMouse] p0 unit 9 tile=(30,55) type=4 sel=true
[devMouse] p0 unit 10 tile=(28,58) type=6 sel=true
[devMouse] p1 unit 0 tile=(48,48) type=3 sel=false
[devMouse] p1 unit 1 tile=(40,34) type=3 sel=false
[devMouse] p1 unit 2 tile=(60,55) type=3 sel=false
[devMouse] p1 unit 3 tile=(61,45) type=3 sel=false
[devMouse] p1 unit 4 tile=(49,24) type=3 sel=false
[devMouse] p1 unit 5 tile=(48,25) type=3 sel=false
[devMouse] p1 unit 6 tile=(54,19) type=3 sel=false
[devMouse] p1 unit 7 tile=(36,23) type=4 sel=false
[devMouse] p1 unit 8 tile=(37,22) type=4 sel=false
[devMouse] p1 unit 9 tile=(49,33) type=4 sel=false
[devMouse] p1 unit 10 tile=(32,17) type=3 sel=false
[devMouse] p1 unit 11 tile=(25,21) type=4 sel=false
[devMouse] p1 unit 12 tile=(22,26) type=3 sel=false
[devMouse] p1 unit 13 tile=(23,27) type=3 sel=false
[devMouse] p1 unit 14 tile=(15,47) type=3 sel=false
[devMouse] p1 unit 15 tile=(16,54) type=3 sel=false
[dbg] ar=86748 am=6 aA=6 aH=0 l=false j=false fullRedraw=false
[dbg] ar=86773 am=6 aA=6 aH=0 l=false j=false fullRedraw=false
[fifo] ar=86778 slots 0
[slots] p0 n=11 0:t0@(48,58)w13 1:t0@(47,58)w13 2:t0@(47,60)w1612 3:t3@(29,59)w0 4:t3@(30,59)w0 5:t3@(30,60)w0 6:t3@(29,60)w0 7:t4@(30,57)w0 8:t4@(30,56)w0 9:t4@(30,55)w0 10:t6@(28,58)w0
[dbg] ar=86798 am=6 aA=6 aH=0 l=false j=false fullRedraw=false
[fifo] ar=86804 retask 0 49 58
[devMouse] retask slot0 (46,58)w13 -> (49,58)
[fifo] ar=86812 retask 1 48 59
[devMouse] retask slot1 (46,58)w13 -> (48,59)
[fifo] ar=86820 save /tmp/aoe-camp/m1/t.aoesave
[save] wrote /tmp/aoe-camp/m1/t.aoesave (12294B) ar=86821
[dbg] ar=86823 am=6 aA=6 aH=0 l=false j=false fullRedraw=false
[dbg] ar=86848 am=6 aA=6 aH=0 l=false j=false fullRedraw=false
[fifo] ar=86867 slots 0
[slots] p0 n=11 0:t0@(48,59)w3b12 1:t0@(47,59)w0 2:t0@(46,58)w13 3:t3@(29,59)w0 4:t3@(30,59)w0 5:t3@(30,60)w0 6:t3@(29,60)w0 7:t4@(30,57)w0 8:t4@(30,56)w0 9:t4@(30,55)w0 10:t6@(28,58)w0
[dbg] ar=86873 am=6 aA=6 aH=0 l=false j=false fullRedraw=false
[fifo] ar=86893 retask 1 48 59
[devMouse] retask slot1 (47,59)w0 -> (48,59)
[dbg] ar=86898 am=6 aA=6 aH=0 l=false j=false fullRedraw=false
[fifo] ar=86900 retask 2 48 60
[devMouse] retask slot2 (44,58)w13 -> (48,60)
[fifo] ar=86909 save /tmp/aoe-camp/m1/t.aoesave
[save] wrote /tmp/aoe-camp/m1/t.aoesave (12294B) ar=86910
[dbg] ar=86923 am=6 aA=6 aH=0 l=false j=false fullRedraw=false
[dbg] ar=86948 am=6 aA=6 aH=0 l=false j=false fullRedraw=false
[fifo] ar=86954 slots 0
[slots] p0 n=11 0:t0@(45,59)w13 1:t0@(47,59)w0 2:t0@(47,60)w5412 3:t3@(29,59)w0 4:t3@(30,59)w0 5:t3@(30,60)w0 6:t3@(29,60)w0 7:t4@(30,57)w0 8:t4@(30,56)w0 9:t4@(30,55)w0 10:t6@(28,58)w0
[dbg] ar=86973 am=6 aA=6 aH=0 l=false j=false fullRedraw=false
[fifo] ar=86977 retask 0 49 58
[devMouse] retask slot0 (45,58)w13 -> (49,58)
[fifo] ar=86985 retask 1 48 59
[devMouse] retask slot1 (47,59)w0 -> (48,59)
[fifo] ar=86993 save /tmp/aoe-camp/m1/t.aoesave
[save] wrote /tmp/aoe-camp/m1/t.aoesave (12294B) ar=86994
[dbg] ar=86998 am=6 aA=6 aH=0 l=false j=false fullRedraw=false
[dbg] ar=87023 am=6 aA=6 aH=0 l=false j=false fullRedraw=false
[fifo] ar=87040 slots 0
[slots] p0 n=11 0:t0@(48,58)w4612 1:t0@(48,59)w0 2:t0@(47,59)w13 3:t3@(29,59)w0 4:t3@(30,59)w0 5:t3@(30,60)w0 6:t3@(29,60)w0 7:t4@(30,57)w0 8:t4@(30,56)w0 9:t4@(30,55)w0 10:t6@(28,58)w0
[dbg] ar=87048 am=6 aA=6 aH=0 l=false j=false fullRedraw=false
[fifo] ar=87065 retask 1 49 59
[devMouse] retask slot1 (48,59)w0 -> (49,59)
[fifo] ar=87073 retask 2 48 60
[devMouse] retask slot2 (47,59)w13 -> (48,60)
[dbg] ar=87073 am=6 aA=6 aH=0 l=false j=false fullRedraw=false
[fifo] ar=87081 save /tmp/aoe-camp/m1/t.aoesave
[save] wrote /tmp/aoe-camp/m1/t.aoesave (12294B) ar=87082
[dbg] ar=87098 am=6 aA=6 aH=0 l=false j=false fullRedraw=false
[dbg] ar=87123 am=6 aA=6 aH=0 l=false j=false fullRedraw=false
[fifo] ar=87129 slots 0
[slots] p0 n=11 0:t0@(45,59)w13 1:t0@(48,59)w2712 2:t0@(47,59)w3012 3:t3@(29,59)w0 4:t3@(30,59)w0 5:t3@(30,60)w0 6:t3@(29,60)w0 7:t4@(30,57)w0 8:t4@(30,56)w0 9:t4@(30,55)w0 10:t6@(28,58)w0
[dbg] ar=87148 am=6 aA=6 aH=0 l=false j=false fullRedraw=false
[fifo] ar=87154 retask 0 49 58
[devMouse] retask slot0 (45,58)w13 -> (49,58)
[fifo] ar=87161 save /tmp/aoe-camp/m1/t.aoesave
[save] wrote /tmp/aoe-camp/m1/t.aoesave (12294B) ar=87162
[dbg] ar=87173 am=6 aA=6 aH=0 l=false j=false fullRedraw=false
[dbg] ar=87198 am=6 aA=6 aH=0 l=false j=false fullRedraw=false
[fifo] ar=87207 state
[devMouse] aA=6/6 cursor=(31,58) cam=(-523,628) Q=3743 aE=512 Y=0 sel=6
[devMouse] p0 unit 0 tile=(48,59) type=0 sel=true
[devMouse] p0 unit 1 tile=(48,58) type=0 sel=true
[devMouse] p0 unit 2 tile=(46,59) type=0 sel=true
[devMouse] p0 unit 3 tile=(29,59) type=3 sel=true
[devMouse] p0 unit 4 tile=(30,59) type=3 sel=true
[devMouse] p0 unit 5 tile=(30,60) type=3 sel=true
[devMouse] p0 unit 6 tile=(29,60) type=3 sel=true
[devMouse] p0 unit 7 tile=(30,57) type=4 sel=true
[devMouse] p0 unit 8 tile=(30,56) type=4 sel=true
[devMouse] p0 unit 9 tile=(30,55) type=4 sel=true
[devMouse] p0 unit 10 tile=(28,58) type=6 sel=true
[devMouse] p1 unit 0 tile=(48,48) type=3 sel=false
[devMouse] p1 unit 1 tile=(40,34) type=3 sel=false
[devMouse] p1 unit 2 tile=(60,55) type=3 sel=false
[devMouse] p1 unit 3 tile=(61,45) type=3 sel=false
[devMouse] p1 unit 4 tile=(49,24) type=3 sel=false
[devMouse] p1 unit 5 tile=(48,25) type=3 sel=false
[devMouse] p1 unit 6 tile=(54,19) type=3 sel=false
[devMouse] p1 unit 7 tile=(36,23) type=4 sel=false
[devMouse] p1 unit 8 tile=(37,22) type=4 sel=false
[devMouse] p1 unit 9 tile=(49,33) type=4 sel=false
[devMouse] p1 unit 10 tile=(32,17) type=3 sel=false
[devMouse] p1 unit 11 tile=(25,21) type=4 sel=false
[devMouse] p1 unit 12 tile=(22,26) type=3 sel=false
[devMouse] p1 unit 13 tile=(23,27) type=3 sel=false
[devMouse] p1 unit 14 tile=(15,47) type=3 sel=false
[devMouse] p1 unit 15 tile=(16,54) type=3 sel=false
[dbg] ar=87223 am=6 aA=6 aH=0 l=false j=false fullRedraw=false
[dbg] ar=87248 am=6 aA=6 aH=0 l=false j=false fullRedraw=false
[fifo] ar=87260 slots 0
[slots] p0 n=11 0:t0@(48,59)w1912 1:t0@(46,59)w13 2:t0@(48,58)w13 3:t3@(29,59)w0 4:t3@(30,59)w0 5:t3@(30,60)w0 6:t3@(29,60)w0 7:t4@(30,57)w0 8:t4@(30,56)w0 9:t4@(30,55)w0 10:t6@(28,58)w0
[dbg] ar=87273 am=6 aA=6 aH=0 l=false j=false fullRedraw=false
[fifo] ar=87284 retask 1 49 59
[devMouse] retask slot1 (48,58)w13 -> (49,59)
[fifo] ar=87292 retask 2 48 60
[devMouse] retask slot2 (47,59)w13 -> (48,60)
[dbg] ar=87298 am=6 aA=6 aH=0 l=false j=false fullRedraw=false
[fifo] ar=87300 save /tmp/aoe-camp/m1/t.aoesave
[save] wrote /tmp/aoe-camp/m1/t.aoesave (12294B) ar=87301
[dbg] ar=87323 am=6 aA=6 aH=0 l=false j=false fullRedraw=false
[fifo] ar=87348 slots 0
[slots] p0 n=11 0:t0@(47,58)w13 1:t0@(48,58)w2912 2:t0@(47,59)w3212 3:t3@(29,59)w0 4:t3@(30,59)w0 5:t3@(30,60)w0 6:t3@(29,60)w0 7:t4@(30,57)w0 8:t4@(30,56)w0 9:t4@(30,55)w0 10:t6@(28,58)w0
[dbg] ar=87348 am=6 aA=6 aH=0 l=false j=false fullRedraw=false
[fifo] ar=87372 retask 0 49 58
[devMouse] retask slot0 (46,59)w13 -> (49,58)
[dbg] ar=87373 am=6 aA=6 aH=0 l=false j=false fullRedraw=false
[fifo] ar=87381 save /tmp/aoe-camp/m1/t.aoesave
[save] wrote /tmp/aoe-camp/m1/t.aoesave (12294B) ar=87382
[dbg] ar=87398 am=6 aA=6 aH=0 l=false j=false fullRedraw=false
[dbg] ar=87423 am=6 aA=6 aH=0 l=false j=false fullRedraw=false
[fifo] ar=87430 slots 0
[slots] p0 n=11 0:t0@(48,59)w4312 1:t0@(47,58)w13 2:t0@(46,59)w13 3:t3@(29,59)w0 4:t3@(30,59)w0 5:t3@(30,60)w0 6:t3@(29,60)w0 7:t4@(30,57)w0 8:t4@(30,56)w0 9:t4@(30,55)w0 10:t6@(28,58)w0
[dbg] ar=87448 am=6 aA=6 aH=0 l=false j=false fullRedraw=false
[fifo] ar=87454 retask 1 49 59
[devMouse] retask slot1 (47,60)w13 -> (49,59)
[fifo] ar=87461 retask 2 48 60
[devMouse] retask slot2 (47,58)w13 -> (48,60)
[fifo] ar=87468 save /tmp/aoe-camp/m1/t.aoesave
[save] wrote /tmp/aoe-camp/m1/t.aoesave (12294B) ar=87469
[dbg] ar=87473 am=6 aA=6 aH=0 l=false j=false fullRedraw=false
[dbg] ar=87498 am=6 aA=6 aH=0 l=false j=false fullRedraw=false
[fifo] ar=87514 slots 0
[slots] p0 n=11 0:t0@(46,58)w13 1:t0@(48,58)w4312 2:t0@(47,60)w4c12 3:t3@(29,59)w0 4:t3@(30,59)w0 5:t3@(30,60)w0 6:t3@(29,60)w0 7:t4@(30,57)w0 8:t4@(30,56)w0 9:t4@(30,55)w0 10:t6@(28,58)w0
[dbg] ar=87523 am=6 aA=6 aH=0 l=false j=false fullRedraw=false
[fifo] ar=87539 retask 0 49 58
[devMouse] retask slot0 (47,59)w13 -> (49,58)
[fifo] ar=87547 save /tmp/aoe-camp/m1/t.aoesave
[save] wrote /tmp/aoe-camp/m1/t.aoesave (12294B) ar=87548
[dbg] ar=87548 am=6 aA=6 aH=0 l=false j=false fullRedraw=false
[dbg] ar=87573 am=6 aA=6 aH=0 l=false j=false fullRedraw=false
[fifo] ar=87592 slots 0
[slots] p0 n=11 0:t0@(48,58)w0 1:t0@(47,59)w13 2:t0@(48,59)w13 3:t3@(29,59)w0 4:t3@(30,59)w0 5:t3@(30,60)w0 6:t3@(29,60)w0 7:t4@(30,57)w0 8:t4@(30,56)w0 9:t4@(30,55)w0 10:t6@(28,58)w0
[dbg] ar=87598 am=6 aA=6 aH=0 l=false j=false fullRedraw=false
[fifo] ar=87615 retask 0 49 58
[devMouse] retask slot0 (48,58)w5312 -> (49,58)
[dbg] ar=87623 am=6 aA=6 aH=0 l=false j=false fullRedraw=false
[fifo] ar=87624 retask 1 49 59
[devMouse] retask slot1 (44,59)w13 -> (49,59)
[fifo] ar=87632 retask 2 48 60
[devMouse] retask slot2 (46,59)w13 -> (48,60)
[fifo] ar=87639 save /tmp/aoe-camp/m1/t.aoesave
[save] wrote /tmp/aoe-camp/m1/t.aoesave (12294B) ar=87640
[dbg] ar=87648 am=6 aA=6 aH=0 l=false j=false fullRedraw=false
[dbg] ar=87673 am=6 aA=6 aH=0 l=false j=false fullRedraw=false
[fifo] ar=87686 state
[devMouse] aA=6/6 cursor=(31,58) cam=(-523,628) Q=3743 aE=512 Y=0 sel=6
[devMouse] p0 unit 0 tile=(48,58) type=0 sel=true
[devMouse] p0 unit 1 tile=(47,59) type=0 sel=true
[devMouse] p0 unit 2 tile=(47,60) type=0 sel=true
[devMouse] p0 unit 3 tile=(29,59) type=3 sel=true
[devMouse] p0 unit 4 tile=(30,59) type=3 sel=true
[devMouse] p0 unit 5 tile=(30,60) type=3 sel=true
[devMouse] p0 unit 6 tile=(29,60) type=3 sel=true
[devMouse] p0 unit 7 tile=(30,57) type=4 sel=true
[devMouse] p0 unit 8 tile=(30,56) type=4 sel=true
[devMouse] p0 unit 9 tile=(30,55) type=4 sel=true
[devMouse] p0 unit 10 tile=(28,58) type=6 sel=true
[devMouse] p1 unit 0 tile=(48,48) type=3 sel=false
[devMouse] p1 unit 1 tile=(40,34) type=3 sel=false
[devMouse] p1 unit 2 tile=(60,55) type=3 sel=false
[devMouse] p1 unit 3 tile=(61,45) type=3 sel=false
[devMouse] p1 unit 4 tile=(49,24) type=3 sel=false
[devMouse] p1 unit 5 tile=(48,25) type=3 sel=false
[devMouse] p1 unit 6 tile=(54,19) type=3 sel=false
[devMouse] p1 unit 7 tile=(36,23) type=4 sel=false
[devMouse] p1 unit 8 tile=(37,22) type=4 sel=false
[devMouse] p1 unit 9 tile=(49,33) type=4 sel=false
[devMouse] p1 unit 10 tile=(32,17) type=3 sel=false
[devMouse] p1 unit 11 tile=(25,21) type=4 sel=false
[devMouse] p1 unit 12 tile=(22,26) type=3 sel=false
[devMouse] p1 unit 13 tile=(23,27) type=3 sel=false
[devMouse] p1 unit 14 tile=(15,47) type=3 sel=false
[devMouse] p1 unit 15 tile=(16,54) type=3 sel=false
[dbg] ar=87698 am=6 aA=6 aH=0 l=false j=false fullRedraw=false
[dbg] ar=87723 am=6 aA=6 aH=0 l=false j=false fullRedraw=false
[fifo] ar=87739 slots 0
[slots] p0 n=11 0:t0@(45,58)w13 1:t0@(48,59)w3e12 2:t0@(47,60)w812 3:t3@(29,59)w0 4:t3@(30,59)w0 5:t3@(30,60)w0 6:t3@(29,60)w0 7:t4@(30,57)w0 8:t4@(30,56)w0 9:t4@(30,55)w0 10:t6@(28,58)w0
[dbg] ar=87748 am=6 aA=6 aH=0 l=false j=false fullRedraw=false
[fifo] ar=87763 retask 0 49 58
[devMouse] retask slot0 (47,58)w13 -> (49,58)
[fifo] ar=87771 save /tmp/aoe-camp/m1/t.aoesave
[save] wrote /tmp/aoe-camp/m1/t.aoesave (12294B) ar=87772
[dbg] ar=87773 am=6 aA=6 aH=0 l=false j=false fullRedraw=false
[dbg] ar=87798 am=6 aA=6 aH=0 l=false j=false fullRedraw=false
[fifo] ar=87816 slots 0
[slots] p0 n=11 0:t0@(48,58)w4412 1:t0@(46,58)w13 2:t0@(45,59)w13 3:t3@(29,59)w0 4:t3@(30,59)w0 5:t3@(30,60)w0 6:t3@(29,60)w0 7:t4@(30,57)w0 8:t4@(30,56)w0 9:t4@(30,55)w0 10:t6@(28,58)w0
[dbg] ar=87823 am=6 aA=6 aH=0 l=false j=false fullRedraw=false
[fifo] ar=87841 retask 1 49 59
[devMouse] retask slot1 (48,59)w13 -> (49,59)
[fifo] ar=87848 retask 2 48 60
[devMouse] retask slot2 (47,59)w13 -> (48,60)
[dbg] ar=87848 am=6 aA=6 aH=0 l=false j=false fullRedraw=false
[fifo] ar=87856 save /tmp/aoe-camp/m1/t.aoesave
[save] wrote /tmp/aoe-camp/m1/t.aoesave (12294B) ar=87857
[dbg] ar=87873 am=6 aA=6 aH=0 l=false j=false fullRedraw=false
[dbg] ar=87898 am=6 aA=6 aH=0 l=false j=false fullRedraw=false
[fifo] ar=87902 slots 0
[slots] p0 n=11 0:t0@(46,59)w13 1:t0@(48,59)w2f12 2:t0@(47,59)w3812 3:t3@(29,59)w0 4:t3@(30,59)w0 5:t3@(30,60)w0 6:t3@(29,60)w0 7:t4@(30,57)w0 8:t4@(30,56)w0 9:t4@(30,55)w0 10:t6@(28,58)w0
[dbg] ar=87923 am=6 aA=6 aH=0 l=false j=false fullRedraw=false
[fifo] ar=87926 retask 0 49 58
[devMouse] retask slot0 (45,58)w13 -> (49,58)
[fifo] ar=87934 save /tmp/aoe-camp/m1/t.aoesave
[save] wrote /tmp/aoe-camp/m1/t.aoesave (12294B) ar=87935
[dbg] ar=87948 am=6 aA=6 aH=0 l=false j=false fullRedraw=false
[dbg] ar=87973 am=6 aA=6 aH=0 l=false j=false fullRedraw=false
[fifo] ar=87981 slots 0
[slots] p0 n=11 0:t0@(48,58)w4e12 1:t0@(46,59)w13 2:t0@(46,60)w13 3:t3@(29,59)w0 4:t3@(30,59)w0 5:t3@(30,60)w0 6:t3@(29,60)w0 7:t4@(30,57)w0 8:t4@(30,56)w0 9:t4@(30,55)w0 10:t6@(28,58)w0
[dbg] ar=87998 am=6 aA=6 aH=0 l=false j=false fullRedraw=false
[fifo] ar=88006 retask 1 49 59
[devMouse] retask slot1 (47,60)w13 -> (49,59)
[fifo] ar=88014 retask 2 48 60
[devMouse] retask slot2 (47,60)w13 -> (48,60)
[fifo] ar=88022 save /tmp/aoe-camp/m1/t.aoesave
[save] wrote /tmp/aoe-camp/m1/t.aoesave (12294B) ar=88023
[dbg] ar=88023 am=6 aA=6 aH=0 l=false j=false fullRedraw=false
[dbg] ar=88048 am=6 aA=6 aH=0 l=false j=false fullRedraw=false
[fifo] ar=88068 slots 0
[slots] p0 n=11 0:t0@(47,59)w13 1:t0@(48,59)w3812 2:t0@(47,60)w3812 3:t3@(29,59)w0 4:t3@(30,59)w0 5:t3@(30,60)w0 6:t3@(29,60)w0 7:t4@(30,57)w0 8:t4@(30,56)w0 9:t4@(30,55)w0 10:t6@(28,58)w0
[dbg] ar=88073 am=6 aA=6 aH=0 l=false j=false fullRedraw=false
[fifo] ar=88093 retask 0 49 58
[devMouse] retask slot0 (46,58)w13 -> (49,58)
[dbg] ar=88098 am=6 aA=6 aH=0 l=false j=false fullRedraw=false
[fifo] ar=88100 save /tmp/aoe-camp/m1/t.aoesave
[save] wrote /tmp/aoe-camp/m1/t.aoesave (12294B) ar=88101
[dbg] ar=88123 am=6 aA=6 aH=0 l=false j=false fullRedraw=false
[fifo] ar=88145 state
[devMouse] aA=6/6 cursor=(31,58) cam=(-523,628) Q=3743 aE=512 Y=0 sel=6
[devMouse] p0 unit 0 tile=(48,58) type=0 sel=true
[devMouse] p0 unit 1 tile=(45,59) type=0 sel=true
[devMouse] p0 unit 2 tile=(46,58) type=0 sel=true
[devMouse] p0 unit 3 tile=(29,59) type=3 sel=true
[devMouse] p0 unit 4 tile=(30,59) type=3 sel=true
[devMouse] p0 unit 5 tile=(30,60) type=3 sel=true
[devMouse] p0 unit 6 tile=(29,60) type=3 sel=true
[devMouse] p0 unit 7 tile=(30,57) type=4 sel=true
[devMouse] p0 unit 8 tile=(30,56) type=4 sel=true
[devMouse] p0 unit 9 tile=(30,55) type=4 sel=true
[devMouse] p0 unit 10 tile=(28,58) type=6 sel=true
[devMouse] p1 unit 0 tile=(48,48) type=3 sel=false
[devMouse] p1 unit 1 tile=(40,34) type=3 sel=false
[devMouse] p1 unit 2 tile=(60,55) type=3 sel=false
[devMouse] p1 unit 3 tile=(61,45) type=3 sel=false
[devMouse] p1 unit 4 tile=(49,24) type=3 sel=false
[devMouse] p1 unit 5 tile=(48,25) type=3 sel=false
[devMouse] p1 unit 6 tile=(54,19) type=3 sel=false
[devMouse] p1 unit 7 tile=(36,23) type=4 sel=false
[devMouse] p1 unit 8 tile=(37,22) type=4 sel=false
[devMouse] p1 unit 9 tile=(49,33) type=4 sel=false
[devMouse] p1 unit 10 tile=(32,17) type=3 sel=false
[devMouse] p1 unit 11 tile=(25,21) type=4 sel=false
[devMouse] p1 unit 12 tile=(22,26) type=3 sel=false
[devMouse] p1 unit 13 tile=(23,27) type=3 sel=false
[devMouse] p1 unit 14 tile=(15,47) type=3 sel=false
[devMouse] p1 unit 15 tile=(16,54) type=3 sel=false
[dbg] ar=88148 am=6 aA=6 aH=0 l=false j=false fullRedraw=false
[dbg] ar=88173 am=6 aA=6 aH=0 l=false j=false fullRedraw=false
[dbg] ar=88198 am=6 aA=6 aH=0 l=false j=false fullRedraw=false
[fifo] ar=88201 slots 0
[slots] p0 n=11 0:t0@(48,58)wf12 1:t0@(45,59)w13 2:t0@(46,60)w13 3:t3@(29,59)w0 4:t3@(30,59)w0 5:t3@(30,60)w0 6:t3@(29,60)w0 7:t4@(30,57)w0 8:t4@(30,56)w0 9:t4@(30,55)w0 10:t6@(28,58)w0
[dbg] ar=88223 am=6 aA=6 aH=0 l=false j=false fullRedraw=false
[fifo] ar=88225 retask 1 49 59
[devMouse] retask slot1 (48,58)w13 -> (49,59)
[fifo] ar=88233 retask 2 48 60
[devMouse] retask slot2 (48,59)w13 -> (48,60)
[fifo] ar=88242 save /tmp/aoe-camp/m1/t.aoesave
[save] wrote /tmp/aoe-camp/m1/t.aoesave (12294B) ar=88243
[dbg] ar=88248 am=6 aA=6 aH=0 l=false j=false fullRedraw=false
[dbg] ar=88273 am=6 aA=6 aH=0 l=false j=false fullRedraw=false
[fifo] ar=88287 slots 0
[slots] p0 n=11 0:t0@(46,60)w13 1:t0@(48,58)w3012 2:t0@(48,59)w3912 3:t3@(29,59)w0 4:t3@(30,59)w0 5:t3@(30,60)w0 6:t3@(29,60)w0 7:t4@(30,57)w0 8:t4@(30,56)w0 9:t4@(30,55)w0 10:t6@(28,58)w0
[dbg] ar=88298 am=6 aA=6 aH=0 l=false j=false fullRedraw=false
[fifo] ar=88312 retask 0 49 58
[devMouse] retask slot0 (47,59)w13 -> (49,58)
[fifo] ar=88320 save /tmp/aoe-camp/m1/t.aoesave
[save] wrote /tmp/aoe-camp/m1/t.aoesave (12294B) ar=88321
[dbg] ar=88323 am=6 aA=6 aH=0 l=false j=false fullRedraw=false
[dbg] ar=88348 am=6 aA=6 aH=0 l=false j=false fullRedraw=false
[fifo] ar=88366 slots 0
[slots] p0 n=11 0:t0@(48,58)w0 1:t0@(48,59)w13 2:t0@(45,59)w13 3:t3@(29,59)w0 4:t3@(30,59)w0 5:t3@(30,60)w0 6:t3@(29,60)w0 7:t4@(30,57)w0 8:t4@(30,56)w0 9:t4@(30,55)w0 10:t6@(28,58)w0
[dbg] ar=88373 am=6 aA=6 aH=0 l=false j=false fullRedraw=false
[fifo] ar=88389 retask 0 49 58
[devMouse] retask slot0 (48,58)w5312 -> (49,58)
[fifo] ar=88397 retask 1 49 59
[devMouse] retask slot1 (45,59)w13 -> (49,59)
[dbg] ar=88398 am=6 aA=6 aH=0 l=false j=false fullRedraw=false
[fifo] ar=88405 retask 2 48 60
[devMouse] retask slot2 (47,60)w13 -> (48,60)
[fifo] ar=88412 save /tmp/aoe-camp/m1/t.aoesave
[save] wrote /tmp/aoe-camp/m1/t.aoesave (12294B) ar=88413
[dbg] ar=88423 am=6 aA=6 aH=0 l=false j=false fullRedraw=false
[dbg] ar=88448 am=6 aA=6 aH=0 l=false j=false fullRedraw=false
[fifo] ar=88459 slots 0
[slots] p0 n=11 0:t0@(48,58)w2112 1:t0@(48,59)w4512 2:t0@(47,60)w3312 3:t3@(29,59)w0 4:t3@(30,59)w0 5:t3@(30,60)w0 6:t3@(29,60)w0 7:t4@(30,57)w0 8:t4@(30,56)w0 9:t4@(30,55)w0 10:t6@(28,58)w0
[dbg] ar=88473 am=6 aA=6 aH=0 l=false j=false fullRedraw=false
[fifo] ar=88480 save /tmp/aoe-camp/m1/t.aoesave
[save] wrote /tmp/aoe-camp/m1/t.aoesave (12294B) ar=88481
[dbg] ar=88498 am=6 aA=6 aH=0 l=false j=false fullRedraw=false
[dbg] ar=88523 am=6 aA=6 aH=0 l=false j=false fullRedraw=false
[fifo] ar=88526 slots 0
[slots] p0 n=11 0:t0@(46,58)w13 1:t0@(48,59)w212 2:t0@(48,58)w13 3:t3@(29,59)w0 4:t3@(30,59)w0 5:t3@(30,60)w0 6:t3@(29,60)w0 7:t4@(30,57)w0 8:t4@(30,56)w0 9:t4@(30,55)w0 10:t6@(28,58)w0
[dbg] ar=88548 am=6 aA=6 aH=0 l=false j=false fullRedraw=false
[fifo] ar=88550 retask 0 49 58
[devMouse] retask slot0 (48,59)w13 -> (49,58)
[fifo] ar=88558 retask 2 48 60
[devMouse] retask slot2 (45,59)w13 -> (48,60)
[fifo] ar=88566 save /tmp/aoe-camp/m1/t.aoesave
[save] wrote /tmp/aoe-camp/m1/t.aoesave (12294B) ar=88567
[dbg] ar=88573 am=6 aA=6 aH=0 l=false j=false fullRedraw=false
[dbg] ar=88598 am=6 aA=6 aH=0 l=false j=false fullRedraw=false
[fifo] ar=88612 state
[devMouse] aA=6/6 cursor=(31,58) cam=(-523,628) Q=3743 aE=512 Y=0 sel=6
[devMouse] p0 unit 0 tile=(48,59) type=0 sel=true
[devMouse] p0 unit 1 tile=(48,58) type=0 sel=true
[devMouse] p0 unit 2 tile=(47,60) type=0 sel=true
[devMouse] p0 unit 3 tile=(29,59) type=3 sel=true
[devMouse] p0 unit 4 tile=(30,59) type=3 sel=true
[devMouse] p0 unit 5 tile=(30,60) type=3 sel=true
[devMouse] p0 unit 6 tile=(29,60) type=3 sel=true
[devMouse] p0 unit 7 tile=(30,57) type=4 sel=true
[devMouse] p0 unit 8 tile=(30,56) type=4 sel=true
[devMouse] p0 unit 9 tile=(30,55) type=4 sel=true
[devMouse] p0 unit 10 tile=(28,58) type=6 sel=true
[devMouse] p1 unit 0 tile=(48,48) type=3 sel=false
[devMouse] p1 unit 1 tile=(40,34) type=3 sel=false
[devMouse] p1 unit 2 tile=(60,55) type=3 sel=false
[devMouse] p1 unit 3 tile=(61,45) type=3 sel=false
[devMouse] p1 unit 4 tile=(49,24) type=3 sel=false
[devMouse] p1 unit 5 tile=(48,25) type=3 sel=false
[devMouse] p1 unit 6 tile=(54,19) type=3 sel=false
[devMouse] p1 unit 7 tile=(36,23) type=4 sel=false
[devMouse] p1 unit 8 tile=(37,22) type=4 sel=false
[devMouse] p1 unit 9 tile=(49,33) type=4 sel=false
[devMouse] p1 unit 10 tile=(32,17) type=3 sel=false
[devMouse] p1 unit 11 tile=(25,21) type=4 sel=false
[devMouse] p1 unit 12 tile=(22,26) type=3 sel=false
[devMouse] p1 unit 13 tile=(23,27) type=3 sel=false
[devMouse] p1 unit 14 tile=(15,47) type=3 sel=false
[devMouse] p1 unit 15 tile=(16,54) type=3 sel=false
[dbg] ar=88623 am=6 aA=6 aH=0 l=false j=false fullRedraw=false
[dbg] ar=88648 am=6 aA=6 aH=0 l=false j=false fullRedraw=false
[fifo] ar=88667 slots 0
[slots] p0 n=11 0:t0@(48,58)w13 1:t0@(46,59)w13 2:t0@(47,60)w1212 3:t3@(29,59)w0 4:t3@(30,59)w0 5:t3@(30,60)w0 6:t3@(29,60)w0 7:t4@(30,57)w0 8:t4@(30,56)w0 9:t4@(30,55)w0 10:t6@(28,58)w0
[dbg] ar=88673 am=6 aA=6 aH=0 l=false j=false fullRedraw=false
[fifo] ar=88691 retask 0 49 58
[devMouse] retask slot0 (47,59)w13 -> (49,58)
[dbg] ar=88698 am=6 aA=6 aH=0 l=false j=false fullRedraw=false
[fifo] ar=88700 retask 1 49 59
[devMouse] retask slot1 (47,58)w13 -> (49,59)
[fifo] ar=88708 save /tmp/aoe-camp/m1/t.aoesave
[save] wrote /tmp/aoe-camp/m1/t.aoesave (12294B) ar=88709
[dbg] ar=88723 am=6 aA=6 aH=0 l=false j=false fullRedraw=false
[dbg] ar=88748 am=6 aA=6 aH=0 l=false j=false fullRedraw=false
[fifo] ar=88755 slots 0
[slots] p0 n=11 0:t0@(48,59)w3c12 1:t0@(48,58)w5312 2:t0@(46,60)w13 3:t3@(29,59)w0 4:t3@(30,59)w0 5:t3@(30,60)w0 6:t3@(29,60)w0 7:t4@(30,57)w0 8:t4@(30,56)w0 9:t4@(30,55)w0 10:t6@(28,58)w0
[dbg] ar=88773 am=6 aA=6 aH=0 l=false j=false fullRedraw=false
[fifo] ar=88777 retask 2 48 60
[devMouse] retask slot2 (47,59)w13 -> (48,60)
[fifo] ar=88785 save /tmp/aoe-camp/m1/t.aoesave
[save] wrote /tmp/aoe-camp/m1/t.aoesave (12294B) ar=88786
[dbg] ar=88798 am=6 aA=6 aH=0 l=false j=false fullRedraw=false
[dbg] ar=88823 am=6 aA=6 aH=0 l=false j=false fullRedraw=false
[fifo] ar=88830 slots 0
[slots] p0 n=11 0:t0@(46,58)w13 1:t0@(48,58)w812 2:t0@(47,59)w3912 3:t3@(29,59)w0 4:t3@(30,59)w0 5:t3@(30,60)w0 6:t3@(29,60)w0 7:t4@(30,57)w0 8:t4@(30,56)w0 9:t4@(30,55)w0 10:t6@(28,58)w0
[dbg] ar=88848 am=6 aA=6 aH=0 l=false j=false fullRedraw=false
[fifo] ar=88856 retask 0 49 58
[devMouse] retask slot0 (47,58)w13 -> (49,58)
[fifo] ar=88864 save /tmp/aoe-camp/m1/t.aoesave
[save] wrote /tmp/aoe-camp/m1/t.aoesave (12294B) ar=88865
[dbg] ar=88873 am=6 aA=6 aH=0 l=false j=false fullRedraw=false
[dbg] ar=88898 am=6 aA=6 aH=0 l=false j=false fullRedraw=false
[fifo] ar=88911 slots 0
[slots] p0 n=11 0:t0@(48,58)w3d12 1:t0@(46,59)w13 2:t0@(46,60)w13 3:t3@(29,59)w0 4:t3@(30,59)w0 5:t3@(30,60)w0 6:t3@(29,60)w0 7:t4@(30,57)w0 8:t4@(30,56)w0 9:t4@(30,55)w0 10:t6@(28,58)w0
[dbg] ar=88923 am=6 aA=6 aH=0 l=false j=false fullRedraw=false
[fifo] ar=88935 retask 1 49 59
[devMouse] retask slot1 (48,59)w13 -> (49,59)
[fifo] ar=88943 retask 2 48 60
[devMouse] retask slot2 (47,60)w13 -> (48,60)
[dbg] ar=88948 am=6 aA=6 aH=0 l=false j=false fullRedraw=false
[fifo] ar=88952 save /tmp/aoe-camp/m1/t.aoesave
[save] wrote /tmp/aoe-camp/m1/t.aoesave (12294B) ar=88953
[dbg] ar=88973 am=6 aA=6 aH=0 l=false j=false fullRedraw=false
[fifo] ar=88998 slots 0
[slots] p0 n=11 0:t0@(45,58)w13 1:t0@(48,59)w2b12 2:t0@(47,60)w3812 3:t3@(29,59)w0 4:t3@(30,59)w0 5:t3@(30,60)w0 6:t3@(29,60)w0 7:t4@(30,57)w0 8:t4@(30,56)w0 9:t4@(30,55)w0 10:t6@(28,58)w0
[dbg] ar=88998 am=6 aA=6 aH=0 l=false j=false fullRedraw=false
[fifo] ar=89022 retask 0 49 58
[devMouse] retask slot0 (47,59)w13 -> (49,58)
[dbg] ar=89023 am=6 aA=6 aH=0 l=false j=false fullRedraw=false
[fifo] ar=89031 save /tmp/aoe-camp/m1/t.aoesave
[save] wrote /tmp/aoe-camp/m1/t.aoesave (12294B) ar=89032
[dbg] ar=89048 am=6 aA=6 aH=0 l=false j=false fullRedraw=false
[dbg] ar=89073 am=6 aA=6 aH=0 l=false j=false fullRedraw=false
[fifo] ar=89077 state
[devMouse] aA=6/6 cursor=(31,58) cam=(-523,628) Q=3743 aE=512 Y=0 sel=6
[devMouse] p0 unit 0 tile=(48,58) type=0 sel=true
[devMouse] p0 unit 1 tile=(47,59) type=0 sel=true
[devMouse] p0 unit 2 tile=(46,58) type=0 sel=true
[devMouse] p0 unit 3 tile=(29,59) type=3 sel=true
[devMouse] p0 unit 4 tile=(30,59) type=3 sel=true
[devMouse] p0 unit 5 tile=(30,60) type=3 sel=true
[devMouse] p0 unit 6 tile=(29,60) type=3 sel=true
[devMouse] p0 unit 7 tile=(30,57) type=4 sel=true
[devMouse] p0 unit 8 tile=(30,56) type=4 sel=true
[devMouse] p0 unit 9 tile=(30,55) type=4 sel=true
[devMouse] p0 unit 10 tile=(28,58) type=6 sel=true
[devMouse] p1 unit 0 tile=(48,48) type=3 sel=false
[devMouse] p1 unit 1 tile=(40,34) type=3 sel=false
[devMouse] p1 unit 2 tile=(60,55) type=3 sel=false
[devMouse] p1 unit 3 tile=(61,45) type=3 sel=false
[devMouse] p1 unit 4 tile=(49,24) type=3 sel=false
[devMouse] p1 unit 5 tile=(48,25) type=3 sel=false
[devMouse] p1 unit 6 tile=(54,19) type=3 sel=false
[devMouse] p1 unit 7 tile=(36,23) type=4 sel=false
[devMouse] p1 unit 8 tile=(37,22) type=4 sel=false
[devMouse] p1 unit 9 tile=(49,33) type=4 sel=false
[devMouse] p1 unit 10 tile=(32,17) type=3 sel=false
[devMouse] p1 unit 11 tile=(25,21) type=4 sel=false
[devMouse] p1 unit 12 tile=(22,26) type=3 sel=false
[devMouse] p1 unit 13 tile=(23,27) type=3 sel=false
[devMouse] p1 unit 14 tile=(15,47) type=3 sel=false
[devMouse] p1 unit 15 tile=(16,54) type=3 sel=false
[dbg] ar=89098 am=6 aA=6 aH=0 l=false j=false fullRedraw=false
[dbg] ar=89123 am=6 aA=6 aH=0 l=false j=false fullRedraw=false
[fifo] ar=89132 slots 0
[slots] p0 n=11 0:t0@(48,58)w612 1:t0@(47,59)w13 2:t0@(46,60)w13 3:t3@(29,59)w0 4:t3@(30,59)w0 5:t3@(30,60)w0 6:t3@(29,60)w0 7:t4@(30,57)w0 8:t4@(30,56)w0 9:t4@(30,55)w0 10:t6@(28,58)w0
[dbg] ar=89148 am=6 aA=6 aH=0 l=false j=false fullRedraw=false
[fifo] ar=89157 retask 1 49 59
[devMouse] retask slot1 (48,59)w13 -> (49,59)
[fifo] ar=89165 retask 2 48 60
[devMouse] retask slot2 (48,58)w13 -> (48,60)
[fifo] ar=89172 save /tmp/aoe-camp/m1/t.aoesave
[save] wrote /tmp/aoe-camp/m1/t.aoesave (12294B) ar=89173
[dbg] ar=89173 am=6 aA=6 aH=0 l=false j=false fullRedraw=false
[dbg] ar=89198 am=6 aA=6 aH=0 l=false j=false fullRedraw=false
[fifo] ar=89217 slots 0
[slots] p0 n=11 0:t0@(46,59)w13 1:t0@(48,59)w2b12 2:t0@(47,59)w4a12 3:t3@(29,59)w0 4:t3@(30,59)w0 5:t3@(30,60)w0 6:t3@(29,60)w0 7:t4@(30,57)w0 8:t4@(30,56)w0 9:t4@(30,55)w0 10:t6@(28,58)w0
[dbg] ar=89223 am=6 aA=6 aH=0 l=false j=false fullRedraw=false
[fifo] ar=89240 retask 0 49 58
[devMouse] retask slot0 (45,59)w13 -> (49,58)
[fifo] ar=89248 save /tmp/aoe-camp/m1/t.aoesave
[dbg] ar=89248 am=6 aA=6 aH=0 l=false j=false fullRedraw=false
[save] wrote /tmp/aoe-camp/m1/t.aoesave (12294B) ar=89249
[dbg] ar=89273 am=6 aA=6 aH=0 l=false j=false fullRedraw=false
[fifo] ar=89295 slots 0
[slots] p0 n=11 0:t0@(48,59)w5112 1:t0@(45,59)w13 2:t0@(47,60)w13 3:t3@(29,59)w0 4:t3@(30,59)w0 5:t3@(30,60)w0 6:t3@(29,60)w0 7:t4@(30,57)w0 8:t4@(30,56)w0 9:t4@(30,55)w0 10:t6@(28,58)w0
[dbg] ar=89298 am=6 aA=6 aH=0 l=false j=false fullRedraw=false
[fifo] ar=89320 retask 1 49 59
[devMouse] retask slot1 (46,58)w13 -> (49,59)
[dbg] ar=89323 am=6 aA=6 aH=0 l=false j=false fullRedraw=false
[fifo] ar=89329 retask 2 48 60
[devMouse] retask slot2 (47,60)w13 -> (48,60)
[fifo] ar=89337 save /tmp/aoe-camp/m1/t.aoesave
[save] wrote /tmp/aoe-camp/m1/t.aoesave (12294B) ar=89338
[dbg] ar=89348 am=6 aA=6 aH=0 l=false j=false fullRedraw=false
[dbg] ar=89373 am=6 aA=6 aH=0 l=false j=false fullRedraw=false
[fifo] ar=89383 slots 0
[slots] p0 n=11 0:t0@(48,58)w13 1:t0@(47,59)w0 2:t0@(47,60)w3812 3:t3@(29,59)w0 4:t3@(30,59)w0 5:t3@(30,60)w0 6:t3@(29,60)w0 7:t4@(30,57)w0 8:t4@(30,56)w0 9:t4@(30,55)w0 10:t6@(28,58)w0
[dbg] ar=89398 am=6 aA=6 aH=0 l=false j=false fullRedraw=false
[fifo] ar=89408 retask 0 49 58
[devMouse] retask slot0 (47,59)w13 -> (49,58)
[fifo] ar=89416 retask 1 49 59
[devMouse] retask slot1 (48,59)w5212 -> (49,59)
[dbg] ar=89423 am=6 aA=6 aH=0 l=false j=false fullRedraw=false
[fifo] ar=89424 save /tmp/aoe-camp/m1/t.aoesave
[save] wrote /tmp/aoe-camp/m1/t.aoesave (12294B) ar=89425
[dbg] ar=89448 am=6 aA=6 aH=0 l=false j=false fullRedraw=false
[fifo] ar=89469 slots 0
[slots] p0 n=11 0:t0@(48,58)w3712 1:t0@(48,59)w3212 2:t0@(47,59)w13 3:t3@(29,59)w0 4:t3@(30,59)w0 5:t3@(30,60)w0 6:t3@(29,60)w0 7:t4@(30,57)w0 8:t4@(30,56)w0 9:t4@(30,55)w0 10:t6@(28,58)w0
[dbg] ar=89473 am=6 aA=6 aH=0 l=false j=false fullRedraw=false
[fifo] ar=89495 retask 2 48 60
[devMouse] retask slot2 (47,59)w13 -> (48,60)
[dbg] ar=89498 am=6 aA=6 aH=0 l=false j=false fullRedraw=false
[fifo] ar=89503 save /tmp/aoe-camp/m1/t.aoesave
[save] wrote /tmp/aoe-camp/m1/t.aoesave (12294B) ar=89504
[dbg] ar=89523 am=6 aA=6 aH=0 l=false j=false fullRedraw=false
[fifo] ar=89547 state
[devMouse] aA=6/6 cursor=(31,58) cam=(-523,628) Q=3743 aE=512 Y=0 sel=6
[devMouse] p0 unit 0 tile=(46,60) type=0 sel=true
[devMouse] p0 unit 1 tile=(46,59) type=0 sel=true
[devMouse] p0 unit 2 tile=(47,59) type=0 sel=true
[devMouse] p0 unit 3 tile=(29,59) type=3 sel=true
[devMouse] p0 unit 4 tile=(30,59) type=3 sel=true
[devMouse] p0 unit 5 tile=(30,60) type=3 sel=true
[devMouse] p0 unit 6 tile=(29,60) type=3 sel=true
[devMouse] p0 unit 7 tile=(30,57) type=4 sel=true
[devMouse] p0 unit 8 tile=(30,56) type=4 sel=true
[devMouse] p0 unit 9 tile=(30,55) type=4 sel=true
[devMouse] p0 unit 10 tile=(28,58) type=6 sel=true
[devMouse] p1 unit 0 tile=(48,48) type=3 sel=false
[devMouse] p1 unit 1 tile=(40,34) type=3 sel=false
[devMouse] p1 unit 2 tile=(60,55) type=3 sel=false
[devMouse] p1 unit 3 tile=(61,45) type=3 sel=false
[devMouse] p1 unit 4 tile=(49,24) type=3 sel=false
[devMouse] p1 unit 5 tile=(48,25) type=3 sel=false
[devMouse] p1 unit 6 tile=(54,19) type=3 sel=false
[devMouse] p1 unit 7 tile=(36,23) type=4 sel=false
[devMouse] p1 unit 8 tile=(37,22) type=4 sel=false
[devMouse] p1 unit 9 tile=(49,33) type=4 sel=false
[devMouse] p1 unit 10 tile=(32,17) type=3 sel=false
[devMouse] p1 unit 11 tile=(25,21) type=4 sel=false
[devMouse] p1 unit 12 tile=(22,26) type=3 sel=false
[devMouse] p1 unit 13 tile=(23,27) type=3 sel=false
[devMouse] p1 unit 14 tile=(15,47) type=3 sel=false
[devMouse] p1 unit 15 tile=(16,54) type=3 sel=false
[dbg] ar=89548 am=6 aA=6 aH=0 l=false j=false fullRedraw=false
[dbg] ar=89573 am=6 aA=6 aH=0 l=false j=false fullRedraw=false
[dbg] ar=89598 am=6 aA=6 aH=0 l=false j=false fullRedraw=false
[fifo] ar=89600 slots 0
[slots] p0 n=11 0:t0@(47,58)w13 1:t0@(46,59)w13 2:t0@(47,59)w512 3:t3@(29,59)w0 4:t3@(30,59)w0 5:t3@(30,60)w0 6:t3@(29,60)w0 7:t4@(30,57)w0 8:t4@(30,56)w0 9:t4@(30,55)w0 10:t6@(28,58)w0
[dbg] ar=89623 am=6 aA=6 aH=0 l=false j=false fullRedraw=false
[fifo] ar=89624 retask 0 49 58
[devMouse] retask slot0 (48,59)w13 -> (49,58)
[fifo] ar=89632 retask 1 49 59
[devMouse] retask slot1 (46,58)w13 -> (49,59)
[fifo] ar=89639 save /tmp/aoe-camp/m1/t.aoesave
[save] wrote /tmp/aoe-camp/m1/t.aoesave (12294B) ar=89640
[dbg] ar=89648 am=6 aA=6 aH=0 l=false j=false fullRedraw=false
[dbg] ar=89673 am=6 aA=6 aH=0 l=false j=false fullRedraw=false
[fifo] ar=89685 slots 0
[slots] p0 n=11 0:t0@(48,59)w3212 1:t0@(47,59)w0 2:t0@(47,60)w13 3:t3@(29,59)w0 4:t3@(30,59)w0 5:t3@(30,60)w0 6:t3@(29,60)w0 7:t4@(30,57)w0 8:t4@(30,56)w0 9:t4@(30,55)w0 10:t6@(28,58)w0
[dbg] ar=89698 am=6 aA=6 aH=0 l=false j=false fullRedraw=false
[fifo] ar=89710 retask 1 49 59
[devMouse] retask slot1 (48,58)w5c12 -> (49,59)
[fifo] ar=89718 retask 2 49 60
[devMouse] retask slot2 (46,58)w13 -> (49,60)
[dbg] ar=89723 am=6 aA=6 aH=0 l=false j=false fullRedraw=false
[fifo] ar=89726 save /tmp/aoe-camp/m1/t.aoesave
[save] wrote /tmp/aoe-camp/m1/t.aoesave (12294B) ar=89727
[dbg] ar=89748 am=6 aA=6 aH=0 l=false j=false fullRedraw=false
[fifo] ar=89773 slots 0
[slots] p0 n=11 0:t0@(47,59)w13 1:t0@(48,58)w2812 2:t0@(48,60)w4f12 3:t3@(29,59)w0 4:t3@(30,59)w0 5:t3@(30,60)w0 6:t3@(29,60)w0 7:t4@(30,57)w0 8:t4@(30,56)w0 9:t4@(30,55)w0 10:t6@(28,58)w0
[dbg] ar=89773 am=6 aA=6 aH=0 l=false j=false fullRedraw=false
[fifo] ar=89797 retask 0 49 58
[devMouse] retask slot0 (49,58)w13 -> (49,58)
[dbg] ar=89798 am=6 aA=6 aH=0 l=false j=false fullRedraw=false
[fifo] ar=89805 save /tmp/aoe-camp/m1/t.aoesave
[save] wrote /tmp/aoe-camp/m1/t.aoesave (12294B) ar=89806
[dbg] ar=89823 am=6 aA=6 aH=0 l=false j=false fullRedraw=false
[dbg] ar=89848 am=6 aA=6 aH=0 l=false j=false fullRedraw=false
[fifo] ar=89853 slots 0
[slots] p0 n=11 0:t0@(49,58)w0 1:t0@(46,59)w13 2:t0@(48,59)w13 3:t3@(29,59)w0 4:t3@(30,59)w0 5:t3@(30,60)w0 6:t3@(29,60)w0 7:t4@(30,57)w0 8:t4@(30,56)w0 9:t4@(30,55)w0 10:t6@(28,58)w0
[dbg] ar=89873 am=6 aA=6 aH=0 l=false j=false fullRedraw=false
[fifo] ar=89879 retask 0 49 58
[devMouse] retask slot0 (49,58)w0 -> (49,58)
[fifo] ar=89887 retask 1 49 59
[devMouse] retask slot1 (47,60)w13 -> (49,59)
[fifo] ar=89895 retask 2 49 60
[devMouse] retask slot2 (47,59)w13 -> (49,60)
[dbg] ar=89898 am=6 aA=6 aH=0 l=false j=false fullRedraw=false
[fifo] ar=89903 save /tmp/aoe-camp/m1/t.aoesave
[save] wrote /tmp/aoe-camp/m1/t.aoesave (12294B) ar=89904
[dbg] ar=89923 am=6 aA=6 aH=0 l=false j=false fullRedraw=false
[dbg] ar=89948 am=6 aA=6 aH=0 l=false j=false fullRedraw=false
[fifo] ar=89949 slots 0
[slots] p0 n=11 0:t0@(49,58)w0 1:t0@(48,59)w3912 2:t0@(48,60)w3c12 3:t3@(29,59)w0 4:t3@(30,59)w0 5:t3@(30,60)w0 6:t3@(29,60)w0 7:t4@(30,57)w0 8:t4@(30,56)w0 9:t4@(30,55)w0 10:t6@(28,58)w0
[dbg] ar=89973 am=6 aA=6 aH=0 l=false j=false fullRedraw=false
[fifo] ar=89974 retask 0 49 58
[devMouse] retask slot0 (49,58)w0 -> (49,58)
[fifo] ar=89981 save /tmp/aoe-camp/m1/t.aoesave
[save] wrote /tmp/aoe-camp/m1/t.aoesave (12294B) ar=89982
[dbg] ar=89998 am=6 aA=6 aH=0 l=false j=false fullRedraw=false
[dbg] ar=90023 am=6 aA=6 aH=0 l=false j=false fullRedraw=false
[fifo] ar=90028 state
[devMouse] aA=6/6 cursor=(31,58) cam=(-523,628) Q=3743 aE=512 Y=0 sel=6
[devMouse] p0 unit 0 tile=(49,58) type=0 sel=true
[devMouse] p0 unit 1 tile=(46,59) type=0 sel=true
[devMouse] p0 unit 2 tile=(46,58) type=0 sel=true
[devMouse] p0 unit 3 tile=(29,59) type=3 sel=true
[devMouse] p0 unit 4 tile=(30,59) type=3 sel=true
[devMouse] p0 unit 5 tile=(30,60) type=3 sel=true
[devMouse] p0 unit 6 tile=(29,60) type=3 sel=true
[devMouse] p0 unit 7 tile=(30,57) type=4 sel=true
[devMouse] p0 unit 8 tile=(30,56) type=4 sel=true
[devMouse] p0 unit 9 tile=(30,55) type=4 sel=true
[devMouse] p0 unit 10 tile=(28,58) type=6 sel=true
[devMouse] p1 unit 0 tile=(48,48) type=3 sel=false
[devMouse] p1 unit 1 tile=(40,34) type=3 sel=false
[devMouse] p1 unit 2 tile=(60,55) type=3 sel=false
[devMouse] p1 unit 3 tile=(61,45) type=3 sel=false
[devMouse] p1 unit 4 tile=(49,24) type=3 sel=false
[devMouse] p1 unit 5 tile=(48,25) type=3 sel=false
[devMouse] p1 unit 6 tile=(54,19) type=3 sel=false
[devMouse] p1 unit 7 tile=(36,23) type=4 sel=false
[devMouse] p1 unit 8 tile=(37,22) type=4 sel=false
[devMouse] p1 unit 9 tile=(49,33) type=4 sel=false
[devMouse] p1 unit 10 tile=(32,17) type=3 sel=false
[devMouse] p1 unit 11 tile=(25,21) type=4 sel=false
[devMouse] p1 unit 12 tile=(22,26) type=3 sel=false
[devMouse] p1 unit 13 tile=(23,27) type=3 sel=false
[devMouse] p1 unit 14 tile=(15,47) type=3 sel=false
[devMouse] p1 unit 15 tile=(16,54) type=3 sel=false
[dbg] ar=90048 am=6 aA=6 aH=0 l=false j=false fullRedraw=false
[dbg] ar=90073 am=6 aA=6 aH=0 l=false j=false fullRedraw=false
[fifo] ar=90081 slots 0
[slots] p0 n=11 0:t0@(49,58)w0 1:t0@(47,59)w13 2:t0@(46,58)w13 3:t3@(29,59)w0 4:t3@(30,59)w0 5:t3@(30,60)w0 6:t3@(29,60)w0 7:t4@(30,57)w0 8:t4@(30,56)w0 9:t4@(30,55)w0 10:t6@(28,58)w0
[dbg] ar=90098 am=6 aA=6 aH=0 l=false j=false fullRedraw=false
[fifo] ar=90105 retask 0 50 58
[devMouse] retask slot0 (49,58)w0 -> (50,58)
[fifo] ar=90112 retask 1 49 59
[devMouse] retask slot1 (47,60)w13 -> (49,59)
[fifo] ar=90120 retask 2 49 60
[devMouse] retask slot2 (46,58)w13 -> (49,60)
[dbg] ar=90123 am=6 aA=6 aH=0 l=false j=false fullRedraw=false
[fifo] ar=90128 save /tmp/aoe-camp/m1/t.aoesave
[save] wrote /tmp/aoe-camp/m1/t.aoesave (12294B) ar=90129
[trace] g(0,98,0) ac=32
[trace] g->2 (aA=6 am=6)
[result] WIN ticks=90133
